order_id,customer_id,restaurant_id,order_time,delivery_time,status,rating,order_value,food_item
OD10001,CUST3310,REST_02,2026-05-20 10:47:57,23.0,Delivered,5.0,150,Masala Dosa with Sambar
OD10002,CUST3035,REST_10,2026-05-15 13:55:00,43.0,Delivered,1.0,360,Chicken Seekh Kebab
OD10003,CUST2210,REST_02,2026-05-22 07:29:34,30.0,Delivered,4.0,170,Onion Uttapam
OD10004,CUST3183,REST_04,2026-04-29 21:55:06,56.0,Delivered,2.0,250,Veg Hakka Noodles
OD10005,CUST2430,REST_05,2026-05-04 12:24:17,39.0,Delivered,5.0,410,Margherita Pizza 10-inch
OD10006,CUST2822,REST_05,2026-05-12 15:58:41,19.0,Delivered,5.0,420,Margherita Pizza 10-inch
OD10007,CUST2539,REST_10,2026-05-01 18:05:48,27.0,Delivered,4.0,410,Tandoori Roti Combo
OD10008,CUST2789,REST_07,2026-05-24 22:43:46,,Cancelled,,580,Fresh Fruit Bowl
OD10009,CUST2547,REST_06,2026-05-20 21:16:32,39.0,Delivered,4.0,270,Classic Cheese Burger & Fries
OD10010,CUST2408,REST_03,2026-05-12 06:59:23,15.0,Delivered,5.0,300,Veg Hyderabadi Biryani
OD10011,CUST2176,REST_08,2026-05-12 22:10:16,49.0,Delivered,3.0,450,Chocolate Lava Cake
OD10012,CUST3331,REST_06,2026-05-04 08:01:37,25.0,Delivered,4.0,430,Chicken Nuggets (9 pcs)
OD10013,CUST2469,REST_02,2026-05-05 20:13:34,47.0,Delivered,2.0,260,Masala Dosa with Sambar
OD10014,CUST2390,REST_02,2026-05-11 21:03:43,47.0,Delivered,4.0,160,Masala Dosa with Sambar
OD10015,CUST2390,REST_09,2026-05-04 21:04:28,55.0,Delivered,1.0,220,Paneer Tikka Sandwich
OD10016,CUST2341,REST_07,2026-05-02 14:24:16,41.0,Delivered,3.0,280,Greek Salad
OD10017,CUST3187,REST_09,2026-05-12 18:54:33,24.0,Delivered,5.0,230,Club Sandwich
OD10018,CUST2140,REST_04,2026-04-28 19:26:42,58.0,Delivered,1.0,310,Chilli Chicken Gravy
OD10019,CUST2269,REST_05,2026-05-16 23:06:04,47.0,Delivered,1.0,440,Farmhouse Veg Pizza
OD10020,CUST2757,REST_05,2026-05-22 20:00:42,35.0,Delivered,5.0,400,Chicken Alfredo Pasta
OD10021,CUST2319,REST_05,2026-05-17 21:32:31,49.0,Delivered,4.0,350,Veg Arrabiata Penne Pasta
OD10022,CUST2268,REST_05,2026-04-30 08:56:44,21.0,Delivered,5.0,410,Chicken Alfredo Pasta
OD10023,CUST2881,REST_03,2026-05-03 20:42:06,72.0,Delivered,1.0,350,Chicken Dum Biryani
OD10024,CUST2363,REST_07,2026-05-10 20:55:47,61.0,Delivered,1.0,280,Caesar Salad
OD10025,CUST2409,REST_08,2026-05-18 12:21:17,35.0,Delivered,4.0,130,Gulab Jamun (4 pcs)
OD10026,CUST2679,REST_01,2026-05-05 07:38:27,35.0,Delivered,4.0,740,Butter Chicken & Naan
OD10027,CUST2237,REST_07,2026-04-27 18:51:34,29.0,Delivered,4.0,200,Fresh Fruit Bowl
OD10028,CUST3277,REST_06,2026-05-18 15:25:44,16.0,Delivered,5.0,280,Classic Cheese Burger & Fries
OD10029,CUST3388,REST_03,2026-04-27 13:13:27,48.0,Delivered,2.0,410,Chicken Tikka Biryani
OD10030,CUST2348,REST_02,2026-05-21 13:19:14,32.0,Delivered,4.0,190,Rava Kesari & Dosa Combo
OD10031,CUST2933,REST_07,2026-05-04 12:44:00,35.0,Delivered,2.0,230,Fresh Fruit Bowl
OD10032,CUST2952,REST_01,2026-05-22 17:33:35,46.0,Delivered,2.0,330,Kadhai Paneer with Roti
OD10033,CUST2973,REST_08,2026-05-13 18:15:17,26.0,Delivered,5.0,140,Gulab Jamun (4 pcs)
OD10034,CUST3107,REST_02,2026-05-19 12:26:26,46.0,Delivered,2.0,150,Idli Vada Combo
OD10035,CUST3197,REST_01,2026-05-06 20:54:57,58.0,Delivered,1.0,330,Kadhai Paneer with Roti
OD10036,CUST2450,REST_05,2026-05-18 20:46:10,44.0,Delivered,3.0,470,Farmhouse Veg Pizza
OD10037,CUST3358,REST_01,2026-05-02 07:24:20,46.0,Delivered,3.0,380,Butter Chicken & Naan
OD10038,CUST2517,REST_02,2026-05-08 13:04:49,,Cancelled,,150,Onion Uttapam
OD10039,CUST2507,REST_04,2026-05-18 11:13:29,19.0,Delivered,5.0,250,Veg Hakka Noodles
OD10040,CUST3472,REST_02,2026-05-26 13:43:58,42.0,Delivered,2.0,320,Idli Vada Combo
OD10041,CUST2498,REST_02,2026-05-15 20:22:34,47.0,Delivered,3.0,320,Rava Kesari & Dosa Combo
OD10042,CUST2217,REST_07,2026-05-10 12:33:41,49.0,Delivered,2.0,340,High-Protein Chicken Salad
OD10043,CUST2661,REST_04,2026-05-11 19:42:24,50.0,Delivered,3.0,270,Veg Hakka Noodles
OD10044,CUST2698,REST_05,2026-05-13 22:05:15,43.0,Delivered,2.0,190,Garlic Bread with Cheese
OD10045,CUST2918,REST_01,2026-05-06 20:23:30,59.0,Delivered,1.0,400,Butter Chicken & Naan
OD10046,CUST2628,REST_05,2026-05-20 19:48:44,38.0,Delivered,4.0,390,Chicken Alfredo Pasta
OD10047,CUST3223,REST_05,2026-05-02 13:45:34,31.0,Delivered,5.0,800,Margherita Pizza 10-inch
OD10048,CUST2211,REST_01,2026-05-02 22:16:55,50.0,Delivered,2.0,360,Kadhai Paneer with Roti
OD10049,CUST2110,REST_03,2026-05-04 11:48:26,32.0,Delivered,3.0,940,Mutton Biryani
OD10050,CUST3206,REST_07,2026-05-20 10:48:13,35.0,Delivered,5.0,310,High-Protein Chicken Salad
OD10051,CUST2154,REST_03,2026-05-04 13:18:44,46.0,Delivered,2.0,380,Chicken Dum Biryani
OD10052,CUST3208,REST_04,2026-05-26 13:09:04,39.0,Delivered,3.0,310,Chilli Chicken Gravy
OD10053,CUST2900,REST_02,2026-05-13 19:28:05,43.0,Delivered,4.0,180,Onion Uttapam
OD10054,CUST3381,REST_10,2026-05-21 20:30:33,38.0,Delivered,3.0,1120,Butter Chicken Combo Meal
OD10055,CUST2963,REST_06,2026-05-07 15:31:18,26.0,Delivered,5.0,210,Chicken Nuggets (9 pcs)
OD10056,CUST2663,REST_02,2026-05-14 17:03:12,35.0,Delivered,4.0,280,Onion Uttapam
OD10057,CUST2417,REST_05,2026-05-19 18:01:40,23.0,Delivered,5.0,190,Garlic Bread with Cheese
OD10058,CUST2191,REST_04,2026-05-01 18:45:18,55.0,Delivered,3.0,240,Veg Hakka Noodles
OD10059,CUST2297,REST_07,2026-05-05 20:54:26,40.0,Delivered,5.0,670,Quinoa Avocado Salad
OD10060,CUST3188,REST_08,2026-05-14 20:24:29,53.0,Delivered,3.0,200,Red Velvet Pastry
OD10061,CUST2090,REST_06,2026-05-18 20:41:09,57.0,Delivered,1.0,240,Chicken Nuggets (9 pcs)
OD10062,CUST2902,REST_02,2026-05-10 21:09:04,50.0,Delivered,1.0,240,Filter Coffee & Upma
OD10063,CUST3093,REST_07,2026-04-28 19:15:40,37.0,Delivered,5.0,340,High-Protein Chicken Salad
OD10064,CUST3442,REST_02,2026-04-28 14:03:18,40.0,Delivered,4.0,170,Onion Uttapam
OD10065,CUST2369,REST_03,2026-05-04 18:37:09,35.0,Delivered,5.0,500,Mutton Biryani
OD10066,CUST2953,REST_05,2026-05-15 13:27:44,62.0,Delivered,1.0,200,Garlic Bread with Cheese
OD10067,CUST2486,REST_07,2026-05-06 06:53:42,,Cancelled,,220,Fresh Fruit Bowl
OD10068,CUST3160,REST_01,2026-05-04 19:22:14,64.0,Delivered,1.0,350,Kadhai Paneer with Roti
OD10069,CUST2281,REST_02,2026-05-08 20:05:58,46.0,Delivered,2.0,170,Masala Dosa with Sambar
OD10070,CUST3088,REST_09,2026-05-12 22:18:47,45.0,Delivered,1.0,380,Hot Chocolate
OD10071,CUST3484,REST_07,2026-05-14 11:23:43,24.0,Delivered,4.0,230,Fresh Fruit Bowl
OD10072,CUST3383,REST_04,2026-05-04 19:40:52,41.0,Delivered,4.0,320,Chilli Chicken Gravy
OD10073,CUST2624,REST_08,2026-05-08 20:47:44,56.0,Delivered,1.0,170,Chocolate Lava Cake
OD10074,CUST2836,REST_05,2026-05-04 21:06:43,54.0,Delivered,3.0,410,Margherita Pizza 10-inch
OD10075,CUST2932,REST_02,2026-05-07 13:08:50,54.0,Delivered,2.0,120,Idli Vada Combo
OD10076,CUST2673,REST_03,2026-05-14 13:11:07,,Cancelled,,390,Chicken Tikka Biryani
OD10077,CUST2734,REST_04,2026-05-01 20:33:07,47.0,Delivered,3.0,190,Veg Spring Rolls (6 pcs)
OD10078,CUST2089,REST_09,2026-05-12 21:27:43,49.0,Delivered,4.0,190,Hot Chocolate
OD10079,CUST2304,REST_02,2026-05-16 18:29:32,41.0,Delivered,2.0,140,Idli Vada Combo
OD10080,CUST3477,REST_04,2026-05-23 17:26:46,31.0,Delivered,4.0,310,Chilli Chicken Gravy
OD10081,CUST3407,REST_08,2026-04-30 20:23:51,48.0,Delivered,2.0,160,Chocolate Lava Cake
OD10082,CUST2251,REST_07,2026-05-20 07:18:38,15.0,Delivered,5.0,630,High-Protein Chicken Salad
OD10083,CUST2988,REST_04,2026-05-05 19:51:27,41.0,Delivered,3.0,260,Veg Hakka Noodles
OD10084,CUST2696,REST_06,2026-05-09 08:47:40,32.0,Delivered,4.0,270,Classic Cheese Burger & Fries
OD10085,CUST2758,REST_05,2026-05-01 12:39:03,50.0,Delivered,3.0,330,Veg Arrabiata Penne Pasta
OD10086,CUST3050,REST_02,2026-05-15 18:42:19,24.0,Delivered,5.0,190,Rava Kesari & Dosa Combo
OD10087,CUST2282,REST_05,2026-05-10 12:24:34,56.0,Delivered,1.0,330,Veg Arrabiata Penne Pasta
OD10088,CUST2039,REST_08,2026-05-19 19:18:07,44.0,Delivered,2.0,330,Chocolate Lava Cake
OD10089,CUST2742,REST_02,2026-05-09 18:25:55,24.0,Delivered,5.0,290,Onion Uttapam
OD10090,CUST3297,REST_02,2026-05-23 19:09:15,42.0,Delivered,2.0,150,Filter Coffee & Upma
OD10091,CUST2155,REST_03,2026-05-25 19:40:39,44.0,Delivered,3.0,310,Egg Biryani
OD10092,CUST2621,REST_05,2026-05-11 07:23:53,28.0,Delivered,3.0,170,Garlic Bread with Cheese
OD10093,CUST3217,REST_09,2026-05-22 19:12:20,39.0,Delivered,3.0,210,Paneer Tikka Sandwich
OD10094,CUST3463,REST_02,2026-05-11 23:33:33,31.0,Delivered,4.0,130,Filter Coffee & Upma
OD10095,CUST3391,REST_10,2026-04-30 19:24:18,66.0,Delivered,1.0,350,Chicken Seekh Kebab
OD10096,CUST2683,REST_02,2026-05-17 20:25:08,59.0,Delivered,1.0,150,Filter Coffee & Upma
OD10097,CUST3404,REST_09,2026-04-27 14:11:13,42.0,Delivered,4.0,260,Club Sandwich
OD10098,CUST2606,REST_02,2026-05-25 20:08:38,41.0,Delivered,2.0,130,Filter Coffee & Upma
OD10099,CUST3477,REST_08,2026-05-16 13:47:50,,Cancelled,,170,Chocolate Lava Cake
OD10100,CUST2490,REST_05,2026-05-15 23:29:49,47.0,Delivered,2.0,870,Farmhouse Veg Pizza
OD10101,CUST2284,REST_05,2026-04-30 20:33:54,33.0,Delivered,3.0,420,Margherita Pizza 10-inch
OD10102,CUST2896,REST_02,2026-05-10 07:32:23,33.0,Delivered,5.0,240,Idli Vada Combo
OD10103,CUST3464,REST_06,2026-05-12 20:08:48,46.0,Delivered,4.0,250,Crispy Chicken Burger
OD10104,CUST2307,REST_09,2026-05-04 13:03:15,48.0,Delivered,2.0,170,Classic Cold Coffee
OD10105,CUST3223,REST_09,2026-05-06 16:39:22,29.0,Delivered,4.0,240,Club Sandwich
OD10106,CUST2739,REST_02,2026-05-12 07:24:23,15.0,Delivered,5.0,130,Filter Coffee & Upma
OD10107,CUST3346,REST_02,2026-05-08 19:52:41,56.0,Delivered,1.0,150,Filter Coffee & Upma
OD10108,CUST3467,REST_08,2026-05-25 07:59:19,25.0,Delivered,4.0,160,Chocolate Lava Cake
OD10109,CUST2586,REST_06,2026-05-22 14:56:25,40.0,Delivered,4.0,520,Classic Cheese Burger & Fries
OD10110,CUST2547,REST_02,2026-05-07 10:20:42,20.0,Delivered,5.0,160,Onion Uttapam
OD10111,CUST2910,REST_06,2026-05-10 13:50:03,51.0,Delivered,2.0,230,Chicken Nuggets (9 pcs)
OD10112,CUST2064,REST_03,2026-04-29 13:41:23,41.0,Delivered,2.0,410,Chicken Tikka Biryani
OD10113,CUST2762,REST_08,2026-05-17 13:07:01,43.0,Delivered,3.0,180,Chocolate Lava Cake
OD10114,CUST2440,REST_10,2026-05-01 21:28:11,57.0,Delivered,1.0,380,Malai Kofta & Lachha Paratha
OD10115,CUST3111,REST_05,2026-05-13 13:12:50,44.0,Delivered,2.0,650,Veg Arrabiata Penne Pasta
OD10116,CUST2958,REST_09,2026-05-09 23:46:30,28.0,Delivered,5.0,180,Iced Latte
OD10117,CUST2922,REST_08,2026-05-01 16:58:55,28.0,Delivered,5.0,160,Kulfi Falooda
OD10118,CUST2462,REST_06,2026-05-17 22:17:08,38.0,Delivered,4.0,460,Loaded Nachos
OD10119,CUST3350,REST_10,2026-04-27 08:41:49,21.0,Delivered,5.0,380,Butter Chicken Combo Meal
OD10120,CUST2063,REST_08,2026-05-22 21:25:19,43.0,Delivered,3.0,170,Kulfi Falooda
OD10121,CUST2697,REST_10,2026-05-24 14:25:08,52.0,Delivered,4.0,320,Paneer Tikka
OD10122,CUST2508,REST_03,2026-05-10 13:55:57,50.0,Delivered,3.0,380,Chicken Dum Biryani
OD10123,CUST2957,REST_08,2026-05-13 17:15:13,19.0,Delivered,5.0,120,Gulab Jamun (4 pcs)
OD10124,CUST3378,REST_08,2026-05-25 13:23:48,33.0,Delivered,4.0,120,Gulab Jamun (4 pcs)
OD10125,CUST3134,REST_05,2026-05-05 21:39:43,37.0,Delivered,2.0,430,Margherita Pizza 10-inch
OD10126,CUST2749,REST_03,2026-04-28 07:45:21,22.0,Delivered,4.0,500,Mutton Biryani
OD10127,CUST2672,REST_10,2026-05-13 21:34:31,38.0,Delivered,4.0,370,Malai Kofta & Lachha Paratha
OD10128,CUST3196,REST_05,2026-05-22 22:37:36,,Cancelled,,420,Margherita Pizza 10-inch
OD10129,CUST3196,REST_08,2026-05-18 13:36:44,33.0,Delivered,5.0,200,Red Velvet Pastry
OD10130,CUST2418,REST_07,2026-05-20 20:45:08,58.0,Delivered,1.0,230,Fresh Fruit Bowl
OD10131,CUST2942,REST_09,2026-05-03 22:17:35,38.0,Delivered,4.0,210,Hot Chocolate
OD10132,CUST2715,REST_09,2026-05-09 21:49:51,36.0,Delivered,4.0,220,Hot Chocolate
OD10133,CUST2982,REST_04,2026-05-19 13:06:39,36.0,Delivered,5.0,620,Chicken Fried Rice & Manchurian
OD10134,CUST2677,REST_08,2026-05-14 22:10:26,45.0,Delivered,3.0,170,Chocolate Lava Cake
OD10135,CUST3323,REST_01,2026-05-20 21:02:58,54.0,Delivered,4.0,380,Butter Chicken & Naan
OD10136,CUST3015,REST_03,2026-05-16 10:21:18,43.0,Delivered,4.0,580,Veg Hyderabadi Biryani
OD10137,CUST2959,REST_05,2026-05-11 19:45:11,36.0,Delivered,4.0,760,Chicken Alfredo Pasta
OD10138,CUST3252,REST_07,2026-04-30 12:08:30,35.0,Delivered,4.0,250,Greek Salad
OD10139,CUST2676,REST_05,2026-05-08 20:03:42,46.0,Delivered,1.0,170,Garlic Bread with Cheese
OD10140,CUST2637,REST_02,2026-05-01 18:29:47,53.0,Delivered,2.0,180,Rava Kesari & Dosa Combo
OD10141,CUST2507,REST_10,2026-05-15 10:53:35,39.0,Delivered,3.0,350,Chicken Seekh Kebab
OD10142,CUST2239,REST_04,2026-05-11 11:26:29,22.0,Delivered,5.0,210,Veg Spring Rolls (6 pcs)
OD10143,CUST2811,REST_05,2026-05-08 20:34:03,44.0,Delivered,4.0,400,Margherita Pizza 10-inch
OD10144,CUST3494,REST_07,2026-05-26 21:24:05,47.0,Delivered,1.0,920,High-Protein Chicken Salad
OD10145,CUST3084,REST_03,2026-05-11 20:34:27,,Cancelled,,920,Mutton Biryani
OD10146,CUST2944,REST_06,2026-05-18 16:49:59,18.0,Delivered,5.0,230,Crispy Chicken Burger
OD10147,CUST3225,REST_01,2026-05-14 12:55:49,35.0,Delivered,3.0,370,Paneer Butter Masala Meal
OD10148,CUST2654,REST_10,2026-05-25 11:42:33,26.0,Delivered,4.0,400,Butter Chicken Combo Meal
OD10149,CUST2359,REST_07,2026-05-18 14:33:20,33.0,Delivered,4.0,220,Fresh Fruit Bowl
OD10150,CUST2494,REST_04,2026-05-26 07:26:26,18.0,Delivered,5.0,490,Schezwan Noodles
OD10151,CUST2922,REST_06,2026-05-09 20:38:02,59.0,Delivered,1.0,270,Classic Cheese Burger & Fries
OD10152,CUST2621,REST_01,2026-05-21 18:15:44,25.0,Delivered,4.0,660,Paneer Butter Masala Meal
OD10153,CUST2955,REST_09,2026-05-12 17:51:46,28.0,Delivered,5.0,210,Hot Chocolate
OD10154,CUST2848,REST_01,2026-05-14 22:37:46,36.0,Delivered,4.0,650,Kadhai Paneer with Roti
OD10155,CUST3023,REST_09,2026-05-17 20:29:10,,Cancelled,,220,Hot Chocolate
OD10156,CUST3476,REST_09,2026-05-23 21:52:42,43.0,Delivered,3.0,210,Paneer Tikka Sandwich
OD10157,CUST2310,REST_01,2026-05-17 20:39:58,37.0,Delivered,4.0,360,Paneer Butter Masala Meal
OD10158,CUST3085,REST_05,2026-05-19 20:51:58,37.0,Delivered,5.0,470,Garlic Bread with Cheese
OD10159,CUST2517,REST_06,2026-05-09 17:15:44,40.0,Delivered,3.0,200,Spicy Paneer Wrap
OD10160,CUST2192,REST_07,2026-04-27 20:05:31,50.0,Delivered,1.0,280,Greek Salad
OD10161,CUST3082,REST_01,2026-05-26 08:59:17,28.0,Delivered,2.0,370,Paneer Butter Masala Meal
OD10162,CUST2296,REST_07,2026-05-24 15:57:34,48.0,Delivered,2.0,270,Caesar Salad
OD10163,CUST3026,REST_06,2026-05-07 19:39:38,36.0,Delivered,4.0,270,Classic Cheese Burger & Fries
OD10164,CUST3005,REST_04,2026-05-18 19:24:05,37.0,Delivered,5.0,280,Schezwan Noodles
OD10165,CUST3299,REST_03,2026-05-06 17:48:17,17.0,Delivered,5.0,280,Egg Biryani
OD10166,CUST3050,REST_07,2026-05-16 19:20:55,58.0,Delivered,1.0,280,Caesar Salad
OD10167,CUST2498,REST_10,2026-05-05 13:31:09,36.0,Delivered,4.0,410,Butter Chicken Combo Meal
OD10168,CUST2740,REST_05,2026-05-03 17:08:19,34.0,Delivered,5.0,410,Chicken Alfredo Pasta
OD10169,CUST2882,REST_10,2026-05-02 22:20:18,50.0,Delivered,2.0,310,Paneer Tikka
OD10170,CUST2748,REST_02,2026-05-14 06:46:29,37.0,Delivered,4.0,140,Filter Coffee & Upma
OD10171,CUST3379,REST_08,2026-05-01 20:50:24,57.0,Delivered,1.0,180,Red Velvet Pastry
OD10172,CUST2857,REST_09,2026-05-22 19:40:58,55.0,Delivered,2.0,250,Club Sandwich
OD10173,CUST3322,REST_07,2026-04-30 13:32:47,47.0,Delivered,2.0,920,High-Protein Chicken Salad
OD10174,CUST3025,REST_03,2026-05-10 21:05:07,53.0,Delivered,2.0,890,Veg Hyderabadi Biryani
OD10175,CUST2976,REST_02,2026-05-06 07:45:07,25.0,Delivered,3.0,180,Onion Uttapam
OD10176,CUST2500,REST_09,2026-05-11 13:25:40,40.0,Delivered,4.0,200,Iced Latte
OD10177,CUST2921,REST_10,2026-05-21 20:50:04,37.0,Delivered,4.0,210,Tandoori Roti Combo
OD10178,CUST3374,REST_08,2026-05-16 15:07:22,44.0,Delivered,2.0,430,Kulfi Falooda
OD10179,CUST3259,REST_10,2026-05-06 11:23:44,22.0,Delivered,5.0,350,Chicken Seekh Kebab
OD10180,CUST2867,REST_03,2026-05-12 13:11:20,38.0,Delivered,4.0,290,Egg Biryani
OD10181,CUST2787,REST_09,2026-05-10 20:28:31,44.0,Delivered,3.0,200,Classic Cold Coffee
OD10182,CUST2592,REST_03,2026-04-30 19:17:49,58.0,Delivered,1.0,310,Egg Biryani
OD10183,CUST2871,REST_02,2026-05-08 21:05:28,58.0,Delivered,1.0,120,Idli Vada Combo
OD10184,CUST3456,REST_10,2026-05-23 12:03:36,74.0,Delivered,1.0,210,Tandoori Roti Combo
OD10185,CUST2548,REST_09,2026-05-05 21:08:44,40.0,Delivered,4.0,260,Club Sandwich
OD10186,CUST2805,REST_08,2026-05-09 17:40:50,33.0,Delivered,3.0,190,Red Velvet Pastry
OD10187,CUST3000,REST_06,2026-05-11 19:44:22,61.0,Delivered,1.0,240,Loaded Nachos
OD10188,CUST2550,REST_06,2026-05-12 20:57:43,43.0,Delivered,3.0,210,Spicy Paneer Wrap
OD10189,CUST2324,REST_08,2026-05-19 21:56:41,41.0,Delivered,3.0,230,Sizzling Brownie
OD10190,CUST2762,REST_03,2026-05-21 13:41:05,36.0,Delivered,4.0,370,Chicken Dum Biryani
OD10191,CUST3393,REST_08,2026-05-24 16:08:30,33.0,Delivered,5.0,180,Chocolate Lava Cake
OD10192,CUST2753,REST_05,2026-05-18 11:33:36,25.0,Delivered,4.0,390,Chicken Alfredo Pasta
OD10193,CUST3287,REST_03,2026-04-29 21:08:48,48.0,Delivered,3.0,310,Egg Biryani
OD10194,CUST2508,REST_05,2026-05-19 06:54:42,21.0,Delivered,5.0,420,Margherita Pizza 10-inch
OD10195,CUST2606,REST_01,2026-05-17 19:33:56,48.0,Delivered,2.0,340,Paneer Butter Masala Meal
OD10196,CUST3119,REST_03,2026-04-29 05:13:02,23.0,Delivered,5.0,800,Egg Biryani
OD10197,CUST2868,REST_07,2026-05-06 08:58:13,21.0,Delivered,5.0,270,Caesar Salad
OD10198,CUST3395,REST_02,2026-04-29 22:07:29,52.0,Delivered,4.0,180,Rava Kesari & Dosa Combo
OD10199,CUST2282,REST_01,2026-05-22 21:16:10,66.0,Delivered,2.0,360,Paneer Butter Masala Meal
OD10200,CUST2558,REST_09,2026-05-13 14:31:54,35.0,Delivered,3.0,230,Club Sandwich
OD10201,CUST3481,REST_02,2026-05-24 05:02:30,41.0,Delivered,1.0,120,Idli Vada Combo
OD10202,CUST3463,REST_07,2026-05-07 13:04:36,40.0,Delivered,3.0,370,Quinoa Avocado Salad
OD10203,CUST2822,REST_02,2026-05-14 17:23:12,25.0,Delivered,4.0,300,Onion Uttapam
OD10204,CUST2755,REST_10,2026-05-14 20:15:09,30.0,Delivered,4.0,570,Tandoori Roti Combo
OD10205,CUST2020,REST_06,2026-05-20 13:13:33,70.0,Delivered,2.0,290,Classic Cheese Burger & Fries
OD10206,CUST2191,REST_01,2026-05-08 17:47:05,28.0,Delivered,4.0,690,Paneer Butter Masala Meal
OD10207,CUST3357,REST_03,2026-05-09 20:47:20,62.0,Delivered,2.0,490,Mutton Biryani
OD10208,CUST2224,REST_03,2026-04-30 19:49:13,43.0,Delivered,4.0,380,Chicken Dum Biryani
OD10209,CUST2624,REST_10,2026-05-19 13:22:25,36.0,Delivered,5.0,350,Chicken Seekh Kebab
OD10210,CUST2927,REST_09,2026-05-22 11:00:03,37.0,Delivered,4.0,200,Classic Cold Coffee
OD10211,CUST2173,REST_10,2026-04-29 12:41:28,43.0,Delivered,1.0,380,Butter Chicken Combo Meal
OD10212,CUST2345,REST_10,2026-05-09 20:11:22,77.0,Delivered,2.0,410,Tandoori Roti Combo
OD10213,CUST3264,REST_04,2026-05-05 14:26:12,77.0,Delivered,1.0,280,Schezwan Noodles
OD10214,CUST2983,REST_09,2026-05-02 06:38:14,27.0,Delivered,4.0,230,Paneer Tikka Sandwich
OD10215,CUST3197,REST_04,2026-05-23 20:47:03,85.0,Delivered,1.0,320,Chicken Fried Rice & Manchurian
OD10216,CUST2361,REST_04,2026-04-27 20:22:36,38.0,Delivered,5.0,200,Veg Spring Rolls (6 pcs)
OD10217,CUST2185,REST_01,2026-04-27 14:39:12,48.0,Delivered,2.0,340,Paneer Butter Masala Meal
OD10218,CUST2122,REST_01,2026-05-24 18:23:04,44.0,Delivered,3.0,350,Paneer Butter Masala Meal
OD10219,CUST2280,REST_03,2026-05-02 20:35:44,66.0,Delivered,1.0,310,Egg Biryani
OD10220,CUST2261,REST_03,2026-05-21 22:02:11,52.0,Delivered,1.0,710,Chicken Dum Biryani
OD10221,CUST2679,REST_02,2026-05-25 22:52:45,40.0,Delivered,4.0,140,Idli Vada Combo
OD10222,CUST2526,REST_02,2026-05-02 21:31:56,57.0,Delivered,1.0,170,Masala Dosa with Sambar
OD10223,CUST3334,REST_04,2026-05-07 13:06:04,46.0,Delivered,2.0,310,Chicken Fried Rice & Manchurian
OD10224,CUST2693,REST_10,2026-05-17 12:56:27,57.0,Delivered,1.0,740,Butter Chicken Combo Meal
OD10225,CUST3479,REST_09,2026-04-28 15:35:53,15.0,Delivered,5.0,210,Hot Chocolate
OD10226,CUST3356,REST_10,2026-05-17 13:05:30,56.0,Delivered,1.0,200,Tandoori Roti Combo
OD10227,CUST3315,REST_09,2026-05-11 07:28:29,26.0,Delivered,5.0,240,Paneer Tikka Sandwich
OD10228,CUST3367,REST_02,2026-05-15 13:03:53,,Cancelled,,170,Masala Dosa with Sambar
OD10229,CUST3097,REST_08,2026-05-09 21:45:02,64.0,Delivered,2.0,310,Kulfi Falooda
OD10230,CUST2395,REST_03,2026-05-23 19:53:38,40.0,Delivered,4.0,380,Chicken Dum Biryani
OD10231,CUST2566,REST_09,2026-05-16 19:50:26,49.0,Delivered,2.0,400,Paneer Tikka Sandwich
OD10232,CUST2586,REST_09,2026-05-12 19:30:02,36.0,Delivered,4.0,380,Hot Chocolate
OD10233,CUST2080,REST_07,2026-05-26 13:23:01,46.0,Delivered,1.0,310,High-Protein Chicken Salad
OD10234,CUST2202,REST_04,2026-05-07 13:26:38,47.0,Delivered,3.0,340,Chicken Fried Rice & Manchurian
OD10235,CUST3058,REST_06,2026-05-19 18:08:49,23.0,Delivered,5.0,270,Classic Cheese Burger & Fries
OD10236,CUST2511,REST_01,2026-05-05 14:29:32,27.0,Delivered,4.0,420,Tandoori Chicken Half
OD10237,CUST2364,REST_08,2026-05-25 13:53:44,31.0,Delivered,3.0,170,Kulfi Falooda
OD10238,CUST2454,REST_04,2026-05-24 20:49:43,44.0,Delivered,4.0,340,Chicken Fried Rice & Manchurian
OD10239,CUST3246,REST_05,2026-05-11 13:29:19,27.0,Delivered,4.0,360,Veg Arrabiata Penne Pasta
OD10240,CUST3150,REST_10,2026-05-07 23:40:20,28.0,Delivered,3.0,380,Butter Chicken Combo Meal
OD10241,CUST2386,REST_03,2026-05-22 21:25:42,76.0,Delivered,1.0,380,Chicken Tikka Biryani
OD10242,CUST2829,REST_07,2026-05-19 12:34:40,37.0,Delivered,3.0,270,Caesar Salad
OD10243,CUST2371,REST_05,2026-05-14 20:11:43,40.0,Delivered,4.0,420,Margherita Pizza 10-inch
OD10244,CUST2862,REST_06,2026-04-30 18:55:40,19.0,Delivered,4.0,220,Spicy Paneer Wrap
OD10245,CUST3086,REST_05,2026-05-03 14:36:57,34.0,Delivered,4.0,450,Farmhouse Veg Pizza
OD10246,CUST2642,REST_01,2026-05-02 19:10:31,56.0,Delivered,1.0,380,Butter Chicken & Naan
OD10247,CUST2010,REST_01,2026-05-25 14:53:33,,Cancelled,,350,Kadhai Paneer with Roti
OD10248,CUST3284,REST_04,2026-04-30 14:37:19,37.0,Delivered,5.0,330,Chicken Fried Rice & Manchurian
OD10249,CUST3066,REST_10,2026-05-25 18:48:12,15.0,Delivered,5.0,390,Butter Chicken Combo Meal
OD10250,CUST2433,REST_01,2026-05-17 20:24:56,44.0,Delivered,4.0,330,Kadhai Paneer with Roti
OD10251,CUST3339,REST_01,2026-04-30 19:30:44,50.0,Delivered,3.0,400,Butter Chicken & Naan
OD10252,CUST2207,REST_09,2026-05-25 10:46:39,23.0,Delivered,5.0,200,Hot Chocolate
OD10253,CUST2410,REST_05,2026-05-06 12:35:31,49.0,Delivered,4.0,490,Garlic Bread with Cheese
OD10254,CUST2227,REST_10,2026-04-29 20:06:57,54.0,Delivered,3.0,200,Tandoori Roti Combo
OD10255,CUST2103,REST_02,2026-05-18 13:47:07,30.0,Delivered,4.0,240,Idli Vada Combo
OD10256,CUST2674,REST_06,2026-04-29 14:21:11,39.0,Delivered,4.0,610,Chicken Nuggets (9 pcs)
OD10257,CUST2864,REST_03,2026-05-24 12:26:58,,Cancelled,,350,Chicken Dum Biryani
OD10258,CUST2372,REST_10,2026-05-25 21:57:08,34.0,Delivered,5.0,200,Tandoori Roti Combo
OD10259,CUST2644,REST_01,2026-05-18 21:33:33,,Cancelled,,340,Kadhai Paneer with Roti
OD10260,CUST2987,REST_06,2026-05-26 12:54:30,31.0,Delivered,5.0,210,Chicken Nuggets (9 pcs)
OD10261,CUST2104,REST_09,2026-05-04 08:28:51,28.0,Delivered,5.0,210,Iced Latte
OD10262,CUST3339,REST_01,2026-04-27 21:50:38,36.0,Delivered,4.0,370,Butter Chicken & Naan
OD10263,CUST2745,REST_01,2026-05-16 19:45:42,57.0,Delivered,1.0,680,Paneer Butter Masala Meal
OD10264,CUST2728,REST_05,2026-05-02 18:52:45,28.0,Delivered,3.0,170,Garlic Bread with Cheese
OD10265,CUST2442,REST_08,2026-04-28 22:53:43,45.0,Delivered,1.0,170,Red Velvet Pastry
OD10266,CUST3022,REST_01,2026-05-12 22:49:58,45.0,Delivered,4.0,360,Kadhai Paneer with Roti
OD10267,CUST3347,REST_10,2026-05-16 21:48:15,48.0,Delivered,4.0,770,Butter Chicken Combo Meal
OD10268,CUST3434,REST_09,2026-05-26 19:13:12,58.0,Delivered,1.0,380,Hot Chocolate
OD10269,CUST3455,REST_03,2026-05-21 14:30:37,49.0,Delivered,3.0,400,Chicken Tikka Biryani
OD10270,CUST3071,REST_02,2026-05-03 13:50:10,30.0,Delivered,5.0,140,Masala Dosa with Sambar
OD10271,CUST2067,REST_06,2026-05-14 15:32:50,23.0,Delivered,5.0,220,Chicken Nuggets (9 pcs)
OD10272,CUST3404,REST_06,2026-05-24 20:55:28,85.0,Delivered,1.0,260,Loaded Nachos
OD10273,CUST2403,REST_04,2026-05-02 20:07:24,46.0,Delivered,2.0,250,Schezwan Noodles
OD10274,CUST2012,REST_06,2026-05-26 14:03:49,38.0,Delivered,4.0,220,Chicken Nuggets (9 pcs)
OD10275,CUST2451,REST_03,2026-05-14 15:22:14,28.0,Delivered,5.0,390,Chicken Tikka Biryani
OD10276,CUST3087,REST_08,2026-05-08 17:57:41,46.0,Delivered,2.0,280,Kulfi Falooda
OD10277,CUST2791,REST_05,2026-05-23 20:32:51,37.0,Delivered,5.0,170,Garlic Bread with Cheese
OD10278,CUST2343,REST_09,2026-05-17 20:55:43,54.0,Delivered,1.0,170,Classic Cold Coffee
OD10279,CUST3406,REST_03,2026-04-29 07:50:16,30.0,Delivered,5.0,370,Chicken Dum Biryani
OD10280,CUST2924,REST_07,2026-05-14 01:46:39,28.0,Delivered,4.0,280,Greek Salad
OD10281,CUST2733,REST_09,2026-05-06 20:28:24,39.0,Delivered,5.0,250,Club Sandwich
OD10282,CUST2801,REST_09,2026-05-25 21:50:55,55.0,Delivered,4.0,540,Hot Chocolate
OD10283,CUST3222,REST_07,2026-05-20 20:46:22,62.0,Delivered,2.0,200,Fresh Fruit Bowl
OD10284,CUST2518,REST_04,2026-05-26 23:35:29,27.0,Delivered,5.0,240,Veg Hakka Noodles
OD10285,CUST3190,REST_08,2026-05-16 08:12:20,27.0,Delivered,5.0,130,Gulab Jamun (4 pcs)
OD10286,CUST2747,REST_06,2026-05-04 20:41:27,41.0,Delivered,1.0,230,Chicken Nuggets (9 pcs)
OD10287,CUST2913,REST_06,2026-05-16 09:17:54,31.0,Delivered,4.0,200,Spicy Paneer Wrap
OD10288,CUST2155,REST_01,2026-05-03 21:35:16,49.0,Delivered,1.0,360,Kadhai Paneer with Roti
OD10289,CUST2596,REST_03,2026-05-13 01:15:54,24.0,Delivered,5.0,280,Egg Biryani
OD10290,CUST3159,REST_03,2026-05-12 13:16:23,50.0,Delivered,2.0,540,Egg Biryani
OD10291,CUST2962,REST_08,2026-05-13 19:17:53,41.0,Delivered,2.0,180,Chocolate Lava Cake
OD10292,CUST3204,REST_02,2026-05-08 21:22:31,40.0,Delivered,5.0,140,Filter Coffee & Upma
OD10293,CUST3318,REST_05,2026-05-19 21:42:14,44.0,Delivered,3.0,390,Chicken Alfredo Pasta
OD10294,CUST3210,REST_03,2026-05-15 12:40:32,30.0,Delivered,5.0,280,Egg Biryani
OD10295,CUST3228,REST_10,2026-05-03 17:30:55,27.0,Delivered,4.0,660,Chicken Seekh Kebab
OD10296,CUST3277,REST_09,2026-05-16 19:14:24,39.0,Delivered,3.0,210,Hot Chocolate
OD10297,CUST2860,REST_03,2026-05-16 07:50:34,40.0,Delivered,4.0,410,Chicken Tikka Biryani
OD10298,CUST3390,REST_07,2026-05-10 13:51:30,48.0,Delivered,3.0,200,Fresh Fruit Bowl
OD10299,CUST2172,REST_05,2026-04-27 20:50:00,36.0,Delivered,4.0,350,Garlic Bread with Cheese
OD10300,CUST2838,REST_06,2026-05-14 16:23:39,24.0,Delivered,5.0,280,Classic Cheese Burger & Fries
OD10301,CUST2989,REST_03,2026-05-06 19:49:45,44.0,Delivered,3.0,330,Veg Hyderabadi Biryani
OD10302,CUST2332,REST_02,2026-05-16 20:45:03,48.0,Delivered,3.0,140,Idli Vada Combo
OD10303,CUST2892,REST_02,2026-04-28 20:59:25,43.0,Delivered,2.0,160,Masala Dosa with Sambar
OD10304,CUST3013,REST_08,2026-05-22 19:33:44,58.0,Delivered,1.0,180,Chocolate Lava Cake
OD10305,CUST2178,REST_05,2026-05-03 18:47:45,38.0,Delivered,4.0,470,Farmhouse Veg Pizza
OD10306,CUST2713,REST_06,2026-05-09 19:16:11,46.0,Delivered,3.0,210,Spicy Paneer Wrap
OD10307,CUST3052,REST_05,2026-05-09 19:49:15,83.0,Delivered,1.0,340,Garlic Bread with Cheese
OD10308,CUST2239,REST_05,2026-05-04 20:26:22,44.0,Delivered,4.0,410,Margherita Pizza 10-inch
OD10309,CUST2701,REST_02,2026-05-03 21:17:11,72.0,Delivered,1.0,270,Filter Coffee & Upma
OD10310,CUST2470,REST_04,2026-04-30 11:05:43,20.0,Delivered,5.0,620,Chicken Fried Rice & Manchurian
OD10311,CUST2988,REST_06,2026-05-21 21:17:25,53.0,Delivered,2.0,260,Loaded Nachos
OD10312,CUST3108,REST_01,2026-04-30 20:29:20,40.0,Delivered,5.0,340,Kadhai Paneer with Roti
OD10313,CUST3255,REST_05,2026-05-16 14:11:31,54.0,Delivered,3.0,390,Chicken Alfredo Pasta
OD10314,CUST3171,REST_03,2026-05-22 13:27:54,48.0,Delivered,3.0,380,Chicken Tikka Biryani
OD10315,CUST2276,REST_09,2026-05-14 21:03:25,31.0,Delivered,5.0,200,Classic Cold Coffee
OD10316,CUST2198,REST_08,2026-05-26 21:22:01,71.0,Delivered,2.0,140,Gulab Jamun (4 pcs)
OD10317,CUST3331,REST_09,2026-05-18 18:49:47,21.0,Delivered,5.0,520,Iced Latte
OD10318,CUST2344,REST_06,2026-04-29 08:21:14,32.0,Delivered,5.0,240,Chicken Nuggets (9 pcs)
OD10319,CUST2810,REST_05,2026-05-13 22:26:10,33.0,Delivered,3.0,460,Farmhouse Veg Pizza
OD10320,CUST2164,REST_04,2026-05-25 18:03:01,54.0,Delivered,4.0,310,Chicken Fried Rice & Manchurian
OD10321,CUST2319,REST_02,2026-05-11 19:08:33,38.0,Delivered,3.0,160,Onion Uttapam
OD10322,CUST2957,REST_09,2026-05-19 19:37:38,,Cancelled,,200,Hot Chocolate
OD10323,CUST2891,REST_09,2026-05-04 21:28:19,42.0,Delivered,4.0,190,Classic Cold Coffee
OD10324,CUST2705,REST_05,2026-05-12 13:49:27,24.0,Delivered,5.0,470,Farmhouse Veg Pizza
OD10325,CUST2896,REST_07,2026-05-04 13:27:40,54.0,Delivered,2.0,370,Quinoa Avocado Salad
OD10326,CUST2846,REST_04,2026-05-11 19:17:44,32.0,Delivered,2.0,260,Veg Hakka Noodles
OD10327,CUST2381,REST_02,2026-05-04 09:00:31,29.0,Delivered,4.0,200,Rava Kesari & Dosa Combo
OD10328,CUST2950,REST_01,2026-05-21 15:34:30,29.0,Delivered,4.0,310,Dal Makhani with Jeera Rice
OD10329,CUST2250,REST_04,2026-04-28 12:47:49,39.0,Delivered,4.0,330,Chilli Chicken Gravy
OD10330,CUST2662,REST_03,2026-05-17 13:23:56,33.0,Delivered,5.0,350,Chicken Dum Biryani
OD10331,CUST2566,REST_10,2026-04-28 19:44:30,42.0,Delivered,3.0,340,Chicken Seekh Kebab
OD10332,CUST3267,REST_06,2026-05-22 10:31:14,52.0,Delivered,3.0,270,Classic Cheese Burger & Fries
OD10333,CUST2044,REST_07,2026-05-12 20:35:18,38.0,Delivered,5.0,330,High-Protein Chicken Salad
OD10334,CUST2564,REST_10,2026-05-23 13:23:29,54.0,Delivered,2.0,390,Butter Chicken Combo Meal
OD10335,CUST3271,REST_04,2026-05-18 18:35:09,19.0,Delivered,5.0,280,Schezwan Noodles
OD10336,CUST3350,REST_02,2026-04-28 12:31:12,41.0,Delivered,2.0,270,Masala Dosa with Sambar
OD10337,CUST3209,REST_05,2026-05-26 12:31:59,38.0,Delivered,4.0,400,Margherita Pizza 10-inch
OD10338,CUST2756,REST_01,2026-05-23 13:13:33,50.0,Delivered,2.0,330,Kadhai Paneer with Roti
OD10339,CUST3168,REST_03,2026-05-21 19:22:43,53.0,Delivered,3.0,410,Chicken Tikka Biryani
OD10340,CUST3127,REST_07,2026-05-16 17:22:57,36.0,Delivered,4.0,210,Fresh Fruit Bowl
OD10341,CUST2663,REST_10,2026-05-14 22:16:23,38.0,Delivered,2.0,310,Paneer Tikka
OD10342,CUST2034,REST_09,2026-05-04 12:20:01,31.0,Delivered,4.0,520,Iced Latte
OD10343,CUST2284,REST_05,2026-05-22 13:36:25,54.0,Delivered,2.0,650,Veg Arrabiata Penne Pasta
OD10344,CUST3440,REST_10,2026-05-22 19:05:49,46.0,Delivered,1.0,350,Chicken Seekh Kebab
OD10345,CUST3337,REST_10,2026-05-13 07:34:36,24.0,Delivered,5.0,360,Chicken Seekh Kebab
OD10346,CUST3499,REST_07,2026-05-06 20:09:08,62.0,Delivered,1.0,250,Greek Salad
OD10347,CUST2175,REST_07,2026-05-12 19:31:25,61.0,Delivered,2.0,210,Fresh Fruit Bowl
OD10348,CUST2663,REST_10,2026-05-08 12:22:38,37.0,Delivered,2.0,360,Chicken Seekh Kebab
OD10349,CUST3277,REST_03,2026-05-08 12:46:54,55.0,Delivered,1.0,290,Egg Biryani
OD10350,CUST2029,REST_06,2026-05-03 20:13:13,45.0,Delivered,2.0,290,Classic Cheese Burger & Fries
OD10351,CUST3194,REST_09,2026-05-22 20:17:03,37.0,Delivered,4.0,230,Club Sandwich
OD10352,CUST2738,REST_02,2026-05-09 18:45:06,41.0,Delivered,2.0,170,Masala Dosa with Sambar
OD10353,CUST3149,REST_01,2026-05-09 20:01:22,85.0,Delivered,1.0,390,Butter Chicken & Naan
OD10354,CUST2127,REST_05,2026-05-05 13:21:57,35.0,Delivered,4.0,860,Farmhouse Veg Pizza
OD10355,CUST3255,REST_04,2026-05-06 21:21:28,40.0,Delivered,4.0,310,Chilli Chicken Gravy
OD10356,CUST2283,REST_05,2026-05-21 11:59:36,,Cancelled,,350,Garlic Bread with Cheese
OD10357,CUST3142,REST_09,2026-05-21 13:26:26,36.0,Delivered,5.0,240,Club Sandwich
OD10358,CUST2379,REST_01,2026-05-04 20:22:05,44.0,Delivered,2.0,340,Kadhai Paneer with Roti
OD10359,CUST2794,REST_08,2026-05-10 20:00:59,48.0,Delivered,4.0,210,Sizzling Brownie
OD10360,CUST3264,REST_08,2026-05-21 07:47:52,23.0,Delivered,4.0,230,Gulab Jamun (4 pcs)
OD10361,CUST3217,REST_09,2026-05-11 17:56:02,32.0,Delivered,4.0,170,Classic Cold Coffee
OD10362,CUST2794,REST_09,2026-05-06 20:18:29,52.0,Delivered,2.0,260,Club Sandwich
OD10363,CUST2950,REST_08,2026-05-15 22:44:34,50.0,Delivered,3.0,160,Chocolate Lava Cake
OD10364,CUST2414,REST_08,2026-04-30 09:45:28,36.0,Delivered,4.0,170,Chocolate Lava Cake
OD10365,CUST3254,REST_03,2026-05-26 14:55:42,39.0,Delivered,4.0,280,Egg Biryani
OD10366,CUST2631,REST_05,2026-05-01 22:00:39,48.0,Delivered,4.0,450,Farmhouse Veg Pizza
OD10367,CUST2488,REST_04,2026-04-29 19:00:15,47.0,Delivered,3.0,210,Veg Spring Rolls (6 pcs)
OD10368,CUST2304,REST_01,2026-05-23 19:21:58,42.0,Delivered,3.0,300,Dal Makhani with Jeera Rice
OD10369,CUST3417,REST_10,2026-05-20 19:59:02,,Cancelled,,390,Butter Chicken Combo Meal
OD10370,CUST2662,REST_06,2026-04-29 13:08:07,35.0,Delivered,4.0,430,Chicken Nuggets (9 pcs)
OD10371,CUST2120,REST_02,2026-05-19 19:50:45,38.0,Delivered,4.0,130,Filter Coffee & Upma
OD10372,CUST2725,REST_03,2026-05-02 21:14:45,29.0,Delivered,4.0,410,Chicken Tikka Biryani
OD10373,CUST2425,REST_10,2026-05-22 19:00:40,54.0,Delivered,2.0,220,Tandoori Roti Combo
OD10374,CUST2013,REST_02,2026-05-03 14:21:59,40.0,Delivered,4.0,170,Rava Kesari & Dosa Combo
OD10375,CUST2687,REST_08,2026-05-06 19:43:20,46.0,Delivered,1.0,380,Sizzling Brownie
OD10376,CUST2136,REST_03,2026-05-17 19:10:36,,Cancelled,,600,Veg Hyderabadi Biryani
OD10377,CUST2240,REST_05,2026-05-12 21:23:28,37.0,Delivered,4.0,350,Veg Arrabiata Penne Pasta
OD10378,CUST2414,REST_02,2026-05-01 12:59:30,37.0,Delivered,3.0,180,Onion Uttapam
OD10379,CUST2272,REST_04,2026-05-26 07:54:38,35.0,Delivered,5.0,240,Veg Hakka Noodles
OD10380,CUST2640,REST_01,2026-05-03 13:34:20,33.0,Delivered,5.0,340,Kadhai Paneer with Roti
OD10381,CUST3147,REST_09,2026-05-05 11:45:51,17.0,Delivered,5.0,250,Club Sandwich
OD10382,CUST3108,REST_08,2026-04-28 10:03:05,25.0,Delivered,3.0,190,Chocolate Lava Cake
OD10383,CUST3414,REST_08,2026-05-19 20:51:34,50.0,Delivered,4.0,170,Kulfi Falooda
OD10384,CUST2960,REST_02,2026-05-04 11:57:39,19.0,Delivered,4.0,180,Onion Uttapam
OD10385,CUST2666,REST_08,2026-05-12 17:10:18,31.0,Delivered,5.0,230,Sizzling Brownie
OD10386,CUST2220,REST_06,2026-05-09 19:15:39,62.0,Delivered,1.0,260,Loaded Nachos
OD10387,CUST3211,REST_07,2026-05-04 12:42:04,39.0,Delivered,5.0,270,Greek Salad
OD10388,CUST2361,REST_05,2026-05-16 20:24:20,41.0,Delivered,4.0,440,Farmhouse Veg Pizza
OD10389,CUST3303,REST_01,2026-05-09 19:28:12,74.0,Delivered,1.0,370,Paneer Butter Masala Meal
OD10390,CUST2706,REST_02,2026-05-24 13:23:57,48.0,Delivered,1.0,160,Filter Coffee & Upma
OD10391,CUST2885,REST_10,2026-05-10 19:42:11,52.0,Delivered,3.0,230,Tandoori Roti Combo
OD10392,CUST2316,REST_05,2026-05-01 20:31:42,50.0,Delivered,1.0,380,Chicken Alfredo Pasta
OD10393,CUST3238,REST_07,2026-05-11 14:14:11,40.0,Delivered,5.0,230,Fresh Fruit Bowl
OD10394,CUST2552,REST_07,2026-05-15 18:23:07,,Cancelled,,200,Fresh Fruit Bowl
OD10395,CUST2291,REST_09,2026-05-16 09:30:40,35.0,Delivered,3.0,190,Hot Chocolate
OD10396,CUST2023,REST_08,2026-05-07 16:51:18,15.0,Delivered,5.0,230,Sizzling Brownie
OD10397,CUST3489,REST_10,2026-05-15 07:18:51,26.0,Delivered,5.0,380,Malai Kofta & Lachha Paratha
OD10398,CUST2517,REST_03,2026-04-30 19:58:37,46.0,Delivered,3.0,400,Chicken Tikka Biryani
OD10399,CUST2484,REST_08,2026-04-29 22:38:59,52.0,Delivered,3.0,170,Red Velvet Pastry
OD10400,CUST3487,REST_03,2026-05-05 20:07:03,42.0,Delivered,2.0,490,Mutton Biryani
OD10401,CUST2479,REST_07,2026-05-10 05:59:51,53.0,Delivered,2.0,260,Greek Salad
OD10402,CUST2200,REST_09,2026-05-17 21:21:17,47.0,Delivered,2.0,560,Hot Chocolate
OD10403,CUST3377,REST_10,2026-04-27 20:53:04,36.0,Delivered,4.0,310,Paneer Tikka
OD10404,CUST3486,REST_05,2026-04-28 22:42:57,60.0,Delivered,2.0,330,Veg Arrabiata Penne Pasta
OD10405,CUST2267,REST_07,2026-05-19 12:18:29,42.0,Delivered,2.0,390,Fresh Fruit Bowl
OD10406,CUST2663,REST_05,2026-05-09 15:03:16,24.0,Delivered,4.0,400,Chicken Alfredo Pasta
OD10407,CUST2805,REST_03,2026-05-17 10:28:45,18.0,Delivered,5.0,310,Egg Biryani
OD10408,CUST2039,REST_08,2026-05-18 15:09:44,31.0,Delivered,4.0,170,Red Velvet Pastry
OD10409,CUST2980,REST_07,2026-04-27 14:44:52,37.0,Delivered,5.0,480,Greek Salad
OD10410,CUST3295,REST_02,2026-05-11 20:18:41,77.0,Delivered,1.0,190,Rava Kesari & Dosa Combo
OD10411,CUST3426,REST_07,2026-05-25 19:47:12,36.0,Delivered,4.0,280,Caesar Salad
OD10412,CUST2797,REST_02,2026-05-23 21:01:02,53.0,Delivered,2.0,160,Filter Coffee & Upma
OD10413,CUST3072,REST_08,2026-04-28 20:31:41,36.0,Delivered,4.0,160,Kulfi Falooda
OD10414,CUST2353,REST_01,2026-05-02 21:04:52,53.0,Delivered,3.0,580,Dal Makhani with Jeera Rice
OD10415,CUST3390,REST_07,2026-05-22 12:02:37,33.0,Delivered,4.0,320,High-Protein Chicken Salad
OD10416,CUST2758,REST_09,2026-05-22 21:39:24,39.0,Delivered,3.0,180,Iced Latte
OD10417,CUST3335,REST_10,2026-05-03 11:17:33,23.0,Delivered,5.0,380,Malai Kofta & Lachha Paratha
OD10418,CUST3469,REST_08,2026-04-27 19:12:07,44.0,Delivered,3.0,430,Kulfi Falooda
OD10419,CUST3351,REST_04,2026-05-18 21:58:30,49.0,Delivered,4.0,250,Schezwan Noodles
OD10420,CUST2584,REST_04,2026-05-20 07:34:11,23.0,Delivered,5.0,330,Chilli Chicken Gravy
OD10421,CUST3478,REST_08,2026-05-18 21:14:49,34.0,Delivered,4.0,180,Kulfi Falooda
OD10422,CUST2770,REST_04,2026-05-10 11:59:39,29.0,Delivered,4.0,270,Veg Hakka Noodles
OD10423,CUST2735,REST_05,2026-04-28 13:07:54,36.0,Delivered,5.0,380,Chicken Alfredo Pasta
OD10424,CUST3237,REST_03,2026-05-24 18:55:13,27.0,Delivered,4.0,750,Chicken Tikka Biryani
OD10425,CUST2508,REST_06,2026-05-25 00:02:02,27.0,Delivered,4.0,220,Chicken Nuggets (9 pcs)
OD10426,CUST2982,REST_02,2026-04-27 20:26:13,35.0,Delivered,5.0,150,Onion Uttapam
OD10427,CUST3371,REST_05,2026-05-11 20:55:45,,Cancelled,,380,Chicken Alfredo Pasta
OD10428,CUST3284,REST_08,2026-05-19 14:02:18,40.0,Delivered,5.0,300,Chocolate Lava Cake
OD10429,CUST2113,REST_09,2026-05-11 19:23:23,37.0,Delivered,4.0,360,Hot Chocolate
OD10430,CUST2686,REST_04,2026-05-21 19:44:13,50.0,Delivered,3.0,210,Veg Spring Rolls (6 pcs)
OD10431,CUST2130,REST_06,2026-05-14 20:34:57,43.0,Delivered,1.0,200,Spicy Paneer Wrap
OD10432,CUST2386,REST_08,2026-04-29 10:17:07,23.0,Delivered,5.0,170,Chocolate Lava Cake
OD10433,CUST2047,REST_05,2026-05-10 17:41:01,22.0,Delivered,5.0,1290,Farmhouse Veg Pizza
OD10434,CUST3321,REST_06,2026-05-18 20:53:35,40.0,Delivered,4.0,230,Chicken Nuggets (9 pcs)
OD10435,CUST2533,REST_04,2026-04-28 12:18:29,30.0,Delivered,5.0,320,Chilli Chicken Gravy
OD10436,CUST3419,REST_03,2026-05-15 11:16:23,,Cancelled,,470,Mutton Biryani
OD10437,CUST3449,REST_01,2026-05-14 22:34:19,49.0,Delivered,1.0,870,Dal Makhani with Jeera Rice
OD10438,CUST2320,REST_01,2026-05-06 18:18:48,37.0,Delivered,4.0,970,Kadhai Paneer with Roti
OD10439,CUST2231,REST_08,2026-05-09 19:14:28,49.0,Delivered,3.0,160,Chocolate Lava Cake
OD10440,CUST2401,REST_01,2026-04-29 22:25:12,45.0,Delivered,4.0,400,Butter Chicken & Naan
OD10441,CUST2740,REST_07,2026-05-08 05:22:22,30.0,Delivered,3.0,370,Quinoa Avocado Salad
OD10442,CUST2852,REST_08,2026-05-10 11:37:38,27.0,Delivered,3.0,150,Gulab Jamun (4 pcs)
OD10443,CUST2136,REST_10,2026-05-05 16:35:29,23.0,Delivered,5.0,230,Tandoori Roti Combo
OD10444,CUST2087,REST_05,2026-05-22 00:16:19,32.0,Delivered,4.0,200,Garlic Bread with Cheese
OD10445,CUST3321,REST_04,2026-04-29 19:23:37,37.0,Delivered,4.0,260,Veg Hakka Noodles
OD10446,CUST2245,REST_06,2026-05-02 19:09:20,39.0,Delivered,4.0,240,Loaded Nachos
OD10447,CUST2730,REST_01,2026-05-21 19:48:06,44.0,Delivered,2.0,300,Dal Makhani with Jeera Rice
OD10448,CUST2556,REST_06,2026-04-27 11:18:23,30.0,Delivered,5.0,280,Classic Cheese Burger & Fries
OD10449,CUST2317,REST_09,2026-05-26 08:52:08,20.0,Delivered,5.0,340,Iced Latte
OD10450,CUST3224,REST_09,2026-05-23 11:08:54,26.0,Delivered,5.0,210,Hot Chocolate
OD10451,CUST2871,REST_02,2026-04-28 12:02:50,28.0,Delivered,5.0,170,Masala Dosa with Sambar
OD10452,CUST2198,REST_02,2026-05-08 06:09:54,26.0,Delivered,4.0,140,Filter Coffee & Upma
OD10453,CUST3256,REST_04,2026-05-21 05:13:45,37.0,Delivered,4.0,180,Veg Spring Rolls (6 pcs)
OD10454,CUST2203,REST_04,2026-05-15 12:43:06,43.0,Delivered,3.0,370,Veg Spring Rolls (6 pcs)
OD10455,CUST2254,REST_08,2026-05-19 13:46:02,34.0,Delivered,4.0,190,Chocolate Lava Cake
OD10456,CUST2639,REST_08,2026-05-10 12:04:57,,Cancelled,,190,Red Velvet Pastry
OD10457,CUST2368,REST_01,2026-05-18 20:07:09,77.0,Delivered,1.0,430,Tandoori Chicken Half
OD10458,CUST2133,REST_06,2026-05-23 16:31:17,34.0,Delivered,4.0,260,Crispy Chicken Burger
OD10459,CUST2993,REST_09,2026-05-05 18:14:40,22.0,Delivered,4.0,220,Hot Chocolate
OD10460,CUST3389,REST_01,2026-05-16 19:48:04,44.0,Delivered,3.0,360,Paneer Butter Masala Meal
OD10461,CUST3108,REST_09,2026-05-25 21:24:28,,Cancelled,,650,Club Sandwich
OD10462,CUST2942,REST_01,2026-05-02 18:08:19,35.0,Delivered,4.0,390,Butter Chicken & Naan
OD10463,CUST3404,REST_09,2026-05-09 13:37:24,45.0,Delivered,4.0,180,Classic Cold Coffee
OD10464,CUST2715,REST_10,2026-05-10 14:22:26,54.0,Delivered,3.0,350,Chicken Seekh Kebab
OD10465,CUST3410,REST_02,2026-05-07 07:42:55,37.0,Delivered,5.0,180,Rava Kesari & Dosa Combo
OD10466,CUST2962,REST_10,2026-05-07 19:51:31,44.0,Delivered,2.0,980,Chicken Seekh Kebab
OD10467,CUST2696,REST_03,2026-05-17 21:50:04,81.0,Delivered,1.0,410,Chicken Tikka Biryani
OD10468,CUST3280,REST_02,2026-05-15 20:30:27,65.0,Delivered,1.0,150,Filter Coffee & Upma
OD10469,CUST3106,REST_06,2026-05-11 20:35:11,51.0,Delivered,2.0,250,Crispy Chicken Burger
OD10470,CUST3354,REST_08,2026-05-20 19:33:12,41.0,Delivered,2.0,250,Gulab Jamun (4 pcs)
OD10471,CUST2892,REST_07,2026-05-24 15:52:18,32.0,Delivered,5.0,600,High-Protein Chicken Salad
OD10472,CUST2057,REST_04,2026-05-25 07:10:17,25.0,Delivered,5.0,280,Schezwan Noodles
OD10473,CUST2361,REST_01,2026-04-29 13:19:55,31.0,Delivered,3.0,400,Tandoori Chicken Half
OD10474,CUST2484,REST_02,2026-05-23 19:49:59,38.0,Delivered,5.0,130,Filter Coffee & Upma
OD10475,CUST2799,REST_04,2026-05-05 17:16:55,23.0,Delivered,4.0,300,Chilli Chicken Gravy
OD10476,CUST3118,REST_07,2026-05-26 11:30:45,19.0,Delivered,4.0,270,Greek Salad
OD10477,CUST3357,REST_01,2026-05-19 14:51:43,48.0,Delivered,3.0,370,Paneer Butter Masala Meal
OD10478,CUST2524,REST_05,2026-05-24 21:58:28,59.0,Delivered,2.0,790,Margherita Pizza 10-inch
OD10479,CUST2965,REST_07,2026-05-19 13:04:22,44.0,Delivered,4.0,310,High-Protein Chicken Salad
OD10480,CUST3314,REST_03,2026-05-03 19:20:36,46.0,Delivered,2.0,290,Egg Biryani
OD10481,CUST2925,REST_08,2026-05-03 09:23:11,39.0,Delivered,5.0,190,Red Velvet Pastry
OD10482,CUST3326,REST_10,2026-05-19 21:03:25,37.0,Delivered,4.0,610,Paneer Tikka
OD10483,CUST2241,REST_01,2026-05-12 11:45:13,33.0,Delivered,4.0,360,Kadhai Paneer with Roti
OD10484,CUST2424,REST_10,2026-05-03 16:26:50,27.0,Delivered,4.0,880,Paneer Tikka
OD10485,CUST2758,REST_10,2026-05-07 22:25:43,61.0,Delivered,1.0,230,Tandoori Roti Combo
OD10486,CUST3141,REST_01,2026-05-08 23:42:51,28.0,Delivered,4.0,380,Butter Chicken & Naan
OD10487,CUST2271,REST_09,2026-05-12 22:56:29,42.0,Delivered,3.0,250,Club Sandwich
OD10488,CUST2091,REST_03,2026-05-26 16:57:56,31.0,Delivered,5.0,560,Egg Biryani
OD10489,CUST2893,REST_03,2026-05-01 19:59:42,35.0,Delivered,5.0,330,Veg Hyderabadi Biryani
OD10490,CUST2335,REST_08,2026-05-08 23:35:31,21.0,Delivered,5.0,230,Sizzling Brownie
OD10491,CUST2370,REST_03,2026-04-27 18:36:11,26.0,Delivered,4.0,750,Chicken Tikka Biryani
OD10492,CUST2054,REST_05,2026-05-01 06:29:53,32.0,Delivered,5.0,400,Margherita Pizza 10-inch
OD10493,CUST3344,REST_10,2026-04-28 20:18:20,46.0,Delivered,3.0,210,Tandoori Roti Combo
OD10494,CUST2523,REST_03,2026-05-24 12:24:49,44.0,Delivered,2.0,1400,Mutton Biryani
OD10495,CUST2636,REST_10,2026-05-13 12:28:56,37.0,Delivered,4.0,300,Paneer Tikka
OD10496,CUST3258,REST_03,2026-05-07 22:43:14,47.0,Delivered,4.0,280,Egg Biryani
OD10497,CUST2896,REST_02,2026-05-06 21:33:27,33.0,Delivered,5.0,160,Onion Uttapam
OD10498,CUST3046,REST_07,2026-05-15 09:32:01,38.0,Delivered,5.0,270,Greek Salad
OD10499,CUST2093,REST_02,2026-05-20 17:42:28,31.0,Delivered,5.0,300,Onion Uttapam
OD10500,CUST3238,REST_05,2026-04-30 05:41:30,26.0,Delivered,2.0,400,Margherita Pizza 10-inch
OD10501,CUST3487,REST_08,2026-05-19 20:51:19,31.0,Delivered,3.0,140,Gulab Jamun (4 pcs)
OD10502,CUST2386,REST_01,2026-05-10 21:54:50,60.0,Delivered,2.0,350,Paneer Butter Masala Meal
OD10503,CUST2313,REST_08,2026-05-03 13:53:53,36.0,Delivered,4.0,230,Sizzling Brownie
OD10504,CUST3016,REST_10,2026-05-09 18:37:46,29.0,Delivered,4.0,400,Butter Chicken Combo Meal
OD10505,CUST3134,REST_02,2026-04-30 18:41:22,21.0,Delivered,5.0,350,Rava Kesari & Dosa Combo
OD10506,CUST2962,REST_06,2026-05-18 14:38:54,43.0,Delivered,2.0,220,Chicken Nuggets (9 pcs)
OD10507,CUST3337,REST_06,2026-05-06 20:05:42,32.0,Delivered,4.0,220,Chicken Nuggets (9 pcs)
OD10508,CUST3012,REST_05,2026-05-08 21:22:43,,Cancelled,,380,Chicken Alfredo Pasta
OD10509,CUST2066,REST_02,2026-05-04 18:21:50,26.0,Delivered,4.0,180,Rava Kesari & Dosa Combo
OD10510,CUST3414,REST_09,2026-05-11 20:53:48,52.0,Delivered,1.0,170,Classic Cold Coffee
OD10511,CUST3152,REST_01,2026-05-26 14:46:18,43.0,Delivered,4.0,330,Kadhai Paneer with Roti
OD10512,CUST2745,REST_06,2026-05-10 20:00:15,44.0,Delivered,3.0,240,Crispy Chicken Burger
OD10513,CUST2739,REST_04,2026-05-01 20:26:58,75.0,Delivered,1.0,340,Chicken Fried Rice & Manchurian
OD10514,CUST3470,REST_09,2026-05-21 12:03:25,45.0,Delivered,4.0,250,Club Sandwich
OD10515,CUST3461,REST_09,2026-05-07 21:00:52,40.0,Delivered,4.0,210,Hot Chocolate
OD10516,CUST3115,REST_10,2026-05-22 19:49:12,40.0,Delivered,4.0,400,Butter Chicken Combo Meal
OD10517,CUST3066,REST_09,2026-05-21 19:01:01,46.0,Delivered,1.0,210,Hot Chocolate
OD10518,CUST3500,REST_01,2026-05-21 19:07:28,36.0,Delivered,2.0,320,Dal Makhani with Jeera Rice
OD10519,CUST3192,REST_10,2026-05-06 20:52:45,48.0,Delivered,4.0,750,Butter Chicken Combo Meal
OD10520,CUST3193,REST_04,2026-05-23 15:05:03,32.0,Delivered,4.0,260,Schezwan Noodles
OD10521,CUST2825,REST_10,2026-05-15 18:27:28,26.0,Delivered,5.0,410,Butter Chicken Combo Meal
OD10522,CUST2938,REST_03,2026-05-11 18:47:10,37.0,Delivered,5.0,740,Chicken Tikka Biryani
OD10523,CUST3171,REST_05,2026-05-08 13:31:01,56.0,Delivered,1.0,400,Margherita Pizza 10-inch
OD10524,CUST2442,REST_03,2026-04-28 16:36:19,27.0,Delivered,3.0,300,Egg Biryani
OD10525,CUST2272,REST_03,2026-05-01 21:20:05,50.0,Delivered,1.0,410,Chicken Tikka Biryani
OD10526,CUST2569,REST_02,2026-04-30 19:05:12,43.0,Delivered,2.0,140,Idli Vada Combo
OD10527,CUST2247,REST_09,2026-05-04 21:53:56,47.0,Delivered,3.0,520,Iced Latte
OD10528,CUST3007,REST_01,2026-05-13 13:16:05,36.0,Delivered,5.0,330,Dal Makhani with Jeera Rice
OD10529,CUST2316,REST_05,2026-05-07 12:45:03,27.0,Delivered,3.0,440,Farmhouse Veg Pizza
OD10530,CUST2770,REST_02,2026-05-21 18:07:17,22.0,Delivered,5.0,150,Masala Dosa with Sambar
OD10531,CUST2835,REST_04,2026-05-14 19:08:19,43.0,Delivered,2.0,240,Veg Hakka Noodles
OD10532,CUST2765,REST_09,2026-05-14 17:00:52,,Cancelled,,210,Iced Latte
OD10533,CUST3338,REST_03,2026-05-05 21:24:22,67.0,Delivered,2.0,380,Chicken Dum Biryani
OD10534,CUST3154,REST_02,2026-05-20 19:17:56,62.0,Delivered,1.0,170,Rava Kesari & Dosa Combo
OD10535,CUST2702,REST_05,2026-05-11 22:21:01,37.0,Delivered,3.0,460,Farmhouse Veg Pizza
OD10536,CUST2356,REST_07,2026-05-14 08:56:41,27.0,Delivered,3.0,410,Fresh Fruit Bowl
OD10537,CUST3377,REST_02,2026-05-08 15:53:49,40.0,Delivered,4.0,500,Rava Kesari & Dosa Combo
OD10538,CUST2041,REST_05,2026-05-04 13:31:23,33.0,Delivered,2.0,350,Veg Arrabiata Penne Pasta
OD10539,CUST2812,REST_02,2026-05-03 20:36:43,44.0,Delivered,1.0,200,Rava Kesari & Dosa Combo
OD10540,CUST3072,REST_05,2026-05-19 20:39:16,,Cancelled,,740,Chicken Alfredo Pasta
OD10541,CUST3313,REST_01,2026-05-18 18:31:23,18.0,Delivered,4.0,330,Dal Makhani with Jeera Rice
OD10542,CUST2920,REST_06,2026-05-15 21:47:14,43.0,Delivered,4.0,280,Classic Cheese Burger & Fries
OD10543,CUST2199,REST_01,2026-05-17 22:53:16,70.0,Delivered,1.0,400,Tandoori Chicken Half
OD10544,CUST2485,REST_02,2026-05-15 11:03:58,29.0,Delivered,5.0,130,Filter Coffee & Upma
OD10545,CUST2113,REST_05,2026-04-28 19:18:54,48.0,Delivered,3.0,170,Garlic Bread with Cheese
OD10546,CUST3352,REST_10,2026-05-25 19:06:21,40.0,Delivered,5.0,360,Chicken Seekh Kebab
OD10547,CUST3219,REST_02,2026-05-01 19:16:22,65.0,Delivered,2.0,140,Filter Coffee & Upma
OD10548,CUST2124,REST_03,2026-05-25 19:09:09,41.0,Delivered,1.0,320,Veg Hyderabadi Biryani
OD10549,CUST3202,REST_03,2026-05-03 22:40:58,62.0,Delivered,1.0,350,Chicken Dum Biryani
OD10550,CUST3419,REST_06,2026-05-10 14:06:29,32.0,Delivered,4.0,260,Loaded Nachos
OD10551,CUST2490,REST_08,2026-05-02 21:00:23,36.0,Delivered,4.0,250,Gulab Jamun (4 pcs)
OD10552,CUST3200,REST_06,2026-05-02 12:16:46,46.0,Delivered,3.0,750,Classic Cheese Burger & Fries
OD10553,CUST2208,REST_01,2026-05-03 13:15:23,45.0,Delivered,1.0,340,Paneer Butter Masala Meal
OD10554,CUST2389,REST_04,2026-05-10 22:15:58,56.0,Delivered,1.0,200,Veg Spring Rolls (6 pcs)
OD10555,CUST2672,REST_04,2026-05-24 18:37:56,35.0,Delivered,4.0,260,Veg Hakka Noodles
OD10556,CUST2133,REST_03,2026-05-11 12:45:23,37.0,Delivered,4.0,400,Chicken Tikka Biryani
OD10557,CUST3331,REST_01,2026-05-04 15:19:27,31.0,Delivered,4.0,350,Paneer Butter Masala Meal
OD10558,CUST2174,REST_03,2026-04-28 17:39:21,25.0,Delivered,4.0,370,Chicken Dum Biryani
OD10559,CUST2650,REST_05,2026-05-17 08:57:05,30.0,Delivered,3.0,470,Farmhouse Veg Pizza
OD10560,CUST2243,REST_02,2026-05-18 14:19:47,53.0,Delivered,2.0,180,Rava Kesari & Dosa Combo
OD10561,CUST3113,REST_05,2026-05-22 23:25:52,35.0,Delivered,5.0,420,Margherita Pizza 10-inch
OD10562,CUST2430,REST_08,2026-05-11 14:05:20,57.0,Delivered,1.0,200,Red Velvet Pastry
OD10563,CUST2062,REST_06,2026-05-20 01:51:42,23.0,Delivered,5.0,240,Crispy Chicken Burger
OD10564,CUST3415,REST_09,2026-04-28 21:09:21,41.0,Delivered,3.0,190,Hot Chocolate
OD10565,CUST2223,REST_06,2026-04-30 20:11:02,32.0,Delivered,2.0,700,Loaded Nachos
OD10566,CUST2422,REST_04,2026-05-08 18:10:20,24.0,Delivered,5.0,250,Schezwan Noodles
OD10567,CUST2141,REST_07,2026-05-23 20:30:10,45.0,Delivered,4.0,350,Quinoa Avocado Salad
OD10568,CUST2913,REST_02,2026-05-26 19:31:29,28.0,Delivered,3.0,160,Onion Uttapam
OD10569,CUST2711,REST_05,2026-05-02 21:46:27,43.0,Delivered,1.0,450,Farmhouse Veg Pizza
OD10570,CUST2324,REST_05,2026-05-20 21:58:31,64.0,Delivered,2.0,170,Garlic Bread with Cheese
OD10571,CUST3034,REST_06,2026-04-28 17:04:40,25.0,Delivered,3.0,230,Chicken Nuggets (9 pcs)
OD10572,CUST2078,REST_01,2026-05-20 17:29:04,27.0,Delivered,2.0,310,Dal Makhani with Jeera Rice
OD10573,CUST2965,REST_05,2026-05-02 13:34:47,35.0,Delivered,4.0,380,Chicken Alfredo Pasta
OD10574,CUST3464,REST_01,2026-05-22 18:42:45,36.0,Delivered,4.0,330,Kadhai Paneer with Roti
OD10575,CUST2773,REST_04,2026-04-27 16:00:21,35.0,Delivered,2.0,320,Chicken Fried Rice & Manchurian
OD10576,CUST3361,REST_03,2026-05-07 19:12:39,54.0,Delivered,3.0,470,Mutton Biryani
OD10577,CUST2663,REST_03,2026-05-03 17:04:42,30.0,Delivered,3.0,370,Chicken Dum Biryani
OD10578,CUST2618,REST_10,2026-05-22 23:54:36,46.0,Delivered,2.0,560,Tandoori Roti Combo
OD10579,CUST3421,REST_03,2026-05-18 18:21:01,,Cancelled,,320,Veg Hyderabadi Biryani
OD10580,CUST3312,REST_04,2026-05-16 20:07:19,56.0,Delivered,1.0,180,Veg Spring Rolls (6 pcs)
OD10581,CUST2414,REST_03,2026-05-20 19:28:47,46.0,Delivered,2.0,280,Egg Biryani
OD10582,CUST2850,REST_05,2026-05-03 19:58:58,70.0,Delivered,2.0,420,Margherita Pizza 10-inch
OD10583,CUST2013,REST_02,2026-05-01 22:08:05,46.0,Delivered,3.0,160,Onion Uttapam
OD10584,CUST2638,REST_03,2026-05-06 13:28:40,60.0,Delivered,1.0,480,Mutton Biryani
OD10585,CUST2774,REST_03,2026-05-23 22:30:01,55.0,Delivered,3.0,310,Egg Biryani
OD10586,CUST2360,REST_05,2026-05-14 19:04:21,38.0,Delivered,5.0,470,Farmhouse Veg Pizza
OD10587,CUST3026,REST_06,2026-05-20 14:31:19,26.0,Delivered,4.0,240,Chicken Nuggets (9 pcs)
OD10588,CUST2894,REST_05,2026-05-08 20:41:24,49.0,Delivered,2.0,360,Veg Arrabiata Penne Pasta
OD10589,CUST3448,REST_01,2026-05-01 13:38:37,35.0,Delivered,4.0,370,Paneer Butter Masala Meal
OD10590,CUST3062,REST_04,2026-05-06 18:34:42,27.0,Delivered,4.0,330,Chilli Chicken Gravy
OD10591,CUST2183,REST_02,2026-05-05 20:59:47,58.0,Delivered,1.0,150,Filter Coffee & Upma
OD10592,CUST2199,REST_02,2026-05-02 12:11:45,37.0,Delivered,3.0,170,Onion Uttapam
OD10593,CUST2412,REST_01,2026-05-25 21:28:40,33.0,Delivered,4.0,670,Paneer Butter Masala Meal
OD10594,CUST2132,REST_06,2026-05-21 10:03:17,29.0,Delivered,5.0,290,Classic Cheese Burger & Fries
OD10595,CUST3070,REST_01,2026-05-12 20:38:27,80.0,Delivered,1.0,420,Tandoori Chicken Half
OD10596,CUST3363,REST_07,2026-05-22 10:29:55,37.0,Delivered,5.0,270,Greek Salad
OD10597,CUST2573,REST_04,2026-05-18 12:40:52,55.0,Delivered,1.0,280,Schezwan Noodles
OD10598,CUST2667,REST_08,2026-05-22 08:27:59,37.0,Delivered,5.0,200,Red Velvet Pastry
OD10599,CUST3459,REST_03,2026-05-22 09:53:43,26.0,Delivered,4.0,740,Chicken Tikka Biryani
OD10600,CUST2434,REST_03,2026-05-26 14:24:49,36.0,Delivered,2.0,350,Chicken Dum Biryani
OD10601,CUST2253,REST_03,2026-05-19 14:14:59,48.0,Delivered,2.0,410,Chicken Tikka Biryani
OD10602,CUST2782,REST_09,2026-05-06 09:05:21,22.0,Delivered,5.0,410,Paneer Tikka Sandwich
OD10603,CUST2779,REST_10,2026-05-10 13:23:51,42.0,Delivered,2.0,340,Chicken Seekh Kebab
OD10604,CUST2648,REST_03,2026-05-01 19:09:47,40.0,Delivered,3.0,610,Veg Hyderabadi Biryani
OD10605,CUST2980,REST_04,2026-05-22 14:52:45,71.0,Delivered,1.0,330,Chilli Chicken Gravy
OD10606,CUST3490,REST_07,2026-05-14 15:27:43,,Cancelled,,900,High-Protein Chicken Salad
OD10607,CUST2801,REST_02,2026-05-03 20:35:25,53.0,Delivered,2.0,150,Filter Coffee & Upma
OD10608,CUST3341,REST_03,2026-05-01 12:51:47,64.0,Delivered,1.0,410,Chicken Tikka Biryani
OD10609,CUST2303,REST_07,2026-04-30 14:30:11,36.0,Delivered,2.0,260,Greek Salad
OD10610,CUST3480,REST_07,2026-05-06 20:11:41,55.0,Delivered,2.0,350,Quinoa Avocado Salad
OD10611,CUST2783,REST_05,2026-04-30 18:42:58,33.0,Delivered,4.0,440,Farmhouse Veg Pizza
OD10612,CUST3421,REST_02,2026-05-19 16:36:08,,Cancelled,,160,Filter Coffee & Upma
OD10613,CUST3462,REST_09,2026-05-23 19:51:33,53.0,Delivered,3.0,180,Iced Latte
OD10614,CUST2241,REST_03,2026-05-22 13:02:08,53.0,Delivered,4.0,380,Chicken Tikka Biryani
OD10615,CUST3037,REST_05,2026-05-18 00:19:02,21.0,Delivered,5.0,960,Veg Arrabiata Penne Pasta
OD10616,CUST2641,REST_09,2026-05-18 21:15:02,61.0,Delivered,1.0,200,Hot Chocolate
OD10617,CUST3212,REST_06,2026-05-05 13:41:57,43.0,Delivered,2.0,230,Spicy Paneer Wrap
OD10618,CUST2294,REST_09,2026-05-19 19:45:23,,Cancelled,,200,Iced Latte
OD10619,CUST2648,REST_07,2026-04-30 18:43:35,23.0,Delivered,5.0,260,Greek Salad
OD10620,CUST2560,REST_03,2026-05-04 14:06:50,38.0,Delivered,3.0,470,Mutton Biryani
OD10621,CUST3084,REST_06,2026-05-25 07:20:48,28.0,Delivered,4.0,480,Loaded Nachos
OD10622,CUST3130,REST_10,2026-05-18 18:09:42,22.0,Delivered,5.0,210,Tandoori Roti Combo
OD10623,CUST3310,REST_06,2026-05-02 17:22:51,36.0,Delivered,4.0,260,Crispy Chicken Burger
OD10624,CUST2469,REST_05,2026-05-24 09:05:04,28.0,Delivered,5.0,810,Margherita Pizza 10-inch
OD10625,CUST2022,REST_07,2026-05-13 20:43:56,39.0,Delivered,3.0,390,Fresh Fruit Bowl
OD10626,CUST3463,REST_07,2026-05-18 22:52:56,,Cancelled,,210,Fresh Fruit Bowl
OD10627,CUST2346,REST_09,2026-05-13 14:03:27,50.0,Delivered,3.0,200,Iced Latte
OD10628,CUST2512,REST_09,2026-05-03 00:40:36,36.0,Delivered,3.0,260,Club Sandwich
OD10629,CUST2118,REST_06,2026-04-30 00:56:46,21.0,Delivered,5.0,280,Classic Cheese Burger & Fries
OD10630,CUST2174,REST_09,2026-05-12 01:49:42,20.0,Delivered,5.0,350,Classic Cold Coffee
OD10631,CUST2374,REST_09,2026-05-11 12:22:47,35.0,Delivered,5.0,220,Hot Chocolate
OD10632,CUST2809,REST_07,2026-05-12 22:17:07,54.0,Delivered,2.0,610,High-Protein Chicken Salad
OD10633,CUST2819,REST_09,2026-05-01 12:32:00,85.0,Delivered,1.0,210,Paneer Tikka Sandwich
OD10634,CUST2984,REST_05,2026-05-01 20:11:15,36.0,Delivered,4.0,360,Veg Arrabiata Penne Pasta
OD10635,CUST3447,REST_02,2026-05-15 19:09:14,,Cancelled,,140,Filter Coffee & Upma
OD10636,CUST2079,REST_05,2026-05-03 09:03:24,28.0,Delivered,4.0,770,Chicken Alfredo Pasta
OD10637,CUST3045,REST_07,2026-05-08 20:15:20,30.0,Delivered,5.0,280,Caesar Salad
OD10638,CUST2967,REST_05,2026-05-12 14:19:07,27.0,Delivered,4.0,180,Garlic Bread with Cheese
OD10639,CUST3207,REST_09,2026-05-09 09:06:08,33.0,Delivered,4.0,190,Classic Cold Coffee
OD10640,CUST2154,REST_09,2026-05-03 19:09:02,,Cancelled,,200,Classic Cold Coffee
OD10641,CUST3128,REST_05,2026-05-19 11:27:04,33.0,Delivered,4.0,490,Garlic Bread with Cheese
OD10642,CUST2342,REST_10,2026-05-15 08:44:12,33.0,Delivered,4.0,360,Malai Kofta & Lachha Paratha
OD10643,CUST3152,REST_07,2026-05-02 19:37:44,49.0,Delivered,3.0,260,Greek Salad
OD10644,CUST2550,REST_09,2026-05-06 07:09:56,22.0,Delivered,5.0,230,Club Sandwich
OD10645,CUST2431,REST_09,2026-05-08 14:45:56,36.0,Delivered,5.0,250,Club Sandwich
OD10646,CUST2729,REST_04,2026-05-24 20:49:37,61.0,Delivered,1.0,250,Schezwan Noodles
OD10647,CUST2423,REST_08,2026-05-22 21:25:09,52.0,Delivered,3.0,180,Red Velvet Pastry
OD10648,CUST2372,REST_08,2026-05-12 22:11:41,40.0,Delivered,3.0,330,Red Velvet Pastry
OD10649,CUST3245,REST_04,2026-05-26 19:25:06,40.0,Delivered,4.0,270,Veg Hakka Noodles
OD10650,CUST2226,REST_01,2026-05-17 19:50:00,51.0,Delivered,3.0,370,Butter Chicken & Naan
OD10651,CUST2910,REST_03,2026-05-14 20:40:34,44.0,Delivered,3.0,310,Veg Hyderabadi Biryani
OD10652,CUST2851,REST_03,2026-05-09 12:41:18,56.0,Delivered,2.0,680,Chicken Dum Biryani
OD10653,CUST2578,REST_06,2026-05-26 21:57:02,43.0,Delivered,3.0,260,Classic Cheese Burger & Fries
OD10654,CUST2308,REST_05,2026-05-05 21:42:23,42.0,Delivered,1.0,340,Garlic Bread with Cheese
OD10655,CUST3344,REST_03,2026-05-22 22:52:04,46.0,Delivered,1.0,330,Veg Hyderabadi Biryani
OD10656,CUST2789,REST_06,2026-05-10 19:40:21,47.0,Delivered,2.0,230,Spicy Paneer Wrap
OD10657,CUST3091,REST_09,2026-05-21 20:47:14,35.0,Delivered,3.0,210,Iced Latte
OD10658,CUST3144,REST_08,2026-05-08 21:55:49,47.0,Delivered,2.0,320,Red Velvet Pastry
OD10659,CUST2283,REST_02,2026-05-10 14:44:06,45.0,Delivered,4.0,120,Idli Vada Combo
OD10660,CUST2158,REST_01,2026-05-02 18:08:47,27.0,Delivered,4.0,670,Kadhai Paneer with Roti
OD10661,CUST2588,REST_02,2026-05-02 18:00:25,44.0,Delivered,2.0,120,Idli Vada Combo
OD10662,CUST2466,REST_07,2026-05-01 20:25:39,44.0,Delivered,3.0,340,Quinoa Avocado Salad
OD10663,CUST3337,REST_07,2026-05-03 13:06:04,55.0,Delivered,3.0,270,Greek Salad
OD10664,CUST2134,REST_04,2026-05-03 19:02:15,45.0,Delivered,2.0,200,Veg Spring Rolls (6 pcs)
OD10665,CUST2099,REST_06,2026-05-21 13:25:32,,Cancelled,,500,Classic Cheese Burger & Fries
OD10666,CUST3487,REST_06,2026-05-25 20:06:32,44.0,Delivered,1.0,230,Crispy Chicken Burger
OD10667,CUST2595,REST_03,2026-04-29 22:14:56,61.0,Delivered,2.0,470,Mutton Biryani
OD10668,CUST3058,REST_10,2026-05-01 14:23:39,52.0,Delivered,2.0,760,Butter Chicken Combo Meal
OD10669,CUST2313,REST_10,2026-05-24 13:55:51,42.0,Delivered,3.0,200,Tandoori Roti Combo
OD10670,CUST2574,REST_10,2026-05-21 17:30:16,27.0,Delivered,2.0,350,Malai Kofta & Lachha Paratha
OD10671,CUST2082,REST_06,2026-05-13 21:20:23,45.0,Delivered,1.0,210,Spicy Paneer Wrap
OD10672,CUST2088,REST_10,2026-05-14 01:54:06,16.0,Delivered,4.0,340,Chicken Seekh Kebab
OD10673,CUST2796,REST_08,2026-05-25 21:06:05,40.0,Delivered,5.0,190,Chocolate Lava Cake
OD10674,CUST2133,REST_06,2026-05-20 18:17:29,27.0,Delivered,5.0,590,Spicy Paneer Wrap
OD10675,CUST2656,REST_10,2026-05-22 14:27:30,49.0,Delivered,2.0,980,Chicken Seekh Kebab
OD10676,CUST2291,REST_02,2026-05-11 21:33:13,38.0,Delivered,3.0,190,Rava Kesari & Dosa Combo
OD10677,CUST2609,REST_03,2026-05-14 20:10:44,54.0,Delivered,4.0,500,Mutton Biryani
OD10678,CUST2407,REST_02,2026-05-23 22:47:52,53.0,Delivered,3.0,150,Filter Coffee & Upma
OD10679,CUST2833,REST_05,2026-05-24 11:28:40,26.0,Delivered,4.0,200,Garlic Bread with Cheese
OD10680,CUST3231,REST_07,2026-05-15 22:23:52,,Cancelled,,350,Quinoa Avocado Salad
OD10681,CUST2629,REST_09,2026-05-08 14:34:27,53.0,Delivered,2.0,260,Club Sandwich
OD10682,CUST3112,REST_07,2026-05-19 19:59:57,44.0,Delivered,4.0,280,Greek Salad
OD10683,CUST2213,REST_08,2026-05-13 19:02:42,36.0,Delivered,4.0,280,Kulfi Falooda
OD10684,CUST2401,REST_08,2026-05-23 19:50:47,48.0,Delivered,2.0,190,Chocolate Lava Cake
OD10685,CUST2850,REST_04,2026-04-27 12:23:53,40.0,Delivered,2.0,490,Veg Hakka Noodles
OD10686,CUST3263,REST_07,2026-05-17 15:46:11,32.0,Delivered,5.0,530,Caesar Salad
OD10687,CUST3033,REST_02,2026-05-02 22:13:05,41.0,Delivered,2.0,150,Filter Coffee & Upma
OD10688,CUST3172,REST_07,2026-05-17 19:22:11,,Cancelled,,270,Caesar Salad
OD10689,CUST2609,REST_04,2026-05-18 07:05:59,15.0,Delivered,5.0,370,Veg Spring Rolls (6 pcs)
OD10690,CUST2228,REST_08,2026-05-25 12:04:31,39.0,Delivered,5.0,160,Kulfi Falooda
OD10691,CUST2997,REST_02,2026-05-17 21:51:10,33.0,Delivered,5.0,150,Idli Vada Combo
OD10692,CUST2992,REST_10,2026-05-05 22:12:38,35.0,Delivered,5.0,390,Butter Chicken Combo Meal
OD10693,CUST2236,REST_04,2026-05-19 22:17:17,38.0,Delivered,4.0,250,Veg Hakka Noodles
OD10694,CUST3016,REST_07,2026-05-03 20:56:45,41.0,Delivered,3.0,390,Fresh Fruit Bowl
OD10695,CUST3000,REST_07,2026-05-16 10:24:27,53.0,Delivered,2.0,270,Greek Salad
OD10696,CUST2343,REST_01,2026-05-23 21:33:22,43.0,Delivered,3.0,360,Kadhai Paneer with Roti
OD10697,CUST2149,REST_04,2026-05-07 20:45:21,71.0,Delivered,1.0,270,Schezwan Noodles
OD10698,CUST2581,REST_10,2026-05-19 19:56:51,47.0,Delivered,3.0,300,Paneer Tikka
OD10699,CUST2406,REST_04,2026-05-05 16:07:28,21.0,Delivered,5.0,490,Veg Hakka Noodles
OD10700,CUST2584,REST_01,2026-05-23 22:02:57,41.0,Delivered,2.0,980,Kadhai Paneer with Roti
OD10701,CUST3482,REST_05,2026-05-14 20:31:39,38.0,Delivered,4.0,350,Veg Arrabiata Penne Pasta
OD10702,CUST2766,REST_10,2026-05-01 10:20:55,24.0,Delivered,4.0,330,Chicken Seekh Kebab
OD10703,CUST3101,REST_01,2026-05-06 08:21:44,29.0,Delivered,5.0,370,Butter Chicken & Naan
OD10704,CUST2246,REST_03,2026-05-18 11:33:15,42.0,Delivered,3.0,610,Veg Hyderabadi Biryani
OD10705,CUST2989,REST_04,2026-05-08 19:55:15,54.0,Delivered,4.0,260,Veg Hakka Noodles
OD10706,CUST2959,REST_07,2026-05-15 20:32:54,62.0,Delivered,2.0,360,Quinoa Avocado Salad
OD10707,CUST2449,REST_06,2026-05-03 08:27:10,27.0,Delivered,3.0,600,Chicken Nuggets (9 pcs)
OD10708,CUST2226,REST_04,2026-05-12 20:28:22,34.0,Delivered,5.0,470,Veg Hakka Noodles
OD10709,CUST3029,REST_07,2026-04-30 07:24:46,21.0,Delivered,5.0,230,Fresh Fruit Bowl
OD10710,CUST3085,REST_10,2026-05-17 13:07:14,36.0,Delivered,5.0,200,Tandoori Roti Combo
OD10711,CUST3271,REST_07,2026-05-25 20:31:13,44.0,Delivered,2.0,260,Greek Salad
OD10712,CUST2007,REST_02,2026-05-24 21:15:10,45.0,Delivered,3.0,150,Idli Vada Combo
OD10713,CUST3365,REST_08,2026-05-25 08:43:48,,Cancelled,,210,Sizzling Brownie
OD10714,CUST2971,REST_10,2026-04-28 21:36:43,40.0,Delivered,5.0,340,Chicken Seekh Kebab
OD10715,CUST2205,REST_05,2026-05-05 20:16:23,,Cancelled,,350,Veg Arrabiata Penne Pasta
OD10716,CUST2617,REST_06,2026-05-18 18:40:01,29.0,Delivered,2.0,270,Loaded Nachos
OD10717,CUST3020,REST_01,2026-05-20 09:58:24,27.0,Delivered,3.0,370,Paneer Butter Masala Meal
OD10718,CUST3080,REST_03,2026-05-09 19:17:19,79.0,Delivered,2.0,600,Veg Hyderabadi Biryani
OD10719,CUST3161,REST_06,2026-05-18 12:43:09,31.0,Delivered,5.0,200,Spicy Paneer Wrap
OD10720,CUST2032,REST_08,2026-05-06 00:22:42,19.0,Delivered,4.0,160,Chocolate Lava Cake
OD10721,CUST3363,REST_09,2026-05-20 12:37:58,28.0,Delivered,4.0,520,Iced Latte
OD10722,CUST3305,REST_07,2026-05-26 13:19:11,34.0,Delivered,5.0,250,Greek Salad
OD10723,CUST2853,REST_09,2026-05-26 19:34:11,34.0,Delivered,4.0,180,Iced Latte
OD10724,CUST3404,REST_06,2026-05-10 17:58:35,30.0,Delivered,4.0,240,Chicken Nuggets (9 pcs)
OD10725,CUST2497,REST_10,2026-05-24 15:25:42,42.0,Delivered,4.0,400,Butter Chicken Combo Meal
OD10726,CUST3331,REST_02,2026-05-19 14:03:07,28.0,Delivered,2.0,190,Rava Kesari & Dosa Combo
OD10727,CUST2458,REST_03,2026-05-16 20:07:04,41.0,Delivered,4.0,300,Veg Hyderabadi Biryani
OD10728,CUST3036,REST_08,2026-05-12 23:52:15,23.0,Delivered,5.0,200,Sizzling Brownie
OD10729,CUST2886,REST_03,2026-05-20 20:12:30,41.0,Delivered,2.0,360,Chicken Dum Biryani
OD10730,CUST3368,REST_05,2026-05-23 16:01:18,33.0,Delivered,5.0,440,Farmhouse Veg Pizza
OD10731,CUST3333,REST_10,2026-05-11 21:29:17,,Cancelled,,220,Tandoori Roti Combo
OD10732,CUST3026,REST_09,2026-05-02 20:22:41,67.0,Delivered,1.0,210,Iced Latte
OD10733,CUST2140,REST_08,2026-05-26 18:42:33,24.0,Delivered,3.0,570,Sizzling Brownie
OD10734,CUST3198,REST_10,2026-05-02 13:42:06,61.0,Delivered,1.0,200,Tandoori Roti Combo
OD10735,CUST2485,REST_02,2026-05-10 21:03:39,40.0,Delivered,4.0,150,Idli Vada Combo
OD10736,CUST2357,REST_06,2026-05-17 19:12:12,48.0,Delivered,2.0,290,Classic Cheese Burger & Fries
OD10737,CUST3083,REST_04,2026-05-22 11:00:23,31.0,Delivered,4.0,240,Veg Hakka Noodles
OD10738,CUST3316,REST_09,2026-05-12 18:22:39,23.0,Delivered,5.0,220,Paneer Tikka Sandwich
OD10739,CUST3166,REST_02,2026-05-12 13:38:34,52.0,Delivered,3.0,140,Idli Vada Combo
OD10740,CUST2733,REST_02,2026-05-04 21:59:39,34.0,Delivered,3.0,320,Idli Vada Combo
OD10741,CUST2965,REST_05,2026-05-07 21:03:08,77.0,Delivered,1.0,430,Margherita Pizza 10-inch
OD10742,CUST2483,REST_08,2026-04-29 22:38:47,39.0,Delivered,5.0,300,Chocolate Lava Cake
OD10743,CUST3018,REST_09,2026-05-22 21:14:01,51.0,Delivered,2.0,210,Iced Latte
OD10744,CUST2988,REST_01,2026-05-10 19:07:28,47.0,Delivered,1.0,410,Tandoori Chicken Half
OD10745,CUST2476,REST_02,2026-05-25 21:34:36,48.0,Delivered,4.0,160,Filter Coffee & Upma
OD10746,CUST2899,REST_03,2026-05-25 13:18:08,39.0,Delivered,5.0,320,Veg Hyderabadi Biryani
OD10747,CUST2422,REST_08,2026-05-06 22:49:35,45.0,Delivered,3.0,230,Gulab Jamun (4 pcs)
OD10748,CUST3032,REST_02,2026-05-16 18:05:13,31.0,Delivered,5.0,170,Masala Dosa with Sambar
OD10749,CUST3485,REST_03,2026-05-11 22:01:31,40.0,Delivered,3.0,1040,Chicken Dum Biryani
OD10750,CUST2123,REST_05,2026-05-09 17:14:13,39.0,Delivered,4.0,170,Garlic Bread with Cheese
OD10751,CUST3110,REST_06,2026-05-26 13:48:37,46.0,Delivered,2.0,520,Classic Cheese Burger & Fries
OD10752,CUST3494,REST_01,2026-05-14 17:36:46,19.0,Delivered,3.0,390,Butter Chicken & Naan
OD10753,CUST2271,REST_01,2026-05-04 20:18:21,46.0,Delivered,2.0,320,Dal Makhani with Jeera Rice
OD10754,CUST3246,REST_01,2026-05-24 12:29:01,38.0,Delivered,3.0,390,Butter Chicken & Naan
OD10755,CUST2837,REST_01,2026-05-14 13:04:28,40.0,Delivered,4.0,660,Kadhai Paneer with Roti
OD10756,CUST3291,REST_03,2026-05-17 07:43:32,23.0,Delivered,5.0,920,Mutton Biryani
OD10757,CUST2531,REST_05,2026-04-28 19:22:06,38.0,Delivered,5.0,420,Margherita Pizza 10-inch
OD10758,CUST3169,REST_06,2026-05-01 06:38:50,37.0,Delivered,2.0,240,Chicken Nuggets (9 pcs)
OD10759,CUST2064,REST_03,2026-04-27 10:13:51,40.0,Delivered,4.0,310,Veg Hyderabadi Biryani
OD10760,CUST3460,REST_06,2026-05-01 14:41:05,51.0,Delivered,2.0,230,Crispy Chicken Burger
OD10761,CUST3244,REST_08,2026-05-23 19:58:15,65.0,Delivered,1.0,170,Kulfi Falooda
OD10762,CUST3420,REST_04,2026-05-08 19:04:58,63.0,Delivered,1.0,330,Chilli Chicken Gravy
OD10763,CUST2257,REST_09,2026-05-18 11:16:50,19.0,Delivered,5.0,210,Iced Latte
OD10764,CUST2304,REST_10,2026-05-25 17:10:07,31.0,Delivered,3.0,210,Tandoori Roti Combo
OD10765,CUST2207,REST_03,2026-04-29 11:55:33,23.0,Delivered,5.0,680,Chicken Dum Biryani
OD10766,CUST3459,REST_05,2026-05-16 10:46:02,44.0,Delivered,2.0,420,Margherita Pizza 10-inch
OD10767,CUST2893,REST_05,2026-05-15 21:59:32,48.0,Delivered,3.0,450,Farmhouse Veg Pizza
OD10768,CUST2899,REST_03,2026-04-30 13:31:21,37.0,Delivered,4.0,400,Chicken Tikka Biryani
OD10769,CUST2294,REST_01,2026-05-16 13:22:18,43.0,Delivered,1.0,360,Paneer Butter Masala Meal
OD10770,CUST2532,REST_10,2026-05-03 19:32:48,44.0,Delivered,2.0,660,Chicken Seekh Kebab
OD10771,CUST2757,REST_04,2026-05-13 11:29:18,39.0,Delivered,5.0,510,Schezwan Noodles
OD10772,CUST3011,REST_05,2026-04-30 22:51:05,46.0,Delivered,3.0,800,Margherita Pizza 10-inch
OD10773,CUST3292,REST_09,2026-04-28 16:59:45,36.0,Delivered,3.0,250,Club Sandwich
OD10774,CUST2073,REST_01,2026-05-04 20:16:30,49.0,Delivered,3.0,370,Paneer Butter Masala Meal
OD10775,CUST3301,REST_02,2026-04-29 18:39:13,22.0,Delivered,5.0,250,Filter Coffee & Upma
OD10776,CUST3196,REST_04,2026-05-23 13:18:42,49.0,Delivered,3.0,260,Schezwan Noodles
OD10777,CUST2231,REST_05,2026-05-10 11:29:20,44.0,Delivered,2.0,1300,Farmhouse Veg Pizza
OD10778,CUST3002,REST_10,2026-05-13 12:54:50,41.0,Delivered,3.0,200,Tandoori Roti Combo
OD10779,CUST2906,REST_07,2026-05-20 12:40:52,36.0,Delivered,3.0,250,Greek Salad
OD10780,CUST2423,REST_02,2026-04-27 22:01:51,62.0,Delivered,1.0,140,Filter Coffee & Upma
OD10781,CUST2130,REST_01,2026-05-23 19:55:45,,Cancelled,,340,Kadhai Paneer with Roti
OD10782,CUST2766,REST_06,2026-04-28 21:48:33,44.0,Delivered,3.0,220,Chicken Nuggets (9 pcs)
OD10783,CUST2472,REST_04,2026-05-09 20:08:52,36.0,Delivered,4.0,240,Veg Hakka Noodles
OD10784,CUST3239,REST_03,2026-05-16 21:50:20,51.0,Delivered,3.0,380,Chicken Dum Biryani
OD10785,CUST3344,REST_10,2026-05-10 19:30:18,74.0,Delivered,1.0,230,Tandoori Roti Combo
OD10786,CUST2222,REST_08,2026-05-04 17:30:36,20.0,Delivered,4.0,170,Red Velvet Pastry
OD10787,CUST2196,REST_09,2026-04-29 11:39:53,31.0,Delivered,4.0,210,Iced Latte
OD10788,CUST3011,REST_05,2026-04-28 14:36:38,40.0,Delivered,4.0,460,Farmhouse Veg Pizza
OD10789,CUST3024,REST_06,2026-05-24 20:46:05,52.0,Delivered,4.0,260,Crispy Chicken Burger
OD10790,CUST2249,REST_03,2026-05-10 18:40:51,35.0,Delivered,5.0,470,Mutton Biryani
OD10791,CUST2603,REST_05,2026-05-02 11:33:43,47.0,Delivered,3.0,190,Garlic Bread with Cheese
OD10792,CUST2432,REST_06,2026-05-10 12:30:04,43.0,Delivered,2.0,260,Crispy Chicken Burger
OD10793,CUST2194,REST_01,2026-05-17 19:14:22,44.0,Delivered,3.0,340,Kadhai Paneer with Roti
OD10794,CUST2826,REST_05,2026-05-01 10:13:17,29.0,Delivered,4.0,180,Garlic Bread with Cheese
OD10795,CUST2785,REST_06,2026-05-20 21:42:58,,Cancelled,,260,Loaded Nachos
OD10796,CUST2006,REST_04,2026-05-12 21:20:04,42.0,Delivered,3.0,320,Chicken Fried Rice & Manchurian
OD10797,CUST3025,REST_02,2026-05-19 18:19:53,33.0,Delivered,3.0,150,Idli Vada Combo
OD10798,CUST3298,REST_05,2026-05-22 13:07:35,43.0,Delivered,1.0,770,Chicken Alfredo Pasta
OD10799,CUST2709,REST_07,2026-05-02 22:00:12,41.0,Delivered,3.0,350,Quinoa Avocado Salad
OD10800,CUST2520,REST_09,2026-05-17 18:02:44,45.0,Delivered,2.0,230,Club Sandwich
OD10801,CUST2965,REST_10,2026-05-17 20:51:06,46.0,Delivered,3.0,230,Tandoori Roti Combo
OD10802,CUST2170,REST_07,2026-05-24 19:54:12,68.0,Delivered,2.0,260,Caesar Salad
OD10803,CUST3479,REST_06,2026-05-18 20:04:12,33.0,Delivered,5.0,270,Loaded Nachos
OD10804,CUST2407,REST_09,2026-05-14 14:21:29,34.0,Delivered,5.0,210,Paneer Tikka Sandwich
OD10805,CUST2177,REST_03,2026-05-22 01:40:23,32.0,Delivered,4.0,300,Veg Hyderabadi Biryani
OD10806,CUST2272,REST_05,2026-05-01 19:26:14,54.0,Delivered,3.0,420,Margherita Pizza 10-inch
OD10807,CUST3004,REST_06,2026-05-18 21:02:53,50.0,Delivered,2.0,270,Loaded Nachos
OD10808,CUST3324,REST_05,2026-05-21 12:13:29,24.0,Delivered,5.0,400,Chicken Alfredo Pasta
OD10809,CUST2763,REST_10,2026-04-30 19:55:57,40.0,Delivered,4.0,200,Tandoori Roti Combo
OD10810,CUST2384,REST_06,2026-05-11 21:29:37,51.0,Delivered,3.0,210,Spicy Paneer Wrap
OD10811,CUST3231,REST_06,2026-05-26 21:48:59,51.0,Delivered,3.0,230,Chicken Nuggets (9 pcs)
OD10812,CUST2336,REST_09,2026-05-15 20:08:42,,Cancelled,,350,Iced Latte
OD10813,CUST2634,REST_03,2026-05-18 12:56:11,24.0,Delivered,5.0,310,Veg Hyderabadi Biryani
OD10814,CUST3484,REST_04,2026-05-02 14:30:35,54.0,Delivered,2.0,330,Chicken Fried Rice & Manchurian
OD10815,CUST2794,REST_03,2026-05-07 21:52:43,47.0,Delivered,3.0,310,Veg Hyderabadi Biryani
OD10816,CUST3202,REST_01,2026-05-08 14:32:52,42.0,Delivered,4.0,670,Paneer Butter Masala Meal
OD10817,CUST2091,REST_04,2026-05-02 16:18:19,43.0,Delivered,1.0,270,Schezwan Noodles
OD10818,CUST2368,REST_03,2026-04-29 14:46:06,34.0,Delivered,4.0,280,Egg Biryani
OD10819,CUST2932,REST_01,2026-04-28 13:16:47,46.0,Delivered,2.0,430,Tandoori Chicken Half
OD10820,CUST2687,REST_09,2026-05-14 20:55:43,,Cancelled,,200,Hot Chocolate
OD10821,CUST2691,REST_10,2026-05-11 13:07:55,38.0,Delivered,4.0,380,Malai Kofta & Lachha Paratha
OD10822,CUST2872,REST_06,2026-05-02 13:26:01,31.0,Delivered,5.0,200,Spicy Paneer Wrap
OD10823,CUST2812,REST_04,2026-05-01 19:27:57,56.0,Delivered,1.0,310,Chicken Fried Rice & Manchurian
OD10824,CUST3073,REST_10,2026-05-01 19:46:40,59.0,Delivered,1.0,220,Tandoori Roti Combo
OD10825,CUST2821,REST_01,2026-05-20 21:53:58,48.0,Delivered,1.0,1000,Paneer Butter Masala Meal
OD10826,CUST3053,REST_09,2026-05-12 12:59:27,34.0,Delivered,4.0,180,Iced Latte
OD10827,CUST2817,REST_03,2026-05-22 16:08:17,30.0,Delivered,5.0,330,Veg Hyderabadi Biryani
OD10828,CUST2665,REST_04,2026-05-17 19:34:24,40.0,Delivered,3.0,270,Veg Hakka Noodles
OD10829,CUST2947,REST_08,2026-05-05 15:42:54,24.0,Delivered,5.0,180,Red Velvet Pastry
OD10830,CUST3085,REST_06,2026-05-11 06:39:37,21.0,Delivered,5.0,220,Spicy Paneer Wrap
OD10831,CUST2582,REST_09,2026-05-01 14:54:07,36.0,Delivered,5.0,620,Paneer Tikka Sandwich
OD10832,CUST2822,REST_09,2026-05-16 13:49:23,51.0,Delivered,3.0,220,Paneer Tikka Sandwich
OD10833,CUST2587,REST_08,2026-04-27 19:21:48,49.0,Delivered,3.0,330,Red Velvet Pastry
OD10834,CUST2857,REST_07,2026-05-01 19:32:05,54.0,Delivered,2.0,250,Greek Salad
OD10835,CUST2187,REST_06,2026-05-24 12:58:10,42.0,Delivered,2.0,290,Classic Cheese Burger & Fries
OD10836,CUST2661,REST_03,2026-05-11 17:43:38,27.0,Delivered,4.0,300,Veg Hyderabadi Biryani
OD10837,CUST2228,REST_10,2026-05-20 22:00:47,48.0,Delivered,1.0,690,Malai Kofta & Lachha Paratha
OD10838,CUST2145,REST_07,2026-05-16 19:34:45,46.0,Delivered,2.0,600,High-Protein Chicken Salad
OD10839,CUST2082,REST_06,2026-04-30 10:54:16,18.0,Delivered,5.0,240,Chicken Nuggets (9 pcs)
OD10840,CUST2498,REST_08,2026-04-29 17:45:31,26.0,Delivered,4.0,190,Red Velvet Pastry
OD10841,CUST2923,REST_05,2026-05-01 18:01:14,35.0,Delivered,4.0,170,Garlic Bread with Cheese
OD10842,CUST3299,REST_05,2026-05-22 20:09:38,44.0,Delivered,3.0,460,Farmhouse Veg Pizza
OD10843,CUST2304,REST_10,2026-05-25 12:22:41,43.0,Delivered,3.0,360,Chicken Seekh Kebab
OD10844,CUST3328,REST_03,2026-04-27 20:04:21,46.0,Delivered,2.0,410,Chicken Tikka Biryani
OD10845,CUST2245,REST_04,2026-05-24 21:50:33,53.0,Delivered,4.0,250,Schezwan Noodles
OD10846,CUST3040,REST_02,2026-04-28 17:33:15,,Cancelled,,170,Rava Kesari & Dosa Combo
OD10847,CUST3413,REST_04,2026-05-16 13:17:05,58.0,Delivered,2.0,340,Chicken Fried Rice & Manchurian
OD10848,CUST2500,REST_10,2026-05-22 07:50:40,28.0,Delivered,4.0,380,Butter Chicken Combo Meal
OD10849,CUST3111,REST_10,2026-05-15 16:57:07,31.0,Delivered,4.0,320,Paneer Tikka
OD10850,CUST2002,REST_05,2026-05-07 18:32:18,26.0,Delivered,5.0,470,Farmhouse Veg Pizza
OD10851,CUST3150,REST_09,2026-05-02 18:20:57,,Cancelled,,190,Hot Chocolate
OD10852,CUST2367,REST_02,2026-05-11 14:43:34,43.0,Delivered,3.0,150,Onion Uttapam
OD10853,CUST2626,REST_06,2026-05-03 19:09:20,57.0,Delivered,1.0,260,Loaded Nachos
OD10854,CUST2667,REST_09,2026-05-05 13:16:30,27.0,Delivered,4.0,240,Paneer Tikka Sandwich
OD10855,CUST2646,REST_08,2026-04-27 20:25:03,67.0,Delivered,1.0,150,Gulab Jamun (4 pcs)
OD10856,CUST3443,REST_04,2026-05-08 06:27:50,39.0,Delivered,4.0,330,Chicken Fried Rice & Manchurian
OD10857,CUST2562,REST_02,2026-05-20 19:02:49,51.0,Delivered,1.0,160,Masala Dosa with Sambar
OD10858,CUST2769,REST_01,2026-05-08 17:18:07,30.0,Delivered,4.0,390,Butter Chicken & Naan
OD10859,CUST2311,REST_03,2026-05-11 13:36:34,33.0,Delivered,5.0,390,Chicken Tikka Biryani
OD10860,CUST3433,REST_06,2026-05-03 12:29:14,38.0,Delivered,4.0,410,Spicy Paneer Wrap
OD10861,CUST2288,REST_02,2026-05-23 18:58:32,68.0,Delivered,1.0,180,Onion Uttapam
OD10862,CUST3104,REST_08,2026-05-15 09:35:49,23.0,Delivered,5.0,120,Gulab Jamun (4 pcs)
OD10863,CUST2391,REST_02,2026-05-25 23:09:41,22.0,Delivered,5.0,310,Onion Uttapam
OD10864,CUST3419,REST_07,2026-05-23 15:00:14,37.0,Delivered,4.0,280,Caesar Salad
OD10865,CUST3091,REST_08,2026-05-19 21:09:12,34.0,Delivered,4.0,190,Red Velvet Pastry
OD10866,CUST2261,REST_09,2026-05-26 13:13:12,31.0,Delivered,3.0,550,Hot Chocolate
OD10867,CUST2056,REST_03,2026-05-24 20:47:13,57.0,Delivered,1.0,310,Egg Biryani
OD10868,CUST2256,REST_02,2026-05-03 11:31:47,37.0,Delivered,2.0,120,Idli Vada Combo
OD10869,CUST2737,REST_08,2026-05-09 20:25:54,44.0,Delivered,2.0,150,Gulab Jamun (4 pcs)
OD10870,CUST2470,REST_02,2026-05-05 20:57:20,,Cancelled,,280,Onion Uttapam
OD10871,CUST2364,REST_10,2026-05-12 20:03:38,57.0,Delivered,1.0,340,Chicken Seekh Kebab
OD10872,CUST2859,REST_03,2026-05-22 20:23:56,44.0,Delivered,2.0,930,Mutton Biryani
OD10873,CUST3274,REST_06,2026-05-12 07:55:09,26.0,Delivered,4.0,280,Classic Cheese Burger & Fries
OD10874,CUST2348,REST_03,2026-04-29 10:30:29,25.0,Delivered,4.0,360,Chicken Dum Biryani
OD10875,CUST2002,REST_05,2026-05-18 19:39:42,47.0,Delivered,3.0,460,Farmhouse Veg Pizza
OD10876,CUST2293,REST_04,2026-05-16 10:14:16,33.0,Delivered,2.0,270,Veg Hakka Noodles
OD10877,CUST3210,REST_09,2026-05-01 14:23:42,45.0,Delivered,2.0,190,Classic Cold Coffee
OD10878,CUST2030,REST_03,2026-05-07 05:30:30,39.0,Delivered,2.0,690,Chicken Dum Biryani
OD10879,CUST2926,REST_04,2026-05-05 20:32:59,42.0,Delivered,1.0,330,Chilli Chicken Gravy
OD10880,CUST2935,REST_02,2026-05-08 16:01:34,34.0,Delivered,5.0,190,Rava Kesari & Dosa Combo
OD10881,CUST2606,REST_03,2026-04-29 22:32:11,42.0,Delivered,3.0,330,Veg Hyderabadi Biryani
OD10882,CUST2407,REST_06,2026-05-13 18:51:34,23.0,Delivered,3.0,250,Loaded Nachos
OD10883,CUST2767,REST_03,2026-05-21 20:34:39,47.0,Delivered,1.0,360,Chicken Dum Biryani
OD10884,CUST2799,REST_09,2026-05-20 22:00:04,42.0,Delivered,1.0,430,Paneer Tikka Sandwich
OD10885,CUST3217,REST_02,2026-05-23 12:51:15,55.0,Delivered,3.0,150,Masala Dosa with Sambar
OD10886,CUST2145,REST_04,2026-05-20 19:43:09,54.0,Delivered,3.0,280,Schezwan Noodles
OD10887,CUST2241,REST_09,2026-05-11 13:07:34,34.0,Delivered,3.0,220,Hot Chocolate
OD10888,CUST2782,REST_05,2026-05-25 20:55:50,34.0,Delivered,5.0,430,Margherita Pizza 10-inch
OD10889,CUST3236,REST_10,2026-05-10 16:40:06,40.0,Delivered,4.0,380,Malai Kofta & Lachha Paratha
OD10890,CUST2860,REST_05,2026-05-12 13:31:14,55.0,Delivered,2.0,330,Veg Arrabiata Penne Pasta
OD10891,CUST3149,REST_10,2026-04-30 19:50:41,53.0,Delivered,3.0,410,Butter Chicken Combo Meal
OD10892,CUST3378,REST_10,2026-05-22 17:29:36,37.0,Delivered,5.0,380,Tandoori Roti Combo
OD10893,CUST2371,REST_01,2026-05-20 17:57:16,26.0,Delivered,2.0,330,Dal Makhani with Jeera Rice
OD10894,CUST2914,REST_01,2026-05-02 12:49:55,57.0,Delivered,1.0,320,Dal Makhani with Jeera Rice
OD10895,CUST2721,REST_10,2026-05-06 10:46:05,27.0,Delivered,5.0,390,Butter Chicken Combo Meal
OD10896,CUST2415,REST_05,2026-05-21 12:10:20,40.0,Delivered,4.0,470,Farmhouse Veg Pizza
OD10897,CUST2607,REST_09,2026-04-29 20:58:56,39.0,Delivered,4.0,170,Classic Cold Coffee
OD10898,CUST2213,REST_05,2026-05-04 17:02:15,19.0,Delivered,5.0,170,Garlic Bread with Cheese
OD10899,CUST2449,REST_04,2026-05-06 13:01:54,32.0,Delivered,3.0,320,Chicken Fried Rice & Manchurian
OD10900,CUST2819,REST_10,2026-05-05 16:23:57,32.0,Delivered,2.0,220,Tandoori Roti Combo
OD10901,CUST2659,REST_04,2026-05-22 23:45:30,,Cancelled,,180,Veg Spring Rolls (6 pcs)
OD10902,CUST2467,REST_06,2026-05-15 21:29:39,56.0,Delivered,2.0,470,Loaded Nachos
OD10903,CUST2919,REST_09,2026-05-01 08:22:04,25.0,Delivered,4.0,470,Club Sandwich
OD10904,CUST2274,REST_07,2026-05-18 13:14:36,51.0,Delivered,1.0,360,Quinoa Avocado Salad
OD10905,CUST3459,REST_06,2026-05-13 16:10:46,40.0,Delivered,2.0,240,Loaded Nachos
OD10906,CUST2061,REST_08,2026-05-15 20:43:24,63.0,Delivered,2.0,160,Chocolate Lava Cake
OD10907,CUST2728,REST_03,2026-05-05 15:14:22,29.0,Delivered,4.0,570,Egg Biryani
OD10908,CUST3242,REST_01,2026-04-27 22:33:00,37.0,Delivered,3.0,350,Kadhai Paneer with Roti
OD10909,CUST2768,REST_02,2026-05-03 22:06:55,58.0,Delivered,1.0,150,Idli Vada Combo
OD10910,CUST3040,REST_03,2026-05-25 22:07:51,31.0,Delivered,4.0,280,Egg Biryani
OD10911,CUST2205,REST_08,2026-05-26 20:53:24,45.0,Delivered,3.0,190,Red Velvet Pastry
OD10912,CUST2491,REST_08,2026-05-26 23:30:51,17.0,Delivered,5.0,170,Red Velvet Pastry
OD10913,CUST3154,REST_10,2026-05-01 17:12:18,34.0,Delivered,5.0,390,Butter Chicken Combo Meal
OD10914,CUST2659,REST_09,2026-05-22 20:49:43,56.0,Delivered,1.0,230,Paneer Tikka Sandwich
OD10915,CUST3170,REST_09,2026-04-28 22:24:12,54.0,Delivered,2.0,180,Iced Latte
OD10916,CUST2366,REST_09,2026-04-30 17:11:57,28.0,Delivered,5.0,190,Hot Chocolate
OD10917,CUST3170,REST_10,2026-05-19 11:18:00,53.0,Delivered,3.0,360,Chicken Seekh Kebab
OD10918,CUST2799,REST_04,2026-05-01 19:39:42,50.0,Delivered,1.0,510,Schezwan Noodles
OD10919,CUST2559,REST_07,2026-05-23 21:52:49,45.0,Delivered,2.0,290,Caesar Salad
OD10920,CUST3358,REST_04,2026-05-22 18:11:34,55.0,Delivered,2.0,240,Veg Hakka Noodles
OD10921,CUST2816,REST_05,2026-04-30 15:56:56,39.0,Delivered,5.0,190,Garlic Bread with Cheese
OD10922,CUST2074,REST_08,2026-05-09 12:48:44,53.0,Delivered,3.0,210,Sizzling Brownie
OD10923,CUST3358,REST_09,2026-04-27 22:21:55,37.0,Delivered,4.0,200,Iced Latte
OD10924,CUST2779,REST_03,2026-05-03 14:46:28,34.0,Delivered,5.0,310,Veg Hyderabadi Biryani
OD10925,CUST2117,REST_02,2026-05-02 20:20:23,44.0,Delivered,4.0,140,Masala Dosa with Sambar
OD10926,CUST2794,REST_10,2026-04-29 06:52:58,25.0,Delivered,4.0,640,Chicken Seekh Kebab
OD10927,CUST2921,REST_04,2026-05-17 17:58:57,,Cancelled,,320,Chilli Chicken Gravy
OD10928,CUST2738,REST_04,2026-05-09 23:56:10,,Cancelled,,320,Chicken Fried Rice & Manchurian
OD10929,CUST2885,REST_05,2026-05-14 21:25:08,63.0,Delivered,1.0,410,Chicken Alfredo Pasta
OD10930,CUST2910,REST_07,2026-05-01 20:13:15,77.0,Delivered,1.0,270,Greek Salad
OD10931,CUST2745,REST_08,2026-05-06 12:09:30,44.0,Delivered,2.0,310,Kulfi Falooda
OD10932,CUST2845,REST_01,2026-05-26 18:11:28,18.0,Delivered,5.0,350,Paneer Butter Masala Meal
OD10933,CUST3394,REST_10,2026-05-07 18:55:47,23.0,Delivered,4.0,310,Paneer Tikka
OD10934,CUST3087,REST_01,2026-05-26 21:03:21,44.0,Delivered,1.0,370,Butter Chicken & Naan
OD10935,CUST2136,REST_06,2026-05-19 12:19:06,32.0,Delivered,3.0,490,Loaded Nachos
OD10936,CUST2325,REST_09,2026-05-25 13:07:42,25.0,Delivered,4.0,190,Classic Cold Coffee
OD10937,CUST2977,REST_03,2026-05-15 19:28:57,64.0,Delivered,1.0,370,Chicken Dum Biryani
OD10938,CUST2142,REST_03,2026-04-30 23:50:42,28.0,Delivered,4.0,500,Mutton Biryani
OD10939,CUST2727,REST_10,2026-05-08 21:12:32,,Cancelled,,230,Tandoori Roti Combo
OD10940,CUST3003,REST_06,2026-05-05 17:27:21,46.0,Delivered,2.0,240,Crispy Chicken Burger
OD10941,CUST2165,REST_06,2026-04-27 13:12:57,29.0,Delivered,5.0,240,Loaded Nachos
OD10942,CUST2688,REST_06,2026-05-07 11:22:46,17.0,Delivered,5.0,490,Loaded Nachos
OD10943,CUST3376,REST_02,2026-05-01 21:06:15,41.0,Delivered,3.0,320,Rava Kesari & Dosa Combo
OD10944,CUST2155,REST_01,2026-05-16 08:37:40,41.0,Delivered,4.0,390,Butter Chicken & Naan
OD10945,CUST2116,REST_03,2026-05-19 22:00:27,39.0,Delivered,4.0,920,Mutton Biryani
OD10946,CUST2975,REST_04,2026-05-20 20:55:55,37.0,Delivered,5.0,310,Chilli Chicken Gravy
OD10947,CUST2540,REST_03,2026-05-19 20:12:11,41.0,Delivered,2.0,390,Chicken Tikka Biryani
OD10948,CUST3232,REST_07,2026-05-23 14:15:33,49.0,Delivered,4.0,210,Fresh Fruit Bowl
OD10949,CUST3012,REST_06,2026-05-21 21:28:00,45.0,Delivered,2.0,290,Classic Cheese Burger & Fries
OD10950,CUST3166,REST_05,2026-05-06 20:20:34,53.0,Delivered,3.0,360,Veg Arrabiata Penne Pasta
OD10951,CUST2946,REST_06,2026-05-01 20:24:26,73.0,Delivered,1.0,240,Chicken Nuggets (9 pcs)
OD10952,CUST2749,REST_01,2026-05-02 12:01:25,38.0,Delivered,4.0,410,Tandoori Chicken Half
OD10953,CUST3126,REST_05,2026-05-24 12:42:03,50.0,Delivered,4.0,410,Chicken Alfredo Pasta
OD10954,CUST3013,REST_04,2026-05-07 19:43:39,42.0,Delivered,3.0,320,Chilli Chicken Gravy
OD10955,CUST2765,REST_03,2026-05-11 14:15:13,40.0,Delivered,3.0,330,Veg Hyderabadi Biryani
OD10956,CUST2575,REST_09,2026-05-25 11:20:50,33.0,Delivered,3.0,210,Hot Chocolate
OD10957,CUST3001,REST_10,2026-04-30 14:09:39,49.0,Delivered,1.0,400,Tandoori Roti Combo
OD10958,CUST2545,REST_02,2026-05-05 20:23:54,33.0,Delivered,5.0,160,Onion Uttapam
OD10959,CUST2989,REST_09,2026-05-07 19:34:12,51.0,Delivered,4.0,200,Iced Latte
OD10960,CUST3073,REST_09,2026-05-23 21:19:16,47.0,Delivered,2.0,220,Hot Chocolate
OD10961,CUST2755,REST_08,2026-05-16 17:20:06,28.0,Delivered,4.0,200,Red Velvet Pastry
OD10962,CUST3202,REST_03,2026-05-07 19:23:09,53.0,Delivered,3.0,860,Veg Hyderabadi Biryani
OD10963,CUST2811,REST_03,2026-05-07 19:36:02,40.0,Delivered,3.0,300,Veg Hyderabadi Biryani
OD10964,CUST2311,REST_02,2026-05-08 22:21:05,57.0,Delivered,2.0,140,Filter Coffee & Upma
OD10965,CUST3315,REST_07,2026-05-11 12:48:58,24.0,Delivered,5.0,340,Quinoa Avocado Salad
OD10966,CUST3317,REST_04,2026-05-01 22:08:32,67.0,Delivered,1.0,310,Chilli Chicken Gravy
OD10967,CUST2049,REST_07,2026-05-03 13:31:00,44.0,Delivered,3.0,210,Fresh Fruit Bowl
OD10968,CUST3286,REST_10,2026-05-02 21:48:38,39.0,Delivered,4.0,370,Malai Kofta & Lachha Paratha
OD10969,CUST2060,REST_08,2026-04-30 07:51:06,37.0,Delivered,4.0,440,Kulfi Falooda
OD10970,CUST3381,REST_04,2026-05-17 19:36:56,39.0,Delivered,3.0,360,Veg Spring Rolls (6 pcs)
OD10971,CUST2423,REST_08,2026-05-16 20:58:31,,Cancelled,,230,Sizzling Brownie
OD10972,CUST2585,REST_04,2026-05-16 07:00:17,36.0,Delivered,2.0,240,Veg Hakka Noodles
OD10973,CUST2110,REST_06,2026-05-08 08:26:41,40.0,Delivered,5.0,260,Crispy Chicken Burger
OD10974,CUST2936,REST_04,2026-05-26 18:00:07,19.0,Delivered,4.0,460,Veg Hakka Noodles
OD10975,CUST3142,REST_05,2026-05-19 12:04:25,34.0,Delivered,4.0,360,Veg Arrabiata Penne Pasta
OD10976,CUST2028,REST_10,2026-05-20 18:51:17,39.0,Delivered,5.0,350,Chicken Seekh Kebab
OD10977,CUST2918,REST_01,2026-05-19 18:14:45,20.0,Delivered,5.0,750,Butter Chicken & Naan
OD10978,CUST3116,REST_03,2026-05-14 11:47:40,22.0,Delivered,5.0,320,Veg Hyderabadi Biryani
OD10979,CUST2599,REST_03,2026-05-10 09:16:56,31.0,Delivered,4.0,310,Egg Biryani
OD10980,CUST2337,REST_01,2026-05-14 19:47:10,48.0,Delivered,3.0,310,Dal Makhani with Jeera Rice
OD10981,CUST3027,REST_09,2026-05-14 20:10:47,60.0,Delivered,1.0,230,Club Sandwich
OD10982,CUST3124,REST_07,2026-05-08 20:44:48,62.0,Delivered,1.0,230,Fresh Fruit Bowl
OD10983,CUST3467,REST_01,2026-04-29 20:19:15,49.0,Delivered,4.0,360,Kadhai Paneer with Roti
OD10984,CUST2049,REST_01,2026-05-21 20:04:16,38.0,Delivered,5.0,380,Butter Chicken & Naan
OD10985,CUST2615,REST_06,2026-05-15 21:40:39,44.0,Delivered,4.0,230,Chicken Nuggets (9 pcs)
OD10986,CUST2970,REST_07,2026-05-16 21:43:31,38.0,Delivered,4.0,230,Fresh Fruit Bowl
OD10987,CUST2503,REST_02,2026-05-12 07:19:35,24.0,Delivered,5.0,170,Onion Uttapam
OD10988,CUST3216,REST_01,2026-05-19 19:51:59,37.0,Delivered,4.0,340,Kadhai Paneer with Roti
OD10989,CUST2601,REST_03,2026-05-18 12:53:04,46.0,Delivered,2.0,370,Chicken Dum Biryani
OD10990,CUST2362,REST_07,2026-05-18 19:31:14,29.0,Delivered,5.0,270,Caesar Salad
OD10991,CUST3153,REST_01,2026-05-13 21:23:40,37.0,Delivered,4.0,430,Tandoori Chicken Half
OD10992,CUST2138,REST_02,2026-05-13 21:58:59,30.0,Delivered,5.0,160,Masala Dosa with Sambar
OD10993,CUST2914,REST_09,2026-05-22 20:37:26,39.0,Delivered,5.0,220,Hot Chocolate
OD10994,CUST2801,REST_01,2026-05-18 13:33:00,34.0,Delivered,3.0,300,Dal Makhani with Jeera Rice
OD10995,CUST3360,REST_08,2026-05-14 19:34:54,48.0,Delivered,4.0,200,Sizzling Brownie
OD10996,CUST2979,REST_09,2026-05-10 21:23:14,38.0,Delivered,4.0,240,Club Sandwich
OD10997,CUST2395,REST_06,2026-05-01 18:50:32,37.0,Delivered,4.0,220,Chicken Nuggets (9 pcs)
OD10998,CUST2154,REST_07,2026-05-19 21:09:49,37.0,Delivered,4.0,200,Fresh Fruit Bowl
OD10999,CUST2622,REST_09,2026-05-12 18:24:48,21.0,Delivered,5.0,190,Classic Cold Coffee
OD11000,CUST3092,REST_09,2026-05-26 13:18:38,43.0,Delivered,3.0,190,Classic Cold Coffee
OD11001,CUST2393,REST_06,2026-05-10 20:12:49,50.0,Delivered,3.0,260,Loaded Nachos
OD11002,CUST3133,REST_06,2026-05-20 21:40:15,75.0,Delivered,2.0,240,Crispy Chicken Burger
OD11003,CUST3018,REST_06,2026-05-11 19:09:16,42.0,Delivered,1.0,250,Crispy Chicken Burger
OD11004,CUST2137,REST_04,2026-05-14 19:17:32,58.0,Delivered,1.0,510,Schezwan Noodles
OD11005,CUST3220,REST_02,2026-05-02 11:48:51,32.0,Delivered,4.0,170,Onion Uttapam
OD11006,CUST2261,REST_02,2026-05-07 22:46:17,31.0,Delivered,4.0,150,Onion Uttapam
OD11007,CUST3132,REST_06,2026-05-02 21:52:24,57.0,Delivered,1.0,250,Crispy Chicken Burger
OD11008,CUST2996,REST_02,2026-05-11 19:57:11,39.0,Delivered,5.0,170,Masala Dosa with Sambar
OD11009,CUST3229,REST_07,2026-05-10 20:28:09,55.0,Delivered,3.0,250,Greek Salad
OD11010,CUST3007,REST_07,2026-05-16 15:28:38,29.0,Delivered,4.0,200,Fresh Fruit Bowl
OD11011,CUST2345,REST_07,2026-05-04 20:57:14,39.0,Delivered,4.0,360,Quinoa Avocado Salad
OD11012,CUST3429,REST_02,2026-05-08 14:01:31,46.0,Delivered,3.0,150,Onion Uttapam
OD11013,CUST2751,REST_05,2026-05-17 18:33:51,40.0,Delivered,5.0,450,Farmhouse Veg Pizza
OD11014,CUST2326,REST_02,2026-05-13 22:28:09,43.0,Delivered,1.0,130,Filter Coffee & Upma
OD11015,CUST2839,REST_05,2026-05-16 07:41:50,45.0,Delivered,1.0,390,Chicken Alfredo Pasta
OD11016,CUST2036,REST_04,2026-05-05 21:11:34,51.0,Delivered,2.0,180,Veg Spring Rolls (6 pcs)
OD11017,CUST3093,REST_03,2026-05-21 13:52:01,27.0,Delivered,5.0,490,Mutton Biryani
OD11018,CUST2496,REST_10,2026-05-11 12:07:45,46.0,Delivered,3.0,370,Malai Kofta & Lachha Paratha
OD11019,CUST2589,REST_08,2026-05-20 15:33:29,37.0,Delivered,4.0,180,Kulfi Falooda
OD11020,CUST3073,REST_07,2026-04-28 12:38:23,36.0,Delivered,5.0,370,Quinoa Avocado Salad
OD11021,CUST2645,REST_08,2026-05-17 20:28:55,54.0,Delivered,4.0,180,Red Velvet Pastry
OD11022,CUST2900,REST_05,2026-05-03 17:26:03,40.0,Delivered,5.0,470,Farmhouse Veg Pizza
OD11023,CUST2792,REST_07,2026-05-14 18:59:55,20.0,Delivered,5.0,280,Caesar Salad
OD11024,CUST2340,REST_01,2026-05-13 12:33:23,39.0,Delivered,4.0,390,Butter Chicken & Naan
OD11025,CUST2669,REST_05,2026-05-21 18:48:32,27.0,Delivered,4.0,330,Veg Arrabiata Penne Pasta
OD11026,CUST2138,REST_03,2026-05-17 13:09:48,62.0,Delivered,2.0,310,Egg Biryani
OD11027,CUST2025,REST_03,2026-05-23 21:27:35,36.0,Delivered,5.0,480,Mutton Biryani
OD11028,CUST2136,REST_04,2026-05-12 11:42:29,59.0,Delivered,1.0,590,Chilli Chicken Gravy
OD11029,CUST3182,REST_09,2026-05-07 18:42:43,35.0,Delivered,5.0,340,Classic Cold Coffee
OD11030,CUST2889,REST_08,2026-05-20 23:03:37,19.0,Delivered,5.0,140,Gulab Jamun (4 pcs)
OD11031,CUST2510,REST_08,2026-05-09 16:21:19,40.0,Delivered,4.0,340,Red Velvet Pastry
OD11032,CUST2117,REST_07,2026-04-27 14:23:07,44.0,Delivered,3.0,490,Greek Salad
OD11033,CUST2831,REST_07,2026-05-16 14:24:54,30.0,Delivered,4.0,350,Quinoa Avocado Salad
OD11034,CUST3429,REST_03,2026-05-06 23:23:43,31.0,Delivered,5.0,360,Chicken Dum Biryani
OD11035,CUST2677,REST_02,2026-05-16 00:59:12,,Cancelled,,380,Masala Dosa with Sambar
OD11036,CUST2221,REST_05,2026-05-06 11:29:38,28.0,Delivered,4.0,170,Garlic Bread with Cheese
OD11037,CUST3243,REST_04,2026-05-19 18:28:22,28.0,Delivered,4.0,270,Schezwan Noodles
OD11038,CUST2634,REST_06,2026-04-28 08:37:56,39.0,Delivered,5.0,240,Crispy Chicken Burger
OD11039,CUST2151,REST_05,2026-05-10 15:59:41,26.0,Delivered,4.0,340,Veg Arrabiata Penne Pasta
OD11040,CUST2393,REST_06,2026-05-23 18:42:25,39.0,Delivered,4.0,280,Classic Cheese Burger & Fries
OD11041,CUST2645,REST_10,2026-05-10 09:56:21,,Cancelled,,310,Paneer Tikka
OD11042,CUST2492,REST_09,2026-05-20 12:02:49,38.0,Delivered,4.0,190,Classic Cold Coffee
OD11043,CUST2215,REST_08,2026-05-18 21:47:32,57.0,Delivered,1.0,160,Kulfi Falooda
OD11044,CUST2403,REST_07,2026-05-21 17:18:21,24.0,Delivered,4.0,280,Caesar Salad
OD11045,CUST2855,REST_08,2026-05-04 17:19:57,35.0,Delivered,5.0,170,Kulfi Falooda
OD11046,CUST2009,REST_09,2026-04-27 16:04:51,36.0,Delivered,3.0,210,Iced Latte
OD11047,CUST3028,REST_05,2026-05-03 19:35:18,,Cancelled,,200,Garlic Bread with Cheese
OD11048,CUST3149,REST_06,2026-05-10 08:41:15,31.0,Delivered,4.0,240,Crispy Chicken Burger
OD11049,CUST3347,REST_05,2026-05-02 14:48:59,53.0,Delivered,1.0,360,Veg Arrabiata Penne Pasta
OD11050,CUST2491,REST_02,2026-05-07 11:49:53,16.0,Delivered,5.0,470,Rava Kesari & Dosa Combo
OD11051,CUST2730,REST_02,2026-05-05 20:58:58,34.0,Delivered,4.0,180,Rava Kesari & Dosa Combo
OD11052,CUST3096,REST_04,2026-05-24 15:48:27,39.0,Delivered,5.0,880,Chilli Chicken Gravy
OD11053,CUST2991,REST_10,2026-05-26 21:31:35,42.0,Delivered,1.0,960,Chicken Seekh Kebab
OD11054,CUST2928,REST_04,2026-05-26 14:21:26,,Cancelled,,240,Veg Hakka Noodles
OD11055,CUST2175,REST_03,2026-05-12 18:35:46,37.0,Delivered,4.0,350,Chicken Dum Biryani
OD11056,CUST2650,REST_04,2026-05-24 10:19:42,50.0,Delivered,3.0,280,Schezwan Noodles
OD11057,CUST2153,REST_09,2026-05-10 06:18:20,32.0,Delivered,4.0,210,Hot Chocolate
OD11058,CUST2743,REST_02,2026-04-30 12:13:37,29.0,Delivered,4.0,400,Masala Dosa with Sambar
OD11059,CUST2164,REST_09,2026-05-18 13:57:25,30.0,Delivered,5.0,340,Classic Cold Coffee
OD11060,CUST2281,REST_02,2026-05-12 07:51:23,18.0,Delivered,5.0,260,Masala Dosa with Sambar
OD11061,CUST2508,REST_02,2026-04-27 18:46:45,37.0,Delivered,3.0,170,Rava Kesari & Dosa Combo
OD11062,CUST2489,REST_07,2026-05-20 20:12:31,50.0,Delivered,3.0,280,Caesar Salad
OD11063,CUST2600,REST_06,2026-05-06 13:39:54,36.0,Delivered,4.0,260,Crispy Chicken Burger
OD11064,CUST2831,REST_10,2026-05-23 19:07:42,85.0,Delivered,1.0,310,Paneer Tikka
OD11065,CUST2148,REST_07,2026-05-15 00:13:45,,Cancelled,,1000,Quinoa Avocado Salad
OD11066,CUST2847,REST_02,2026-05-17 20:55:23,65.0,Delivered,1.0,180,Rava Kesari & Dosa Combo
OD11067,CUST2299,REST_04,2026-05-05 17:16:00,19.0,Delivered,4.0,310,Chilli Chicken Gravy
OD11068,CUST2940,REST_09,2026-05-01 13:11:27,46.0,Delivered,2.0,190,Hot Chocolate
OD11069,CUST2412,REST_05,2026-05-04 17:08:01,30.0,Delivered,2.0,1300,Farmhouse Veg Pizza
OD11070,CUST3044,REST_03,2026-05-19 10:55:42,19.0,Delivered,5.0,370,Chicken Dum Biryani
OD11071,CUST2495,REST_05,2026-05-13 00:01:20,23.0,Delivered,5.0,650,Veg Arrabiata Penne Pasta
OD11072,CUST2628,REST_07,2026-05-17 15:53:38,40.0,Delivered,3.0,330,High-Protein Chicken Salad
OD11073,CUST2094,REST_06,2026-05-12 13:35:01,37.0,Delivered,3.0,210,Spicy Paneer Wrap
OD11074,CUST2957,REST_07,2026-05-14 17:08:14,28.0,Delivered,5.0,560,Fresh Fruit Bowl
OD11075,CUST2838,REST_02,2026-04-29 14:15:39,48.0,Delivered,2.0,200,Rava Kesari & Dosa Combo
OD11076,CUST2494,REST_01,2026-05-19 20:59:53,55.0,Delivered,4.0,410,Tandoori Chicken Half
OD11077,CUST3194,REST_04,2026-05-26 14:28:35,57.0,Delivered,1.0,210,Veg Spring Rolls (6 pcs)
OD11078,CUST2564,REST_04,2026-05-20 12:52:13,47.0,Delivered,3.0,610,Chicken Fried Rice & Manchurian
OD11079,CUST2276,REST_01,2026-05-21 21:19:53,50.0,Delivered,3.0,380,Butter Chicken & Naan
OD11080,CUST2016,REST_03,2026-05-25 16:05:48,16.0,Delivered,5.0,310,Veg Hyderabadi Biryani
OD11081,CUST3433,REST_03,2026-05-02 21:38:34,62.0,Delivered,1.0,320,Veg Hyderabadi Biryani
OD11082,CUST2042,REST_04,2026-05-24 19:50:44,44.0,Delivered,3.0,330,Chilli Chicken Gravy
OD11083,CUST3190,REST_03,2026-05-04 21:32:54,47.0,Delivered,2.0,360,Chicken Dum Biryani
OD11084,CUST2532,REST_05,2026-05-12 21:13:08,53.0,Delivered,2.0,340,Veg Arrabiata Penne Pasta
OD11085,CUST2865,REST_09,2026-05-18 13:54:21,40.0,Delivered,4.0,250,Club Sandwich
OD11086,CUST2050,REST_01,2026-05-03 18:51:06,33.0,Delivered,4.0,370,Butter Chicken & Naan
OD11087,CUST2053,REST_03,2026-05-13 19:48:18,38.0,Delivered,4.0,300,Veg Hyderabadi Biryani
OD11088,CUST3106,REST_08,2026-05-23 20:32:39,43.0,Delivered,3.0,120,Gulab Jamun (4 pcs)
OD11089,CUST3228,REST_01,2026-05-17 14:23:46,38.0,Delivered,5.0,380,Butter Chicken & Naan
OD11090,CUST2552,REST_09,2026-05-08 13:10:50,37.0,Delivered,5.0,520,Iced Latte
OD11091,CUST3234,REST_10,2026-04-27 20:49:40,29.0,Delivered,5.0,400,Butter Chicken Combo Meal
OD11092,CUST2803,REST_05,2026-05-20 13:54:41,49.0,Delivered,3.0,170,Garlic Bread with Cheese
OD11093,CUST2775,REST_04,2026-05-01 20:09:44,52.0,Delivered,2.0,210,Veg Spring Rolls (6 pcs)
OD11094,CUST3497,REST_05,2026-05-10 20:08:23,44.0,Delivered,1.0,440,Farmhouse Veg Pizza
OD11095,CUST2598,REST_07,2026-05-24 21:11:25,70.0,Delivered,2.0,360,Quinoa Avocado Salad
OD11096,CUST3494,REST_01,2026-05-05 21:32:36,31.0,Delivered,4.0,390,Butter Chicken & Naan
OD11097,CUST3063,REST_03,2026-05-23 20:43:44,83.0,Delivered,1.0,310,Veg Hyderabadi Biryani
OD11098,CUST2443,REST_04,2026-05-25 20:25:46,56.0,Delivered,1.0,270,Schezwan Noodles
OD11099,CUST3078,REST_08,2026-04-29 19:12:31,60.0,Delivered,1.0,170,Chocolate Lava Cake
OD11100,CUST2072,REST_02,2026-05-07 23:06:29,32.0,Delivered,4.0,290,Masala Dosa with Sambar
OD11101,CUST2022,REST_03,2026-05-07 20:07:35,36.0,Delivered,4.0,920,Mutton Biryani
OD11102,CUST3305,REST_08,2026-05-26 16:00:56,,Cancelled,,120,Gulab Jamun (4 pcs)
OD11103,CUST3249,REST_06,2026-04-29 21:55:33,37.0,Delivered,4.0,440,Crispy Chicken Burger
OD11104,CUST2703,REST_01,2026-05-23 20:13:38,46.0,Delivered,3.0,360,Kadhai Paneer with Roti
OD11105,CUST2523,REST_01,2026-04-28 21:40:01,52.0,Delivered,1.0,330,Dal Makhani with Jeera Rice
OD11106,CUST2095,REST_09,2026-05-24 06:02:12,26.0,Delivered,3.0,240,Club Sandwich
OD11107,CUST2056,REST_07,2026-05-20 12:11:49,46.0,Delivered,3.0,340,Quinoa Avocado Salad
OD11108,CUST2376,REST_07,2026-05-14 19:09:39,61.0,Delivered,1.0,230,Fresh Fruit Bowl
OD11109,CUST2496,REST_05,2026-05-07 13:30:55,27.0,Delivered,4.0,200,Garlic Bread with Cheese
OD11110,CUST2255,REST_01,2026-04-27 19:03:32,54.0,Delivered,3.0,400,Butter Chicken & Naan
OD11111,CUST2033,REST_08,2026-05-16 20:39:40,67.0,Delivered,1.0,130,Gulab Jamun (4 pcs)
OD11112,CUST3315,REST_10,2026-05-13 13:34:50,41.0,Delivered,2.0,410,Butter Chicken Combo Meal
OD11113,CUST2044,REST_09,2026-05-25 12:11:53,,Cancelled,,200,Hot Chocolate
OD11114,CUST2881,REST_07,2026-05-19 06:35:30,26.0,Delivered,4.0,200,Fresh Fruit Bowl
OD11115,CUST3315,REST_08,2026-05-20 13:38:14,49.0,Delivered,1.0,190,Red Velvet Pastry
OD11116,CUST2284,REST_09,2026-05-25 14:26:56,44.0,Delivered,2.0,460,Club Sandwich
OD11117,CUST2832,REST_10,2026-05-05 09:35:24,24.0,Delivered,4.0,360,Malai Kofta & Lachha Paratha
OD11118,CUST2031,REST_09,2026-05-18 21:49:12,42.0,Delivered,3.0,400,Paneer Tikka Sandwich
OD11119,CUST2817,REST_09,2026-05-05 19:02:54,37.0,Delivered,4.0,200,Iced Latte
OD11120,CUST2890,REST_10,2026-04-28 11:48:24,22.0,Delivered,4.0,410,Tandoori Roti Combo
OD11121,CUST2053,REST_01,2026-05-05 08:40:38,22.0,Delivered,5.0,370,Butter Chicken & Naan
OD11122,CUST3290,REST_09,2026-05-17 11:46:23,36.0,Delivered,4.0,370,Iced Latte
OD11123,CUST3227,REST_05,2026-05-20 15:55:26,17.0,Delivered,5.0,470,Farmhouse Veg Pizza
OD11124,CUST3008,REST_08,2026-05-26 19:49:49,38.0,Delivered,5.0,390,Sizzling Brownie
OD11125,CUST2407,REST_04,2026-05-07 14:59:10,,Cancelled,,310,Chilli Chicken Gravy
OD11126,CUST2223,REST_08,2026-05-24 23:58:10,31.0,Delivered,5.0,310,Kulfi Falooda
OD11127,CUST2488,REST_09,2026-05-08 14:12:13,44.0,Delivered,4.0,220,Hot Chocolate
OD11128,CUST3186,REST_06,2026-04-28 22:06:27,28.0,Delivered,4.0,290,Classic Cheese Burger & Fries
OD11129,CUST2816,REST_08,2026-05-20 20:42:32,34.0,Delivered,4.0,160,Kulfi Falooda
OD11130,CUST3207,REST_09,2026-05-26 22:10:36,67.0,Delivered,1.0,190,Iced Latte
OD11131,CUST2479,REST_07,2026-05-24 18:34:43,29.0,Delivered,4.0,670,Quinoa Avocado Salad
OD11132,CUST2047,REST_08,2026-05-26 23:29:30,38.0,Delivered,5.0,180,Kulfi Falooda
OD11133,CUST3062,REST_03,2026-05-01 09:53:10,34.0,Delivered,5.0,350,Chicken Dum Biryani
OD11134,CUST3391,REST_06,2026-05-18 13:36:09,38.0,Delivered,4.0,290,Classic Cheese Burger & Fries
OD11135,CUST3163,REST_07,2026-05-14 20:17:15,50.0,Delivered,2.0,250,Greek Salad
OD11136,CUST2325,REST_03,2026-05-19 20:42:53,,Cancelled,,680,Chicken Dum Biryani
OD11137,CUST3468,REST_05,2026-05-16 14:47:39,39.0,Delivered,4.0,480,Garlic Bread with Cheese
OD11138,CUST2074,REST_08,2026-05-14 15:24:30,65.0,Delivered,2.0,170,Chocolate Lava Cake
OD11139,CUST2926,REST_05,2026-05-18 22:31:39,42.0,Delivered,2.0,440,Farmhouse Veg Pizza
OD11140,CUST3036,REST_08,2026-05-15 12:47:02,52.0,Delivered,2.0,330,Red Velvet Pastry
OD11141,CUST2756,REST_01,2026-05-09 14:39:21,27.0,Delivered,3.0,600,Dal Makhani with Jeera Rice
OD11142,CUST2702,REST_06,2026-05-09 12:22:52,38.0,Delivered,4.0,230,Spicy Paneer Wrap
OD11143,CUST2802,REST_04,2026-05-02 13:43:43,59.0,Delivered,1.0,310,Chicken Fried Rice & Manchurian
OD11144,CUST2344,REST_10,2026-05-04 14:38:50,35.0,Delivered,4.0,310,Paneer Tikka
OD11145,CUST2053,REST_08,2026-05-14 14:39:20,42.0,Delivered,3.0,180,Kulfi Falooda
OD11146,CUST2628,REST_10,2026-04-30 21:38:30,45.0,Delivered,3.0,640,Chicken Seekh Kebab
OD11147,CUST2552,REST_01,2026-04-29 14:29:06,35.0,Delivered,5.0,730,Butter Chicken & Naan
OD11148,CUST2440,REST_07,2026-05-10 17:20:02,24.0,Delivered,5.0,250,Greek Salad
OD11149,CUST2581,REST_02,2026-05-16 18:07:44,25.0,Delivered,5.0,150,Masala Dosa with Sambar
OD11150,CUST2266,REST_04,2026-05-25 11:21:35,28.0,Delivered,3.0,200,Veg Spring Rolls (6 pcs)
OD11151,CUST3038,REST_07,2026-05-02 11:45:21,41.0,Delivered,3.0,270,Greek Salad
OD11152,CUST2865,REST_06,2026-05-01 13:39:58,53.0,Delivered,1.0,220,Spicy Paneer Wrap
OD11153,CUST2081,REST_01,2026-05-15 19:14:04,71.0,Delivered,2.0,680,Paneer Butter Masala Meal
OD11154,CUST2664,REST_06,2026-05-10 19:11:43,48.0,Delivered,2.0,220,Chicken Nuggets (9 pcs)
OD11155,CUST3005,REST_03,2026-05-25 19:28:46,38.0,Delivered,5.0,810,Egg Biryani
OD11156,CUST3442,REST_03,2026-05-22 21:45:34,39.0,Delivered,4.0,300,Veg Hyderabadi Biryani
OD11157,CUST2015,REST_05,2026-05-25 09:15:26,16.0,Delivered,5.0,200,Garlic Bread with Cheese
OD11158,CUST2050,REST_09,2026-04-29 20:11:50,43.0,Delivered,2.0,210,Iced Latte
OD11159,CUST3152,REST_05,2026-04-28 14:39:05,41.0,Delivered,3.0,450,Farmhouse Veg Pizza
OD11160,CUST2373,REST_08,2026-05-18 12:28:50,62.0,Delivered,1.0,170,Chocolate Lava Cake
OD11161,CUST2373,REST_03,2026-05-25 12:06:46,39.0,Delivered,5.0,480,Mutton Biryani
OD11162,CUST2295,REST_04,2026-05-04 20:54:57,54.0,Delivered,4.0,330,Chicken Fried Rice & Manchurian
OD11163,CUST3321,REST_08,2026-04-27 19:16:55,43.0,Delivered,2.0,230,Sizzling Brownie
OD11164,CUST2916,REST_10,2026-05-11 08:03:21,33.0,Delivered,4.0,390,Butter Chicken Combo Meal
OD11165,CUST3473,REST_02,2026-05-14 22:33:15,44.0,Delivered,4.0,140,Idli Vada Combo
OD11166,CUST2814,REST_01,2026-05-05 20:31:38,48.0,Delivered,3.0,330,Kadhai Paneer with Roti
OD11167,CUST2432,REST_06,2026-05-09 22:51:53,38.0,Delivered,4.0,250,Loaded Nachos
OD11168,CUST3173,REST_10,2026-05-24 12:13:55,51.0,Delivered,2.0,350,Malai Kofta & Lachha Paratha
OD11169,CUST2714,REST_01,2026-05-24 20:12:03,72.0,Delivered,1.0,400,Butter Chicken & Naan
OD11170,CUST2191,REST_10,2026-05-20 12:13:10,45.0,Delivered,2.0,330,Chicken Seekh Kebab
OD11171,CUST2110,REST_02,2026-05-09 15:08:58,19.0,Delivered,5.0,130,Filter Coffee & Upma
OD11172,CUST3084,REST_08,2026-05-15 12:24:21,49.0,Delivered,2.0,180,Red Velvet Pastry
OD11173,CUST3067,REST_02,2026-04-29 13:50:35,49.0,Delivered,1.0,140,Idli Vada Combo
OD11174,CUST3362,REST_06,2026-04-27 21:37:12,63.0,Delivered,2.0,250,Crispy Chicken Burger
OD11175,CUST3342,REST_01,2026-05-19 19:52:01,38.0,Delivered,5.0,360,Paneer Butter Masala Meal
OD11176,CUST3126,REST_06,2026-05-01 12:01:16,44.0,Delivered,3.0,260,Loaded Nachos
OD11177,CUST2866,REST_02,2026-05-12 13:10:38,35.0,Delivered,3.0,200,Rava Kesari & Dosa Combo
OD11178,CUST2845,REST_04,2026-05-25 10:20:16,26.0,Delivered,5.0,330,Chicken Fried Rice & Manchurian
OD11179,CUST2585,REST_01,2026-05-26 21:31:36,37.0,Delivered,4.0,340,Paneer Butter Masala Meal
OD11180,CUST3387,REST_06,2026-05-05 18:06:08,19.0,Delivered,5.0,210,Spicy Paneer Wrap
OD11181,CUST2243,REST_09,2026-05-20 20:35:14,46.0,Delivered,4.0,230,Club Sandwich
OD11182,CUST2868,REST_09,2026-05-18 14:06:09,34.0,Delivered,4.0,230,Club Sandwich
OD11183,CUST3042,REST_01,2026-05-19 13:05:03,33.0,Delivered,5.0,410,Tandoori Chicken Half
OD11184,CUST2359,REST_02,2026-05-14 21:43:22,44.0,Delivered,3.0,150,Idli Vada Combo
OD11185,CUST2247,REST_09,2026-05-02 21:58:28,41.0,Delivered,2.0,240,Club Sandwich
OD11186,CUST2493,REST_03,2026-05-09 16:06:19,,Cancelled,,280,Egg Biryani
OD11187,CUST2052,REST_02,2026-04-30 21:02:01,40.0,Delivered,4.0,170,Masala Dosa with Sambar
OD11188,CUST3153,REST_05,2026-05-19 08:50:11,24.0,Delivered,5.0,180,Garlic Bread with Cheese
OD11189,CUST2610,REST_10,2026-05-13 23:40:14,24.0,Delivered,5.0,410,Tandoori Roti Combo
OD11190,CUST2783,REST_10,2026-05-09 22:09:13,44.0,Delivered,3.0,380,Butter Chicken Combo Meal
OD11191,CUST2661,REST_07,2026-05-26 10:39:28,31.0,Delivered,5.0,360,Quinoa Avocado Salad
OD11192,CUST3353,REST_03,2026-05-23 21:54:10,41.0,Delivered,2.0,350,Chicken Dum Biryani
OD11193,CUST3353,REST_05,2026-05-18 20:39:36,49.0,Delivered,1.0,780,Margherita Pizza 10-inch
OD11194,CUST3101,REST_09,2026-05-24 08:34:59,27.0,Delivered,5.0,470,Classic Cold Coffee
OD11195,CUST3069,REST_09,2026-05-08 17:00:34,,Cancelled,,210,Iced Latte
OD11196,CUST2532,REST_09,2026-04-29 21:11:53,51.0,Delivered,3.0,250,Club Sandwich
OD11197,CUST3369,REST_02,2026-05-15 13:10:38,55.0,Delivered,3.0,150,Idli Vada Combo
OD11198,CUST2978,REST_01,2026-04-30 13:50:05,39.0,Delivered,3.0,320,Dal Makhani with Jeera Rice
OD11199,CUST2509,REST_03,2026-05-09 14:49:59,46.0,Delivered,4.0,290,Egg Biryani
OD11200,CUST2864,REST_05,2026-05-26 19:01:17,33.0,Delivered,5.0,180,Garlic Bread with Cheese
OD11201,CUST2693,REST_02,2026-05-04 21:26:17,67.0,Delivered,1.0,170,Onion Uttapam
OD11202,CUST3095,REST_07,2026-05-25 17:16:25,27.0,Delivered,4.0,210,Fresh Fruit Bowl
OD11203,CUST2871,REST_01,2026-05-03 23:07:37,70.0,Delivered,1.0,640,Kadhai Paneer with Roti
OD11204,CUST2835,REST_02,2026-05-07 12:15:02,30.0,Delivered,4.0,150,Idli Vada Combo
OD11205,CUST2045,REST_03,2026-05-12 11:07:39,22.0,Delivered,4.0,600,Veg Hyderabadi Biryani
OD11206,CUST2593,REST_05,2026-04-29 18:47:30,25.0,Delivered,5.0,430,Margherita Pizza 10-inch
OD11207,CUST3174,REST_09,2026-05-11 21:09:06,36.0,Delivered,3.0,230,Club Sandwich
OD11208,CUST2464,REST_06,2026-05-05 19:39:42,58.0,Delivered,1.0,270,Loaded Nachos
OD11209,CUST3038,REST_07,2026-05-15 13:20:51,31.0,Delivered,4.0,200,Fresh Fruit Bowl
OD11210,CUST2740,REST_04,2026-04-29 18:27:43,28.0,Delivered,4.0,580,Chilli Chicken Gravy
OD11211,CUST2809,REST_04,2026-05-17 11:32:37,,Cancelled,,330,Chilli Chicken Gravy
OD11212,CUST3228,REST_01,2026-05-17 19:19:51,53.0,Delivered,3.0,400,Tandoori Chicken Half
OD11213,CUST2769,REST_05,2026-04-28 14:27:16,42.0,Delivered,1.0,200,Garlic Bread with Cheese
OD11214,CUST2908,REST_06,2026-05-06 20:14:12,37.0,Delivered,4.0,490,Loaded Nachos
OD11215,CUST2781,REST_03,2026-04-28 10:40:21,19.0,Delivered,4.0,490,Mutton Biryani
OD11216,CUST2329,REST_03,2026-05-21 20:27:56,44.0,Delivered,4.0,370,Chicken Dum Biryani
OD11217,CUST3256,REST_02,2026-05-19 23:05:23,25.0,Delivered,4.0,150,Onion Uttapam
OD11218,CUST2013,REST_09,2026-05-12 23:08:12,26.0,Delivered,3.0,260,Club Sandwich
OD11219,CUST2028,REST_05,2026-05-24 12:51:27,44.0,Delivered,2.0,470,Farmhouse Veg Pizza
OD11220,CUST2981,REST_06,2026-05-14 07:35:22,30.0,Delivered,5.0,260,Crispy Chicken Burger
OD11221,CUST2253,REST_09,2026-05-21 23:17:03,21.0,Delivered,5.0,200,Iced Latte
OD11222,CUST3336,REST_08,2026-04-29 10:12:09,27.0,Delivered,4.0,130,Gulab Jamun (4 pcs)
OD11223,CUST3007,REST_10,2026-05-04 20:41:41,30.0,Delivered,3.0,360,Chicken Seekh Kebab
OD11224,CUST2778,REST_03,2026-05-17 19:51:54,61.0,Delivered,1.0,700,Chicken Dum Biryani
OD11225,CUST3302,REST_04,2026-05-14 18:09:17,39.0,Delivered,5.0,250,Veg Hakka Noodles
OD11226,CUST3434,REST_02,2026-05-13 13:57:04,33.0,Delivered,3.0,160,Filter Coffee & Upma
OD11227,CUST2536,REST_05,2026-05-25 14:04:30,49.0,Delivered,2.0,450,Farmhouse Veg Pizza
OD11228,CUST3372,REST_06,2026-05-11 22:32:42,46.0,Delivered,2.0,230,Crispy Chicken Burger
OD11229,CUST3201,REST_09,2026-05-07 18:44:08,24.0,Delivered,5.0,170,Classic Cold Coffee
OD11230,CUST2772,REST_04,2026-05-02 13:57:13,53.0,Delivered,2.0,490,Veg Hakka Noodles
OD11231,CUST2231,REST_09,2026-05-15 12:11:33,40.0,Delivered,5.0,220,Paneer Tikka Sandwich
OD11232,CUST2031,REST_03,2026-05-19 18:29:27,28.0,Delivered,4.0,470,Mutton Biryani
OD11233,CUST3223,REST_09,2026-04-29 21:12:23,47.0,Delivered,3.0,210,Paneer Tikka Sandwich
OD11234,CUST2593,REST_06,2026-05-21 07:30:17,36.0,Delivered,4.0,230,Crispy Chicken Burger
OD11235,CUST2645,REST_05,2026-05-22 09:00:12,47.0,Delivered,4.0,880,Farmhouse Veg Pizza
OD11236,CUST2675,REST_10,2026-05-25 20:27:27,36.0,Delivered,3.0,200,Tandoori Roti Combo
OD11237,CUST2760,REST_05,2026-04-27 21:34:20,,Cancelled,,410,Margherita Pizza 10-inch
OD11238,CUST3212,REST_05,2026-05-14 20:27:26,51.0,Delivered,2.0,170,Garlic Bread with Cheese
OD11239,CUST3274,REST_07,2026-05-13 13:27:35,47.0,Delivered,4.0,370,Quinoa Avocado Salad
OD11240,CUST2760,REST_10,2026-05-15 17:24:01,26.0,Delivered,3.0,230,Tandoori Roti Combo
OD11241,CUST2931,REST_09,2026-05-06 22:35:54,51.0,Delivered,1.0,180,Classic Cold Coffee
OD11242,CUST2740,REST_06,2026-05-11 13:05:42,34.0,Delivered,4.0,240,Loaded Nachos
OD11243,CUST3110,REST_09,2026-05-10 13:10:09,42.0,Delivered,2.0,210,Iced Latte
OD11244,CUST3477,REST_06,2026-05-08 20:23:31,46.0,Delivered,2.0,380,Spicy Paneer Wrap
OD11245,CUST2752,REST_08,2026-04-28 08:25:14,37.0,Delivered,4.0,160,Chocolate Lava Cake
OD11246,CUST2279,REST_05,2026-05-16 14:46:56,32.0,Delivered,3.0,1290,Farmhouse Veg Pizza
OD11247,CUST2375,REST_03,2026-05-10 08:59:34,33.0,Delivered,4.0,310,Veg Hyderabadi Biryani
OD11248,CUST3314,REST_01,2026-05-16 12:29:56,,Cancelled,,390,Butter Chicken & Naan
OD11249,CUST2646,REST_03,2026-05-04 22:55:50,49.0,Delivered,4.0,280,Egg Biryani
OD11250,CUST2146,REST_07,2026-05-12 13:44:53,39.0,Delivered,5.0,200,Fresh Fruit Bowl
OD11251,CUST2465,REST_03,2026-05-15 12:54:26,68.0,Delivered,1.0,410,Chicken Tikka Biryani
OD11252,CUST2181,REST_10,2026-05-06 21:05:13,39.0,Delivered,4.0,770,Butter Chicken Combo Meal
OD11253,CUST3360,REST_10,2026-05-25 13:56:50,39.0,Delivered,3.0,210,Tandoori Roti Combo
OD11254,CUST3086,REST_01,2026-05-10 17:37:35,50.0,Delivered,2.0,810,Tandoori Chicken Half
OD11255,CUST2622,REST_03,2026-05-22 21:54:19,49.0,Delivered,3.0,610,Veg Hyderabadi Biryani
OD11256,CUST2567,REST_01,2026-05-08 22:10:13,45.0,Delivered,3.0,420,Tandoori Chicken Half
OD11257,CUST2220,REST_01,2026-05-18 23:06:56,50.0,Delivered,3.0,420,Tandoori Chicken Half
OD11258,CUST2795,REST_02,2026-05-22 13:28:43,46.0,Delivered,3.0,350,Filter Coffee & Upma
OD11259,CUST2760,REST_04,2026-04-29 20:00:57,34.0,Delivered,5.0,500,Schezwan Noodles
OD11260,CUST2732,REST_01,2026-05-19 21:05:20,46.0,Delivered,3.0,400,Butter Chicken & Naan
OD11261,CUST3406,REST_10,2026-05-06 07:53:31,29.0,Delivered,3.0,370,Malai Kofta & Lachha Paratha
OD11262,CUST3219,REST_09,2026-05-26 13:48:53,31.0,Delivered,4.0,460,Club Sandwich
OD11263,CUST2623,REST_01,2026-05-08 11:02:56,30.0,Delivered,4.0,340,Paneer Butter Masala Meal
OD11264,CUST3257,REST_02,2026-05-16 21:34:22,65.0,Delivered,1.0,340,Idli Vada Combo
OD11265,CUST2741,REST_07,2026-05-15 22:00:41,,Cancelled,,290,Caesar Salad
OD11266,CUST2878,REST_09,2026-05-12 13:49:44,49.0,Delivered,4.0,260,Club Sandwich
OD11267,CUST3357,REST_04,2026-05-08 21:01:00,51.0,Delivered,4.0,360,Veg Spring Rolls (6 pcs)
OD11268,CUST3297,REST_06,2026-05-07 13:57:25,,Cancelled,,270,Classic Cheese Burger & Fries
OD11269,CUST2941,REST_09,2026-05-18 22:44:49,44.0,Delivered,1.0,190,Hot Chocolate
OD11270,CUST2032,REST_01,2026-04-28 14:00:40,34.0,Delivered,3.0,360,Kadhai Paneer with Roti
OD11271,CUST2182,REST_07,2026-04-27 13:43:21,42.0,Delivered,2.0,260,Greek Salad
OD11272,CUST2180,REST_03,2026-05-09 07:53:15,42.0,Delivered,1.0,410,Chicken Tikka Biryani
OD11273,CUST2938,REST_06,2026-05-11 21:44:38,36.0,Delivered,5.0,200,Spicy Paneer Wrap
OD11274,CUST2463,REST_09,2026-05-02 10:50:38,25.0,Delivered,3.0,260,Club Sandwich
OD11275,CUST2009,REST_06,2026-05-13 17:34:23,29.0,Delivered,4.0,240,Loaded Nachos
OD11276,CUST3166,REST_08,2026-05-13 07:03:48,28.0,Delivered,3.0,200,Sizzling Brownie
OD11277,CUST2443,REST_02,2026-05-15 18:11:51,20.0,Delivered,3.0,360,Filter Coffee & Upma
OD11278,CUST2345,REST_08,2026-05-16 13:08:40,53.0,Delivered,3.0,180,Red Velvet Pastry
OD11279,CUST2571,REST_04,2026-05-08 19:45:12,42.0,Delivered,2.0,600,Chicken Fried Rice & Manchurian
OD11280,CUST2568,REST_03,2026-05-12 14:59:08,34.0,Delivered,4.0,930,Mutton Biryani
OD11281,CUST3031,REST_02,2026-05-09 12:43:52,47.0,Delivered,3.0,150,Onion Uttapam
OD11282,CUST2197,REST_10,2026-05-17 12:38:05,54.0,Delivered,1.0,380,Butter Chicken Combo Meal
OD11283,CUST2326,REST_10,2026-05-23 22:34:52,48.0,Delivered,2.0,380,Butter Chicken Combo Meal
OD11284,CUST2243,REST_07,2026-05-14 21:53:26,44.0,Delivered,2.0,250,Greek Salad
OD11285,CUST2173,REST_10,2026-05-06 19:49:48,35.0,Delivered,4.0,760,Butter Chicken Combo Meal
OD11286,CUST3403,REST_05,2026-05-08 01:41:38,32.0,Delivered,5.0,180,Garlic Bread with Cheese
OD11287,CUST2889,REST_02,2026-05-22 15:08:58,40.0,Delivered,5.0,150,Masala Dosa with Sambar
OD11288,CUST3055,REST_09,2026-05-16 22:39:06,65.0,Delivered,1.0,260,Club Sandwich
OD11289,CUST3231,REST_10,2026-05-22 13:08:46,31.0,Delivered,5.0,210,Tandoori Roti Combo
OD11290,CUST2534,REST_04,2026-05-19 21:54:42,52.0,Delivered,3.0,470,Veg Hakka Noodles
OD11291,CUST3491,REST_07,2026-05-11 15:45:57,35.0,Delivered,3.0,230,Fresh Fruit Bowl
OD11292,CUST2409,REST_06,2026-05-05 15:59:46,,Cancelled,,260,Crispy Chicken Burger
OD11293,CUST2428,REST_05,2026-04-27 19:58:00,50.0,Delivered,3.0,400,Chicken Alfredo Pasta
OD11294,CUST3221,REST_03,2026-05-09 13:28:11,40.0,Delivered,4.0,320,Veg Hyderabadi Biryani
OD11295,CUST3206,REST_02,2026-05-06 07:42:16,51.0,Delivered,1.0,170,Rava Kesari & Dosa Combo
OD11296,CUST2617,REST_06,2026-05-10 12:49:29,50.0,Delivered,2.0,200,Spicy Paneer Wrap
OD11297,CUST3016,REST_09,2026-04-29 14:35:28,35.0,Delivered,4.0,370,Hot Chocolate
OD11298,CUST2573,REST_03,2026-05-24 20:56:43,41.0,Delivered,3.0,570,Egg Biryani
OD11299,CUST3386,REST_01,2026-05-23 12:57:28,40.0,Delivered,4.0,350,Kadhai Paneer with Roti
OD11300,CUST2959,REST_01,2026-04-28 22:40:44,74.0,Delivered,2.0,370,Butter Chicken & Naan
OD11301,CUST2667,REST_09,2026-05-18 12:08:04,33.0,Delivered,3.0,240,Club Sandwich
OD11302,CUST2872,REST_01,2026-05-03 20:33:51,38.0,Delivered,4.0,330,Kadhai Paneer with Roti
OD11303,CUST2719,REST_03,2026-04-27 19:11:36,39.0,Delivered,2.0,390,Chicken Tikka Biryani
OD11304,CUST3351,REST_04,2026-05-21 21:14:44,62.0,Delivered,1.0,320,Chicken Fried Rice & Manchurian
OD11305,CUST3416,REST_04,2026-04-29 18:02:30,17.0,Delivered,5.0,260,Schezwan Noodles
OD11306,CUST2384,REST_07,2026-05-22 12:54:12,39.0,Delivered,4.0,200,Fresh Fruit Bowl
OD11307,CUST3321,REST_09,2026-05-24 18:50:53,39.0,Delivered,5.0,350,Iced Latte
OD11308,CUST2980,REST_04,2026-05-03 23:13:44,21.0,Delivered,4.0,270,Schezwan Noodles
OD11309,CUST2520,REST_03,2026-05-18 23:40:55,37.0,Delivered,4.0,310,Veg Hyderabadi Biryani
OD11310,CUST2375,REST_10,2026-05-04 21:40:50,38.0,Delivered,5.0,350,Malai Kofta & Lachha Paratha
OD11311,CUST3401,REST_08,2026-05-18 13:54:35,27.0,Delivered,3.0,130,Gulab Jamun (4 pcs)
OD11312,CUST2451,REST_07,2026-05-06 20:14:36,38.0,Delivered,4.0,340,Quinoa Avocado Salad
OD11313,CUST2093,REST_06,2026-05-26 19:04:23,46.0,Delivered,2.0,200,Spicy Paneer Wrap
OD11314,CUST2701,REST_06,2026-05-09 19:13:37,71.0,Delivered,2.0,210,Chicken Nuggets (9 pcs)
OD11315,CUST2281,REST_01,2026-04-29 19:41:31,52.0,Delivered,3.0,310,Dal Makhani with Jeera Rice
OD11316,CUST3171,REST_04,2026-05-15 19:25:02,39.0,Delivered,4.0,610,Chilli Chicken Gravy
OD11317,CUST3233,REST_03,2026-04-27 17:21:44,23.0,Delivered,5.0,500,Mutton Biryani
OD11318,CUST2426,REST_10,2026-05-09 14:12:01,41.0,Delivered,4.0,350,Malai Kofta & Lachha Paratha
OD11319,CUST2721,REST_01,2026-05-06 19:29:51,25.0,Delivered,4.0,330,Dal Makhani with Jeera Rice
OD11320,CUST2951,REST_07,2026-05-06 19:37:28,34.0,Delivered,5.0,340,High-Protein Chicken Salad
OD11321,CUST2070,REST_05,2026-05-07 20:30:12,64.0,Delivered,1.0,360,Veg Arrabiata Penne Pasta
OD11322,CUST2382,REST_08,2026-05-19 14:20:13,40.0,Delivered,5.0,220,Sizzling Brownie
OD11323,CUST2226,REST_03,2026-05-10 13:05:54,53.0,Delivered,3.0,410,Chicken Tikka Biryani
OD11324,CUST2891,REST_04,2026-05-26 13:14:19,37.0,Delivered,4.0,730,Schezwan Noodles
OD11325,CUST3207,REST_04,2026-05-11 13:36:56,25.0,Delivered,4.0,200,Veg Spring Rolls (6 pcs)
OD11326,CUST3433,REST_09,2026-05-13 16:38:46,38.0,Delivered,4.0,180,Iced Latte
OD11327,CUST3316,REST_09,2026-05-02 10:00:57,20.0,Delivered,5.0,340,Classic Cold Coffee
OD11328,CUST2981,REST_06,2026-05-17 20:26:23,75.0,Delivered,2.0,400,Spicy Paneer Wrap
OD11329,CUST2021,REST_01,2026-05-09 22:09:46,58.0,Delivered,1.0,330,Dal Makhani with Jeera Rice
OD11330,CUST2280,REST_02,2026-05-09 21:33:45,56.0,Delivered,1.0,150,Idli Vada Combo
OD11331,CUST3138,REST_07,2026-05-05 20:35:19,60.0,Delivered,1.0,510,Caesar Salad
OD11332,CUST2457,REST_09,2026-05-02 12:26:10,47.0,Delivered,3.0,180,Classic Cold Coffee
OD11333,CUST2833,REST_04,2026-05-19 19:32:47,46.0,Delivered,2.0,250,Veg Hakka Noodles
OD11334,CUST2643,REST_03,2026-04-28 12:51:41,44.0,Delivered,3.0,770,Chicken Tikka Biryani
OD11335,CUST2540,REST_04,2026-05-04 19:50:53,46.0,Delivered,2.0,260,Veg Hakka Noodles
OD11336,CUST2865,REST_07,2026-05-21 21:10:12,51.0,Delivered,3.0,330,High-Protein Chicken Salad
OD11337,CUST2034,REST_03,2026-05-25 01:01:14,29.0,Delivered,5.0,300,Veg Hyderabadi Biryani
OD11338,CUST2252,REST_07,2026-05-10 11:30:39,46.0,Delivered,2.0,250,Greek Salad
OD11339,CUST2570,REST_06,2026-05-20 19:49:16,30.0,Delivered,4.0,240,Crispy Chicken Burger
OD11340,CUST2096,REST_03,2026-05-22 19:47:51,41.0,Delivered,4.0,380,Chicken Tikka Biryani
OD11341,CUST2765,REST_01,2026-05-05 20:34:29,51.0,Delivered,3.0,810,Tandoori Chicken Half
OD11342,CUST2848,REST_02,2026-04-28 15:40:34,53.0,Delivered,3.0,140,Filter Coffee & Upma
OD11343,CUST2961,REST_03,2026-05-07 19:51:37,53.0,Delivered,3.0,300,Veg Hyderabadi Biryani
OD11344,CUST3485,REST_03,2026-05-21 22:50:11,53.0,Delivered,4.0,480,Mutton Biryani
OD11345,CUST3052,REST_01,2026-05-20 19:42:58,49.0,Delivered,3.0,370,Paneer Butter Masala Meal
OD11346,CUST2074,REST_04,2026-05-16 19:44:22,45.0,Delivered,3.0,180,Veg Spring Rolls (6 pcs)
OD11347,CUST2795,REST_05,2026-04-27 14:18:09,32.0,Delivered,5.0,410,Chicken Alfredo Pasta
OD11348,CUST3211,REST_07,2026-05-23 12:18:18,40.0,Delivered,4.0,660,Quinoa Avocado Salad
OD11349,CUST3228,REST_10,2026-05-02 01:23:39,35.0,Delivered,4.0,380,Malai Kofta & Lachha Paratha
OD11350,CUST2389,REST_08,2026-05-17 20:10:56,50.0,Delivered,3.0,210,Sizzling Brownie
OD11351,CUST2350,REST_03,2026-05-25 15:34:05,17.0,Delivered,5.0,300,Veg Hyderabadi Biryani
OD11352,CUST2323,REST_03,2026-05-24 22:49:26,64.0,Delivered,1.0,380,Chicken Tikka Biryani
OD11353,CUST2824,REST_04,2026-05-02 21:46:18,45.0,Delivered,3.0,310,Chilli Chicken Gravy
OD11354,CUST2056,REST_09,2026-05-04 20:48:54,40.0,Delivered,3.0,200,Hot Chocolate
OD11355,CUST2322,REST_02,2026-05-23 12:04:23,39.0,Delivered,3.0,150,Masala Dosa with Sambar
OD11356,CUST2855,REST_09,2026-04-30 20:07:33,55.0,Delivered,3.0,610,Paneer Tikka Sandwich
OD11357,CUST2274,REST_01,2026-05-13 21:31:28,45.0,Delivered,2.0,380,Butter Chicken & Naan
OD11358,CUST3307,REST_07,2026-05-21 20:38:27,43.0,Delivered,2.0,630,High-Protein Chicken Salad
OD11359,CUST2894,REST_03,2026-05-19 08:18:10,21.0,Delivered,5.0,480,Mutton Biryani
OD11360,CUST2995,REST_09,2026-05-24 19:09:52,59.0,Delivered,1.0,170,Classic Cold Coffee
OD11361,CUST2330,REST_09,2026-05-25 16:26:01,15.0,Delivered,5.0,180,Iced Latte
OD11362,CUST2331,REST_09,2026-04-30 00:40:02,24.0,Delivered,5.0,220,Hot Chocolate
OD11363,CUST3127,REST_01,2026-05-23 21:10:42,49.0,Delivered,3.0,310,Dal Makhani with Jeera Rice
OD11364,CUST2500,REST_04,2026-05-13 19:24:43,65.0,Delivered,1.0,610,Chicken Fried Rice & Manchurian
OD11365,CUST2689,REST_02,2026-05-11 10:27:35,15.0,Delivered,5.0,270,Filter Coffee & Upma
OD11366,CUST3360,REST_09,2026-05-01 10:34:54,44.0,Delivered,2.0,190,Iced Latte
OD11367,CUST3083,REST_08,2026-05-25 18:24:06,27.0,Delivered,4.0,120,Gulab Jamun (4 pcs)
OD11368,CUST2343,REST_01,2026-04-29 19:29:38,45.0,Delivered,2.0,350,Kadhai Paneer with Roti
OD11369,CUST3216,REST_07,2026-05-06 14:31:11,43.0,Delivered,3.0,390,Fresh Fruit Bowl
OD11370,CUST2818,REST_09,2026-04-30 11:28:13,21.0,Delivered,4.0,230,Paneer Tikka Sandwich
OD11371,CUST2704,REST_06,2026-04-27 20:47:19,51.0,Delivered,3.0,260,Crispy Chicken Burger
OD11372,CUST2293,REST_10,2026-05-11 19:25:31,40.0,Delivered,4.0,220,Tandoori Roti Combo
OD11373,CUST3393,REST_08,2026-04-29 22:12:51,38.0,Delivered,3.0,140,Gulab Jamun (4 pcs)
OD11374,CUST3291,REST_06,2026-05-06 20:34:01,,Cancelled,,230,Crispy Chicken Burger
OD11375,CUST2021,REST_10,2026-05-07 22:07:53,55.0,Delivered,4.0,330,Paneer Tikka
OD11376,CUST2594,REST_09,2026-05-02 13:53:16,39.0,Delivered,4.0,320,Classic Cold Coffee
OD11377,CUST2390,REST_01,2026-05-20 18:53:54,22.0,Delivered,4.0,310,Dal Makhani with Jeera Rice
OD11378,CUST2306,REST_08,2026-04-28 20:46:24,51.0,Delivered,3.0,220,Gulab Jamun (4 pcs)
OD11379,CUST2794,REST_05,2026-05-14 20:57:18,41.0,Delivered,3.0,410,Margherita Pizza 10-inch
OD11380,CUST2040,REST_02,2026-05-22 07:07:40,33.0,Delivered,5.0,160,Filter Coffee & Upma
OD11381,CUST2621,REST_05,2026-05-05 20:27:35,49.0,Delivered,3.0,380,Chicken Alfredo Pasta
OD11382,CUST2240,REST_06,2026-05-01 13:27:49,44.0,Delivered,3.0,230,Spicy Paneer Wrap
OD11383,CUST3301,REST_05,2026-05-12 21:19:34,41.0,Delivered,3.0,460,Farmhouse Veg Pizza
OD11384,CUST2669,REST_03,2026-05-07 01:53:05,26.0,Delivered,5.0,690,Chicken Dum Biryani
OD11385,CUST3437,REST_10,2026-05-18 12:05:59,46.0,Delivered,2.0,340,Chicken Seekh Kebab
OD11386,CUST3298,REST_08,2026-05-14 20:39:22,54.0,Delivered,3.0,220,Sizzling Brownie
OD11387,CUST3370,REST_05,2026-05-24 13:25:07,50.0,Delivered,3.0,400,Chicken Alfredo Pasta
OD11388,CUST3084,REST_01,2026-05-11 13:30:14,46.0,Delivered,3.0,300,Dal Makhani with Jeera Rice
OD11389,CUST3499,REST_05,2026-05-15 13:51:36,37.0,Delivered,5.0,810,Margherita Pizza 10-inch
OD11390,CUST3095,REST_01,2026-05-24 20:44:12,68.0,Delivered,2.0,350,Paneer Butter Masala Meal
OD11391,CUST3037,REST_09,2026-05-02 18:30:12,37.0,Delivered,4.0,340,Iced Latte
OD11392,CUST2372,REST_02,2026-05-18 12:20:46,49.0,Delivered,2.0,180,Onion Uttapam
OD11393,CUST2730,REST_07,2026-05-12 09:30:28,33.0,Delivered,4.0,270,Greek Salad
OD11394,CUST2636,REST_04,2026-05-15 13:24:40,35.0,Delivered,5.0,610,Chicken Fried Rice & Manchurian
OD11395,CUST3220,REST_09,2026-05-04 21:43:45,37.0,Delivered,4.0,190,Hot Chocolate
OD11396,CUST2595,REST_05,2026-05-13 20:19:39,39.0,Delivered,3.0,410,Chicken Alfredo Pasta
OD11397,CUST3005,REST_06,2026-05-20 10:37:03,16.0,Delivered,5.0,250,Loaded Nachos
OD11398,CUST3104,REST_10,2026-05-03 19:58:55,47.0,Delivered,2.0,660,Chicken Seekh Kebab
OD11399,CUST2674,REST_02,2026-05-21 21:33:25,35.0,Delivered,5.0,180,Rava Kesari & Dosa Combo
OD11400,CUST2700,REST_07,2026-05-16 23:31:53,36.0,Delivered,5.0,200,Fresh Fruit Bowl
OD11401,CUST3345,REST_10,2026-04-28 14:09:35,40.0,Delivered,4.0,610,Paneer Tikka
OD11402,CUST3287,REST_06,2026-05-11 22:00:49,50.0,Delivered,2.0,240,Loaded Nachos
OD11403,CUST2250,REST_10,2026-05-24 19:54:36,47.0,Delivered,3.0,300,Paneer Tikka
OD11404,CUST2087,REST_10,2026-05-22 10:32:45,29.0,Delivered,5.0,350,Chicken Seekh Kebab
OD11405,CUST3464,REST_08,2026-05-22 20:31:13,51.0,Delivered,2.0,190,Red Velvet Pastry
OD11406,CUST3476,REST_10,2026-05-22 19:45:00,54.0,Delivered,1.0,210,Tandoori Roti Combo
OD11407,CUST3364,REST_04,2026-05-04 19:36:11,52.0,Delivered,3.0,270,Veg Hakka Noodles
OD11408,CUST3391,REST_10,2026-05-02 17:54:10,39.0,Delivered,5.0,340,Chicken Seekh Kebab
OD11409,CUST2605,REST_03,2026-05-23 20:26:04,51.0,Delivered,3.0,400,Chicken Tikka Biryani
OD11410,CUST3301,REST_05,2026-04-30 07:42:35,,Cancelled,,860,Farmhouse Veg Pizza
OD11411,CUST2439,REST_01,2026-05-01 22:32:55,52.0,Delivered,2.0,330,Dal Makhani with Jeera Rice
OD11412,CUST2471,REST_10,2026-05-15 20:26:31,58.0,Delivered,2.0,350,Malai Kofta & Lachha Paratha
OD11413,CUST2570,REST_10,2026-05-21 22:07:54,62.0,Delivered,1.0,400,Butter Chicken Combo Meal
OD11414,CUST2253,REST_08,2026-05-10 21:35:07,44.0,Delivered,1.0,220,Gulab Jamun (4 pcs)
OD11415,CUST3032,REST_09,2026-05-11 19:22:32,46.0,Delivered,2.0,240,Club Sandwich
OD11416,CUST2029,REST_05,2026-05-16 21:22:12,48.0,Delivered,3.0,400,Margherita Pizza 10-inch
OD11417,CUST2081,REST_05,2026-05-04 21:39:02,46.0,Delivered,2.0,410,Margherita Pizza 10-inch
OD11418,CUST2041,REST_01,2026-05-03 12:23:49,51.0,Delivered,2.0,420,Tandoori Chicken Half
OD11419,CUST2203,REST_03,2026-05-20 20:30:09,56.0,Delivered,2.0,500,Mutton Biryani
OD11420,CUST2161,REST_08,2026-05-05 21:44:41,47.0,Delivered,2.0,130,Gulab Jamun (4 pcs)
OD11421,CUST2073,REST_04,2026-05-09 12:30:00,43.0,Delivered,1.0,280,Schezwan Noodles
OD11422,CUST2066,REST_10,2026-05-22 16:08:04,31.0,Delivered,4.0,360,Malai Kofta & Lachha Paratha
OD11423,CUST2642,REST_01,2026-05-22 19:00:01,47.0,Delivered,2.0,380,Butter Chicken & Naan
OD11424,CUST2925,REST_03,2026-05-09 19:47:32,53.0,Delivered,4.0,480,Mutton Biryani
OD11425,CUST2648,REST_05,2026-05-02 19:04:30,41.0,Delivered,1.0,470,Farmhouse Veg Pizza
OD11426,CUST2462,REST_05,2026-05-01 09:25:00,34.0,Delivered,5.0,650,Veg Arrabiata Penne Pasta
OD11427,CUST2291,REST_01,2026-05-12 21:24:39,39.0,Delivered,4.0,360,Kadhai Paneer with Roti
OD11428,CUST2194,REST_04,2026-05-16 21:46:35,46.0,Delivered,3.0,310,Chicken Fried Rice & Manchurian
OD11429,CUST2719,REST_02,2026-05-18 10:59:34,29.0,Delivered,3.0,150,Onion Uttapam
OD11430,CUST2585,REST_10,2026-05-10 20:58:32,75.0,Delivered,1.0,760,Butter Chicken Combo Meal
OD11431,CUST3077,REST_05,2026-05-04 17:42:35,17.0,Delivered,5.0,330,Veg Arrabiata Penne Pasta
OD11432,CUST3162,REST_03,2026-05-15 20:48:33,78.0,Delivered,1.0,350,Chicken Dum Biryani
OD11433,CUST2571,REST_09,2026-04-28 18:07:14,21.0,Delivered,5.0,210,Hot Chocolate
OD11434,CUST2345,REST_02,2026-05-20 12:00:22,37.0,Delivered,5.0,150,Idli Vada Combo
OD11435,CUST3063,REST_07,2026-05-15 10:00:00,25.0,Delivered,5.0,370,Quinoa Avocado Salad
OD11436,CUST2190,REST_07,2026-05-01 20:12:59,64.0,Delivered,1.0,210,Fresh Fruit Bowl
OD11437,CUST2019,REST_09,2026-05-24 21:27:30,31.0,Delivered,4.0,190,Hot Chocolate
OD11438,CUST3055,REST_05,2026-05-20 21:28:05,36.0,Delivered,4.0,380,Chicken Alfredo Pasta
OD11439,CUST2757,REST_05,2026-04-27 12:16:51,31.0,Delivered,5.0,350,Veg Arrabiata Penne Pasta
OD11440,CUST2842,REST_01,2026-05-25 20:55:25,33.0,Delivered,4.0,420,Tandoori Chicken Half
OD11441,CUST3319,REST_01,2026-05-01 21:41:14,46.0,Delivered,1.0,340,Paneer Butter Masala Meal
OD11442,CUST2069,REST_09,2026-05-19 14:08:29,50.0,Delivered,3.0,190,Hot Chocolate
OD11443,CUST2706,REST_08,2026-04-30 23:35:08,29.0,Delivered,4.0,160,Chocolate Lava Cake
OD11444,CUST3287,REST_03,2026-05-24 21:07:56,48.0,Delivered,3.0,300,Veg Hyderabadi Biryani
OD11445,CUST2049,REST_01,2026-05-11 09:05:46,17.0,Delivered,3.0,380,Butter Chicken & Naan
OD11446,CUST2875,REST_02,2026-05-05 22:45:23,44.0,Delivered,3.0,170,Rava Kesari & Dosa Combo
OD11447,CUST2530,REST_05,2026-05-25 11:28:26,26.0,Delivered,2.0,460,Farmhouse Veg Pizza
OD11448,CUST3274,REST_02,2026-05-20 20:13:46,39.0,Delivered,5.0,190,Rava Kesari & Dosa Combo
OD11449,CUST2171,REST_08,2026-05-21 10:43:08,17.0,Delivered,3.0,210,Sizzling Brownie
OD11450,CUST2803,REST_07,2026-05-24 11:04:59,,Cancelled,,510,Greek Salad
OD11451,CUST2906,REST_09,2026-05-23 08:10:37,26.0,Delivered,4.0,210,Hot Chocolate
OD11452,CUST3046,REST_05,2026-05-01 13:55:17,,Cancelled,,190,Garlic Bread with Cheese
OD11453,CUST2630,REST_07,2026-05-07 20:27:53,40.0,Delivered,5.0,250,Greek Salad
OD11454,CUST2036,REST_07,2026-04-30 20:39:31,50.0,Delivered,3.0,600,High-Protein Chicken Salad
OD11455,CUST3370,REST_07,2026-05-22 13:55:55,38.0,Delivered,2.0,360,Quinoa Avocado Salad
OD11456,CUST2532,REST_01,2026-05-02 09:52:56,,Cancelled,,580,Dal Makhani with Jeera Rice
OD11457,CUST3345,REST_05,2026-04-27 11:25:03,34.0,Delivered,4.0,790,Margherita Pizza 10-inch
OD11458,CUST3018,REST_03,2026-04-28 12:03:44,54.0,Delivered,2.0,380,Chicken Dum Biryani
OD11459,CUST2102,REST_02,2026-05-03 13:59:30,38.0,Delivered,4.0,260,Masala Dosa with Sambar
OD11460,CUST3137,REST_07,2026-05-21 15:59:09,33.0,Delivered,4.0,260,Caesar Salad
OD11461,CUST3479,REST_09,2026-05-17 17:33:21,37.0,Delivered,2.0,210,Hot Chocolate
OD11462,CUST2458,REST_06,2026-05-26 12:33:43,34.0,Delivered,4.0,240,Loaded Nachos
OD11463,CUST2116,REST_04,2026-04-27 19:32:07,32.0,Delivered,3.0,330,Chilli Chicken Gravy
OD11464,CUST3298,REST_07,2026-05-12 14:14:02,42.0,Delivered,4.0,310,High-Protein Chicken Salad
OD11465,CUST3121,REST_01,2026-05-13 06:10:41,26.0,Delivered,4.0,350,Kadhai Paneer with Roti
OD11466,CUST2437,REST_07,2026-04-28 20:24:38,44.0,Delivered,2.0,340,Quinoa Avocado Salad
OD11467,CUST2797,REST_08,2026-05-24 23:59:23,29.0,Delivered,3.0,120,Gulab Jamun (4 pcs)
OD11468,CUST2298,REST_07,2026-05-08 07:52:41,28.0,Delivered,4.0,260,Caesar Salad
OD11469,CUST3103,REST_04,2026-05-04 06:19:58,23.0,Delivered,4.0,200,Veg Spring Rolls (6 pcs)
OD11470,CUST2648,REST_04,2026-05-09 18:23:48,37.0,Delivered,5.0,260,Veg Hakka Noodles
OD11471,CUST3259,REST_06,2026-05-07 06:07:56,19.0,Delivered,3.0,230,Crispy Chicken Burger
OD11472,CUST3036,REST_10,2026-05-04 19:20:47,50.0,Delivered,1.0,380,Tandoori Roti Combo
OD11473,CUST2202,REST_03,2026-05-07 14:09:24,40.0,Delivered,4.0,500,Mutton Biryani
OD11474,CUST2315,REST_05,2026-05-10 20:29:09,39.0,Delivered,5.0,350,Veg Arrabiata Penne Pasta
OD11475,CUST2950,REST_02,2026-05-12 18:41:48,42.0,Delivered,3.0,190,Rava Kesari & Dosa Combo
OD11476,CUST2652,REST_05,2026-05-06 21:53:19,57.0,Delivered,2.0,390,Chicken Alfredo Pasta
OD11477,CUST2354,REST_06,2026-05-09 23:57:28,52.0,Delivered,3.0,230,Spicy Paneer Wrap
OD11478,CUST2514,REST_03,2026-05-01 18:04:55,37.0,Delivered,4.0,380,Chicken Dum Biryani
OD11479,CUST3237,REST_03,2026-05-23 18:03:26,32.0,Delivered,5.0,950,Mutton Biryani
OD11480,CUST3422,REST_06,2026-05-22 06:33:53,33.0,Delivered,2.0,220,Spicy Paneer Wrap
OD11481,CUST3221,REST_08,2026-05-18 20:20:26,45.0,Delivered,1.0,560,Sizzling Brownie
OD11482,CUST3456,REST_06,2026-05-15 20:01:15,49.0,Delivered,3.0,230,Spicy Paneer Wrap
OD11483,CUST2933,REST_04,2026-05-17 12:06:06,56.0,Delivered,2.0,320,Chicken Fried Rice & Manchurian
OD11484,CUST2219,REST_07,2026-05-25 19:07:18,39.0,Delivered,5.0,360,Quinoa Avocado Salad
OD11485,CUST2213,REST_07,2026-05-25 12:26:36,29.0,Delivered,5.0,210,Fresh Fruit Bowl
OD11486,CUST2125,REST_07,2026-05-25 21:01:58,50.0,Delivered,2.0,200,Fresh Fruit Bowl
OD11487,CUST3404,REST_01,2026-05-10 21:11:16,45.0,Delivered,3.0,380,Butter Chicken & Naan
OD11488,CUST2571,REST_08,2026-05-15 06:25:48,39.0,Delivered,4.0,560,Sizzling Brownie
OD11489,CUST3127,REST_06,2026-05-04 11:44:10,28.0,Delivered,5.0,270,Classic Cheese Burger & Fries
OD11490,CUST2242,REST_07,2026-05-21 19:27:03,46.0,Delivered,2.0,340,Quinoa Avocado Salad
OD11491,CUST2930,REST_03,2026-05-15 18:39:47,,Cancelled,,400,Chicken Tikka Biryani
OD11492,CUST3481,REST_01,2026-04-27 16:31:23,19.0,Delivered,5.0,670,Kadhai Paneer with Roti
OD11493,CUST2212,REST_10,2026-04-29 21:49:52,34.0,Delivered,4.0,310,Paneer Tikka
OD11494,CUST3198,REST_04,2026-05-04 12:00:10,,Cancelled,,620,Chicken Fried Rice & Manchurian
OD11495,CUST2084,REST_03,2026-04-28 10:56:46,26.0,Delivered,4.0,600,Veg Hyderabadi Biryani
OD11496,CUST2463,REST_07,2026-05-03 19:48:49,54.0,Delivered,3.0,220,Fresh Fruit Bowl
OD11497,CUST2271,REST_01,2026-05-23 22:17:48,38.0,Delivered,5.0,340,Kadhai Paneer with Roti
OD11498,CUST2805,REST_06,2026-04-30 11:31:25,,Cancelled,,250,Loaded Nachos
OD11499,CUST2942,REST_05,2026-04-27 14:38:49,35.0,Delivered,5.0,180,Garlic Bread with Cheese
OD11500,CUST3201,REST_03,2026-04-30 18:14:46,29.0,Delivered,5.0,470,Mutton Biryani
OD11501,CUST2310,REST_09,2026-05-01 20:56:39,46.0,Delivered,2.0,210,Paneer Tikka Sandwich
OD11502,CUST3092,REST_05,2026-05-02 20:04:22,56.0,Delivered,1.0,660,Veg Arrabiata Penne Pasta
OD11503,CUST2206,REST_10,2026-05-11 18:37:29,23.0,Delivered,5.0,330,Chicken Seekh Kebab
OD11504,CUST2515,REST_03,2026-05-05 19:43:20,31.0,Delivered,4.0,1380,Mutton Biryani
OD11505,CUST2085,REST_07,2026-05-25 13:10:37,,Cancelled,,260,Greek Salad
OD11506,CUST2734,REST_10,2026-05-18 13:27:17,38.0,Delivered,4.0,360,Chicken Seekh Kebab
OD11507,CUST3109,REST_03,2026-05-22 12:47:32,35.0,Delivered,3.0,330,Veg Hyderabadi Biryani
OD11508,CUST2654,REST_06,2026-05-02 12:55:22,39.0,Delivered,4.0,290,Classic Cheese Burger & Fries
OD11509,CUST2831,REST_03,2026-05-21 13:11:41,43.0,Delivered,3.0,330,Veg Hyderabadi Biryani
OD11510,CUST2179,REST_05,2026-05-16 20:26:25,40.0,Delivered,5.0,170,Garlic Bread with Cheese
OD11511,CUST2108,REST_10,2026-05-23 13:02:01,39.0,Delivered,5.0,360,Malai Kofta & Lachha Paratha
OD11512,CUST3104,REST_10,2026-04-29 09:37:14,29.0,Delivered,2.0,320,Paneer Tikka
OD11513,CUST2295,REST_08,2026-05-09 10:43:47,41.0,Delivered,3.0,220,Sizzling Brownie
OD11514,CUST3452,REST_09,2026-05-02 12:27:05,41.0,Delivered,3.0,210,Hot Chocolate
OD11515,CUST2841,REST_02,2026-04-29 22:19:08,47.0,Delivered,1.0,160,Masala Dosa with Sambar
OD11516,CUST2239,REST_04,2026-05-09 18:30:26,39.0,Delivered,4.0,330,Chilli Chicken Gravy
OD11517,CUST3278,REST_01,2026-05-24 14:32:35,37.0,Delivered,4.0,580,Dal Makhani with Jeera Rice
OD11518,CUST2346,REST_05,2026-05-05 08:31:10,28.0,Delivered,5.0,190,Garlic Bread with Cheese
OD11519,CUST3027,REST_07,2026-05-24 13:34:23,65.0,Delivered,2.0,200,Fresh Fruit Bowl
OD11520,CUST2958,REST_03,2026-04-27 23:00:38,36.0,Delivered,4.0,490,Mutton Biryani
OD11521,CUST2987,REST_05,2026-05-21 19:01:53,42.0,Delivered,4.0,400,Chicken Alfredo Pasta
OD11522,CUST2876,REST_01,2026-05-06 12:32:58,31.0,Delivered,4.0,330,Dal Makhani with Jeera Rice
OD11523,CUST3111,REST_08,2026-05-24 17:43:56,31.0,Delivered,3.0,240,Gulab Jamun (4 pcs)
OD11524,CUST2754,REST_05,2026-05-01 17:59:44,33.0,Delivered,4.0,400,Margherita Pizza 10-inch
OD11525,CUST2084,REST_08,2026-05-08 15:56:27,,Cancelled,,170,Kulfi Falooda
OD11526,CUST2467,REST_04,2026-05-04 12:25:30,31.0,Delivered,4.0,330,Chilli Chicken Gravy
OD11527,CUST3123,REST_03,2026-05-24 18:36:41,22.0,Delivered,5.0,500,Mutton Biryani
OD11528,CUST3039,REST_07,2026-05-22 21:24:30,60.0,Delivered,2.0,330,High-Protein Chicken Salad
OD11529,CUST3421,REST_10,2026-05-24 13:40:20,42.0,Delivered,4.0,410,Butter Chicken Combo Meal
OD11530,CUST2121,REST_05,2026-05-09 20:28:01,46.0,Delivered,3.0,170,Garlic Bread with Cheese
OD11531,CUST3184,REST_01,2026-05-13 21:05:43,37.0,Delivered,4.0,410,Tandoori Chicken Half
OD11532,CUST2478,REST_08,2026-05-23 21:39:16,47.0,Delivered,2.0,160,Chocolate Lava Cake
OD11533,CUST3097,REST_04,2026-05-06 20:40:38,,Cancelled,,250,Veg Hakka Noodles
OD11534,CUST2735,REST_10,2026-05-09 19:04:39,52.0,Delivered,1.0,1130,Butter Chicken Combo Meal
OD11535,CUST2333,REST_05,2026-05-04 21:44:09,50.0,Delivered,3.0,400,Chicken Alfredo Pasta
OD11536,CUST2792,REST_07,2026-05-17 18:55:48,38.0,Delivered,4.0,310,High-Protein Chicken Salad
OD11537,CUST3348,REST_03,2026-05-11 20:07:30,35.0,Delivered,5.0,380,Chicken Tikka Biryani
OD11538,CUST2417,REST_01,2026-05-25 21:54:04,35.0,Delivered,4.0,330,Kadhai Paneer with Roti
OD11539,CUST3127,REST_03,2026-04-27 20:01:29,47.0,Delivered,3.0,600,Veg Hyderabadi Biryani
OD11540,CUST2377,REST_08,2026-05-10 22:43:07,51.0,Delivered,4.0,150,Gulab Jamun (4 pcs)
OD11541,CUST3087,REST_03,2026-05-17 20:11:59,55.0,Delivered,3.0,350,Chicken Dum Biryani
OD11542,CUST2782,REST_03,2026-04-29 12:47:47,33.0,Delivered,4.0,330,Veg Hyderabadi Biryani
OD11543,CUST2441,REST_07,2026-05-01 22:29:23,61.0,Delivered,1.0,200,Fresh Fruit Bowl
OD11544,CUST2121,REST_04,2026-05-26 20:15:24,57.0,Delivered,1.0,210,Veg Spring Rolls (6 pcs)
OD11545,CUST2871,REST_05,2026-05-21 22:43:01,68.0,Delivered,1.0,200,Garlic Bread with Cheese
OD11546,CUST2301,REST_02,2026-05-04 18:17:45,,Cancelled,,350,Rava Kesari & Dosa Combo
OD11547,CUST2405,REST_03,2026-05-11 19:39:33,42.0,Delivered,2.0,500,Mutton Biryani
OD11548,CUST2993,REST_03,2026-05-13 15:10:26,22.0,Delivered,5.0,490,Mutton Biryani
OD11549,CUST3166,REST_10,2026-05-15 21:38:42,55.0,Delivered,2.0,220,Tandoori Roti Combo
OD11550,CUST2978,REST_07,2026-05-02 14:49:27,34.0,Delivered,5.0,230,Fresh Fruit Bowl
OD11551,CUST3246,REST_04,2026-05-16 09:08:25,,Cancelled,,250,Veg Hakka Noodles
OD11552,CUST2137,REST_05,2026-05-01 21:46:47,64.0,Delivered,1.0,360,Veg Arrabiata Penne Pasta
OD11553,CUST3156,REST_02,2026-05-22 19:20:09,45.0,Delivered,2.0,120,Idli Vada Combo
OD11554,CUST2609,REST_03,2026-05-19 19:03:33,36.0,Delivered,3.0,470,Mutton Biryani
OD11555,CUST2877,REST_10,2026-05-16 15:58:36,36.0,Delivered,5.0,350,Chicken Seekh Kebab
OD11556,CUST2175,REST_08,2026-05-10 15:59:33,34.0,Delivered,4.0,120,Gulab Jamun (4 pcs)
OD11557,CUST3315,REST_05,2026-04-30 20:20:14,40.0,Delivered,5.0,420,Margherita Pizza 10-inch
OD11558,CUST2199,REST_01,2026-05-02 08:22:03,57.0,Delivered,2.0,400,Butter Chicken & Naan
OD11559,CUST3274,REST_10,2026-05-03 12:02:12,34.0,Delivered,4.0,390,Butter Chicken Combo Meal
OD11560,CUST3248,REST_01,2026-05-14 16:08:49,36.0,Delivered,3.0,300,Dal Makhani with Jeera Rice
OD11561,CUST2964,REST_07,2026-05-17 07:58:44,62.0,Delivered,2.0,310,High-Protein Chicken Salad
OD11562,CUST3215,REST_06,2026-05-05 07:52:04,19.0,Delivered,5.0,290,Classic Cheese Burger & Fries
OD11563,CUST3493,REST_02,2026-05-19 20:25:42,59.0,Delivered,1.0,350,Rava Kesari & Dosa Combo
OD11564,CUST3008,REST_08,2026-05-25 21:00:45,30.0,Delivered,2.0,160,Chocolate Lava Cake
OD11565,CUST3238,REST_09,2026-05-15 14:49:10,45.0,Delivered,3.0,180,Iced Latte
OD11566,CUST2044,REST_08,2026-05-02 19:21:05,63.0,Delivered,1.0,160,Kulfi Falooda
OD11567,CUST3477,REST_07,2026-05-11 13:54:01,41.0,Delivered,2.0,350,Quinoa Avocado Salad
OD11568,CUST3144,REST_08,2026-05-19 11:44:39,,Cancelled,,160,Chocolate Lava Cake
OD11569,CUST2456,REST_02,2026-05-09 10:21:34,21.0,Delivered,4.0,150,Masala Dosa with Sambar
OD11570,CUST2382,REST_02,2026-05-11 20:43:10,36.0,Delivered,4.0,170,Masala Dosa with Sambar
OD11571,CUST2975,REST_08,2026-05-20 20:50:03,32.0,Delivered,5.0,140,Gulab Jamun (4 pcs)
OD11572,CUST2151,REST_10,2026-05-10 21:31:51,46.0,Delivered,2.0,390,Butter Chicken Combo Meal
OD11573,CUST2770,REST_01,2026-05-09 08:34:19,35.0,Delivered,3.0,300,Dal Makhani with Jeera Rice
OD11574,CUST2443,REST_07,2026-04-28 15:02:25,29.0,Delivered,4.0,220,Fresh Fruit Bowl
OD11575,CUST3497,REST_09,2026-04-27 19:37:07,36.0,Delivered,2.0,260,Club Sandwich
OD11576,CUST2486,REST_01,2026-05-07 12:12:49,35.0,Delivered,4.0,340,Paneer Butter Masala Meal
OD11577,CUST3177,REST_03,2026-05-24 22:22:58,54.0,Delivered,1.0,310,Egg Biryani
OD11578,CUST2281,REST_01,2026-05-26 14:32:05,31.0,Delivered,4.0,320,Dal Makhani with Jeera Rice
OD11579,CUST3289,REST_06,2026-05-09 23:10:55,36.0,Delivered,4.0,260,Loaded Nachos
OD11580,CUST2108,REST_06,2026-05-10 10:26:53,,Cancelled,,220,Chicken Nuggets (9 pcs)
OD11581,CUST2867,REST_01,2026-05-01 20:57:58,51.0,Delivered,4.0,430,Tandoori Chicken Half
OD11582,CUST2748,REST_01,2026-04-29 17:43:46,29.0,Delivered,5.0,380,Butter Chicken & Naan
OD11583,CUST2711,REST_09,2026-05-05 13:13:15,44.0,Delivered,3.0,230,Paneer Tikka Sandwich
OD11584,CUST3499,REST_06,2026-05-26 18:03:20,34.0,Delivered,5.0,250,Crispy Chicken Burger
OD11585,CUST3075,REST_10,2026-05-09 19:27:21,62.0,Delivered,1.0,400,Butter Chicken Combo Meal
OD11586,CUST2541,REST_09,2026-05-11 07:11:15,32.0,Delivered,4.0,210,Paneer Tikka Sandwich
OD11587,CUST2013,REST_02,2026-05-10 18:13:12,37.0,Delivered,4.0,130,Filter Coffee & Upma
OD11588,CUST3159,REST_07,2026-05-26 11:15:48,38.0,Delivered,4.0,320,High-Protein Chicken Salad
OD11589,CUST3216,REST_03,2026-05-16 22:10:14,44.0,Delivered,3.0,330,Veg Hyderabadi Biryani
OD11590,CUST2193,REST_05,2026-05-22 12:17:18,39.0,Delivered,4.0,410,Margherita Pizza 10-inch
OD11591,CUST2019,REST_08,2026-05-05 20:08:57,44.0,Delivered,2.0,220,Gulab Jamun (4 pcs)
OD11592,CUST2143,REST_04,2026-05-19 21:50:18,54.0,Delivered,2.0,500,Veg Spring Rolls (6 pcs)
OD11593,CUST3485,REST_03,2026-05-03 22:26:56,47.0,Delivered,2.0,500,Mutton Biryani
OD11594,CUST2425,REST_09,2026-05-07 19:10:39,38.0,Delivered,3.0,220,Hot Chocolate
OD11595,CUST2969,REST_05,2026-05-18 19:27:30,45.0,Delivered,4.0,430,Margherita Pizza 10-inch
OD11596,CUST2005,REST_07,2026-05-09 12:32:42,76.0,Delivered,1.0,340,Quinoa Avocado Salad
OD11597,CUST3175,REST_08,2026-05-03 10:59:13,36.0,Delivered,4.0,150,Gulab Jamun (4 pcs)
OD11598,CUST2528,REST_10,2026-04-27 21:38:44,71.0,Delivered,1.0,400,Butter Chicken Combo Meal
OD11599,CUST2262,REST_03,2026-04-30 11:10:45,41.0,Delivered,3.0,1390,Mutton Biryani
OD11600,CUST3152,REST_06,2026-05-02 20:27:47,58.0,Delivered,1.0,230,Crispy Chicken Burger
OD11601,CUST2331,REST_06,2026-05-13 20:33:09,44.0,Delivered,2.0,240,Chicken Nuggets (9 pcs)
OD11602,CUST2676,REST_09,2026-04-29 23:12:44,23.0,Delivered,5.0,190,Hot Chocolate
OD11603,CUST3178,REST_10,2026-05-21 20:32:27,45.0,Delivered,3.0,1120,Butter Chicken Combo Meal
OD11604,CUST3110,REST_04,2026-05-09 20:03:53,39.0,Delivered,5.0,490,Veg Hakka Noodles
OD11605,CUST2858,REST_06,2026-05-10 22:21:31,54.0,Delivered,1.0,410,Spicy Paneer Wrap
OD11606,CUST2522,REST_08,2026-05-13 17:33:50,32.0,Delivered,4.0,200,Sizzling Brownie
OD11607,CUST2147,REST_07,2026-05-02 21:55:19,63.0,Delivered,2.0,270,Greek Salad
OD11608,CUST2413,REST_09,2026-05-21 13:20:52,35.0,Delivered,2.0,430,Paneer Tikka Sandwich
OD11609,CUST2398,REST_01,2026-05-03 18:26:03,42.0,Delivered,2.0,350,Kadhai Paneer with Roti
OD11610,CUST3096,REST_04,2026-05-03 13:37:00,52.0,Delivered,1.0,700,Veg Hakka Noodles
OD11611,CUST2998,REST_03,2026-04-30 12:24:39,25.0,Delivered,5.0,310,Veg Hyderabadi Biryani
OD11612,CUST2725,REST_07,2026-05-12 19:14:36,30.0,Delivered,4.0,250,Greek Salad
OD11613,CUST2093,REST_03,2026-05-17 21:54:02,62.0,Delivered,1.0,300,Egg Biryani
OD11614,CUST2960,REST_04,2026-05-20 17:29:30,19.0,Delivered,5.0,260,Schezwan Noodles
OD11615,CUST3345,REST_05,2026-05-26 20:46:10,67.0,Delivered,2.0,430,Margherita Pizza 10-inch
OD11616,CUST2656,REST_09,2026-05-10 12:41:49,58.0,Delivered,1.0,230,Paneer Tikka Sandwich
OD11617,CUST2574,REST_03,2026-05-13 12:54:28,40.0,Delivered,3.0,310,Egg Biryani
OD11618,CUST3346,REST_02,2026-05-13 12:49:09,47.0,Delivered,3.0,170,Rava Kesari & Dosa Combo
OD11619,CUST3216,REST_01,2026-05-20 11:41:30,26.0,Delivered,4.0,790,Tandoori Chicken Half
OD11620,CUST2351,REST_04,2026-05-23 20:27:20,52.0,Delivered,1.0,300,Chilli Chicken Gravy
OD11621,CUST2955,REST_08,2026-05-22 17:31:20,62.0,Delivered,1.0,170,Kulfi Falooda
OD11622,CUST3108,REST_10,2026-04-29 14:04:20,27.0,Delivered,2.0,650,Chicken Seekh Kebab
OD11623,CUST3285,REST_07,2026-05-14 18:26:13,15.0,Delivered,5.0,350,Quinoa Avocado Salad
OD11624,CUST2488,REST_10,2026-05-17 20:38:01,52.0,Delivered,2.0,210,Tandoori Roti Combo
OD11625,CUST3072,REST_07,2026-04-27 19:31:00,54.0,Delivered,4.0,270,Caesar Salad
OD11626,CUST3201,REST_03,2026-05-01 15:38:57,39.0,Delivered,4.0,480,Mutton Biryani
OD11627,CUST2095,REST_04,2026-05-13 19:55:33,51.0,Delivered,4.0,280,Schezwan Noodles
OD11628,CUST2906,REST_04,2026-05-07 14:02:43,42.0,Delivered,2.0,250,Veg Hakka Noodles
OD11629,CUST2980,REST_10,2026-05-19 21:16:02,40.0,Delivered,2.0,390,Butter Chicken Combo Meal
OD11630,CUST2131,REST_05,2026-05-26 13:41:50,41.0,Delivered,3.0,1280,Farmhouse Veg Pizza
OD11631,CUST3286,REST_07,2026-05-11 21:28:39,29.0,Delivered,2.0,200,Fresh Fruit Bowl
OD11632,CUST2547,REST_06,2026-05-12 19:18:01,68.0,Delivered,1.0,230,Chicken Nuggets (9 pcs)
OD11633,CUST2885,REST_04,2026-05-12 18:13:55,37.0,Delivered,4.0,340,Chicken Fried Rice & Manchurian
OD11634,CUST2329,REST_10,2026-05-09 22:49:47,46.0,Delivered,3.0,310,Paneer Tikka
OD11635,CUST3356,REST_05,2026-05-06 09:54:47,29.0,Delivered,4.0,1110,Chicken Alfredo Pasta
OD11636,CUST2507,REST_10,2026-05-26 12:18:50,43.0,Delivered,2.0,200,Tandoori Roti Combo
OD11637,CUST3295,REST_10,2026-05-12 13:59:59,34.0,Delivered,5.0,350,Malai Kofta & Lachha Paratha
OD11638,CUST2340,REST_02,2026-04-29 19:18:57,52.0,Delivered,2.0,160,Filter Coffee & Upma
OD11639,CUST3432,REST_01,2026-05-22 17:01:47,33.0,Delivered,5.0,340,Kadhai Paneer with Roti
OD11640,CUST2495,REST_04,2026-05-17 14:59:47,,Cancelled,,490,Veg Hakka Noodles
OD11641,CUST2788,REST_03,2026-05-11 17:38:47,24.0,Delivered,5.0,360,Chicken Dum Biryani
OD11642,CUST2642,REST_07,2026-05-24 21:08:43,67.0,Delivered,1.0,340,Quinoa Avocado Salad
OD11643,CUST2897,REST_07,2026-05-16 20:06:30,38.0,Delivered,5.0,230,Fresh Fruit Bowl
OD11644,CUST2247,REST_05,2026-05-21 21:04:29,45.0,Delivered,4.0,340,Veg Arrabiata Penne Pasta
OD11645,CUST2108,REST_02,2026-05-09 12:36:37,61.0,Delivered,1.0,160,Filter Coffee & Upma
OD11646,CUST2375,REST_08,2026-05-06 19:01:13,44.0,Delivered,2.0,220,Sizzling Brownie
OD11647,CUST2556,REST_05,2026-05-02 19:34:14,43.0,Delivered,1.0,670,Veg Arrabiata Penne Pasta
OD11648,CUST2775,REST_02,2026-05-03 12:05:07,49.0,Delivered,3.0,190,Rava Kesari & Dosa Combo
OD11649,CUST2275,REST_01,2026-05-11 18:27:27,19.0,Delivered,5.0,320,Dal Makhani with Jeera Rice
OD11650,CUST3029,REST_01,2026-04-29 13:37:05,,Cancelled,,400,Butter Chicken & Naan
OD11651,CUST2513,REST_04,2026-04-30 22:00:31,38.0,Delivered,4.0,330,Chilli Chicken Gravy
OD11652,CUST3075,REST_06,2026-05-23 07:41:35,42.0,Delivered,2.0,230,Chicken Nuggets (9 pcs)
OD11653,CUST3478,REST_02,2026-05-03 05:02:03,31.0,Delivered,4.0,330,Rava Kesari & Dosa Combo
OD11654,CUST3326,REST_06,2026-05-20 09:18:50,22.0,Delivered,5.0,270,Classic Cheese Burger & Fries
OD11655,CUST2155,REST_05,2026-05-24 15:57:15,39.0,Delivered,3.0,340,Veg Arrabiata Penne Pasta
OD11656,CUST2077,REST_01,2026-05-02 07:24:08,33.0,Delivered,5.0,310,Dal Makhani with Jeera Rice
OD11657,CUST2525,REST_09,2026-05-17 12:11:33,49.0,Delivered,2.0,190,Hot Chocolate
OD11658,CUST2844,REST_05,2026-05-09 13:51:19,40.0,Delivered,4.0,350,Veg Arrabiata Penne Pasta
OD11659,CUST2396,REST_05,2026-05-21 17:42:30,35.0,Delivered,4.0,400,Chicken Alfredo Pasta
OD11660,CUST2364,REST_10,2026-05-21 09:44:11,28.0,Delivered,4.0,400,Tandoori Roti Combo
OD11661,CUST2548,REST_08,2026-05-24 19:03:39,44.0,Delivered,1.0,580,Sizzling Brownie
OD11662,CUST2511,REST_07,2026-05-11 20:17:59,49.0,Delivered,3.0,210,Fresh Fruit Bowl
OD11663,CUST3189,REST_07,2026-05-01 13:56:58,47.0,Delivered,3.0,360,Quinoa Avocado Salad
OD11664,CUST3313,REST_08,2026-05-03 22:18:26,65.0,Delivered,2.0,570,Sizzling Brownie
OD11665,CUST2806,REST_09,2026-05-04 19:48:56,41.0,Delivered,2.0,210,Iced Latte
OD11666,CUST2171,REST_02,2026-04-29 06:01:31,23.0,Delivered,5.0,290,Onion Uttapam
OD11667,CUST2009,REST_02,2026-05-14 21:01:35,44.0,Delivered,4.0,200,Rava Kesari & Dosa Combo
OD11668,CUST2585,REST_07,2026-05-11 15:20:41,24.0,Delivered,4.0,360,Quinoa Avocado Salad
OD11669,CUST2796,REST_05,2026-05-03 19:29:08,40.0,Delivered,4.0,340,Veg Arrabiata Penne Pasta
OD11670,CUST2225,REST_03,2026-05-15 17:39:26,24.0,Delivered,5.0,310,Egg Biryani
OD11671,CUST2674,REST_04,2026-04-30 12:50:49,,Cancelled,,180,Veg Spring Rolls (6 pcs)
OD11672,CUST3472,REST_04,2026-04-29 12:14:17,38.0,Delivered,4.0,180,Veg Spring Rolls (6 pcs)
OD11673,CUST3405,REST_05,2026-05-15 19:44:16,40.0,Delivered,5.0,190,Garlic Bread with Cheese
OD11674,CUST2515,REST_09,2026-05-15 20:37:42,,Cancelled,,230,Club Sandwich
OD11675,CUST2098,REST_05,2026-05-14 21:26:54,70.0,Delivered,1.0,740,Chicken Alfredo Pasta
OD11676,CUST3272,REST_10,2026-05-24 20:16:32,83.0,Delivered,1.0,340,Chicken Seekh Kebab
OD11677,CUST2153,REST_07,2026-05-26 19:13:58,43.0,Delivered,4.0,260,Caesar Salad
OD11678,CUST2177,REST_08,2026-04-30 19:19:59,38.0,Delivered,5.0,170,Chocolate Lava Cake
OD11679,CUST3138,REST_02,2026-05-11 21:19:20,46.0,Delivered,2.0,180,Rava Kesari & Dosa Combo
OD11680,CUST2976,REST_09,2026-05-03 19:15:35,56.0,Delivered,2.0,210,Hot Chocolate
OD11681,CUST2251,REST_10,2026-05-06 21:04:45,49.0,Delivered,3.0,360,Malai Kofta & Lachha Paratha
OD11682,CUST2888,REST_03,2026-05-07 12:20:11,28.0,Delivered,4.0,300,Egg Biryani
OD11683,CUST2997,REST_02,2026-05-26 21:27:24,42.0,Delivered,4.0,170,Onion Uttapam
OD11684,CUST2218,REST_10,2026-05-26 15:23:23,45.0,Delivered,3.0,370,Malai Kofta & Lachha Paratha
OD11685,CUST2177,REST_08,2026-05-08 15:01:16,28.0,Delivered,5.0,180,Red Velvet Pastry
OD11686,CUST2563,REST_02,2026-05-10 21:16:02,43.0,Delivered,2.0,150,Idli Vada Combo
OD11687,CUST2838,REST_09,2026-05-22 20:31:08,,Cancelled,,190,Classic Cold Coffee
OD11688,CUST2835,REST_03,2026-05-24 20:10:08,58.0,Delivered,2.0,470,Mutton Biryani
OD11689,CUST3098,REST_05,2026-05-08 23:37:38,20.0,Delivered,5.0,450,Farmhouse Veg Pizza
OD11690,CUST2549,REST_08,2026-05-22 10:07:59,46.0,Delivered,1.0,290,Kulfi Falooda
OD11691,CUST2398,REST_06,2026-05-13 19:59:52,32.0,Delivered,3.0,410,Chicken Nuggets (9 pcs)
OD11692,CUST3003,REST_09,2026-04-27 11:34:01,20.0,Delivered,5.0,260,Club Sandwich
OD11693,CUST2675,REST_04,2026-05-01 20:32:48,49.0,Delivered,2.0,270,Schezwan Noodles
OD11694,CUST3288,REST_03,2026-05-18 19:39:14,35.0,Delivered,3.0,380,Chicken Tikka Biryani
OD11695,CUST3455,REST_01,2026-04-30 12:42:39,32.0,Delivered,5.0,340,Paneer Butter Masala Meal
OD11696,CUST3132,REST_06,2026-05-06 20:01:34,38.0,Delivered,4.0,400,Spicy Paneer Wrap
OD11697,CUST3161,REST_01,2026-05-22 19:00:24,45.0,Delivered,3.0,310,Dal Makhani with Jeera Rice
OD11698,CUST2560,REST_06,2026-05-01 17:05:59,40.0,Delivered,3.0,400,Chicken Nuggets (9 pcs)
OD11699,CUST2287,REST_06,2026-05-20 15:39:10,21.0,Delivered,4.0,250,Crispy Chicken Burger
OD11700,CUST2370,REST_06,2026-05-01 21:11:13,32.0,Delivered,4.0,270,Classic Cheese Burger & Fries
OD11701,CUST2227,REST_06,2026-05-07 19:20:29,31.0,Delivered,4.0,230,Spicy Paneer Wrap
OD11702,CUST2031,REST_03,2026-05-21 12:42:09,46.0,Delivered,1.0,330,Veg Hyderabadi Biryani
OD11703,CUST2660,REST_09,2026-04-27 21:08:38,43.0,Delivered,3.0,190,Iced Latte
OD11704,CUST2995,REST_05,2026-04-29 15:34:59,21.0,Delivered,5.0,390,Chicken Alfredo Pasta
OD11705,CUST2784,REST_10,2026-05-01 21:48:02,67.0,Delivered,1.0,300,Paneer Tikka
OD11706,CUST2016,REST_03,2026-04-28 10:15:41,28.0,Delivered,4.0,470,Mutton Biryani
OD11707,CUST2174,REST_10,2026-05-15 19:27:06,55.0,Delivered,2.0,330,Chicken Seekh Kebab
OD11708,CUST3009,REST_02,2026-05-06 00:28:37,,Cancelled,,150,Filter Coffee & Upma
OD11709,CUST2586,REST_06,2026-05-09 19:29:29,49.0,Delivered,3.0,240,Crispy Chicken Burger
OD11710,CUST2910,REST_01,2026-05-16 20:06:58,77.0,Delivered,1.0,390,Butter Chicken & Naan
OD11711,CUST2120,REST_06,2026-04-27 20:10:35,46.0,Delivered,4.0,260,Crispy Chicken Burger
OD11712,CUST2152,REST_10,2026-04-30 15:40:35,21.0,Delivered,5.0,340,Chicken Seekh Kebab
OD11713,CUST2419,REST_06,2026-04-30 19:37:09,47.0,Delivered,3.0,240,Crispy Chicken Burger
OD11714,CUST2753,REST_07,2026-05-24 12:19:12,41.0,Delivered,2.0,660,Quinoa Avocado Salad
OD11715,CUST3167,REST_09,2026-05-19 20:13:09,38.0,Delivered,4.0,330,Classic Cold Coffee
OD11716,CUST2779,REST_10,2026-05-14 20:06:31,56.0,Delivered,2.0,330,Paneer Tikka
OD11717,CUST2431,REST_09,2026-05-18 21:52:24,57.0,Delivered,2.0,180,Iced Latte
OD11718,CUST2452,REST_06,2026-05-05 13:22:14,57.0,Delivered,1.0,530,Classic Cheese Burger & Fries
OD11719,CUST3257,REST_08,2026-05-15 16:10:17,22.0,Delivered,5.0,230,Sizzling Brownie
OD11720,CUST2645,REST_01,2026-05-14 22:54:07,39.0,Delivered,4.0,430,Tandoori Chicken Half
OD11721,CUST3457,REST_08,2026-05-19 06:28:37,42.0,Delivered,1.0,180,Red Velvet Pastry
OD11722,CUST2269,REST_10,2026-05-02 12:12:18,48.0,Delivered,1.0,350,Chicken Seekh Kebab
OD11723,CUST3162,REST_08,2026-04-28 17:13:14,19.0,Delivered,5.0,190,Red Velvet Pastry
OD11724,CUST2498,REST_04,2026-05-26 19:45:17,57.0,Delivered,1.0,310,Chilli Chicken Gravy
OD11725,CUST2025,REST_07,2026-05-24 21:51:33,59.0,Delivered,1.0,350,Quinoa Avocado Salad
OD11726,CUST2056,REST_01,2026-05-23 13:55:34,72.0,Delivered,1.0,350,Kadhai Paneer with Roti
OD11727,CUST2047,REST_09,2026-05-20 19:44:13,51.0,Delivered,3.0,370,Iced Latte
OD11728,CUST2891,REST_10,2026-05-05 19:53:03,36.0,Delivered,4.0,320,Paneer Tikka
OD11729,CUST3155,REST_04,2026-05-25 14:25:07,35.0,Delivered,5.0,250,Schezwan Noodles
OD11730,CUST3044,REST_10,2026-04-28 13:04:22,41.0,Delivered,3.0,330,Chicken Seekh Kebab
OD11731,CUST2392,REST_09,2026-05-11 13:32:03,44.0,Delivered,3.0,240,Club Sandwich
OD11732,CUST2782,REST_05,2026-04-28 09:59:38,27.0,Delivered,4.0,470,Farmhouse Veg Pizza
OD11733,CUST3242,REST_09,2026-04-30 17:06:23,31.0,Delivered,4.0,180,Classic Cold Coffee
OD11734,CUST3165,REST_10,2026-05-15 20:33:12,68.0,Delivered,1.0,410,Tandoori Roti Combo
OD11735,CUST2682,REST_09,2026-05-14 08:22:27,33.0,Delivered,4.0,200,Iced Latte
OD11736,CUST2491,REST_04,2026-05-09 15:09:06,36.0,Delivered,5.0,190,Veg Spring Rolls (6 pcs)
OD11737,CUST2677,REST_09,2026-05-16 21:00:52,62.0,Delivered,1.0,390,Hot Chocolate
OD11738,CUST2367,REST_08,2026-04-29 19:51:47,39.0,Delivered,4.0,210,Sizzling Brownie
OD11739,CUST2874,REST_02,2026-05-26 01:58:36,31.0,Delivered,4.0,150,Idli Vada Combo
OD11740,CUST3138,REST_03,2026-05-20 22:07:07,32.0,Delivered,4.0,310,Egg Biryani
OD11741,CUST2799,REST_04,2026-05-26 09:04:03,29.0,Delivered,5.0,240,Veg Hakka Noodles
OD11742,CUST2595,REST_08,2026-05-18 18:52:44,21.0,Delivered,4.0,320,Red Velvet Pastry
OD11743,CUST2875,REST_02,2026-05-08 20:27:22,63.0,Delivered,1.0,160,Filter Coffee & Upma
OD11744,CUST3396,REST_07,2026-05-05 05:39:45,35.0,Delivered,3.0,390,Fresh Fruit Bowl
OD11745,CUST3382,REST_07,2026-05-19 12:53:05,55.0,Delivered,2.0,340,High-Protein Chicken Salad
OD11746,CUST2044,REST_06,2026-05-21 10:31:50,22.0,Delivered,5.0,210,Spicy Paneer Wrap
OD11747,CUST2142,REST_07,2026-05-01 15:35:36,54.0,Delivered,2.0,340,Quinoa Avocado Salad
OD11748,CUST2417,REST_04,2026-05-25 09:11:06,19.0,Delivered,5.0,260,Schezwan Noodles
OD11749,CUST2788,REST_04,2026-05-18 21:51:09,35.0,Delivered,3.0,370,Veg Spring Rolls (6 pcs)
OD11750,CUST2867,REST_06,2026-05-14 14:54:56,33.0,Delivered,5.0,240,Crispy Chicken Burger
OD11751,CUST3412,REST_03,2026-05-18 20:50:01,46.0,Delivered,3.0,350,Chicken Dum Biryani
OD11752,CUST2294,REST_08,2026-05-25 19:46:12,74.0,Delivered,1.0,170,Chocolate Lava Cake
OD11753,CUST2412,REST_01,2026-05-15 07:52:38,46.0,Delivered,2.0,720,Butter Chicken & Naan
OD11754,CUST3089,REST_01,2026-05-05 08:34:56,26.0,Delivered,4.0,350,Paneer Butter Masala Meal
OD11755,CUST2538,REST_04,2026-05-10 15:34:58,31.0,Delivered,5.0,300,Chilli Chicken Gravy
OD11756,CUST2879,REST_09,2026-05-25 20:16:49,55.0,Delivered,3.0,250,Club Sandwich
OD11757,CUST2075,REST_06,2026-05-16 16:59:12,50.0,Delivered,4.0,470,Loaded Nachos
OD11758,CUST2256,REST_05,2026-05-10 20:22:41,53.0,Delivered,3.0,390,Chicken Alfredo Pasta
OD11759,CUST2202,REST_09,2026-05-14 21:13:26,74.0,Delivered,1.0,220,Paneer Tikka Sandwich
OD11760,CUST2180,REST_07,2026-05-02 12:27:27,42.0,Delivered,3.0,370,Quinoa Avocado Salad
OD11761,CUST2666,REST_03,2026-05-15 19:51:20,51.0,Delivered,3.0,470,Mutton Biryani
OD11762,CUST3236,REST_08,2026-05-08 22:34:01,53.0,Delivered,4.0,210,Sizzling Brownie
OD11763,CUST2676,REST_08,2026-05-01 19:55:22,,Cancelled,,150,Kulfi Falooda
OD11764,CUST3095,REST_09,2026-05-06 18:02:03,19.0,Delivered,5.0,210,Paneer Tikka Sandwich
OD11765,CUST2553,REST_10,2026-05-25 18:40:29,18.0,Delivered,4.0,330,Paneer Tikka
OD11766,CUST2402,REST_01,2026-04-27 08:32:25,19.0,Delivered,4.0,380,Butter Chicken & Naan
OD11767,CUST2823,REST_10,2026-05-24 12:38:13,44.0,Delivered,4.0,360,Malai Kofta & Lachha Paratha
OD11768,CUST3309,REST_04,2026-05-25 14:45:27,43.0,Delivered,3.0,480,Veg Hakka Noodles
OD11769,CUST3301,REST_05,2026-05-22 20:51:41,57.0,Delivered,1.0,420,Margherita Pizza 10-inch
OD11770,CUST2524,REST_01,2026-05-08 19:16:23,56.0,Delivered,1.0,430,Tandoori Chicken Half
OD11771,CUST3099,REST_07,2026-05-24 13:12:50,42.0,Delivered,1.0,610,High-Protein Chicken Salad
OD11772,CUST2328,REST_07,2026-05-13 13:09:01,35.0,Delivered,4.0,280,Greek Salad
OD11773,CUST2596,REST_04,2026-05-16 19:42:53,46.0,Delivered,4.0,340,Chicken Fried Rice & Manchurian
OD11774,CUST3483,REST_05,2026-04-28 19:34:17,,Cancelled,,350,Veg Arrabiata Penne Pasta
OD11775,CUST2017,REST_01,2026-05-21 19:12:36,41.0,Delivered,2.0,410,Tandoori Chicken Half
OD11776,CUST3209,REST_06,2026-05-18 00:35:59,21.0,Delivered,5.0,220,Spicy Paneer Wrap
OD11777,CUST2226,REST_06,2026-05-07 06:11:35,19.0,Delivered,4.0,260,Classic Cheese Burger & Fries
OD11778,CUST2951,REST_10,2026-05-21 18:54:53,27.0,Delivered,4.0,360,Malai Kofta & Lachha Paratha
OD11779,CUST2229,REST_03,2026-05-24 12:22:11,50.0,Delivered,2.0,470,Mutton Biryani
OD11780,CUST2228,REST_01,2026-05-14 20:22:22,30.0,Delivered,4.0,340,Kadhai Paneer with Roti
OD11781,CUST3237,REST_02,2026-05-18 21:19:22,63.0,Delivered,1.0,130,Filter Coffee & Upma
OD11782,CUST2856,REST_03,2026-05-03 13:16:24,55.0,Delivered,3.0,280,Egg Biryani
OD11783,CUST3473,REST_03,2026-05-10 06:16:33,40.0,Delivered,5.0,280,Egg Biryani
OD11784,CUST2122,REST_07,2026-05-22 21:59:39,55.0,Delivered,4.0,230,Fresh Fruit Bowl
OD11785,CUST3477,REST_10,2026-05-19 20:28:14,46.0,Delivered,3.0,390,Butter Chicken Combo Meal
OD11786,CUST3139,REST_09,2026-04-29 20:41:09,46.0,Delivered,3.0,250,Club Sandwich
OD11787,CUST2095,REST_03,2026-05-05 11:23:49,27.0,Delivered,4.0,390,Chicken Tikka Biryani
OD11788,CUST2226,REST_06,2026-05-03 21:33:54,74.0,Delivered,1.0,220,Spicy Paneer Wrap
OD11789,CUST2079,REST_03,2026-04-30 14:26:09,35.0,Delivered,4.0,380,Chicken Tikka Biryani
OD11790,CUST2132,REST_08,2026-05-01 20:05:47,53.0,Delivered,3.0,320,Red Velvet Pastry
OD11791,CUST3216,REST_09,2026-05-11 12:29:27,35.0,Delivered,4.0,180,Iced Latte
OD11792,CUST2925,REST_08,2026-05-16 20:53:46,50.0,Delivered,3.0,180,Chocolate Lava Cake
OD11793,CUST2364,REST_01,2026-05-13 13:31:35,38.0,Delivered,3.0,370,Paneer Butter Masala Meal
OD11794,CUST3218,REST_06,2026-05-17 20:17:00,74.0,Delivered,1.0,270,Loaded Nachos
OD11795,CUST3099,REST_03,2026-05-25 13:35:42,27.0,Delivered,4.0,470,Mutton Biryani
OD11796,CUST2500,REST_04,2026-05-02 12:06:15,45.0,Delivered,2.0,250,Schezwan Noodles
OD11797,CUST3404,REST_02,2026-05-23 01:34:36,61.0,Delivered,1.0,180,Onion Uttapam
OD11798,CUST2026,REST_08,2026-05-10 18:02:02,21.0,Delivered,5.0,170,Kulfi Falooda
OD11799,CUST2971,REST_01,2026-05-08 21:01:50,54.0,Delivered,3.0,410,Tandoori Chicken Half
OD11800,CUST3197,REST_02,2026-05-26 14:38:30,35.0,Delivered,3.0,150,Filter Coffee & Upma
OD11801,CUST2382,REST_08,2026-05-20 20:07:44,40.0,Delivered,4.0,210,Sizzling Brownie
OD11802,CUST2276,REST_07,2026-04-27 14:31:13,38.0,Delivered,3.0,510,Greek Salad
OD11803,CUST2340,REST_03,2026-04-29 13:50:25,41.0,Delivered,3.0,490,Mutton Biryani
OD11804,CUST3393,REST_02,2026-05-18 13:40:42,31.0,Delivered,5.0,290,Masala Dosa with Sambar
OD11805,CUST3090,REST_07,2026-04-27 21:24:20,48.0,Delivered,1.0,690,Quinoa Avocado Salad
OD11806,CUST2444,REST_07,2026-05-05 19:31:43,57.0,Delivered,2.0,210,Fresh Fruit Bowl
OD11807,CUST3181,REST_03,2026-05-02 18:03:24,32.0,Delivered,3.0,470,Mutton Biryani
OD11808,CUST2773,REST_03,2026-05-13 12:30:07,35.0,Delivered,4.0,410,Chicken Tikka Biryani
OD11809,CUST3336,REST_01,2026-05-20 20:46:33,36.0,Delivered,4.0,430,Tandoori Chicken Half
OD11810,CUST2117,REST_06,2026-04-30 10:34:54,24.0,Delivered,5.0,450,Crispy Chicken Burger
OD11811,CUST3270,REST_09,2026-05-12 12:51:43,50.0,Delivered,3.0,650,Club Sandwich
OD11812,CUST2345,REST_10,2026-05-11 21:47:55,48.0,Delivered,3.0,580,Tandoori Roti Combo
OD11813,CUST3149,REST_09,2026-05-19 20:41:37,37.0,Delivered,5.0,240,Club Sandwich
OD11814,CUST3317,REST_01,2026-05-22 20:10:07,70.0,Delivered,1.0,430,Tandoori Chicken Half
OD11815,CUST2158,REST_08,2026-04-28 20:02:19,44.0,Delivered,3.0,300,Kulfi Falooda
OD11816,CUST2761,REST_09,2026-05-25 22:55:15,63.0,Delivered,1.0,210,Hot Chocolate
OD11817,CUST2316,REST_03,2026-05-22 13:53:38,46.0,Delivered,1.0,320,Veg Hyderabadi Biryani
OD11818,CUST2218,REST_03,2026-05-14 15:36:38,18.0,Delivered,5.0,470,Mutton Biryani
OD11819,CUST2516,REST_06,2026-04-28 19:00:57,41.0,Delivered,3.0,260,Crispy Chicken Burger
OD11820,CUST2095,REST_10,2026-05-22 19:29:08,42.0,Delivered,3.0,220,Tandoori Roti Combo
OD11821,CUST2386,REST_06,2026-05-03 12:39:30,56.0,Delivered,2.0,260,Classic Cheese Burger & Fries
OD11822,CUST2464,REST_05,2026-05-17 12:10:47,38.0,Delivered,3.0,410,Margherita Pizza 10-inch
OD11823,CUST2481,REST_07,2026-05-14 10:50:19,16.0,Delivered,3.0,310,High-Protein Chicken Salad
OD11824,CUST2319,REST_01,2026-05-21 14:44:38,37.0,Delivered,3.0,350,Paneer Butter Masala Meal
OD11825,CUST3369,REST_09,2026-05-05 01:51:36,18.0,Delivered,5.0,230,Paneer Tikka Sandwich
OD11826,CUST3270,REST_02,2026-05-17 11:53:20,30.0,Delivered,3.0,140,Idli Vada Combo
OD11827,CUST2156,REST_02,2026-05-16 13:47:36,43.0,Delivered,2.0,160,Masala Dosa with Sambar
OD11828,CUST3195,REST_07,2026-05-04 13:24:05,35.0,Delivered,4.0,210,Fresh Fruit Bowl
OD11829,CUST3247,REST_01,2026-05-17 19:09:18,48.0,Delivered,3.0,350,Kadhai Paneer with Roti
OD11830,CUST2392,REST_04,2026-05-05 12:23:06,,Cancelled,,260,Schezwan Noodles
OD11831,CUST2522,REST_01,2026-05-02 13:46:35,44.0,Delivered,3.0,350,Kadhai Paneer with Roti
OD11832,CUST2697,REST_01,2026-05-24 19:57:59,,Cancelled,,650,Kadhai Paneer with Roti
OD11833,CUST2983,REST_01,2026-05-03 14:06:53,35.0,Delivered,3.0,370,Paneer Butter Masala Meal
OD11834,CUST2413,REST_01,2026-05-14 18:29:13,29.0,Delivered,4.0,390,Butter Chicken & Naan
OD11835,CUST2773,REST_09,2026-05-10 20:29:44,45.0,Delivered,2.0,230,Paneer Tikka Sandwich
OD11836,CUST2166,REST_01,2026-05-19 22:28:06,50.0,Delivered,2.0,360,Paneer Butter Masala Meal
OD11837,CUST3337,REST_06,2026-05-18 09:31:42,32.0,Delivered,4.0,290,Classic Cheese Burger & Fries
OD11838,CUST2582,REST_04,2026-05-07 06:59:17,19.0,Delivered,4.0,280,Schezwan Noodles
OD11839,CUST3449,REST_10,2026-05-23 20:57:16,51.0,Delivered,2.0,320,Paneer Tikka
OD11840,CUST2679,REST_08,2026-05-07 07:55:43,35.0,Delivered,2.0,160,Chocolate Lava Cake
OD11841,CUST2354,REST_07,2026-05-21 20:33:41,38.0,Delivered,3.0,310,High-Protein Chicken Salad
OD11842,CUST2790,REST_04,2026-05-23 09:49:05,33.0,Delivered,5.0,260,Schezwan Noodles
OD11843,CUST3329,REST_04,2026-05-24 21:31:29,68.0,Delivered,1.0,260,Veg Hakka Noodles
OD11844,CUST2301,REST_01,2026-05-18 13:40:38,39.0,Delivered,4.0,350,Paneer Butter Masala Meal
OD11845,CUST2215,REST_09,2026-05-08 17:26:05,31.0,Delivered,5.0,240,Club Sandwich
OD11846,CUST2915,REST_05,2026-05-10 12:26:56,44.0,Delivered,2.0,670,Veg Arrabiata Penne Pasta
OD11847,CUST3258,REST_09,2026-05-12 22:54:23,38.0,Delivered,5.0,200,Classic Cold Coffee
OD11848,CUST3460,REST_06,2026-05-11 20:56:52,42.0,Delivered,3.0,240,Crispy Chicken Burger
OD11849,CUST2974,REST_05,2026-05-24 18:29:22,37.0,Delivered,5.0,410,Margherita Pizza 10-inch
OD11850,CUST2650,REST_08,2026-05-15 07:02:41,40.0,Delivered,4.0,180,Red Velvet Pastry
OD11851,CUST2816,REST_06,2026-05-07 13:51:21,47.0,Delivered,1.0,260,Loaded Nachos
OD11852,CUST2267,REST_07,2026-04-28 13:01:54,34.0,Delivered,4.0,710,Greek Salad
OD11853,CUST2741,REST_07,2026-04-29 09:06:43,29.0,Delivered,4.0,290,Caesar Salad
OD11854,CUST2823,REST_07,2026-05-10 21:32:41,54.0,Delivered,3.0,280,Caesar Salad
OD11855,CUST2843,REST_07,2026-04-27 20:45:08,53.0,Delivered,4.0,260,Greek Salad
OD11856,CUST3268,REST_02,2026-04-27 20:36:45,44.0,Delivered,3.0,180,Rava Kesari & Dosa Combo
OD11857,CUST3394,REST_04,2026-04-29 13:22:04,51.0,Delivered,3.0,190,Veg Spring Rolls (6 pcs)
OD11858,CUST2924,REST_04,2026-05-20 20:21:10,38.0,Delivered,5.0,310,Chicken Fried Rice & Manchurian
OD11859,CUST3241,REST_05,2026-05-04 20:30:41,64.0,Delivered,1.0,340,Veg Arrabiata Penne Pasta
OD11860,CUST2848,REST_05,2026-05-03 21:04:32,58.0,Delivered,1.0,440,Farmhouse Veg Pizza
OD11861,CUST2652,REST_09,2026-05-19 11:35:38,37.0,Delivered,5.0,250,Club Sandwich
OD11862,CUST3071,REST_05,2026-05-22 18:56:55,38.0,Delivered,5.0,810,Margherita Pizza 10-inch
OD11863,CUST2421,REST_02,2026-05-19 20:46:03,51.0,Delivered,3.0,130,Filter Coffee & Upma
OD11864,CUST3441,REST_10,2026-05-16 21:36:29,61.0,Delivered,1.0,310,Paneer Tikka
OD11865,CUST2968,REST_04,2026-05-09 09:15:05,36.0,Delivered,5.0,250,Schezwan Noodles
OD11866,CUST2657,REST_04,2026-05-11 17:05:42,48.0,Delivered,2.0,260,Veg Hakka Noodles
OD11867,CUST3258,REST_09,2026-05-10 20:45:27,85.0,Delivered,1.0,210,Hot Chocolate
OD11868,CUST2377,REST_10,2026-05-24 21:17:21,53.0,Delivered,1.0,410,Butter Chicken Combo Meal
OD11869,CUST2047,REST_07,2026-05-09 20:05:01,,Cancelled,,530,Caesar Salad
OD11870,CUST3304,REST_03,2026-04-30 15:09:26,26.0,Delivered,3.0,480,Mutton Biryani
OD11871,CUST3307,REST_07,2026-05-15 20:09:01,65.0,Delivered,2.0,370,Quinoa Avocado Salad
OD11872,CUST2472,REST_03,2026-05-11 07:12:10,36.0,Delivered,4.0,310,Veg Hyderabadi Biryani
OD11873,CUST3145,REST_06,2026-05-03 19:07:09,66.0,Delivered,1.0,250,Loaded Nachos
OD11874,CUST3387,REST_09,2026-05-13 15:51:24,23.0,Delivered,4.0,240,Club Sandwich
OD11875,CUST2537,REST_01,2026-05-05 17:51:25,33.0,Delivered,5.0,420,Tandoori Chicken Half
OD11876,CUST3300,REST_09,2026-05-19 13:02:06,43.0,Delivered,4.0,200,Classic Cold Coffee
OD11877,CUST3145,REST_08,2026-05-09 14:44:58,49.0,Delivered,4.0,180,Kulfi Falooda
OD11878,CUST3212,REST_01,2026-04-27 21:30:53,53.0,Delivered,4.0,1080,Butter Chicken & Naan
OD11879,CUST3261,REST_01,2026-05-21 20:16:54,49.0,Delivered,2.0,350,Paneer Butter Masala Meal
OD11880,CUST2631,REST_02,2026-05-22 19:03:23,58.0,Delivered,1.0,130,Filter Coffee & Upma
OD11881,CUST2838,REST_08,2026-05-01 20:25:31,53.0,Delivered,2.0,190,Red Velvet Pastry
OD11882,CUST2680,REST_07,2026-05-18 22:34:42,44.0,Delivered,1.0,350,Quinoa Avocado Salad
OD11883,CUST3080,REST_04,2026-05-25 18:21:27,26.0,Delivered,3.0,320,Chicken Fried Rice & Manchurian
OD11884,CUST3015,REST_09,2026-05-22 19:30:17,48.0,Delivered,4.0,260,Club Sandwich
OD11885,CUST3303,REST_04,2026-05-18 20:21:38,49.0,Delivered,2.0,480,Veg Hakka Noodles
OD11886,CUST2567,REST_02,2026-05-09 20:59:10,,Cancelled,,160,Masala Dosa with Sambar
OD11887,CUST2247,REST_02,2026-05-04 13:26:22,58.0,Delivered,1.0,160,Filter Coffee & Upma
OD11888,CUST3253,REST_07,2026-05-20 01:51:03,36.0,Delivered,5.0,280,Greek Salad
OD11889,CUST2812,REST_04,2026-05-17 19:11:59,46.0,Delivered,2.0,260,Veg Hakka Noodles
OD11890,CUST2626,REST_10,2026-05-15 19:49:16,54.0,Delivered,1.0,330,Paneer Tikka
OD11891,CUST2563,REST_01,2026-04-29 21:21:55,57.0,Delivered,1.0,360,Paneer Butter Masala Meal
OD11892,CUST2820,REST_08,2026-05-10 21:22:15,47.0,Delivered,3.0,320,Chocolate Lava Cake
OD11893,CUST2826,REST_03,2026-05-09 22:54:50,38.0,Delivered,5.0,300,Egg Biryani
OD11894,CUST2715,REST_07,2026-05-08 20:10:05,70.0,Delivered,1.0,260,Greek Salad
OD11895,CUST3019,REST_08,2026-05-02 15:26:16,40.0,Delivered,4.0,230,Gulab Jamun (4 pcs)
OD11896,CUST2810,REST_01,2026-05-23 14:42:50,46.0,Delivered,3.0,400,Tandoori Chicken Half
OD11897,CUST3173,REST_05,2026-05-02 14:43:06,46.0,Delivered,2.0,350,Veg Arrabiata Penne Pasta
OD11898,CUST3169,REST_08,2026-05-21 13:57:02,33.0,Delivered,4.0,150,Gulab Jamun (4 pcs)
OD11899,CUST3451,REST_04,2026-05-18 18:21:55,31.0,Delivered,4.0,280,Schezwan Noodles
OD11900,CUST2545,REST_10,2026-04-30 14:23:37,24.0,Delivered,5.0,340,Chicken Seekh Kebab
OD11901,CUST3318,REST_05,2026-05-16 22:15:42,53.0,Delivered,3.0,450,Farmhouse Veg Pizza
OD11902,CUST2960,REST_09,2026-05-05 19:46:40,34.0,Delivered,3.0,190,Hot Chocolate
OD11903,CUST2958,REST_04,2026-05-01 19:23:22,54.0,Delivered,2.0,190,Veg Spring Rolls (6 pcs)
OD11904,CUST2742,REST_09,2026-05-22 21:33:49,41.0,Delivered,3.0,260,Club Sandwich
OD11905,CUST3342,REST_05,2026-05-05 15:37:28,50.0,Delivered,2.0,440,Farmhouse Veg Pizza
OD11906,CUST3476,REST_04,2026-05-15 14:02:33,57.0,Delivered,1.0,270,Schezwan Noodles
OD11907,CUST3247,REST_07,2026-05-18 06:54:02,28.0,Delivered,4.0,290,Caesar Salad
OD11908,CUST3324,REST_05,2026-05-02 22:20:20,53.0,Delivered,3.0,200,Garlic Bread with Cheese
OD11909,CUST3362,REST_09,2026-05-08 23:50:27,33.0,Delivered,4.0,200,Classic Cold Coffee
OD11910,CUST3002,REST_01,2026-04-29 22:14:51,54.0,Delivered,4.0,410,Tandoori Chicken Half
OD11911,CUST2097,REST_10,2026-05-17 13:39:14,54.0,Delivered,2.0,400,Tandoori Roti Combo
OD11912,CUST2848,REST_08,2026-04-27 12:49:54,30.0,Delivered,5.0,460,Chocolate Lava Cake
OD11913,CUST3288,REST_07,2026-04-27 18:54:21,22.0,Delivered,5.0,320,High-Protein Chicken Salad
OD11914,CUST2542,REST_02,2026-05-15 10:51:08,33.0,Delivered,4.0,250,Idli Vada Combo
OD11915,CUST2661,REST_03,2026-05-22 19:36:51,57.0,Delivered,1.0,280,Egg Biryani
OD11916,CUST2925,REST_05,2026-05-02 14:52:20,32.0,Delivered,4.0,350,Veg Arrabiata Penne Pasta
OD11917,CUST3426,REST_06,2026-04-27 20:09:03,70.0,Delivered,2.0,290,Classic Cheese Burger & Fries
OD11918,CUST2444,REST_08,2026-05-25 13:31:05,33.0,Delivered,3.0,200,Sizzling Brownie
OD11919,CUST3356,REST_09,2026-04-28 21:07:11,48.0,Delivered,4.0,200,Iced Latte
OD11920,CUST3041,REST_08,2026-04-28 20:00:26,36.0,Delivered,4.0,410,Sizzling Brownie
OD11921,CUST3237,REST_06,2026-04-29 19:11:06,31.0,Delivered,3.0,290,Classic Cheese Burger & Fries
OD11922,CUST3149,REST_01,2026-05-04 07:56:52,29.0,Delivered,5.0,330,Dal Makhani with Jeera Rice
OD11923,CUST2526,REST_10,2026-04-29 15:20:45,35.0,Delivered,4.0,200,Tandoori Roti Combo
OD11924,CUST3166,REST_01,2026-05-04 13:21:52,42.0,Delivered,4.0,360,Kadhai Paneer with Roti
OD11925,CUST2766,REST_09,2026-05-01 19:29:00,,Cancelled,,200,Classic Cold Coffee
OD11926,CUST2242,REST_06,2026-05-09 20:49:55,49.0,Delivered,3.0,240,Crispy Chicken Burger
OD11927,CUST2052,REST_09,2026-05-01 21:59:38,77.0,Delivered,1.0,190,Classic Cold Coffee
OD11928,CUST3398,REST_10,2026-05-25 20:54:05,36.0,Delivered,5.0,350,Chicken Seekh Kebab
OD11929,CUST3446,REST_06,2026-05-06 07:51:48,25.0,Delivered,5.0,270,Classic Cheese Burger & Fries
OD11930,CUST2753,REST_09,2026-05-07 21:55:38,41.0,Delivered,3.0,170,Classic Cold Coffee
OD11931,CUST2394,REST_01,2026-05-25 19:04:08,31.0,Delivered,2.0,330,Dal Makhani with Jeera Rice
OD11932,CUST3108,REST_04,2026-05-09 19:07:48,56.0,Delivered,1.0,190,Veg Spring Rolls (6 pcs)
OD11933,CUST2020,REST_07,2026-05-17 21:59:37,58.0,Delivered,1.0,330,High-Protein Chicken Salad
OD11934,CUST2485,REST_01,2026-05-10 20:46:46,73.0,Delivered,1.0,360,Paneer Butter Masala Meal
OD11935,CUST2619,REST_09,2026-05-19 21:28:46,78.0,Delivered,1.0,360,Hot Chocolate
OD11936,CUST2593,REST_03,2026-05-19 21:51:30,33.0,Delivered,2.0,300,Egg Biryani
OD11937,CUST2969,REST_07,2026-05-20 14:21:29,40.0,Delivered,4.0,620,High-Protein Chicken Salad
OD11938,CUST2431,REST_05,2026-05-15 01:32:16,47.0,Delivered,4.0,170,Garlic Bread with Cheese
OD11939,CUST2777,REST_10,2026-05-13 11:26:50,29.0,Delivered,4.0,410,Butter Chicken Combo Meal
OD11940,CUST2935,REST_08,2026-05-03 19:57:52,52.0,Delivered,3.0,150,Kulfi Falooda
OD11941,CUST2910,REST_02,2026-05-08 11:35:38,23.0,Delivered,3.0,170,Masala Dosa with Sambar
OD11942,CUST2344,REST_05,2026-05-21 13:50:09,49.0,Delivered,3.0,390,Chicken Alfredo Pasta
OD11943,CUST3451,REST_01,2026-05-18 21:25:39,41.0,Delivered,2.0,420,Tandoori Chicken Half
OD11944,CUST2662,REST_03,2026-05-04 18:53:03,38.0,Delivered,5.0,390,Chicken Tikka Biryani
OD11945,CUST2689,REST_05,2026-04-30 22:40:48,34.0,Delivered,5.0,190,Garlic Bread with Cheese
OD11946,CUST3085,REST_01,2026-05-06 22:23:21,41.0,Delivered,2.0,330,Dal Makhani with Jeera Rice
OD11947,CUST3115,REST_07,2026-05-15 22:10:07,53.0,Delivered,2.0,260,Caesar Salad
OD11948,CUST3148,REST_07,2026-05-12 19:49:30,44.0,Delivered,2.0,490,Greek Salad
OD11949,CUST2323,REST_05,2026-05-23 10:58:42,26.0,Delivered,5.0,200,Garlic Bread with Cheese
OD11950,CUST3110,REST_09,2026-04-29 20:11:33,42.0,Delivered,1.0,170,Classic Cold Coffee
OD11951,CUST3395,REST_03,2026-05-08 22:04:25,45.0,Delivered,2.0,380,Chicken Dum Biryani
OD11952,CUST2552,REST_07,2026-05-20 06:06:22,26.0,Delivered,4.0,280,Greek Salad
OD11953,CUST2350,REST_01,2026-05-14 21:21:18,78.0,Delivered,1.0,690,Paneer Butter Masala Meal
OD11954,CUST2291,REST_04,2026-05-22 09:16:21,23.0,Delivered,5.0,180,Veg Spring Rolls (6 pcs)
OD11955,CUST3360,REST_09,2026-05-11 01:23:02,23.0,Delivered,3.0,190,Hot Chocolate
OD11956,CUST3371,REST_03,2026-05-01 07:54:35,35.0,Delivered,5.0,370,Chicken Dum Biryani
OD11957,CUST3158,REST_08,2026-05-15 14:10:37,53.0,Delivered,4.0,310,Chocolate Lava Cake
OD11958,CUST3238,REST_08,2026-05-25 20:21:53,,Cancelled,,170,Chocolate Lava Cake
OD11959,CUST2635,REST_03,2026-05-15 15:24:08,28.0,Delivered,5.0,330,Veg Hyderabadi Biryani
OD11960,CUST3178,REST_08,2026-05-11 18:56:48,17.0,Delivered,5.0,230,Sizzling Brownie
OD11961,CUST2624,REST_10,2026-05-24 14:30:07,71.0,Delivered,1.0,210,Tandoori Roti Combo
OD11962,CUST2089,REST_03,2026-05-04 13:34:41,29.0,Delivered,4.0,740,Chicken Tikka Biryani
OD11963,CUST2104,REST_01,2026-05-10 20:30:14,38.0,Delivered,4.0,370,Butter Chicken & Naan
OD11964,CUST2284,REST_03,2026-05-04 15:38:14,27.0,Delivered,2.0,310,Veg Hyderabadi Biryani
OD11965,CUST2121,REST_02,2026-05-19 10:29:11,30.0,Delivered,5.0,180,Rava Kesari & Dosa Combo
OD11966,CUST2863,REST_10,2026-05-01 21:51:14,71.0,Delivered,1.0,640,Chicken Seekh Kebab
OD11967,CUST3179,REST_09,2026-05-18 16:44:30,20.0,Delivered,5.0,360,Iced Latte
OD11968,CUST2341,REST_07,2026-05-04 15:00:02,33.0,Delivered,4.0,370,Quinoa Avocado Salad
OD11969,CUST3303,REST_01,2026-05-24 21:19:19,55.0,Delivered,2.0,430,Tandoori Chicken Half
OD11970,CUST2533,REST_01,2026-05-16 18:09:46,41.0,Delivered,2.0,310,Dal Makhani with Jeera Rice
OD11971,CUST3170,REST_04,2026-05-09 19:17:20,82.0,Delivered,1.0,190,Veg Spring Rolls (6 pcs)
OD11972,CUST3052,REST_08,2026-05-04 21:52:32,44.0,Delivered,3.0,170,Kulfi Falooda
OD11973,CUST2510,REST_04,2026-04-30 21:09:18,37.0,Delivered,4.0,250,Veg Hakka Noodles
OD11974,CUST2940,REST_03,2026-05-26 08:03:08,28.0,Delivered,5.0,370,Chicken Dum Biryani
OD11975,CUST2184,REST_06,2026-05-15 22:17:40,48.0,Delivered,3.0,230,Spicy Paneer Wrap
OD11976,CUST2162,REST_10,2026-05-01 14:32:51,45.0,Delivered,2.0,400,Butter Chicken Combo Meal
OD11977,CUST2708,REST_01,2026-05-06 19:16:59,49.0,Delivered,2.0,310,Dal Makhani with Jeera Rice
OD11978,CUST2734,REST_08,2026-05-04 12:32:40,33.0,Delivered,4.0,330,Chocolate Lava Cake
OD11979,CUST2841,REST_03,2026-05-19 16:20:08,15.0,Delivered,4.0,370,Chicken Dum Biryani
OD11980,CUST2086,REST_05,2026-05-08 20:26:38,38.0,Delivered,4.0,410,Chicken Alfredo Pasta
OD11981,CUST2050,REST_09,2026-04-29 21:48:48,37.0,Delivered,4.0,230,Club Sandwich
OD11982,CUST3052,REST_09,2026-05-22 22:25:42,46.0,Delivered,2.0,180,Classic Cold Coffee
OD11983,CUST3098,REST_06,2026-05-26 19:22:40,42.0,Delivered,3.0,280,Classic Cheese Burger & Fries
OD11984,CUST3099,REST_03,2026-05-01 20:10:52,49.0,Delivered,1.0,280,Egg Biryani
OD11985,CUST2917,REST_03,2026-04-27 17:14:46,18.0,Delivered,5.0,490,Mutton Biryani
OD11986,CUST3066,REST_10,2026-05-05 14:18:38,43.0,Delivered,3.0,400,Butter Chicken Combo Meal
OD11987,CUST2073,REST_07,2026-04-29 21:21:48,34.0,Delivered,4.0,280,Greek Salad
OD11988,CUST3370,REST_10,2026-05-04 22:05:32,,Cancelled,,690,Malai Kofta & Lachha Paratha
OD11989,CUST2430,REST_10,2026-05-13 21:22:27,54.0,Delivered,3.0,300,Paneer Tikka
OD11990,CUST2988,REST_04,2026-05-19 19:06:37,34.0,Delivered,4.0,240,Veg Hakka Noodles
OD11991,CUST2026,REST_02,2026-05-08 22:18:21,58.0,Delivered,1.0,120,Idli Vada Combo
OD11992,CUST3475,REST_01,2026-05-12 15:29:15,19.0,Delivered,5.0,340,Kadhai Paneer with Roti
OD11993,CUST2415,REST_05,2026-05-15 08:14:20,47.0,Delivered,3.0,380,Chicken Alfredo Pasta
OD11994,CUST2570,REST_02,2026-05-05 16:24:09,18.0,Delivered,5.0,440,Onion Uttapam
OD11995,CUST2322,REST_03,2026-04-28 00:08:15,28.0,Delivered,5.0,320,Veg Hyderabadi Biryani
OD11996,CUST2783,REST_08,2026-04-29 20:33:36,41.0,Delivered,3.0,380,Sizzling Brownie
OD11997,CUST2025,REST_06,2026-05-14 20:54:11,50.0,Delivered,3.0,290,Classic Cheese Burger & Fries
OD11998,CUST2996,REST_10,2026-05-10 09:08:30,31.0,Delivered,5.0,360,Chicken Seekh Kebab
OD11999,CUST2328,REST_05,2026-04-29 13:29:15,32.0,Delivered,3.0,200,Garlic Bread with Cheese
OD12000,CUST3092,REST_01,2026-05-22 11:16:50,36.0,Delivered,4.0,370,Paneer Butter Masala Meal
OD12001,CUST2175,REST_01,2026-05-15 21:07:53,63.0,Delivered,1.0,300,Dal Makhani with Jeera Rice
OD12002,CUST3348,REST_10,2026-05-14 20:13:18,37.0,Delivered,5.0,610,Paneer Tikka
OD12003,CUST3057,REST_02,2026-05-07 21:44:45,58.0,Delivered,1.0,260,Masala Dosa with Sambar
OD12004,CUST2005,REST_05,2026-05-15 20:50:03,48.0,Delivered,4.0,350,Veg Arrabiata Penne Pasta
OD12005,CUST2215,REST_05,2026-05-12 11:48:09,45.0,Delivered,2.0,360,Veg Arrabiata Penne Pasta
OD12006,CUST2932,REST_05,2026-05-16 19:39:58,45.0,Delivered,2.0,430,Margherita Pizza 10-inch
OD12007,CUST3260,REST_05,2026-04-29 00:24:01,,Cancelled,,430,Margherita Pizza 10-inch
OD12008,CUST2924,REST_06,2026-05-26 22:15:05,35.0,Delivered,4.0,440,Crispy Chicken Burger
OD12009,CUST2834,REST_02,2026-05-26 13:03:17,37.0,Delivered,5.0,150,Idli Vada Combo
OD12010,CUST2776,REST_10,2026-05-11 05:41:15,40.0,Delivered,3.0,400,Butter Chicken Combo Meal
OD12011,CUST2960,REST_01,2026-05-07 19:19:38,56.0,Delivered,2.0,380,Butter Chicken & Naan
OD12012,CUST2906,REST_02,2026-04-28 13:01:10,34.0,Delivered,2.0,160,Filter Coffee & Upma
OD12013,CUST2685,REST_10,2026-05-18 20:19:42,54.0,Delivered,3.0,210,Tandoori Roti Combo
OD12014,CUST2984,REST_01,2026-04-27 21:48:03,44.0,Delivered,3.0,360,Paneer Butter Masala Meal
OD12015,CUST2713,REST_04,2026-05-11 13:29:13,29.0,Delivered,4.0,330,Chilli Chicken Gravy
OD12016,CUST2312,REST_04,2026-05-18 13:39:09,41.0,Delivered,2.0,370,Veg Spring Rolls (6 pcs)
OD12017,CUST3437,REST_02,2026-05-25 20:58:38,37.0,Delivered,4.0,130,Idli Vada Combo
OD12018,CUST2208,REST_08,2026-04-30 21:07:24,34.0,Delivered,4.0,350,Red Velvet Pastry
OD12019,CUST2385,REST_06,2026-05-15 19:38:28,49.0,Delivered,4.0,230,Spicy Paneer Wrap
OD12020,CUST3228,REST_04,2026-04-30 20:25:25,35.0,Delivered,3.0,280,Schezwan Noodles
OD12021,CUST2675,REST_01,2026-04-27 07:05:50,,Cancelled,,670,Kadhai Paneer with Roti
OD12022,CUST2171,REST_06,2026-05-11 12:16:50,33.0,Delivered,5.0,210,Chicken Nuggets (9 pcs)
OD12023,CUST2003,REST_01,2026-05-06 20:24:53,57.0,Delivered,1.0,340,Kadhai Paneer with Roti
OD12024,CUST2830,REST_08,2026-05-05 20:33:07,44.0,Delivered,1.0,180,Red Velvet Pastry
OD12025,CUST2650,REST_07,2026-05-21 23:35:08,,Cancelled,,270,Caesar Salad
OD12026,CUST2437,REST_02,2026-04-30 18:04:40,23.0,Delivered,5.0,160,Filter Coffee & Upma
OD12027,CUST3414,REST_07,2026-05-17 19:04:26,37.0,Delivered,4.0,210,Fresh Fruit Bowl
OD12028,CUST2139,REST_10,2026-05-25 19:56:56,34.0,Delivered,4.0,320,Paneer Tikka
OD12029,CUST3195,REST_05,2026-05-02 22:20:11,48.0,Delivered,3.0,340,Garlic Bread with Cheese
OD12030,CUST3290,REST_07,2026-05-25 11:19:50,21.0,Delivered,5.0,200,Fresh Fruit Bowl
OD12031,CUST3065,REST_01,2026-05-07 13:22:38,39.0,Delivered,5.0,330,Dal Makhani with Jeera Rice
OD12032,CUST3087,REST_08,2026-05-19 12:45:46,31.0,Delivered,4.0,170,Kulfi Falooda
OD12033,CUST2813,REST_07,2026-05-06 08:50:00,21.0,Delivered,5.0,270,Caesar Salad
OD12034,CUST3003,REST_08,2026-05-08 22:54:37,49.0,Delivered,3.0,180,Red Velvet Pastry
OD12035,CUST2175,REST_02,2026-05-26 17:13:45,,Cancelled,,150,Masala Dosa with Sambar
OD12036,CUST2805,REST_08,2026-05-14 13:54:10,32.0,Delivered,4.0,210,Sizzling Brownie
OD12037,CUST2066,REST_09,2026-05-17 19:32:29,74.0,Delivered,1.0,190,Iced Latte
OD12038,CUST3075,REST_04,2026-05-10 23:48:58,23.0,Delivered,5.0,270,Veg Hakka Noodles
OD12039,CUST2132,REST_10,2026-05-12 13:43:04,41.0,Delivered,2.0,400,Tandoori Roti Combo
OD12040,CUST3289,REST_07,2026-04-29 20:01:01,45.0,Delivered,3.0,330,High-Protein Chicken Salad
OD12041,CUST2525,REST_03,2026-04-28 05:26:00,17.0,Delivered,5.0,480,Mutton Biryani
OD12042,CUST3340,REST_09,2026-05-18 11:52:40,20.0,Delivered,5.0,190,Iced Latte
OD12043,CUST2891,REST_10,2026-04-30 21:45:25,54.0,Delivered,2.0,580,Paneer Tikka
OD12044,CUST3489,REST_05,2026-05-05 21:04:01,44.0,Delivered,3.0,400,Margherita Pizza 10-inch
OD12045,CUST3405,REST_09,2026-04-30 14:41:06,29.0,Delivered,4.0,210,Hot Chocolate
OD12046,CUST2349,REST_09,2026-05-08 01:52:01,37.0,Delivered,4.0,250,Club Sandwich
OD12047,CUST2251,REST_06,2026-05-04 20:08:42,43.0,Delivered,3.0,250,Crispy Chicken Burger
OD12048,CUST3303,REST_05,2026-05-19 21:19:31,48.0,Delivered,3.0,400,Chicken Alfredo Pasta
OD12049,CUST2179,REST_02,2026-05-18 17:11:29,23.0,Delivered,5.0,190,Rava Kesari & Dosa Combo
OD12050,CUST2453,REST_02,2026-04-27 13:22:51,,Cancelled,,150,Onion Uttapam
OD12051,CUST2965,REST_02,2026-05-01 12:57:14,52.0,Delivered,3.0,150,Filter Coffee & Upma
OD12052,CUST2723,REST_10,2026-05-16 23:05:06,42.0,Delivered,3.0,230,Tandoori Roti Combo
OD12053,CUST2958,REST_07,2026-05-24 20:05:24,61.0,Delivered,2.0,360,Quinoa Avocado Salad
OD12054,CUST2714,REST_03,2026-05-19 18:49:24,23.0,Delivered,5.0,480,Mutton Biryani
OD12055,CUST2145,REST_03,2026-05-26 18:24:57,23.0,Delivered,5.0,390,Chicken Tikka Biryani
OD12056,CUST3238,REST_08,2026-05-17 21:21:44,55.0,Delivered,3.0,290,Kulfi Falooda
OD12057,CUST3064,REST_06,2026-04-30 19:49:16,56.0,Delivered,2.0,260,Crispy Chicken Burger
OD12058,CUST2018,REST_01,2026-05-16 21:46:41,48.0,Delivered,3.0,420,Tandoori Chicken Half
OD12059,CUST2089,REST_08,2026-05-01 14:49:59,62.0,Delivered,1.0,210,Sizzling Brownie
OD12060,CUST2224,REST_07,2026-05-15 20:32:13,63.0,Delivered,1.0,520,Caesar Salad
OD12061,CUST2879,REST_06,2026-05-04 21:31:21,54.0,Delivered,3.0,490,Loaded Nachos
OD12062,CUST2447,REST_05,2026-05-11 19:06:51,44.0,Delivered,2.0,410,Margherita Pizza 10-inch
OD12063,CUST2648,REST_01,2026-05-02 12:12:45,41.0,Delivered,2.0,380,Butter Chicken & Naan
OD12064,CUST2267,REST_09,2026-05-04 09:08:59,20.0,Delivered,5.0,190,Hot Chocolate
OD12065,CUST3375,REST_06,2026-05-16 20:12:08,50.0,Delivered,3.0,290,Classic Cheese Burger & Fries
OD12066,CUST2676,REST_01,2026-05-08 20:02:58,38.0,Delivered,5.0,350,Kadhai Paneer with Roti
OD12067,CUST2634,REST_05,2026-04-30 20:06:35,65.0,Delivered,2.0,360,Veg Arrabiata Penne Pasta
OD12068,CUST3500,REST_01,2026-04-30 21:10:55,42.0,Delivered,2.0,430,Tandoori Chicken Half
OD12069,CUST2791,REST_05,2026-04-27 22:23:23,53.0,Delivered,1.0,350,Veg Arrabiata Penne Pasta
OD12070,CUST3446,REST_06,2026-05-14 19:43:19,54.0,Delivered,1.0,240,Chicken Nuggets (9 pcs)
OD12071,CUST3181,REST_10,2026-05-13 12:47:52,60.0,Delivered,1.0,360,Chicken Seekh Kebab
OD12072,CUST2869,REST_10,2026-05-15 17:21:43,31.0,Delivered,5.0,340,Chicken Seekh Kebab
OD12073,CUST2947,REST_01,2026-04-28 12:54:13,30.0,Delivered,4.0,1070,Butter Chicken & Naan
OD12074,CUST2235,REST_07,2026-05-21 20:14:37,41.0,Delivered,3.0,350,Quinoa Avocado Salad
OD12075,CUST3249,REST_03,2026-05-12 09:11:58,32.0,Delivered,4.0,370,Chicken Dum Biryani
OD12076,CUST3047,REST_04,2026-05-21 07:18:39,33.0,Delivered,3.0,320,Chilli Chicken Gravy
OD12077,CUST3122,REST_03,2026-05-18 18:44:47,17.0,Delivered,5.0,360,Chicken Dum Biryani
OD12078,CUST2597,REST_05,2026-05-07 11:56:17,20.0,Delivered,5.0,460,Farmhouse Veg Pizza
OD12079,CUST2040,REST_07,2026-05-07 12:29:13,34.0,Delivered,4.0,330,High-Protein Chicken Salad
OD12080,CUST2535,REST_01,2026-05-12 18:49:55,16.0,Delivered,5.0,420,Tandoori Chicken Half
OD12081,CUST3243,REST_08,2026-04-28 20:08:32,45.0,Delivered,2.0,180,Red Velvet Pastry
OD12082,CUST2245,REST_08,2026-04-29 19:27:02,57.0,Delivered,2.0,170,Chocolate Lava Cake
OD12083,CUST2153,REST_07,2026-05-15 21:40:04,,Cancelled,,280,Greek Salad
OD12084,CUST3073,REST_04,2026-05-18 14:23:43,44.0,Delivered,4.0,480,Veg Hakka Noodles
OD12085,CUST2176,REST_10,2026-04-27 22:07:30,45.0,Delivered,1.0,380,Butter Chicken Combo Meal
OD12086,CUST2752,REST_03,2026-04-28 18:18:03,17.0,Delivered,5.0,350,Chicken Dum Biryani
OD12087,CUST3500,REST_08,2026-05-06 15:42:03,20.0,Delivered,4.0,160,Kulfi Falooda
OD12088,CUST2105,REST_08,2026-05-08 06:11:00,32.0,Delivered,4.0,330,Chocolate Lava Cake
OD12089,CUST3406,REST_04,2026-05-18 12:57:56,39.0,Delivered,4.0,180,Veg Spring Rolls (6 pcs)
OD12090,CUST3340,REST_06,2026-05-24 20:28:47,47.0,Delivered,2.0,470,Crispy Chicken Burger
OD12091,CUST3261,REST_05,2026-04-30 14:46:13,28.0,Delivered,3.0,380,Chicken Alfredo Pasta
OD12092,CUST2489,REST_08,2026-05-22 20:47:36,50.0,Delivered,4.0,180,Kulfi Falooda
OD12093,CUST2656,REST_06,2026-05-18 07:23:33,24.0,Delivered,5.0,240,Chicken Nuggets (9 pcs)
OD12094,CUST2559,REST_10,2026-05-23 20:32:25,48.0,Delivered,3.0,380,Butter Chicken Combo Meal
OD12095,CUST3157,REST_10,2026-05-08 20:20:09,51.0,Delivered,4.0,390,Butter Chicken Combo Meal
OD12096,CUST3436,REST_09,2026-05-05 15:27:57,,Cancelled,,360,Hot Chocolate
OD12097,CUST2340,REST_02,2026-05-18 12:52:42,37.0,Delivered,4.0,150,Idli Vada Combo
OD12098,CUST2018,REST_01,2026-05-08 19:31:42,46.0,Delivered,3.0,370,Paneer Butter Masala Meal
OD12099,CUST3059,REST_08,2026-05-24 20:18:30,,Cancelled,,290,Kulfi Falooda
OD12100,CUST2574,REST_08,2026-05-04 22:06:30,34.0,Delivered,4.0,140,Gulab Jamun (4 pcs)
OD12101,CUST2376,REST_08,2026-05-01 19:57:11,64.0,Delivered,1.0,140,Gulab Jamun (4 pcs)
OD12102,CUST2964,REST_06,2026-05-21 13:04:15,29.0,Delivered,4.0,220,Spicy Paneer Wrap
OD12103,CUST2437,REST_07,2026-05-11 14:04:44,44.0,Delivered,4.0,290,Caesar Salad
OD12104,CUST2571,REST_09,2026-05-10 20:42:22,48.0,Delivered,3.0,220,Hot Chocolate
OD12105,CUST2271,REST_04,2026-05-10 14:16:33,36.0,Delivered,4.0,710,Veg Hakka Noodles
OD12106,CUST3302,REST_05,2026-05-18 12:56:58,37.0,Delivered,5.0,390,Chicken Alfredo Pasta
OD12107,CUST2936,REST_06,2026-04-30 11:04:13,28.0,Delivered,4.0,210,Chicken Nuggets (9 pcs)
OD12108,CUST3106,REST_01,2026-05-06 14:55:32,45.0,Delivered,3.0,420,Tandoori Chicken Half
OD12109,CUST2608,REST_02,2026-05-14 20:11:21,40.0,Delivered,4.0,250,Filter Coffee & Upma
OD12110,CUST3197,REST_01,2026-05-26 20:33:48,50.0,Delivered,1.0,600,Dal Makhani with Jeera Rice
OD12111,CUST2587,REST_08,2026-05-18 12:43:10,37.0,Delivered,5.0,160,Chocolate Lava Cake
OD12112,CUST2426,REST_07,2026-05-11 22:47:30,52.0,Delivered,2.0,270,Greek Salad
OD12113,CUST2966,REST_03,2026-05-20 13:00:32,,Cancelled,,410,Chicken Tikka Biryani
OD12114,CUST2464,REST_05,2026-05-18 19:52:14,44.0,Delivered,2.0,1280,Farmhouse Veg Pizza
OD12115,CUST3443,REST_06,2026-05-17 11:51:54,28.0,Delivered,5.0,240,Chicken Nuggets (9 pcs)
OD12116,CUST3087,REST_06,2026-05-21 17:47:40,24.0,Delivered,4.0,240,Loaded Nachos
OD12117,CUST2047,REST_05,2026-05-01 14:21:18,63.0,Delivered,1.0,380,Chicken Alfredo Pasta
OD12118,CUST2080,REST_05,2026-05-14 21:04:23,,Cancelled,,430,Margherita Pizza 10-inch
OD12119,CUST2819,REST_08,2026-04-27 13:17:32,37.0,Delivered,5.0,190,Red Velvet Pastry
OD12120,CUST3458,REST_03,2026-05-16 14:34:29,34.0,Delivered,4.0,750,Chicken Tikka Biryani
OD12121,CUST3194,REST_10,2026-05-12 15:40:35,19.0,Delivered,4.0,1040,Malai Kofta & Lachha Paratha
OD12122,CUST2462,REST_04,2026-05-13 18:55:48,26.0,Delivered,4.0,180,Veg Spring Rolls (6 pcs)
OD12123,CUST3280,REST_01,2026-05-18 06:07:23,30.0,Delivered,3.0,580,Dal Makhani with Jeera Rice
OD12124,CUST2827,REST_08,2026-05-13 20:04:20,48.0,Delivered,3.0,190,Chocolate Lava Cake
OD12125,CUST3191,REST_05,2026-05-16 19:23:01,63.0,Delivered,1.0,970,Veg Arrabiata Penne Pasta
OD12126,CUST2908,REST_02,2026-05-14 13:22:10,50.0,Delivered,1.0,190,Rava Kesari & Dosa Combo
OD12127,CUST3370,REST_09,2026-05-07 09:04:39,25.0,Delivered,4.0,170,Classic Cold Coffee
OD12128,CUST3456,REST_05,2026-05-22 20:30:40,57.0,Delivered,1.0,340,Veg Arrabiata Penne Pasta
OD12129,CUST2290,REST_05,2026-05-04 12:59:05,32.0,Delivered,4.0,420,Margherita Pizza 10-inch
OD12130,CUST2411,REST_07,2026-04-29 12:45:05,36.0,Delivered,4.0,340,Quinoa Avocado Salad
OD12131,CUST3164,REST_01,2026-05-05 09:51:58,28.0,Delivered,5.0,400,Butter Chicken & Naan
OD12132,CUST3218,REST_02,2026-05-20 22:16:51,40.0,Delivered,4.0,160,Masala Dosa with Sambar
OD12133,CUST2886,REST_03,2026-05-12 13:52:08,28.0,Delivered,5.0,310,Egg Biryani
OD12134,CUST3426,REST_04,2026-05-06 19:19:35,54.0,Delivered,4.0,190,Veg Spring Rolls (6 pcs)
OD12135,CUST3321,REST_09,2026-05-08 12:07:52,40.0,Delivered,5.0,260,Club Sandwich
OD12136,CUST2804,REST_09,2026-05-10 21:40:25,42.0,Delivered,1.0,190,Iced Latte
OD12137,CUST3415,REST_09,2026-05-22 20:18:02,54.0,Delivered,4.0,170,Classic Cold Coffee
OD12138,CUST2558,REST_05,2026-04-29 13:33:30,,Cancelled,,170,Garlic Bread with Cheese
OD12139,CUST3466,REST_08,2026-05-24 20:09:14,50.0,Delivered,2.0,210,Sizzling Brownie
OD12140,CUST3019,REST_09,2026-05-25 20:28:54,48.0,Delivered,1.0,230,Club Sandwich
OD12141,CUST2124,REST_07,2026-05-16 19:25:58,65.0,Delivered,2.0,480,Greek Salad
OD12142,CUST2447,REST_08,2026-05-07 18:00:50,27.0,Delivered,5.0,160,Chocolate Lava Cake
OD12143,CUST2100,REST_09,2026-05-03 21:51:48,56.0,Delivered,1.0,220,Paneer Tikka Sandwich
OD12144,CUST3078,REST_09,2026-05-07 19:00:53,42.0,Delivered,3.0,190,Iced Latte
OD12145,CUST3419,REST_03,2026-05-08 13:55:07,70.0,Delivered,1.0,320,Veg Hyderabadi Biryani
OD12146,CUST3064,REST_03,2026-05-12 12:56:36,36.0,Delivered,4.0,480,Mutton Biryani
OD12147,CUST2523,REST_08,2026-05-22 13:27:47,37.0,Delivered,4.0,150,Gulab Jamun (4 pcs)
OD12148,CUST2080,REST_07,2026-05-02 19:30:25,43.0,Delivered,4.0,360,Quinoa Avocado Salad
OD12149,CUST2552,REST_05,2026-05-19 13:13:44,34.0,Delivered,5.0,410,Margherita Pizza 10-inch
OD12150,CUST2792,REST_01,2026-05-16 12:47:47,40.0,Delivered,4.0,660,Paneer Butter Masala Meal
OD12151,CUST2360,REST_07,2026-05-05 22:49:54,77.0,Delivered,1.0,590,Fresh Fruit Bowl
OD12152,CUST2595,REST_05,2026-05-08 20:50:27,34.0,Delivered,2.0,350,Veg Arrabiata Penne Pasta
OD12153,CUST2282,REST_03,2026-05-09 20:30:58,,Cancelled,,290,Egg Biryani
OD12154,CUST3415,REST_02,2026-05-13 13:23:42,35.0,Delivered,4.0,160,Onion Uttapam
OD12155,CUST2530,REST_01,2026-05-26 14:34:07,41.0,Delivered,2.0,360,Kadhai Paneer with Roti
OD12156,CUST2493,REST_05,2026-05-20 22:52:29,44.0,Delivered,3.0,190,Garlic Bread with Cheese
OD12157,CUST2678,REST_10,2026-05-02 19:22:16,50.0,Delivered,3.0,680,Malai Kofta & Lachha Paratha
OD12158,CUST3427,REST_08,2026-05-02 18:00:07,34.0,Delivered,4.0,230,Gulab Jamun (4 pcs)
OD12159,CUST2627,REST_08,2026-05-07 19:14:20,45.0,Delivered,2.0,170,Kulfi Falooda
OD12160,CUST2571,REST_09,2026-05-18 21:03:05,62.0,Delivered,2.0,170,Classic Cold Coffee
OD12161,CUST3459,REST_10,2026-04-29 20:15:02,38.0,Delivered,5.0,370,Malai Kofta & Lachha Paratha
OD12162,CUST2356,REST_04,2026-05-25 21:34:12,54.0,Delivered,3.0,260,Schezwan Noodles
OD12163,CUST2831,REST_08,2026-04-28 21:26:56,53.0,Delivered,2.0,410,Kulfi Falooda
OD12164,CUST2170,REST_06,2026-05-24 23:29:02,27.0,Delivered,4.0,240,Loaded Nachos
OD12165,CUST2854,REST_02,2026-05-09 20:05:06,81.0,Delivered,1.0,170,Masala Dosa with Sambar
OD12166,CUST2619,REST_08,2026-05-02 13:46:42,,Cancelled,,490,Red Velvet Pastry
OD12167,CUST3382,REST_08,2026-05-25 11:09:21,42.0,Delivered,3.0,230,Sizzling Brownie
OD12168,CUST3490,REST_09,2026-05-09 18:37:03,40.0,Delivered,5.0,240,Club Sandwich
OD12169,CUST2739,REST_04,2026-05-10 13:48:52,39.0,Delivered,2.0,520,Veg Spring Rolls (6 pcs)
OD12170,CUST2020,REST_10,2026-05-21 08:40:32,35.0,Delivered,4.0,340,Chicken Seekh Kebab
OD12171,CUST2461,REST_03,2026-05-25 21:15:17,37.0,Delivered,4.0,350,Chicken Dum Biryani
OD12172,CUST2624,REST_09,2026-05-08 07:30:51,38.0,Delivered,4.0,410,Paneer Tikka Sandwich
OD12173,CUST2273,REST_07,2026-05-16 18:32:06,29.0,Delivered,4.0,270,Greek Salad
OD12174,CUST2397,REST_05,2026-05-10 22:25:39,57.0,Delivered,1.0,340,Veg Arrabiata Penne Pasta
OD12175,CUST2352,REST_06,2026-05-19 20:29:48,41.0,Delivered,3.0,210,Chicken Nuggets (9 pcs)
OD12176,CUST2887,REST_09,2026-05-09 20:23:07,54.0,Delivered,2.0,200,Hot Chocolate
OD12177,CUST2051,REST_01,2026-05-26 20:38:59,50.0,Delivered,3.0,590,Dal Makhani with Jeera Rice
OD12178,CUST2266,REST_03,2026-05-21 18:29:08,35.0,Delivered,5.0,770,Chicken Tikka Biryani
OD12179,CUST2426,REST_02,2026-05-23 20:44:45,51.0,Delivered,3.0,150,Masala Dosa with Sambar
OD12180,CUST2419,REST_08,2026-05-21 12:07:40,44.0,Delivered,2.0,170,Chocolate Lava Cake
OD12181,CUST2262,REST_06,2026-05-04 17:37:33,32.0,Delivered,4.0,400,Chicken Nuggets (9 pcs)
OD12182,CUST3171,REST_07,2026-05-24 20:19:19,47.0,Delivered,2.0,230,Fresh Fruit Bowl
OD12183,CUST2593,REST_01,2026-05-11 12:38:27,45.0,Delivered,4.0,310,Dal Makhani with Jeera Rice
OD12184,CUST2438,REST_10,2026-05-16 18:58:43,30.0,Delivered,5.0,360,Chicken Seekh Kebab
OD12185,CUST2194,REST_10,2026-05-22 14:05:43,,Cancelled,,410,Butter Chicken Combo Meal
OD12186,CUST2024,REST_07,2026-05-21 07:41:29,30.0,Delivered,5.0,280,Greek Salad
OD12187,CUST3164,REST_10,2026-05-08 20:05:56,45.0,Delivered,1.0,390,Butter Chicken Combo Meal
OD12188,CUST2346,REST_03,2026-05-18 17:13:36,27.0,Delivered,4.0,380,Chicken Dum Biryani
OD12189,CUST2592,REST_01,2026-05-20 13:23:27,40.0,Delivered,4.0,360,Paneer Butter Masala Meal
OD12190,CUST2110,REST_03,2026-05-11 22:24:42,44.0,Delivered,3.0,360,Chicken Dum Biryani
OD12191,CUST2420,REST_03,2026-05-13 17:36:13,27.0,Delivered,4.0,930,Mutton Biryani
OD12192,CUST2254,REST_01,2026-05-20 06:28:13,19.0,Delivered,4.0,360,Kadhai Paneer with Roti
OD12193,CUST3170,REST_04,2026-05-05 09:27:50,25.0,Delivered,5.0,320,Chilli Chicken Gravy
OD12194,CUST2850,REST_05,2026-05-08 20:52:15,46.0,Delivered,3.0,330,Veg Arrabiata Penne Pasta
OD12195,CUST3411,REST_04,2026-05-22 21:45:20,46.0,Delivered,3.0,180,Veg Spring Rolls (6 pcs)
OD12196,CUST3133,REST_04,2026-05-11 09:33:59,26.0,Delivered,5.0,320,Chilli Chicken Gravy
OD12197,CUST3242,REST_07,2026-05-09 12:20:03,37.0,Delivered,4.0,210,Fresh Fruit Bowl
OD12198,CUST2339,REST_05,2026-05-13 15:21:11,30.0,Delivered,4.0,390,Chicken Alfredo Pasta
OD12199,CUST2482,REST_09,2026-05-24 13:39:18,34.0,Delivered,4.0,210,Paneer Tikka Sandwich
OD12200,CUST2566,REST_08,2026-05-25 09:05:11,28.0,Delivered,2.0,200,Sizzling Brownie
OD12201,CUST3489,REST_10,2026-05-10 20:45:59,53.0,Delivered,2.0,220,Tandoori Roti Combo
OD12202,CUST2643,REST_09,2026-05-24 19:45:45,44.0,Delivered,4.0,180,Classic Cold Coffee
OD12203,CUST2343,REST_10,2026-05-13 05:56:56,22.0,Delivered,4.0,380,Malai Kofta & Lachha Paratha
OD12204,CUST2194,REST_09,2026-05-26 20:05:38,42.0,Delivered,1.0,440,Club Sandwich
OD12205,CUST3483,REST_06,2026-04-30 20:47:51,57.0,Delivered,1.0,520,Classic Cheese Burger & Fries
OD12206,CUST3009,REST_02,2026-05-16 22:38:54,62.0,Delivered,1.0,150,Onion Uttapam
OD12207,CUST2208,REST_10,2026-05-01 08:12:17,26.0,Delivered,3.0,210,Tandoori Roti Combo
OD12208,CUST2085,REST_01,2026-05-12 18:33:35,28.0,Delivered,5.0,340,Paneer Butter Masala Meal
OD12209,CUST2796,REST_07,2026-05-22 22:08:46,39.0,Delivered,3.0,270,Caesar Salad
OD12210,CUST2880,REST_06,2026-05-14 16:53:41,28.0,Delivered,4.0,220,Chicken Nuggets (9 pcs)
OD12211,CUST3369,REST_04,2026-05-02 14:37:55,39.0,Delivered,5.0,350,Veg Spring Rolls (6 pcs)
OD12212,CUST2583,REST_06,2026-05-25 19:24:40,55.0,Delivered,4.0,240,Loaded Nachos
OD12213,CUST2736,REST_01,2026-04-28 21:50:27,39.0,Delivered,4.0,300,Dal Makhani with Jeera Rice
OD12214,CUST3141,REST_01,2026-05-25 19:04:44,36.0,Delivered,4.0,330,Dal Makhani with Jeera Rice
OD12215,CUST2560,REST_07,2026-05-08 06:25:00,37.0,Delivered,4.0,220,Fresh Fruit Bowl
OD12216,CUST2538,REST_06,2026-05-17 19:53:22,40.0,Delivered,5.0,220,Chicken Nuggets (9 pcs)
OD12217,CUST3348,REST_01,2026-05-17 17:27:11,41.0,Delivered,2.0,330,Dal Makhani with Jeera Rice
OD12218,CUST2176,REST_10,2026-05-24 22:31:08,65.0,Delivered,1.0,350,Malai Kofta & Lachha Paratha
OD12219,CUST2276,REST_07,2026-04-29 11:24:24,,Cancelled,,370,Quinoa Avocado Salad
OD12220,CUST2818,REST_07,2026-05-01 13:25:56,42.0,Delivered,3.0,280,Caesar Salad
OD12221,CUST3006,REST_05,2026-05-12 22:13:05,34.0,Delivered,5.0,420,Margherita Pizza 10-inch
OD12222,CUST2700,REST_07,2026-05-13 21:19:38,41.0,Delivered,1.0,280,Caesar Salad
OD12223,CUST2696,REST_03,2026-05-21 09:46:07,19.0,Delivered,5.0,360,Chicken Dum Biryani
OD12224,CUST2471,REST_05,2026-05-19 11:38:05,30.0,Delivered,3.0,390,Chicken Alfredo Pasta
OD12225,CUST3486,REST_02,2026-04-27 21:34:59,34.0,Delivered,3.0,320,Rava Kesari & Dosa Combo
OD12226,CUST3395,REST_08,2026-05-06 07:09:06,25.0,Delivered,5.0,210,Sizzling Brownie
OD12227,CUST3276,REST_10,2026-04-28 20:36:24,36.0,Delivered,4.0,380,Butter Chicken Combo Meal
OD12228,CUST2892,REST_04,2026-05-06 20:55:22,35.0,Delivered,2.0,280,Schezwan Noodles
OD12229,CUST2401,REST_08,2026-05-01 19:12:20,51.0,Delivered,3.0,190,Red Velvet Pastry
OD12230,CUST2516,REST_06,2026-05-12 12:16:28,51.0,Delivered,2.0,210,Spicy Paneer Wrap
OD12231,CUST2264,REST_09,2026-05-19 21:28:05,46.0,Delivered,4.0,490,Classic Cold Coffee
OD12232,CUST3468,REST_07,2026-05-21 20:08:25,49.0,Delivered,2.0,210,Fresh Fruit Bowl
OD12233,CUST2169,REST_05,2026-05-09 09:59:18,55.0,Delivered,3.0,330,Veg Arrabiata Penne Pasta
OD12234,CUST2639,REST_05,2026-04-30 20:23:14,70.0,Delivered,2.0,410,Chicken Alfredo Pasta
OD12235,CUST3261,REST_08,2026-05-22 19:14:18,53.0,Delivered,2.0,160,Chocolate Lava Cake
OD12236,CUST3130,REST_07,2026-05-12 18:03:45,21.0,Delivered,5.0,260,Caesar Salad
OD12237,CUST2523,REST_04,2026-05-12 21:37:55,31.0,Delivered,5.0,310,Chilli Chicken Gravy
OD12238,CUST2659,REST_05,2026-05-11 12:07:19,53.0,Delivered,3.0,200,Garlic Bread with Cheese
OD12239,CUST2524,REST_01,2026-05-24 23:48:22,28.0,Delivered,4.0,430,Tandoori Chicken Half
OD12240,CUST3126,REST_03,2026-05-17 19:07:37,64.0,Delivered,1.0,690,Chicken Dum Biryani
OD12241,CUST2274,REST_07,2026-05-03 21:58:19,61.0,Delivered,2.0,320,High-Protein Chicken Salad
OD12242,CUST2822,REST_07,2026-04-30 12:16:41,,Cancelled,,520,Caesar Salad
OD12243,CUST3068,REST_05,2026-05-13 20:55:51,57.0,Delivered,2.0,320,Garlic Bread with Cheese
OD12244,CUST2797,REST_04,2026-05-19 06:35:45,26.0,Delivered,4.0,300,Chilli Chicken Gravy
OD12245,CUST3412,REST_07,2026-05-23 19:40:45,48.0,Delivered,3.0,330,High-Protein Chicken Salad
OD12246,CUST2214,REST_04,2026-05-12 12:25:29,42.0,Delivered,2.0,330,Chilli Chicken Gravy
OD12247,CUST3145,REST_07,2026-05-05 23:04:37,41.0,Delivered,2.0,280,Caesar Salad
OD12248,CUST3337,REST_09,2026-05-03 12:38:00,32.0,Delivered,5.0,220,Hot Chocolate
OD12249,CUST3249,REST_02,2026-05-02 20:26:16,57.0,Delivered,1.0,170,Rava Kesari & Dosa Combo
OD12250,CUST2006,REST_09,2026-05-26 21:52:29,70.0,Delivered,1.0,240,Paneer Tikka Sandwich
OD12251,CUST2184,REST_06,2026-05-16 22:24:29,54.0,Delivered,3.0,210,Chicken Nuggets (9 pcs)
OD12252,CUST2372,REST_04,2026-05-02 07:32:51,62.0,Delivered,1.0,320,Chilli Chicken Gravy
OD12253,CUST3271,REST_08,2026-05-18 17:12:10,15.0,Delivered,5.0,180,Chocolate Lava Cake
OD12254,CUST3389,REST_10,2026-05-03 19:11:46,66.0,Delivered,1.0,670,Chicken Seekh Kebab
OD12255,CUST3409,REST_09,2026-05-21 18:43:38,20.0,Delivered,3.0,170,Classic Cold Coffee
OD12256,CUST3211,REST_05,2026-05-10 13:56:31,,Cancelled,,750,Chicken Alfredo Pasta
OD12257,CUST2412,REST_03,2026-05-25 20:55:22,49.0,Delivered,2.0,310,Egg Biryani
OD12258,CUST2789,REST_10,2026-05-20 08:22:53,,Cancelled,,700,Malai Kofta & Lachha Paratha
OD12259,CUST2518,REST_06,2026-05-21 14:28:31,34.0,Delivered,5.0,270,Classic Cheese Burger & Fries
OD12260,CUST3074,REST_10,2026-05-05 14:01:15,32.0,Delivered,4.0,210,Tandoori Roti Combo
OD12261,CUST2768,REST_04,2026-05-15 12:46:38,68.0,Delivered,1.0,200,Veg Spring Rolls (6 pcs)
OD12262,CUST2567,REST_01,2026-05-22 21:05:22,46.0,Delivered,2.0,410,Tandoori Chicken Half
OD12263,CUST2644,REST_02,2026-05-13 13:34:28,46.0,Delivered,3.0,270,Masala Dosa with Sambar
OD12264,CUST2875,REST_05,2026-05-24 21:08:57,59.0,Delivered,1.0,860,Farmhouse Veg Pizza
OD12265,CUST2110,REST_10,2026-04-29 06:40:31,31.0,Delivered,5.0,680,Malai Kofta & Lachha Paratha
OD12266,CUST2672,REST_02,2026-05-11 18:40:30,53.0,Delivered,1.0,170,Onion Uttapam
OD12267,CUST2875,REST_02,2026-05-17 14:45:30,46.0,Delivered,3.0,190,Rava Kesari & Dosa Combo
OD12268,CUST2060,REST_07,2026-04-28 18:40:54,26.0,Delivered,3.0,230,Fresh Fruit Bowl
OD12269,CUST2195,REST_04,2026-05-05 14:41:37,35.0,Delivered,5.0,190,Veg Spring Rolls (6 pcs)
OD12270,CUST3026,REST_08,2026-04-29 20:40:51,49.0,Delivered,2.0,160,Chocolate Lava Cake
OD12271,CUST2084,REST_08,2026-05-18 19:28:33,28.0,Delivered,4.0,450,Chocolate Lava Cake
OD12272,CUST2948,REST_04,2026-05-19 20:55:18,34.0,Delivered,5.0,600,Chilli Chicken Gravy
OD12273,CUST2388,REST_02,2026-05-22 15:16:15,38.0,Delivered,4.0,160,Onion Uttapam
OD12274,CUST2535,REST_05,2026-05-15 12:12:11,,Cancelled,,420,Margherita Pizza 10-inch
OD12275,CUST2893,REST_01,2026-05-08 12:53:58,47.0,Delivered,4.0,300,Dal Makhani with Jeera Rice
OD12276,CUST2339,REST_04,2026-04-27 23:01:28,26.0,Delivered,3.0,510,Schezwan Noodles
OD12277,CUST3399,REST_08,2026-05-24 22:38:22,60.0,Delivered,2.0,320,Red Velvet Pastry
OD12278,CUST3361,REST_09,2026-05-01 21:03:19,57.0,Delivered,2.0,210,Iced Latte
OD12279,CUST2609,REST_09,2026-05-08 17:52:31,29.0,Delivered,4.0,200,Hot Chocolate
OD12280,CUST3393,REST_06,2026-04-29 19:31:09,51.0,Delivered,3.0,230,Crispy Chicken Burger
OD12281,CUST3202,REST_06,2026-05-08 19:43:26,48.0,Delivered,1.0,270,Classic Cheese Burger & Fries
OD12282,CUST3178,REST_07,2026-05-13 17:06:43,42.0,Delivered,3.0,220,Fresh Fruit Bowl
OD12283,CUST2577,REST_10,2026-05-13 19:41:16,39.0,Delivered,3.0,660,Chicken Seekh Kebab
OD12284,CUST2909,REST_07,2026-05-16 20:49:59,75.0,Delivered,1.0,400,Fresh Fruit Bowl
OD12285,CUST2275,REST_03,2026-05-21 21:40:31,46.0,Delivered,3.0,300,Egg Biryani
OD12286,CUST2241,REST_03,2026-05-20 19:51:15,43.0,Delivered,3.0,480,Mutton Biryani
OD12287,CUST2584,REST_06,2026-05-06 19:47:26,39.0,Delivered,5.0,220,Spicy Paneer Wrap
OD12288,CUST3155,REST_06,2026-05-07 14:14:21,42.0,Delivered,3.0,240,Chicken Nuggets (9 pcs)
OD12289,CUST2043,REST_07,2026-05-01 18:43:30,36.0,Delivered,3.0,320,High-Protein Chicken Salad
OD12290,CUST3421,REST_04,2026-05-06 22:21:35,51.0,Delivered,3.0,250,Schezwan Noodles
OD12291,CUST2892,REST_03,2026-05-22 22:42:30,55.0,Delivered,3.0,360,Chicken Dum Biryani
OD12292,CUST3189,REST_02,2026-04-29 18:23:58,28.0,Delivered,4.0,140,Masala Dosa with Sambar
OD12293,CUST3282,REST_10,2026-05-09 21:49:39,78.0,Delivered,1.0,210,Tandoori Roti Combo
OD12294,CUST3037,REST_09,2026-04-28 14:50:48,,Cancelled,,190,Hot Chocolate
OD12295,CUST2191,REST_02,2026-05-09 13:02:39,72.0,Delivered,1.0,330,Rava Kesari & Dosa Combo
OD12296,CUST3204,REST_01,2026-05-17 17:10:41,31.0,Delivered,5.0,670,Paneer Butter Masala Meal
OD12297,CUST3065,REST_02,2026-05-20 21:56:53,36.0,Delivered,4.0,180,Onion Uttapam
OD12298,CUST2381,REST_05,2026-05-12 13:46:52,31.0,Delivered,4.0,410,Chicken Alfredo Pasta
OD12299,CUST3402,REST_03,2026-05-11 19:41:20,50.0,Delivered,2.0,310,Egg Biryani
OD12300,CUST2559,REST_10,2026-05-18 09:59:16,43.0,Delivered,2.0,410,Butter Chicken Combo Meal
OD12301,CUST2686,REST_04,2026-05-09 13:09:12,37.0,Delivered,3.0,480,Veg Hakka Noodles
OD12302,CUST2550,REST_10,2026-04-30 20:34:11,,Cancelled,,200,Tandoori Roti Combo
OD12303,CUST2498,REST_03,2026-05-25 07:29:13,36.0,Delivered,5.0,330,Veg Hyderabadi Biryani
OD12304,CUST3384,REST_02,2026-05-19 21:33:20,40.0,Delivered,4.0,150,Idli Vada Combo
OD12305,CUST3197,REST_07,2026-05-17 21:58:50,57.0,Delivered,1.0,340,High-Protein Chicken Salad
OD12306,CUST2270,REST_07,2026-05-16 13:26:58,53.0,Delivered,3.0,270,Greek Salad
OD12307,CUST2728,REST_04,2026-05-06 12:43:32,44.0,Delivered,1.0,260,Schezwan Noodles
OD12308,CUST2104,REST_04,2026-05-13 14:42:01,37.0,Delivered,5.0,250,Schezwan Noodles
OD12309,CUST2655,REST_01,2026-05-26 12:11:45,,Cancelled,,350,Kadhai Paneer with Roti
OD12310,CUST3455,REST_04,2026-05-01 12:35:06,34.0,Delivered,4.0,600,Chicken Fried Rice & Manchurian
OD12311,CUST3236,REST_02,2026-05-17 20:58:18,55.0,Delivered,4.0,160,Filter Coffee & Upma
OD12312,CUST3441,REST_03,2026-04-30 20:13:20,43.0,Delivered,3.0,330,Veg Hyderabadi Biryani
OD12313,CUST3474,REST_06,2026-05-16 20:57:56,53.0,Delivered,2.0,290,Classic Cheese Burger & Fries
OD12314,CUST2942,REST_02,2026-05-01 07:15:05,,Cancelled,,480,Rava Kesari & Dosa Combo
OD12315,CUST2510,REST_02,2026-05-24 07:14:12,33.0,Delivered,5.0,150,Idli Vada Combo
OD12316,CUST2514,REST_08,2026-05-01 21:43:15,44.0,Delivered,3.0,130,Gulab Jamun (4 pcs)
OD12317,CUST2016,REST_06,2026-04-27 13:04:49,33.0,Delivered,4.0,210,Chicken Nuggets (9 pcs)
OD12318,CUST3227,REST_04,2026-05-03 19:14:48,68.0,Delivered,1.0,910,Chicken Fried Rice & Manchurian
OD12319,CUST2655,REST_02,2026-05-15 13:09:55,40.0,Delivered,5.0,150,Onion Uttapam
OD12320,CUST2543,REST_07,2026-05-15 06:46:02,30.0,Delivered,5.0,220,Fresh Fruit Bowl
OD12321,CUST2068,REST_06,2026-05-09 20:46:15,50.0,Delivered,2.0,270,Classic Cheese Burger & Fries
OD12322,CUST3434,REST_05,2026-05-23 19:18:07,62.0,Delivered,2.0,380,Chicken Alfredo Pasta
OD12323,CUST2301,REST_02,2026-04-30 21:21:45,47.0,Delivered,1.0,170,Onion Uttapam
OD12324,CUST3158,REST_08,2026-04-30 17:38:28,26.0,Delivered,4.0,180,Chocolate Lava Cake
OD12325,CUST2485,REST_10,2026-05-18 14:23:57,,Cancelled,,300,Paneer Tikka
OD12326,CUST3243,REST_09,2026-05-03 23:24:18,35.0,Delivered,5.0,180,Iced Latte
OD12327,CUST3443,REST_05,2026-05-26 21:29:01,45.0,Delivered,3.0,660,Veg Arrabiata Penne Pasta
OD12328,CUST2026,REST_08,2026-05-17 22:11:28,52.0,Delivered,4.0,300,Kulfi Falooda
OD12329,CUST3347,REST_07,2026-05-24 06:07:01,43.0,Delivered,4.0,290,Caesar Salad
OD12330,CUST3171,REST_01,2026-05-24 12:08:31,49.0,Delivered,2.0,360,Kadhai Paneer with Roti
OD12331,CUST3414,REST_09,2026-05-22 07:17:42,35.0,Delivered,3.0,240,Paneer Tikka Sandwich
OD12332,CUST2216,REST_10,2026-04-27 22:28:12,49.0,Delivered,2.0,380,Malai Kofta & Lachha Paratha
OD12333,CUST3215,REST_03,2026-05-08 15:54:59,,Cancelled,,470,Mutton Biryani
OD12334,CUST3373,REST_10,2026-04-30 16:47:17,25.0,Delivered,4.0,300,Paneer Tikka
OD12335,CUST2268,REST_02,2026-05-06 18:38:15,31.0,Delivered,3.0,170,Onion Uttapam
OD12336,CUST3127,REST_05,2026-05-15 19:48:07,34.0,Delivered,5.0,400,Chicken Alfredo Pasta
OD12337,CUST2521,REST_07,2026-04-30 19:36:26,49.0,Delivered,3.0,230,Fresh Fruit Bowl
OD12338,CUST2503,REST_09,2026-05-09 18:32:51,24.0,Delivered,5.0,210,Paneer Tikka Sandwich
OD12339,CUST3413,REST_03,2026-05-12 13:32:07,36.0,Delivered,3.0,370,Chicken Dum Biryani
OD12340,CUST2404,REST_05,2026-05-02 20:08:37,75.0,Delivered,1.0,340,Veg Arrabiata Penne Pasta
OD12341,CUST2501,REST_10,2026-05-21 19:03:20,62.0,Delivered,1.0,380,Malai Kofta & Lachha Paratha
OD12342,CUST2162,REST_08,2026-05-03 13:20:13,46.0,Delivered,3.0,130,Gulab Jamun (4 pcs)
OD12343,CUST3204,REST_03,2026-05-20 20:24:37,80.0,Delivered,2.0,300,Egg Biryani
OD12344,CUST2526,REST_04,2026-05-25 21:29:00,42.0,Delivered,3.0,340,Chicken Fried Rice & Manchurian
OD12345,CUST3318,REST_05,2026-04-29 05:09:54,26.0,Delivered,5.0,640,Veg Arrabiata Penne Pasta
OD12346,CUST2715,REST_05,2026-05-13 20:32:34,52.0,Delivered,1.0,170,Garlic Bread with Cheese
OD12347,CUST3201,REST_04,2026-05-06 20:56:40,41.0,Delivered,4.0,270,Schezwan Noodles
OD12348,CUST2614,REST_08,2026-05-23 15:53:59,30.0,Delivered,5.0,120,Gulab Jamun (4 pcs)
OD12349,CUST2582,REST_07,2026-05-23 13:45:16,,Cancelled,,350,Quinoa Avocado Salad
OD12350,CUST2296,REST_04,2026-04-29 20:15:42,35.0,Delivered,5.0,210,Veg Spring Rolls (6 pcs)
OD12351,CUST2698,REST_05,2026-05-22 20:59:36,56.0,Delivered,2.0,440,Farmhouse Veg Pizza
OD12352,CUST2153,REST_05,2026-05-02 13:06:31,55.0,Delivered,3.0,400,Margherita Pizza 10-inch
OD12353,CUST3361,REST_02,2026-05-03 12:12:27,44.0,Delivered,1.0,150,Filter Coffee & Upma
OD12354,CUST2138,REST_06,2026-05-11 19:06:42,54.0,Delivered,4.0,230,Chicken Nuggets (9 pcs)
OD12355,CUST2364,REST_05,2026-05-24 11:43:06,29.0,Delivered,5.0,170,Garlic Bread with Cheese
OD12356,CUST2015,REST_02,2026-05-09 21:37:12,56.0,Delivered,2.0,240,Idli Vada Combo
OD12357,CUST2333,REST_01,2026-05-16 21:41:19,50.0,Delivered,2.0,370,Butter Chicken & Naan
OD12358,CUST2152,REST_09,2026-05-09 17:42:20,28.0,Delivered,4.0,180,Iced Latte
OD12359,CUST2392,REST_03,2026-04-30 12:33:20,30.0,Delivered,3.0,350,Chicken Dum Biryani
OD12360,CUST2483,REST_05,2026-05-01 21:56:47,47.0,Delivered,2.0,380,Chicken Alfredo Pasta
OD12361,CUST2021,REST_03,2026-05-14 16:51:02,21.0,Delivered,4.0,320,Veg Hyderabadi Biryani
OD12362,CUST3499,REST_04,2026-05-26 21:45:25,40.0,Delivered,3.0,210,Veg Spring Rolls (6 pcs)
OD12363,CUST2997,REST_03,2026-05-06 21:03:01,67.0,Delivered,1.0,370,Chicken Dum Biryani
OD12364,CUST2039,REST_10,2026-05-11 20:08:22,36.0,Delivered,5.0,570,Tandoori Roti Combo
OD12365,CUST3365,REST_09,2026-05-24 16:46:48,43.0,Delivered,3.0,180,Classic Cold Coffee
OD12366,CUST2212,REST_09,2026-05-17 12:42:40,54.0,Delivered,3.0,190,Iced Latte
OD12367,CUST2082,REST_05,2026-05-26 17:41:14,26.0,Delivered,4.0,390,Chicken Alfredo Pasta
OD12368,CUST2166,REST_07,2026-05-07 13:45:29,50.0,Delivered,1.0,200,Fresh Fruit Bowl
OD12369,CUST3016,REST_08,2026-05-18 19:39:50,50.0,Delivered,2.0,140,Gulab Jamun (4 pcs)
OD12370,CUST2850,REST_03,2026-05-26 19:04:39,34.0,Delivered,5.0,350,Chicken Dum Biryani
OD12371,CUST3194,REST_06,2026-05-20 14:04:22,36.0,Delivered,4.0,210,Spicy Paneer Wrap
OD12372,CUST3442,REST_02,2026-04-30 20:55:51,49.0,Delivered,4.0,170,Masala Dosa with Sambar
OD12373,CUST2063,REST_05,2026-05-25 11:15:16,34.0,Delivered,3.0,430,Margherita Pizza 10-inch
OD12374,CUST2081,REST_04,2026-04-29 17:56:50,39.0,Delivered,4.0,310,Chicken Fried Rice & Manchurian
OD12375,CUST2656,REST_03,2026-05-07 22:27:15,29.0,Delivered,3.0,360,Chicken Dum Biryani
OD12376,CUST2489,REST_02,2026-05-04 07:27:46,24.0,Delivered,5.0,410,Masala Dosa with Sambar
OD12377,CUST3091,REST_02,2026-05-06 19:23:45,29.0,Delivered,4.0,250,Filter Coffee & Upma
OD12378,CUST2156,REST_05,2026-05-13 13:27:04,43.0,Delivered,2.0,430,Margherita Pizza 10-inch
OD12379,CUST2393,REST_03,2026-05-24 01:42:08,25.0,Delivered,5.0,380,Chicken Dum Biryani
OD12380,CUST2420,REST_05,2026-04-29 21:51:01,26.0,Delivered,5.0,330,Veg Arrabiata Penne Pasta
OD12381,CUST2250,REST_04,2026-05-01 07:30:48,31.0,Delivered,4.0,280,Schezwan Noodles
OD12382,CUST2867,REST_08,2026-05-21 08:33:51,33.0,Delivered,3.0,200,Red Velvet Pastry
OD12383,CUST2868,REST_08,2026-05-12 17:04:08,32.0,Delivered,2.0,380,Sizzling Brownie
OD12384,CUST3259,REST_08,2026-05-05 14:37:16,65.0,Delivered,1.0,200,Red Velvet Pastry
OD12385,CUST3322,REST_08,2026-05-15 20:49:19,51.0,Delivered,3.0,170,Red Velvet Pastry
OD12386,CUST3045,REST_06,2026-05-14 19:15:42,33.0,Delivered,5.0,240,Loaded Nachos
OD12387,CUST3231,REST_04,2026-05-15 13:01:26,61.0,Delivered,1.0,340,Chicken Fried Rice & Manchurian
OD12388,CUST2959,REST_02,2026-05-18 21:22:43,45.0,Delivered,3.0,190,Rava Kesari & Dosa Combo
OD12389,CUST2922,REST_09,2026-05-13 21:34:51,63.0,Delivered,1.0,200,Classic Cold Coffee
OD12390,CUST2080,REST_08,2026-04-27 20:39:19,34.0,Delivered,5.0,170,Red Velvet Pastry
OD12391,CUST3410,REST_08,2026-05-05 09:56:01,19.0,Delivered,5.0,120,Gulab Jamun (4 pcs)
OD12392,CUST2527,REST_05,2026-05-06 21:31:03,38.0,Delivered,5.0,1110,Chicken Alfredo Pasta
OD12393,CUST2241,REST_09,2026-05-02 14:49:03,31.0,Delivered,5.0,210,Paneer Tikka Sandwich
OD12394,CUST3351,REST_07,2026-05-05 19:51:43,45.0,Delivered,3.0,230,Fresh Fruit Bowl
OD12395,CUST3052,REST_02,2026-05-23 19:18:29,52.0,Delivered,1.0,160,Onion Uttapam
OD12396,CUST2122,REST_02,2026-05-04 09:16:59,33.0,Delivered,5.0,150,Filter Coffee & Upma
OD12397,CUST2341,REST_08,2026-05-04 13:57:48,28.0,Delivered,4.0,150,Gulab Jamun (4 pcs)
OD12398,CUST2961,REST_05,2026-05-01 13:56:41,34.0,Delivered,4.0,1180,Margherita Pizza 10-inch
OD12399,CUST3213,REST_01,2026-05-04 20:41:37,54.0,Delivered,4.0,340,Paneer Butter Masala Meal
OD12400,CUST3383,REST_05,2026-05-11 20:15:47,50.0,Delivered,3.0,360,Veg Arrabiata Penne Pasta
OD12401,CUST2246,REST_02,2026-05-16 19:39:19,37.0,Delivered,3.0,170,Onion Uttapam
OD12402,CUST2645,REST_04,2026-05-01 15:08:46,35.0,Delivered,4.0,320,Chilli Chicken Gravy
OD12403,CUST2637,REST_01,2026-05-14 14:14:52,46.0,Delivered,2.0,350,Paneer Butter Masala Meal
OD12404,CUST2683,REST_03,2026-05-22 18:02:55,29.0,Delivered,3.0,400,Chicken Tikka Biryani
OD12405,CUST2924,REST_04,2026-05-08 12:45:44,44.0,Delivered,1.0,270,Schezwan Noodles
OD12406,CUST2800,REST_05,2026-05-22 07:27:00,32.0,Delivered,4.0,190,Garlic Bread with Cheese
OD12407,CUST3376,REST_08,2026-05-15 13:56:52,63.0,Delivered,2.0,230,Gulab Jamun (4 pcs)
OD12408,CUST2046,REST_05,2026-05-08 20:38:27,48.0,Delivered,1.0,420,Margherita Pizza 10-inch
OD12409,CUST2290,REST_05,2026-05-01 14:57:50,44.0,Delivered,3.0,450,Farmhouse Veg Pizza
OD12410,CUST2446,REST_03,2026-05-19 20:19:15,34.0,Delivered,4.0,310,Veg Hyderabadi Biryani
OD12411,CUST2498,REST_07,2026-05-05 19:46:16,59.0,Delivered,1.0,290,Caesar Salad
OD12412,CUST3039,REST_02,2026-05-12 20:18:43,40.0,Delivered,5.0,130,Idli Vada Combo
OD12413,CUST3399,REST_05,2026-05-18 21:30:24,46.0,Delivered,2.0,410,Margherita Pizza 10-inch
OD12414,CUST2083,REST_05,2026-05-02 19:14:32,49.0,Delivered,2.0,460,Farmhouse Veg Pizza
OD12415,CUST3090,REST_10,2026-05-07 19:10:50,47.0,Delivered,2.0,320,Paneer Tikka
OD12416,CUST2423,REST_10,2026-05-21 13:40:56,41.0,Delivered,2.0,320,Paneer Tikka
OD12417,CUST3246,REST_07,2026-04-27 11:00:31,17.0,Delivered,5.0,220,Fresh Fruit Bowl
OD12418,CUST3284,REST_05,2026-05-26 21:13:55,,Cancelled,,200,Garlic Bread with Cheese
OD12419,CUST2731,REST_08,2026-04-27 19:35:12,40.0,Delivered,3.0,170,Red Velvet Pastry
OD12420,CUST2106,REST_08,2026-05-24 21:14:06,56.0,Delivered,1.0,160,Kulfi Falooda
OD12421,CUST2697,REST_01,2026-05-08 19:53:57,38.0,Delivered,5.0,370,Paneer Butter Masala Meal
OD12422,CUST2354,REST_01,2026-05-02 22:07:33,38.0,Delivered,4.0,360,Kadhai Paneer with Roti
OD12423,CUST2481,REST_04,2026-04-30 17:28:50,17.0,Delivered,4.0,490,Veg Hakka Noodles
OD12424,CUST3077,REST_09,2026-05-06 22:29:21,43.0,Delivered,3.0,230,Club Sandwich
OD12425,CUST2097,REST_08,2026-05-08 18:50:31,55.0,Delivered,4.0,180,Kulfi Falooda
OD12426,CUST3178,REST_02,2026-05-26 17:57:15,27.0,Delivered,4.0,190,Rava Kesari & Dosa Combo
OD12427,CUST2365,REST_09,2026-04-30 13:44:08,38.0,Delivered,5.0,590,Paneer Tikka Sandwich
OD12428,CUST2664,REST_01,2026-05-25 15:42:12,26.0,Delivered,4.0,590,Dal Makhani with Jeera Rice
OD12429,CUST2219,REST_07,2026-05-25 20:43:56,46.0,Delivered,3.0,250,Greek Salad
OD12430,CUST2155,REST_02,2026-05-01 23:18:05,28.0,Delivered,3.0,170,Masala Dosa with Sambar
OD12431,CUST2931,REST_08,2026-05-03 21:07:27,58.0,Delivered,1.0,170,Chocolate Lava Cake
OD12432,CUST2899,REST_09,2026-05-12 19:12:24,67.0,Delivered,1.0,230,Club Sandwich
OD12433,CUST2366,REST_07,2026-05-21 20:14:42,42.0,Delivered,4.0,200,Fresh Fruit Bowl
OD12434,CUST2798,REST_08,2026-04-27 06:49:21,28.0,Delivered,5.0,480,Red Velvet Pastry
OD12435,CUST2236,REST_06,2026-05-21 15:01:00,27.0,Delivered,5.0,250,Crispy Chicken Burger
OD12436,CUST3241,REST_01,2026-05-26 22:52:40,46.0,Delivered,2.0,360,Paneer Butter Masala Meal
OD12437,CUST3500,REST_09,2026-05-22 17:01:47,24.0,Delivered,5.0,220,Hot Chocolate
OD12438,CUST2204,REST_05,2026-04-28 20:46:37,55.0,Delivered,3.0,410,Chicken Alfredo Pasta
OD12439,CUST2404,REST_07,2026-05-26 20:27:11,50.0,Delivered,2.0,230,Fresh Fruit Bowl
OD12440,CUST2666,REST_05,2026-05-13 12:48:34,28.0,Delivered,4.0,670,Veg Arrabiata Penne Pasta
OD12441,CUST3286,REST_02,2026-05-03 20:43:36,46.0,Delivered,3.0,200,Rava Kesari & Dosa Combo
OD12442,CUST3074,REST_03,2026-05-19 21:13:55,39.0,Delivered,5.0,350,Chicken Dum Biryani
OD12443,CUST2530,REST_06,2026-05-23 21:17:07,53.0,Delivered,3.0,240,Chicken Nuggets (9 pcs)
OD12444,CUST3207,REST_04,2026-05-23 20:23:28,73.0,Delivered,1.0,180,Veg Spring Rolls (6 pcs)
OD12445,CUST2971,REST_07,2026-05-09 07:22:08,38.0,Delivered,5.0,270,Greek Salad
OD12446,CUST2637,REST_06,2026-04-28 13:39:34,52.0,Delivered,3.0,380,Spicy Paneer Wrap
OD12447,CUST2565,REST_03,2026-05-14 14:02:26,50.0,Delivered,3.0,470,Mutton Biryani
OD12448,CUST2885,REST_05,2026-05-10 21:27:12,37.0,Delivered,5.0,430,Margherita Pizza 10-inch
OD12449,CUST3427,REST_04,2026-04-27 21:06:58,45.0,Delivered,3.0,350,Veg Spring Rolls (6 pcs)
OD12450,CUST3090,REST_06,2026-05-19 13:09:36,33.0,Delivered,4.0,220,Spicy Paneer Wrap
OD12451,CUST2519,REST_06,2026-05-26 17:36:56,32.0,Delivered,3.0,220,Chicken Nuggets (9 pcs)
OD12452,CUST2495,REST_06,2026-05-10 22:15:42,84.0,Delivered,1.0,590,Spicy Paneer Wrap
OD12453,CUST3361,REST_05,2026-05-18 15:02:44,31.0,Delivered,2.0,410,Margherita Pizza 10-inch
OD12454,CUST2886,REST_03,2026-05-10 20:10:37,78.0,Delivered,1.0,600,Veg Hyderabadi Biryani
OD12455,CUST2240,REST_08,2026-05-20 21:56:03,64.0,Delivered,1.0,180,Kulfi Falooda
OD12456,CUST2158,REST_10,2026-05-20 20:08:53,45.0,Delivered,4.0,350,Chicken Seekh Kebab
OD12457,CUST2255,REST_06,2026-05-20 20:10:52,35.0,Delivered,5.0,280,Classic Cheese Burger & Fries
OD12458,CUST2801,REST_06,2026-05-18 14:33:09,34.0,Delivered,5.0,220,Chicken Nuggets (9 pcs)
OD12459,CUST3103,REST_02,2026-05-07 13:54:38,44.0,Delivered,4.0,170,Rava Kesari & Dosa Combo
OD12460,CUST3084,REST_05,2026-05-05 14:48:47,68.0,Delivered,1.0,400,Chicken Alfredo Pasta
OD12461,CUST3311,REST_10,2026-05-05 00:59:50,35.0,Delivered,5.0,380,Butter Chicken Combo Meal
OD12462,CUST2198,REST_09,2026-05-04 22:08:48,47.0,Delivered,3.0,200,Iced Latte
OD12463,CUST2527,REST_08,2026-05-12 22:21:20,30.0,Delivered,5.0,210,Sizzling Brownie
OD12464,CUST2833,REST_07,2026-05-22 20:47:55,50.0,Delivered,2.0,270,Caesar Salad
OD12465,CUST2709,REST_01,2026-05-04 19:36:03,55.0,Delivered,2.0,390,Butter Chicken & Naan
OD12466,CUST3319,REST_06,2026-05-12 12:45:56,35.0,Delivered,3.0,260,Loaded Nachos
OD12467,CUST3230,REST_02,2026-05-15 20:23:20,37.0,Delivered,4.0,340,Idli Vada Combo
OD12468,CUST3380,REST_03,2026-05-20 20:38:05,47.0,Delivered,3.0,500,Mutton Biryani
OD12469,CUST2442,REST_07,2026-05-20 20:51:50,36.0,Delivered,4.0,320,High-Protein Chicken Salad
OD12470,CUST2016,REST_01,2026-05-11 15:32:15,28.0,Delivered,3.0,410,Tandoori Chicken Half
OD12471,CUST2914,REST_09,2026-05-26 12:34:48,29.0,Delivered,5.0,190,Hot Chocolate
OD12472,CUST3364,REST_07,2026-05-20 21:41:30,37.0,Delivered,4.0,350,Quinoa Avocado Salad
OD12473,CUST2340,REST_09,2026-05-05 20:40:13,65.0,Delivered,1.0,530,Hot Chocolate
OD12474,CUST2847,REST_09,2026-05-20 15:12:21,22.0,Delivered,5.0,360,Hot Chocolate
OD12475,CUST3055,REST_06,2026-05-18 15:45:52,27.0,Delivered,4.0,290,Classic Cheese Burger & Fries
OD12476,CUST3312,REST_04,2026-05-15 21:47:17,31.0,Delivered,5.0,330,Chicken Fried Rice & Manchurian
OD12477,CUST2668,REST_02,2026-05-17 14:46:12,38.0,Delivered,5.0,200,Rava Kesari & Dosa Combo
OD12478,CUST2584,REST_03,2026-05-24 18:34:04,30.0,Delivered,5.0,280,Egg Biryani
OD12479,CUST3270,REST_04,2026-05-18 12:09:10,36.0,Delivered,3.0,260,Schezwan Noodles
OD12480,CUST2534,REST_01,2026-04-28 21:29:34,64.0,Delivered,1.0,800,Tandoori Chicken Half
OD12481,CUST3278,REST_01,2026-05-06 13:27:25,34.0,Delivered,4.0,1100,Butter Chicken & Naan
OD12482,CUST3393,REST_10,2026-05-25 20:22:57,37.0,Delivered,5.0,380,Malai Kofta & Lachha Paratha
OD12483,CUST2875,REST_03,2026-05-15 20:09:13,48.0,Delivered,1.0,390,Chicken Tikka Biryani
OD12484,CUST2846,REST_09,2026-05-20 20:29:11,,Cancelled,,200,Classic Cold Coffee
OD12485,CUST2519,REST_05,2026-04-30 22:19:38,63.0,Delivered,1.0,440,Farmhouse Veg Pizza
OD12486,CUST2346,REST_09,2026-05-16 22:17:16,47.0,Delivered,1.0,200,Classic Cold Coffee
OD12487,CUST3449,REST_06,2026-05-05 07:35:34,35.0,Delivered,5.0,410,Chicken Nuggets (9 pcs)
OD12488,CUST3116,REST_01,2026-05-10 19:51:08,68.0,Delivered,1.0,380,Butter Chicken & Naan
OD12489,CUST2187,REST_03,2026-05-03 09:48:23,21.0,Delivered,5.0,920,Mutton Biryani
OD12490,CUST2443,REST_02,2026-05-18 12:04:18,33.0,Delivered,4.0,150,Idli Vada Combo
OD12491,CUST2501,REST_02,2026-04-28 21:11:39,39.0,Delivered,4.0,160,Filter Coffee & Upma
OD12492,CUST3302,REST_06,2026-04-27 20:41:37,47.0,Delivered,1.0,400,Chicken Nuggets (9 pcs)
OD12493,CUST2603,REST_05,2026-05-13 21:30:07,53.0,Delivered,3.0,180,Garlic Bread with Cheese
OD12494,CUST2237,REST_02,2026-05-19 19:00:08,47.0,Delivered,2.0,410,Onion Uttapam
OD12495,CUST2096,REST_10,2026-05-14 22:12:18,47.0,Delivered,3.0,300,Paneer Tikka
OD12496,CUST2026,REST_01,2026-05-19 08:14:08,33.0,Delivered,5.0,590,Dal Makhani with Jeera Rice
OD12497,CUST3343,REST_01,2026-05-11 19:46:18,43.0,Delivered,3.0,340,Paneer Butter Masala Meal
OD12498,CUST2055,REST_02,2026-05-10 23:29:50,23.0,Delivered,5.0,140,Masala Dosa with Sambar
OD12499,CUST3039,REST_07,2026-05-21 05:10:02,20.0,Delivered,4.0,340,High-Protein Chicken Salad
OD12500,CUST2428,REST_01,2026-05-03 08:33:17,36.0,Delivered,5.0,580,Dal Makhani with Jeera Rice
OD12501,CUST2006,REST_09,2026-05-10 22:28:03,67.0,Delivered,1.0,200,Hot Chocolate
OD12502,CUST2015,REST_09,2026-05-18 13:02:21,39.0,Delivered,3.0,530,Iced Latte
OD12503,CUST2343,REST_08,2026-05-01 19:36:01,47.0,Delivered,4.0,420,Kulfi Falooda
OD12504,CUST2130,REST_04,2026-05-14 06:56:39,15.0,Delivered,5.0,260,Schezwan Noodles
OD12505,CUST2132,REST_02,2026-05-12 20:46:05,43.0,Delivered,3.0,170,Onion Uttapam
OD12506,CUST3161,REST_07,2026-04-29 12:50:50,28.0,Delivered,5.0,210,Fresh Fruit Bowl
OD12507,CUST2165,REST_04,2026-05-26 11:48:54,24.0,Delivered,4.0,500,Veg Spring Rolls (6 pcs)
OD12508,CUST2952,REST_08,2026-05-15 15:01:06,34.0,Delivered,4.0,400,Sizzling Brownie
OD12509,CUST2679,REST_02,2026-04-28 11:09:42,21.0,Delivered,3.0,310,Onion Uttapam
OD12510,CUST2626,REST_08,2026-05-01 14:12:46,44.0,Delivered,2.0,310,Kulfi Falooda
OD12511,CUST2972,REST_04,2026-05-11 22:39:38,65.0,Delivered,1.0,280,Schezwan Noodles
OD12512,CUST2033,REST_03,2026-05-09 20:12:45,41.0,Delivered,2.0,310,Veg Hyderabadi Biryani
OD12513,CUST3200,REST_09,2026-05-08 11:15:38,38.0,Delivered,4.0,210,Iced Latte
OD12514,CUST2970,REST_04,2026-05-24 13:00:24,48.0,Delivered,3.0,720,Schezwan Noodles
OD12515,CUST2239,REST_05,2026-05-05 21:21:11,46.0,Delivered,2.0,410,Chicken Alfredo Pasta
OD12516,CUST2373,REST_04,2026-05-05 14:51:45,40.0,Delivered,3.0,310,Chicken Fried Rice & Manchurian
OD12517,CUST2173,REST_02,2026-05-05 13:36:21,34.0,Delivered,5.0,160,Masala Dosa with Sambar
OD12518,CUST3089,REST_05,2026-05-13 10:23:04,16.0,Delivered,4.0,760,Chicken Alfredo Pasta
OD12519,CUST3006,REST_10,2026-05-15 19:32:28,47.0,Delivered,1.0,610,Paneer Tikka
OD12520,CUST3082,REST_08,2026-05-24 00:29:20,31.0,Delivered,5.0,120,Gulab Jamun (4 pcs)
OD12521,CUST2984,REST_10,2026-05-11 21:35:10,57.0,Delivered,2.0,590,Paneer Tikka
OD12522,CUST2188,REST_03,2026-05-04 20:34:40,44.0,Delivered,1.0,320,Veg Hyderabadi Biryani
OD12523,CUST2146,REST_05,2026-05-15 15:46:01,39.0,Delivered,4.0,470,Farmhouse Veg Pizza
OD12524,CUST3244,REST_02,2026-05-12 19:44:40,32.0,Delivered,3.0,120,Idli Vada Combo
OD12525,CUST2897,REST_02,2026-05-02 13:08:46,58.0,Delivered,1.0,170,Rava Kesari & Dosa Combo
OD12526,CUST2985,REST_03,2026-05-24 18:14:40,21.0,Delivered,4.0,770,Chicken Tikka Biryani
OD12527,CUST3438,REST_10,2026-05-11 19:48:24,33.0,Delivered,5.0,400,Butter Chicken Combo Meal
OD12528,CUST2586,REST_02,2026-04-27 19:14:53,48.0,Delivered,4.0,330,Rava Kesari & Dosa Combo
OD12529,CUST3186,REST_06,2026-05-19 21:17:29,52.0,Delivered,2.0,250,Crispy Chicken Burger
OD12530,CUST3439,REST_10,2026-05-07 18:36:30,30.0,Delivered,4.0,390,Butter Chicken Combo Meal
OD12531,CUST3282,REST_02,2026-05-20 20:06:20,34.0,Delivered,2.0,150,Masala Dosa with Sambar
OD12532,CUST2889,REST_01,2026-05-09 16:00:54,31.0,Delivered,3.0,370,Paneer Butter Masala Meal
OD12533,CUST2036,REST_08,2026-04-29 18:08:24,17.0,Delivered,4.0,230,Gulab Jamun (4 pcs)
OD12534,CUST2213,REST_09,2026-05-08 19:03:32,62.0,Delivered,1.0,450,Club Sandwich
OD12535,CUST2567,REST_04,2026-05-11 20:26:58,57.0,Delivered,1.0,320,Chilli Chicken Gravy
OD12536,CUST3148,REST_06,2026-05-07 22:47:35,45.0,Delivered,4.0,240,Crispy Chicken Burger
OD12537,CUST3008,REST_06,2026-05-17 21:39:17,47.0,Delivered,2.0,470,Crispy Chicken Burger
OD12538,CUST3155,REST_10,2026-05-07 13:28:00,28.0,Delivered,4.0,340,Chicken Seekh Kebab
OD12539,CUST2580,REST_03,2026-05-07 12:44:34,48.0,Delivered,2.0,300,Egg Biryani
OD12540,CUST2769,REST_04,2026-05-06 11:27:47,19.0,Delivered,5.0,270,Schezwan Noodles
OD12541,CUST2815,REST_04,2026-05-13 19:33:31,51.0,Delivered,3.0,340,Chicken Fried Rice & Manchurian
OD12542,CUST3236,REST_04,2026-05-19 22:04:30,33.0,Delivered,3.0,310,Chicken Fried Rice & Manchurian
OD12543,CUST2474,REST_01,2026-05-13 19:15:26,44.0,Delivered,2.0,660,Kadhai Paneer with Roti
OD12544,CUST2179,REST_04,2026-05-18 21:02:37,56.0,Delivered,1.0,580,Chilli Chicken Gravy
OD12545,CUST2932,REST_04,2026-05-08 14:21:39,41.0,Delivered,2.0,330,Chilli Chicken Gravy
OD12546,CUST2734,REST_02,2026-05-03 19:23:13,68.0,Delivered,1.0,270,Masala Dosa with Sambar
OD12547,CUST2169,REST_04,2026-05-17 18:21:47,20.0,Delivered,5.0,250,Schezwan Noodles
OD12548,CUST2866,REST_01,2026-04-30 20:19:19,40.0,Delivered,3.0,400,Tandoori Chicken Half
OD12549,CUST2586,REST_09,2026-05-11 20:53:57,29.0,Delivered,5.0,200,Iced Latte
OD12550,CUST2671,REST_08,2026-05-20 20:23:32,49.0,Delivered,2.0,170,Red Velvet Pastry
OD12551,CUST2542,REST_09,2026-05-25 21:37:19,62.0,Delivered,1.0,170,Classic Cold Coffee
OD12552,CUST3448,REST_10,2026-05-06 23:27:16,29.0,Delivered,5.0,380,Malai Kofta & Lachha Paratha
OD12553,CUST2149,REST_06,2026-05-25 21:33:24,,Cancelled,,240,Crispy Chicken Burger
OD12554,CUST2677,REST_05,2026-05-12 20:38:43,49.0,Delivered,3.0,860,Farmhouse Veg Pizza
OD12555,CUST2090,REST_10,2026-05-07 21:47:08,43.0,Delivered,3.0,310,Paneer Tikka
OD12556,CUST2067,REST_08,2026-05-04 10:06:14,24.0,Delivered,5.0,200,Red Velvet Pastry
OD12557,CUST2180,REST_07,2026-05-12 14:41:11,57.0,Delivered,1.0,330,High-Protein Chicken Salad
OD12558,CUST2185,REST_06,2026-05-13 08:22:47,26.0,Delivered,3.0,290,Classic Cheese Burger & Fries
OD12559,CUST2853,REST_02,2026-05-15 13:59:47,,Cancelled,,170,Onion Uttapam
OD12560,CUST2835,REST_01,2026-05-19 16:55:58,19.0,Delivered,5.0,320,Dal Makhani with Jeera Rice
OD12561,CUST2384,REST_03,2026-05-08 15:25:04,37.0,Delivered,4.0,580,Veg Hyderabadi Biryani
OD12562,CUST2639,REST_09,2026-05-15 20:32:40,57.0,Delivered,2.0,230,Paneer Tikka Sandwich
OD12563,CUST3014,REST_01,2026-05-23 23:11:48,39.0,Delivered,5.0,330,Dal Makhani with Jeera Rice
OD12564,CUST2247,REST_03,2026-05-09 12:06:48,52.0,Delivered,2.0,280,Egg Biryani
OD12565,CUST3074,REST_06,2026-05-22 12:12:00,50.0,Delivered,2.0,230,Spicy Paneer Wrap
OD12566,CUST2932,REST_06,2026-05-16 18:51:04,18.0,Delivered,5.0,230,Chicken Nuggets (9 pcs)
OD12567,CUST2417,REST_01,2026-05-02 20:19:55,55.0,Delivered,3.0,360,Paneer Butter Masala Meal
OD12568,CUST2847,REST_02,2026-05-04 21:34:00,54.0,Delivered,2.0,150,Masala Dosa with Sambar
OD12569,CUST2285,REST_02,2026-04-30 20:10:32,47.0,Delivered,1.0,130,Filter Coffee & Upma
OD12570,CUST2802,REST_07,2026-05-16 13:11:32,51.0,Delivered,3.0,280,Greek Salad
OD12571,CUST2574,REST_06,2026-05-19 12:42:38,37.0,Delivered,5.0,290,Classic Cheese Burger & Fries
OD12572,CUST3411,REST_04,2026-05-20 14:54:44,34.0,Delivered,5.0,250,Veg Hakka Noodles
OD12573,CUST2702,REST_01,2026-05-14 08:50:04,34.0,Delivered,5.0,370,Paneer Butter Masala Meal
OD12574,CUST3276,REST_05,2026-05-20 19:32:15,40.0,Delivered,5.0,190,Garlic Bread with Cheese
OD12575,CUST2905,REST_08,2026-05-20 09:54:22,28.0,Delivered,4.0,200,Sizzling Brownie
OD12576,CUST2275,REST_07,2026-05-19 22:42:52,40.0,Delivered,5.0,520,Caesar Salad
OD12577,CUST2389,REST_05,2026-04-29 20:15:58,48.0,Delivered,2.0,360,Veg Arrabiata Penne Pasta
OD12578,CUST3449,REST_10,2026-05-20 17:12:09,36.0,Delivered,4.0,350,Chicken Seekh Kebab
OD12579,CUST3211,REST_04,2026-05-06 09:40:29,21.0,Delivered,4.0,580,Chilli Chicken Gravy
OD12580,CUST2471,REST_07,2026-05-26 17:00:42,39.0,Delivered,3.0,290,Caesar Salad
OD12581,CUST2440,REST_09,2026-05-21 21:39:27,41.0,Delivered,1.0,170,Classic Cold Coffee
OD12582,CUST3325,REST_08,2026-05-25 14:26:30,34.0,Delivered,4.0,190,Red Velvet Pastry
OD12583,CUST2831,REST_06,2026-05-12 18:20:16,20.0,Delivered,5.0,410,Chicken Nuggets (9 pcs)
OD12584,CUST3487,REST_10,2026-05-10 21:41:34,48.0,Delivered,2.0,350,Chicken Seekh Kebab
OD12585,CUST2879,REST_09,2026-04-30 11:37:51,39.0,Delivered,5.0,240,Club Sandwich
OD12586,CUST3015,REST_09,2026-05-06 05:05:49,19.0,Delivered,5.0,250,Club Sandwich
OD12587,CUST2027,REST_01,2026-05-26 07:13:33,,Cancelled,,370,Butter Chicken & Naan
OD12588,CUST2904,REST_04,2026-05-09 20:14:52,44.0,Delivered,2.0,270,Schezwan Noodles
OD12589,CUST3179,REST_07,2026-05-03 22:22:18,54.0,Delivered,2.0,260,Greek Salad
OD12590,CUST3291,REST_02,2026-05-08 19:55:47,40.0,Delivered,5.0,140,Masala Dosa with Sambar
OD12591,CUST2919,REST_10,2026-05-04 20:08:15,40.0,Delivered,4.0,380,Butter Chicken Combo Meal
OD12592,CUST2794,REST_03,2026-05-23 08:12:49,29.0,Delivered,3.0,400,Chicken Tikka Biryani
OD12593,CUST3127,REST_04,2026-05-17 12:33:06,47.0,Delivered,1.0,200,Veg Spring Rolls (6 pcs)
OD12594,CUST3446,REST_01,2026-05-02 21:30:07,57.0,Delivered,1.0,370,Paneer Butter Masala Meal
OD12595,CUST2160,REST_08,2026-05-11 15:28:31,40.0,Delivered,4.0,170,Kulfi Falooda
OD12596,CUST3145,REST_09,2026-04-28 21:33:28,40.0,Delivered,4.0,170,Classic Cold Coffee
OD12597,CUST2488,REST_01,2026-05-13 18:38:55,28.0,Delivered,4.0,370,Paneer Butter Masala Meal
OD12598,CUST2775,REST_06,2026-05-26 15:36:53,21.0,Delivered,5.0,230,Spicy Paneer Wrap
OD12599,CUST2634,REST_06,2026-05-20 13:51:19,32.0,Delivered,3.0,240,Crispy Chicken Burger
OD12600,CUST2100,REST_02,2026-04-30 21:20:47,37.0,Delivered,5.0,130,Filter Coffee & Upma
OD12601,CUST2942,REST_07,2026-05-17 14:42:26,,Cancelled,,340,High-Protein Chicken Salad
OD12602,CUST2415,REST_09,2026-05-07 20:11:48,41.0,Delivered,1.0,510,Iced Latte
OD12603,CUST2705,REST_07,2026-05-15 12:19:39,54.0,Delivered,4.0,350,Quinoa Avocado Salad
OD12604,CUST3480,REST_08,2026-05-14 19:52:40,64.0,Delivered,1.0,290,Kulfi Falooda
OD12605,CUST2182,REST_07,2026-05-19 22:32:58,43.0,Delivered,2.0,290,Caesar Salad
OD12606,CUST2442,REST_08,2026-05-05 18:48:28,24.0,Delivered,3.0,180,Chocolate Lava Cake
OD12607,CUST2252,REST_10,2026-05-22 20:11:59,61.0,Delivered,1.0,320,Paneer Tikka
OD12608,CUST2514,REST_02,2026-04-29 21:39:10,49.0,Delivered,2.0,150,Filter Coffee & Upma
OD12609,CUST2476,REST_06,2026-05-02 18:27:30,51.0,Delivered,4.0,220,Chicken Nuggets (9 pcs)
OD12610,CUST3187,REST_09,2026-05-22 18:45:27,29.0,Delivered,4.0,210,Paneer Tikka Sandwich
OD12611,CUST3075,REST_07,2026-05-07 15:40:13,19.0,Delivered,5.0,690,Quinoa Avocado Salad
OD12612,CUST2359,REST_04,2026-05-02 18:50:41,26.0,Delivered,5.0,260,Veg Hakka Noodles
OD12613,CUST2500,REST_01,2026-05-02 20:57:09,43.0,Delivered,2.0,330,Kadhai Paneer with Roti
OD12614,CUST3368,REST_08,2026-05-04 13:41:45,50.0,Delivered,4.0,120,Gulab Jamun (4 pcs)
OD12615,CUST2201,REST_07,2026-05-21 22:33:17,41.0,Delivered,4.0,280,Greek Salad
OD12616,CUST2679,REST_08,2026-05-25 19:04:48,38.0,Delivered,4.0,310,Kulfi Falooda
OD12617,CUST2784,REST_07,2026-05-09 21:18:26,42.0,Delivered,3.0,260,Caesar Salad
OD12618,CUST3299,REST_10,2026-05-01 21:17:04,53.0,Delivered,3.0,670,Chicken Seekh Kebab
OD12619,CUST2453,REST_03,2026-05-26 20:09:57,61.0,Delivered,1.0,350,Chicken Dum Biryani
OD12620,CUST2029,REST_08,2026-05-21 12:33:23,46.0,Delivered,2.0,300,Chocolate Lava Cake
OD12621,CUST2063,REST_07,2026-05-04 22:42:12,44.0,Delivered,2.0,270,Greek Salad
OD12622,CUST2731,REST_05,2026-05-21 19:10:00,47.0,Delivered,2.0,410,Margherita Pizza 10-inch
OD12623,CUST2098,REST_09,2026-05-24 17:25:35,33.0,Delivered,4.0,340,Classic Cold Coffee
OD12624,CUST2094,REST_06,2026-05-01 13:58:38,,Cancelled,,270,Classic Cheese Burger & Fries
OD12625,CUST2605,REST_04,2026-05-20 20:31:16,48.0,Delivered,2.0,250,Veg Hakka Noodles
OD12626,CUST2606,REST_01,2026-05-03 19:37:17,45.0,Delivered,1.0,370,Paneer Butter Masala Meal
OD12627,CUST2842,REST_05,2026-05-23 11:41:02,36.0,Delivered,5.0,430,Margherita Pizza 10-inch
OD12628,CUST3047,REST_08,2026-04-30 19:58:13,30.0,Delivered,5.0,160,Chocolate Lava Cake
OD12629,CUST2592,REST_05,2026-05-19 08:07:31,15.0,Delivered,5.0,450,Farmhouse Veg Pizza
OD12630,CUST2808,REST_09,2026-05-26 18:13:30,18.0,Delivered,5.0,200,Classic Cold Coffee
OD12631,CUST2907,REST_03,2026-05-24 21:30:16,42.0,Delivered,3.0,470,Mutton Biryani
OD12632,CUST3217,REST_04,2026-05-01 20:43:37,42.0,Delivered,4.0,200,Veg Spring Rolls (6 pcs)
OD12633,CUST2281,REST_07,2026-05-11 14:44:58,51.0,Delivered,1.0,220,Fresh Fruit Bowl
OD12634,CUST3365,REST_02,2026-05-11 13:16:53,34.0,Delivered,3.0,180,Onion Uttapam
OD12635,CUST3249,REST_09,2026-05-16 20:22:15,61.0,Delivered,1.0,190,Iced Latte
OD12636,CUST2386,REST_03,2026-05-06 20:01:05,49.0,Delivered,2.0,770,Chicken Tikka Biryani
OD12637,CUST2674,REST_05,2026-04-28 13:37:39,36.0,Delivered,4.0,470,Farmhouse Veg Pizza
OD12638,CUST2798,REST_06,2026-05-09 09:59:02,44.0,Delivered,3.0,270,Loaded Nachos
OD12639,CUST3109,REST_10,2026-04-30 20:31:56,59.0,Delivered,1.0,640,Chicken Seekh Kebab
OD12640,CUST3462,REST_03,2026-05-22 08:46:27,33.0,Delivered,4.0,710,Chicken Dum Biryani
OD12641,CUST2144,REST_02,2026-05-14 21:26:28,47.0,Delivered,2.0,160,Masala Dosa with Sambar
OD12642,CUST2137,REST_09,2026-05-12 20:39:41,42.0,Delivered,2.0,340,Iced Latte
OD12643,CUST3280,REST_07,2026-05-19 14:35:49,49.0,Delivered,4.0,280,Caesar Salad
OD12644,CUST2440,REST_08,2026-05-09 22:01:31,60.0,Delivered,1.0,220,Sizzling Brownie
OD12645,CUST2555,REST_05,2026-05-11 14:02:09,51.0,Delivered,3.0,420,Margherita Pizza 10-inch
OD12646,CUST2911,REST_10,2026-05-02 12:35:32,57.0,Delivered,1.0,230,Tandoori Roti Combo
OD12647,CUST2530,REST_10,2026-05-08 11:54:41,27.0,Delivered,3.0,210,Tandoori Roti Combo
OD12648,CUST2565,REST_08,2026-05-19 23:42:46,44.0,Delivered,1.0,150,Gulab Jamun (4 pcs)
OD12649,CUST2661,REST_04,2026-05-19 19:50:27,36.0,Delivered,4.0,190,Veg Spring Rolls (6 pcs)
OD12650,CUST3301,REST_02,2026-05-05 08:59:10,35.0,Delivered,5.0,160,Onion Uttapam
OD12651,CUST2204,REST_07,2026-05-12 20:00:28,69.0,Delivered,1.0,510,Greek Salad
OD12652,CUST2211,REST_08,2026-05-24 20:18:11,48.0,Delivered,3.0,220,Sizzling Brownie
OD12653,CUST3289,REST_02,2026-05-01 22:10:54,41.0,Delivered,4.0,310,Onion Uttapam
OD12654,CUST2476,REST_10,2026-05-05 21:08:21,,Cancelled,,350,Chicken Seekh Kebab
OD12655,CUST2787,REST_08,2026-05-10 19:25:44,50.0,Delivered,3.0,150,Kulfi Falooda
OD12656,CUST2487,REST_05,2026-05-24 11:50:49,30.0,Delivered,4.0,430,Margherita Pizza 10-inch
OD12657,CUST2587,REST_01,2026-05-17 22:07:44,48.0,Delivered,3.0,310,Dal Makhani with Jeera Rice
OD12658,CUST2890,REST_02,2026-05-25 08:33:02,23.0,Delivered,5.0,150,Onion Uttapam
OD12659,CUST3143,REST_09,2026-05-01 15:20:07,23.0,Delivered,3.0,230,Paneer Tikka Sandwich
OD12660,CUST2746,REST_03,2026-05-14 18:51:17,20.0,Delivered,5.0,740,Chicken Tikka Biryani
OD12661,CUST3202,REST_10,2026-05-07 19:38:09,43.0,Delivered,3.0,390,Butter Chicken Combo Meal
OD12662,CUST2686,REST_06,2026-05-15 21:28:44,71.0,Delivered,1.0,290,Classic Cheese Burger & Fries
OD12663,CUST2686,REST_04,2026-05-03 13:55:16,48.0,Delivered,3.0,470,Veg Hakka Noodles
OD12664,CUST2327,REST_02,2026-05-09 13:24:04,62.0,Delivered,1.0,250,Idli Vada Combo
OD12665,CUST3383,REST_05,2026-04-27 10:33:44,,Cancelled,,440,Farmhouse Veg Pizza
OD12666,CUST3476,REST_08,2026-05-23 19:56:42,44.0,Delivered,1.0,180,Chocolate Lava Cake
OD12667,CUST2226,REST_08,2026-04-27 14:34:51,36.0,Delivered,5.0,150,Kulfi Falooda
OD12668,CUST2444,REST_05,2026-05-20 10:46:57,41.0,Delivered,2.0,400,Margherita Pizza 10-inch
OD12669,CUST3314,REST_09,2026-04-30 20:04:06,48.0,Delivered,4.0,400,Paneer Tikka Sandwich
OD12670,CUST3304,REST_02,2026-05-11 21:49:16,36.0,Delivered,4.0,240,Idli Vada Combo
OD12671,CUST3160,REST_09,2026-05-23 21:39:32,49.0,Delivered,3.0,190,Iced Latte
OD12672,CUST2305,REST_01,2026-05-08 16:43:22,37.0,Delivered,4.0,360,Paneer Butter Masala Meal
OD12673,CUST3050,REST_02,2026-05-06 13:32:36,39.0,Delivered,4.0,140,Idli Vada Combo
OD12674,CUST2790,REST_03,2026-05-01 20:54:14,43.0,Delivered,4.0,750,Chicken Tikka Biryani
OD12675,CUST2847,REST_02,2026-05-26 20:31:16,44.0,Delivered,4.0,140,Idli Vada Combo
OD12676,CUST3033,REST_04,2026-05-08 13:52:59,45.0,Delivered,1.0,180,Veg Spring Rolls (6 pcs)
OD12677,CUST3208,REST_03,2026-05-16 12:23:42,47.0,Delivered,3.0,380,Chicken Dum Biryani
OD12678,CUST2170,REST_03,2026-05-03 19:38:45,61.0,Delivered,1.0,300,Egg Biryani
OD12679,CUST3053,REST_01,2026-04-27 16:36:18,28.0,Delivered,4.0,750,Butter Chicken & Naan
OD12680,CUST2587,REST_05,2026-05-05 09:56:53,17.0,Delivered,5.0,460,Farmhouse Veg Pizza
OD12681,CUST2382,REST_04,2026-05-20 16:29:54,21.0,Delivered,3.0,490,Veg Hakka Noodles
OD12682,CUST2964,REST_08,2026-05-24 08:00:35,42.0,Delivered,2.0,170,Red Velvet Pastry
OD12683,CUST2808,REST_01,2026-05-12 20:48:22,61.0,Delivered,1.0,400,Butter Chicken & Naan
OD12684,CUST2463,REST_10,2026-05-21 18:28:49,23.0,Delivered,5.0,310,Paneer Tikka
OD12685,CUST2099,REST_03,2026-04-30 22:18:33,33.0,Delivered,5.0,370,Chicken Dum Biryani
OD12686,CUST3193,REST_07,2026-05-22 05:47:50,24.0,Delivered,5.0,220,Fresh Fruit Bowl
OD12687,CUST2638,REST_08,2026-05-20 21:43:37,36.0,Delivered,4.0,230,Sizzling Brownie
OD12688,CUST2650,REST_05,2026-05-19 19:37:18,50.0,Delivered,2.0,470,Farmhouse Veg Pizza
OD12689,CUST3065,REST_10,2026-05-20 21:55:14,61.0,Delivered,1.0,390,Butter Chicken Combo Meal
OD12690,CUST2277,REST_02,2026-05-02 13:40:21,46.0,Delivered,3.0,160,Masala Dosa with Sambar
OD12691,CUST2282,REST_07,2026-05-08 13:36:39,41.0,Delivered,2.0,370,Quinoa Avocado Salad
OD12692,CUST2042,REST_01,2026-04-27 09:16:11,24.0,Delivered,5.0,330,Kadhai Paneer with Roti
OD12693,CUST2176,REST_06,2026-05-24 19:48:48,54.0,Delivered,2.0,230,Chicken Nuggets (9 pcs)
OD12694,CUST2029,REST_09,2026-05-08 18:30:57,23.0,Delivered,5.0,250,Club Sandwich
OD12695,CUST2601,REST_10,2026-05-23 18:54:02,33.0,Delivered,5.0,210,Tandoori Roti Combo
OD12696,CUST2131,REST_03,2026-05-04 14:27:29,48.0,Delivered,3.0,940,Mutton Biryani
OD12697,CUST2267,REST_07,2026-05-03 20:00:19,35.0,Delivered,4.0,340,High-Protein Chicken Salad
OD12698,CUST3405,REST_03,2026-05-18 23:38:02,21.0,Delivered,5.0,410,Chicken Tikka Biryani
OD12699,CUST3238,REST_08,2026-05-21 22:18:49,54.0,Delivered,2.0,120,Gulab Jamun (4 pcs)
OD12700,CUST2104,REST_04,2026-05-24 21:23:45,57.0,Delivered,1.0,320,Chicken Fried Rice & Manchurian
OD12701,CUST2424,REST_06,2026-05-18 18:33:44,33.0,Delivered,4.0,260,Classic Cheese Burger & Fries
OD12702,CUST2549,REST_07,2026-05-16 20:50:38,68.0,Delivered,1.0,290,Caesar Salad
OD12703,CUST2904,REST_06,2026-05-24 20:37:20,66.0,Delivered,1.0,230,Chicken Nuggets (9 pcs)
OD12704,CUST2127,REST_07,2026-04-28 14:04:24,39.0,Delivered,2.0,340,Quinoa Avocado Salad
OD12705,CUST3328,REST_01,2026-05-20 20:48:55,70.0,Delivered,1.0,580,Dal Makhani with Jeera Rice
OD12706,CUST2505,REST_10,2026-05-17 21:48:51,71.0,Delivered,1.0,210,Tandoori Roti Combo
OD12707,CUST2686,REST_06,2026-05-02 20:58:38,59.0,Delivered,1.0,200,Spicy Paneer Wrap
OD12708,CUST2980,REST_01,2026-05-19 21:13:08,44.0,Delivered,3.0,380,Butter Chicken & Naan
OD12709,CUST2321,REST_02,2026-05-12 18:44:08,20.0,Delivered,5.0,140,Idli Vada Combo
OD12710,CUST2130,REST_10,2026-05-18 23:23:21,18.0,Delivered,5.0,350,Malai Kofta & Lachha Paratha
OD12711,CUST3415,REST_09,2026-05-25 17:00:50,17.0,Delivered,4.0,190,Hot Chocolate
OD12712,CUST3246,REST_04,2026-05-11 18:31:06,23.0,Delivered,4.0,320,Chicken Fried Rice & Manchurian
OD12713,CUST2840,REST_05,2026-05-06 21:31:17,48.0,Delivered,3.0,890,Farmhouse Veg Pizza
OD12714,CUST3065,REST_04,2026-05-08 20:03:33,,Cancelled,,240,Veg Hakka Noodles
OD12715,CUST2648,REST_07,2026-05-20 20:34:07,35.0,Delivered,4.0,620,High-Protein Chicken Salad
OD12716,CUST3139,REST_07,2026-05-10 08:13:28,36.0,Delivered,5.0,270,Greek Salad
OD12717,CUST2497,REST_04,2026-05-20 19:14:12,42.0,Delivered,1.0,340,Chicken Fried Rice & Manchurian
OD12718,CUST2882,REST_03,2026-05-02 12:18:13,35.0,Delivered,5.0,380,Chicken Tikka Biryani
OD12719,CUST2594,REST_01,2026-05-01 20:01:39,47.0,Delivered,3.0,580,Dal Makhani with Jeera Rice
OD12720,CUST2997,REST_08,2026-05-15 19:47:59,53.0,Delivered,3.0,500,Red Velvet Pastry
OD12721,CUST2475,REST_07,2026-05-13 14:28:51,46.0,Delivered,1.0,280,Greek Salad
OD12722,CUST2239,REST_04,2026-05-05 22:46:38,,Cancelled,,260,Veg Hakka Noodles
OD12723,CUST2498,REST_10,2026-05-12 18:15:28,17.0,Delivered,5.0,380,Malai Kofta & Lachha Paratha
OD12724,CUST2911,REST_06,2026-05-26 19:59:35,39.0,Delivered,4.0,400,Chicken Nuggets (9 pcs)
OD12725,CUST2260,REST_03,2026-05-07 19:20:18,45.0,Delivered,3.0,380,Chicken Tikka Biryani
OD12726,CUST2583,REST_01,2026-05-05 13:11:18,49.0,Delivered,4.0,300,Dal Makhani with Jeera Rice
OD12727,CUST2480,REST_04,2026-05-03 14:50:12,49.0,Delivered,1.0,270,Veg Hakka Noodles
OD12728,CUST3032,REST_03,2026-05-14 18:40:20,30.0,Delivered,5.0,350,Chicken Dum Biryani
OD12729,CUST2976,REST_04,2026-05-15 22:29:14,77.0,Delivered,1.0,610,Chilli Chicken Gravy
OD12730,CUST3022,REST_09,2026-05-21 07:41:18,23.0,Delivered,5.0,360,Hot Chocolate
OD12731,CUST2819,REST_03,2026-04-27 22:39:14,36.0,Delivered,4.0,740,Chicken Tikka Biryani
OD12732,CUST2708,REST_05,2026-05-18 08:22:27,16.0,Delivered,5.0,460,Farmhouse Veg Pizza
OD12733,CUST3129,REST_08,2026-05-19 21:50:54,35.0,Delivered,5.0,190,Red Velvet Pastry
OD12734,CUST2675,REST_06,2026-05-20 15:39:40,21.0,Delivered,4.0,230,Crispy Chicken Burger
OD12735,CUST2069,REST_08,2026-05-10 19:28:11,45.0,Delivered,2.0,170,Chocolate Lava Cake
OD12736,CUST2922,REST_01,2026-05-15 21:35:49,47.0,Delivered,3.0,360,Paneer Butter Masala Meal
OD12737,CUST2982,REST_04,2026-05-15 07:33:23,39.0,Delivered,4.0,490,Veg Hakka Noodles
OD12738,CUST3057,REST_02,2026-05-10 14:26:02,49.0,Delivered,3.0,160,Onion Uttapam
OD12739,CUST2670,REST_05,2026-05-21 19:56:28,54.0,Delivered,3.0,800,Margherita Pizza 10-inch
OD12740,CUST2673,REST_09,2026-05-14 21:51:20,35.0,Delivered,5.0,170,Classic Cold Coffee
OD12741,CUST2968,REST_03,2026-04-30 06:18:05,35.0,Delivered,3.0,360,Chicken Dum Biryani
OD12742,CUST3188,REST_04,2026-04-30 16:43:52,22.0,Delivered,5.0,240,Veg Hakka Noodles
OD12743,CUST2183,REST_04,2026-05-17 14:02:02,45.0,Delivered,2.0,270,Schezwan Noodles
OD12744,CUST2267,REST_08,2026-05-09 13:50:19,65.0,Delivered,1.0,160,Chocolate Lava Cake
OD12745,CUST2807,REST_04,2026-05-24 12:23:20,35.0,Delivered,4.0,200,Veg Spring Rolls (6 pcs)
OD12746,CUST3317,REST_03,2026-05-04 20:02:49,31.0,Delivered,4.0,330,Veg Hyderabadi Biryani
OD12747,CUST3124,REST_01,2026-05-02 21:06:19,51.0,Delivered,4.0,330,Dal Makhani with Jeera Rice
OD12748,CUST3029,REST_08,2026-05-13 22:56:25,,Cancelled,,170,Red Velvet Pastry
OD12749,CUST2211,REST_04,2026-04-30 20:35:06,44.0,Delivered,3.0,260,Veg Hakka Noodles
OD12750,CUST2789,REST_03,2026-05-08 12:06:08,48.0,Delivered,1.0,300,Veg Hyderabadi Biryani
OD12751,CUST2727,REST_08,2026-04-28 19:40:36,37.0,Delivered,5.0,310,Kulfi Falooda
OD12752,CUST3016,REST_02,2026-05-23 09:53:58,23.0,Delivered,4.0,170,Onion Uttapam
OD12753,CUST2215,REST_06,2026-05-18 20:47:40,,Cancelled,,250,Crispy Chicken Burger
OD12754,CUST3221,REST_05,2026-05-26 20:29:35,44.0,Delivered,3.0,330,Veg Arrabiata Penne Pasta
OD12755,CUST3235,REST_04,2026-05-09 22:47:10,53.0,Delivered,2.0,370,Veg Spring Rolls (6 pcs)
OD12756,CUST3352,REST_02,2026-05-02 17:07:12,31.0,Delivered,5.0,190,Rava Kesari & Dosa Combo
OD12757,CUST3141,REST_04,2026-05-23 09:34:16,30.0,Delivered,5.0,630,Chicken Fried Rice & Manchurian
OD12758,CUST2721,REST_05,2026-05-24 18:00:23,29.0,Delivered,5.0,760,Chicken Alfredo Pasta
OD12759,CUST2353,REST_01,2026-05-03 12:02:44,47.0,Delivered,4.0,400,Tandoori Chicken Half
OD12760,CUST2311,REST_07,2026-05-25 15:28:28,21.0,Delivered,5.0,260,Greek Salad
OD12761,CUST3042,REST_02,2026-05-14 22:40:45,40.0,Delivered,2.0,150,Filter Coffee & Upma
OD12762,CUST2550,REST_10,2026-05-12 14:56:31,43.0,Delivered,3.0,380,Butter Chicken Combo Meal
OD12763,CUST2010,REST_06,2026-05-17 18:48:11,25.0,Delivered,4.0,260,Crispy Chicken Burger
OD12764,CUST2220,REST_08,2026-04-28 21:35:43,43.0,Delivered,2.0,220,Sizzling Brownie
OD12765,CUST3492,REST_02,2026-05-14 21:10:15,46.0,Delivered,1.0,160,Filter Coffee & Upma
OD12766,CUST3026,REST_09,2026-04-29 10:17:49,,Cancelled,,190,Classic Cold Coffee
OD12767,CUST3115,REST_02,2026-05-24 13:51:05,38.0,Delivered,3.0,190,Rava Kesari & Dosa Combo
OD12768,CUST3466,REST_07,2026-05-01 15:41:11,39.0,Delivered,4.0,340,High-Protein Chicken Salad
OD12769,CUST2690,REST_02,2026-05-25 16:41:06,35.0,Delivered,5.0,360,Filter Coffee & Upma
OD12770,CUST3085,REST_05,2026-05-25 19:59:41,48.0,Delivered,4.0,430,Margherita Pizza 10-inch
OD12771,CUST3253,REST_08,2026-05-10 22:03:34,62.0,Delivered,1.0,150,Gulab Jamun (4 pcs)
OD12772,CUST2233,REST_05,2026-05-03 07:43:29,36.0,Delivered,5.0,410,Margherita Pizza 10-inch
OD12773,CUST3235,REST_03,2026-05-20 20:11:25,37.0,Delivered,4.0,700,Chicken Dum Biryani
OD12774,CUST3009,REST_05,2026-05-19 19:33:39,33.0,Delivered,4.0,350,Garlic Bread with Cheese
OD12775,CUST2357,REST_03,2026-05-15 17:43:11,24.0,Delivered,5.0,390,Chicken Tikka Biryani
OD12776,CUST2510,REST_09,2026-05-17 09:34:25,29.0,Delivered,5.0,210,Hot Chocolate
OD12777,CUST3289,REST_10,2026-05-03 15:38:53,50.0,Delivered,2.0,320,Paneer Tikka
OD12778,CUST3328,REST_01,2026-05-14 18:02:00,42.0,Delivered,2.0,600,Dal Makhani with Jeera Rice
OD12779,CUST3499,REST_04,2026-05-25 08:14:49,33.0,Delivered,5.0,250,Veg Hakka Noodles
OD12780,CUST2485,REST_02,2026-04-30 07:19:25,24.0,Delivered,3.0,200,Rava Kesari & Dosa Combo
OD12781,CUST2670,REST_03,2026-05-02 21:24:03,65.0,Delivered,1.0,710,Chicken Dum Biryani
OD12782,CUST2474,REST_02,2026-05-01 12:00:04,45.0,Delivered,2.0,150,Onion Uttapam
OD12783,CUST2953,REST_05,2026-05-17 19:01:35,50.0,Delivered,2.0,400,Margherita Pizza 10-inch
OD12784,CUST2846,REST_08,2026-05-04 14:23:05,31.0,Delivered,5.0,180,Red Velvet Pastry
OD12785,CUST2058,REST_03,2026-04-30 07:26:20,19.0,Delivered,5.0,950,Mutton Biryani
OD12786,CUST2751,REST_08,2026-05-15 07:30:05,23.0,Delivered,5.0,200,Sizzling Brownie
OD12787,CUST3279,REST_10,2026-04-30 13:29:58,42.0,Delivered,1.0,220,Tandoori Roti Combo
OD12788,CUST2233,REST_02,2026-05-06 20:32:19,52.0,Delivered,1.0,160,Masala Dosa with Sambar
OD12789,CUST2909,REST_02,2026-05-25 21:43:26,52.0,Delivered,3.0,300,Onion Uttapam
OD12790,CUST3112,REST_06,2026-04-27 21:41:50,37.0,Delivered,4.0,210,Chicken Nuggets (9 pcs)
OD12791,CUST3332,REST_01,2026-05-14 12:05:42,38.0,Delivered,2.0,380,Butter Chicken & Naan
OD12792,CUST3203,REST_07,2026-04-27 08:04:42,36.0,Delivered,4.0,920,High-Protein Chicken Salad
OD12793,CUST3454,REST_08,2026-04-29 11:55:17,37.0,Delivered,5.0,290,Kulfi Falooda
OD12794,CUST3449,REST_02,2026-05-06 20:27:09,35.0,Delivered,2.0,170,Masala Dosa with Sambar
OD12795,CUST3320,REST_07,2026-05-10 21:16:25,52.0,Delivered,2.0,310,High-Protein Chicken Salad
OD12796,CUST2305,REST_04,2026-05-01 08:48:31,25.0,Delivered,3.0,510,Schezwan Noodles
OD12797,CUST2888,REST_05,2026-05-21 14:52:18,40.0,Delivered,2.0,170,Garlic Bread with Cheese
OD12798,CUST2214,REST_04,2026-05-21 20:31:34,42.0,Delivered,2.0,260,Schezwan Noodles
OD12799,CUST2658,REST_08,2026-05-05 10:43:20,,Cancelled,,210,Sizzling Brownie
OD12800,CUST3001,REST_05,2026-05-08 23:53:41,31.0,Delivered,4.0,460,Farmhouse Veg Pizza
OD12801,CUST2738,REST_03,2026-05-23 20:51:55,48.0,Delivered,4.0,580,Veg Hyderabadi Biryani
OD12802,CUST2237,REST_09,2026-04-27 20:22:10,58.0,Delivered,2.0,220,Hot Chocolate
OD12803,CUST2990,REST_10,2026-05-01 15:32:03,35.0,Delivered,4.0,320,Paneer Tikka
OD12804,CUST2195,REST_02,2026-05-19 20:59:57,51.0,Delivered,1.0,150,Filter Coffee & Upma
OD12805,CUST2054,REST_09,2026-05-22 12:48:07,59.0,Delivered,1.0,470,Classic Cold Coffee
OD12806,CUST3136,REST_03,2026-05-09 18:08:22,32.0,Delivered,5.0,470,Mutton Biryani
OD12807,CUST2253,REST_07,2026-05-05 09:17:50,,Cancelled,,340,Quinoa Avocado Salad
OD12808,CUST2387,REST_03,2026-05-12 21:11:58,36.0,Delivered,5.0,500,Mutton Biryani
OD12809,CUST2900,REST_10,2026-05-17 18:04:39,40.0,Delivered,4.0,600,Paneer Tikka
OD12810,CUST2279,REST_06,2026-05-15 14:44:54,44.0,Delivered,2.0,650,Crispy Chicken Burger
OD12811,CUST2432,REST_08,2026-05-20 19:27:43,41.0,Delivered,3.0,160,Kulfi Falooda
OD12812,CUST3352,REST_02,2026-05-12 14:23:48,40.0,Delivered,4.0,120,Idli Vada Combo
OD12813,CUST2591,REST_02,2026-05-24 12:02:35,46.0,Delivered,2.0,130,Idli Vada Combo
OD12814,CUST3179,REST_05,2026-04-27 23:22:35,18.0,Delivered,5.0,380,Chicken Alfredo Pasta
OD12815,CUST2229,REST_07,2026-05-13 01:51:38,22.0,Delivered,5.0,230,Fresh Fruit Bowl
OD12816,CUST2920,REST_09,2026-05-03 17:17:41,33.0,Delivered,5.0,200,Hot Chocolate
OD12817,CUST2913,REST_01,2026-05-23 14:19:01,41.0,Delivered,1.0,330,Dal Makhani with Jeera Rice
OD12818,CUST3332,REST_09,2026-05-14 20:42:07,37.0,Delivered,4.0,180,Classic Cold Coffee
OD12819,CUST2660,REST_01,2026-05-15 22:48:10,58.0,Delivered,1.0,360,Paneer Butter Masala Meal
OD12820,CUST2604,REST_02,2026-04-28 17:01:24,40.0,Delivered,5.0,330,Rava Kesari & Dosa Combo
OD12821,CUST3430,REST_07,2026-05-15 20:04:45,42.0,Delivered,3.0,350,Quinoa Avocado Salad
OD12822,CUST2502,REST_08,2026-04-28 13:31:39,28.0,Delivered,4.0,180,Red Velvet Pastry
OD12823,CUST2057,REST_07,2026-05-25 05:58:23,23.0,Delivered,5.0,510,Caesar Salad
OD12824,CUST2554,REST_08,2026-05-26 18:09:23,35.0,Delivered,5.0,150,Gulab Jamun (4 pcs)
OD12825,CUST3179,REST_10,2026-05-26 22:39:40,59.0,Delivered,1.0,340,Chicken Seekh Kebab
OD12826,CUST3492,REST_01,2026-05-07 20:44:20,37.0,Delivered,3.0,330,Kadhai Paneer with Roti
OD12827,CUST3106,REST_05,2026-05-11 23:47:44,,Cancelled,,350,Veg Arrabiata Penne Pasta
OD12828,CUST2540,REST_05,2026-05-26 22:23:57,52.0,Delivered,3.0,400,Chicken Alfredo Pasta
OD12829,CUST2020,REST_10,2026-05-22 13:47:38,56.0,Delivered,1.0,330,Paneer Tikka
OD12830,CUST2621,REST_01,2026-05-12 06:04:53,19.0,Delivered,5.0,300,Dal Makhani with Jeera Rice
OD12831,CUST2101,REST_01,2026-05-19 15:54:22,20.0,Delivered,4.0,720,Butter Chicken & Naan
OD12832,CUST3499,REST_09,2026-05-06 23:35:37,22.0,Delivered,5.0,230,Paneer Tikka Sandwich
OD12833,CUST2124,REST_02,2026-05-20 08:32:07,22.0,Delivered,5.0,150,Idli Vada Combo
OD12834,CUST3396,REST_06,2026-05-07 19:19:15,42.0,Delivered,1.0,260,Classic Cheese Burger & Fries
OD12835,CUST3019,REST_05,2026-05-22 18:49:46,36.0,Delivered,4.0,420,Margherita Pizza 10-inch
OD12836,CUST2321,REST_04,2026-05-02 14:24:06,43.0,Delivered,3.0,270,Veg Hakka Noodles
OD12837,CUST3319,REST_09,2026-05-06 09:42:34,46.0,Delivered,4.0,330,Classic Cold Coffee
OD12838,CUST2496,REST_08,2026-05-26 20:52:45,50.0,Delivered,3.0,190,Red Velvet Pastry
OD12839,CUST2190,REST_05,2026-04-27 19:19:24,62.0,Delivered,1.0,970,Veg Arrabiata Penne Pasta
OD12840,CUST2317,REST_05,2026-05-17 22:48:15,57.0,Delivered,1.0,200,Garlic Bread with Cheese
OD12841,CUST2963,REST_04,2026-05-24 12:07:36,44.0,Delivered,2.0,320,Chilli Chicken Gravy
OD12842,CUST2628,REST_08,2026-05-09 20:44:39,58.0,Delivered,2.0,410,Sizzling Brownie
OD12843,CUST2259,REST_06,2026-05-10 21:31:54,58.0,Delivered,1.0,250,Loaded Nachos
OD12844,CUST2240,REST_01,2026-05-03 20:46:37,56.0,Delivered,1.0,610,Dal Makhani with Jeera Rice
OD12845,CUST2986,REST_02,2026-05-11 22:03:08,36.0,Delivered,2.0,200,Rava Kesari & Dosa Combo
OD12846,CUST3266,REST_05,2026-05-07 11:24:40,40.0,Delivered,5.0,420,Margherita Pizza 10-inch
OD12847,CUST3126,REST_05,2026-05-17 18:53:48,29.0,Delivered,2.0,350,Veg Arrabiata Penne Pasta
OD12848,CUST3452,REST_06,2026-05-21 01:28:10,,Cancelled,,760,Classic Cheese Burger & Fries
OD12849,CUST2268,REST_09,2026-05-25 19:03:45,64.0,Delivered,1.0,200,Iced Latte
OD12850,CUST2481,REST_07,2026-05-02 20:27:43,41.0,Delivered,3.0,480,Greek Salad
OD12851,CUST2988,REST_10,2026-05-12 18:49:29,18.0,Delivered,5.0,410,Tandoori Roti Combo
OD12852,CUST3156,REST_02,2026-05-10 19:01:54,46.0,Delivered,4.0,140,Filter Coffee & Upma
OD12853,CUST2152,REST_06,2026-05-13 11:03:30,23.0,Delivered,5.0,210,Chicken Nuggets (9 pcs)
OD12854,CUST2631,REST_10,2026-05-02 21:27:36,52.0,Delivered,4.0,360,Chicken Seekh Kebab
OD12855,CUST2777,REST_10,2026-05-19 12:54:19,29.0,Delivered,5.0,680,Malai Kofta & Lachha Paratha
OD12856,CUST3134,REST_08,2026-05-08 19:06:05,50.0,Delivered,1.0,300,Kulfi Falooda
OD12857,CUST2753,REST_10,2026-05-05 12:36:59,37.0,Delivered,4.0,590,Tandoori Roti Combo
OD12858,CUST2588,REST_03,2026-05-20 18:19:40,33.0,Delivered,3.0,410,Chicken Tikka Biryani
OD12859,CUST2368,REST_08,2026-05-15 12:04:25,,Cancelled,,200,Sizzling Brownie
OD12860,CUST2676,REST_06,2026-05-01 13:53:41,45.0,Delivered,1.0,260,Crispy Chicken Burger
OD12861,CUST2945,REST_08,2026-04-29 20:54:33,42.0,Delivered,3.0,300,Kulfi Falooda
OD12862,CUST2786,REST_10,2026-05-19 21:50:10,51.0,Delivered,2.0,330,Chicken Seekh Kebab
OD12863,CUST2206,REST_06,2026-05-06 06:04:45,27.0,Delivered,5.0,210,Chicken Nuggets (9 pcs)
OD12864,CUST2574,REST_04,2026-05-11 18:06:18,31.0,Delivered,5.0,320,Chicken Fried Rice & Manchurian
OD12865,CUST2430,REST_06,2026-04-30 20:32:19,61.0,Delivered,2.0,440,Crispy Chicken Burger
OD12866,CUST2978,REST_01,2026-05-19 17:36:12,,Cancelled,,370,Butter Chicken & Naan
OD12867,CUST2850,REST_01,2026-04-30 20:44:54,37.0,Delivered,4.0,1160,Tandoori Chicken Half
OD12868,CUST3350,REST_01,2026-05-25 22:36:10,41.0,Delivered,3.0,720,Butter Chicken & Naan
OD12869,CUST3487,REST_05,2026-05-13 14:17:54,40.0,Delivered,5.0,1190,Margherita Pizza 10-inch
OD12870,CUST2555,REST_04,2026-05-23 18:04:53,27.0,Delivered,3.0,250,Schezwan Noodles
OD12871,CUST2497,REST_02,2026-05-26 21:58:52,48.0,Delivered,2.0,160,Masala Dosa with Sambar
OD12872,CUST3440,REST_05,2026-05-24 14:58:32,52.0,Delivered,2.0,1310,Farmhouse Veg Pizza
OD12873,CUST2368,REST_05,2026-05-25 13:47:44,35.0,Delivered,5.0,860,Farmhouse Veg Pizza
OD12874,CUST3062,REST_03,2026-05-06 19:52:50,57.0,Delivered,2.0,280,Egg Biryani
OD12875,CUST3163,REST_08,2026-05-02 15:47:35,25.0,Delivered,5.0,150,Gulab Jamun (4 pcs)
OD12876,CUST2572,REST_03,2026-05-20 15:50:40,23.0,Delivered,5.0,1120,Chicken Tikka Biryani
OD12877,CUST2133,REST_06,2026-05-25 12:32:16,,Cancelled,,290,Classic Cheese Burger & Fries
OD12878,CUST2293,REST_05,2026-05-24 21:00:28,52.0,Delivered,4.0,400,Margherita Pizza 10-inch
OD12879,CUST2160,REST_05,2026-05-26 13:47:41,30.0,Delivered,5.0,410,Chicken Alfredo Pasta
OD12880,CUST2941,REST_02,2026-04-29 20:55:29,59.0,Delivered,2.0,200,Rava Kesari & Dosa Combo
OD12881,CUST2970,REST_09,2026-05-08 17:06:33,,Cancelled,,210,Hot Chocolate
OD12882,CUST2094,REST_07,2026-05-02 20:11:35,61.0,Delivered,1.0,250,Greek Salad
OD12883,CUST2310,REST_02,2026-05-16 18:14:12,36.0,Delivered,4.0,180,Rava Kesari & Dosa Combo
OD12884,CUST2350,REST_01,2026-05-19 17:56:49,35.0,Delivered,2.0,320,Dal Makhani with Jeera Rice
OD12885,CUST2060,REST_02,2026-05-09 20:03:34,43.0,Delivered,3.0,130,Idli Vada Combo
OD12886,CUST2079,REST_02,2026-05-20 20:45:15,45.0,Delivered,2.0,290,Onion Uttapam
OD12887,CUST2217,REST_06,2026-05-10 20:09:36,54.0,Delivered,1.0,290,Classic Cheese Burger & Fries
OD12888,CUST2737,REST_04,2026-05-22 08:09:11,36.0,Delivered,2.0,310,Chilli Chicken Gravy
OD12889,CUST2794,REST_10,2026-05-26 17:13:52,33.0,Delivered,3.0,380,Malai Kofta & Lachha Paratha
OD12890,CUST2589,REST_02,2026-05-07 19:32:18,67.0,Delivered,2.0,380,Masala Dosa with Sambar
OD12891,CUST2567,REST_07,2026-05-19 16:45:34,21.0,Delivered,4.0,280,Caesar Salad
OD12892,CUST2502,REST_08,2026-05-11 21:03:40,49.0,Delivered,3.0,120,Gulab Jamun (4 pcs)
OD12893,CUST3001,REST_09,2026-05-08 10:12:00,38.0,Delivered,5.0,200,Classic Cold Coffee
OD12894,CUST3118,REST_06,2026-05-14 18:00:34,20.0,Delivered,5.0,240,Chicken Nuggets (9 pcs)
OD12895,CUST2338,REST_09,2026-05-07 13:00:23,30.0,Delivered,4.0,220,Hot Chocolate
OD12896,CUST2240,REST_04,2026-05-22 17:32:30,44.0,Delivered,1.0,280,Schezwan Noodles
OD12897,CUST3417,REST_02,2026-05-08 20:52:18,40.0,Delivered,3.0,130,Filter Coffee & Upma
OD12898,CUST2766,REST_02,2026-05-21 12:26:44,34.0,Delivered,4.0,180,Rava Kesari & Dosa Combo
OD12899,CUST2416,REST_01,2026-05-03 19:24:03,50.0,Delivered,4.0,660,Kadhai Paneer with Roti
OD12900,CUST2417,REST_08,2026-05-01 19:34:52,49.0,Delivered,1.0,190,Red Velvet Pastry
OD12901,CUST2610,REST_04,2026-05-06 21:20:44,43.0,Delivered,3.0,310,Chilli Chicken Gravy
OD12902,CUST3196,REST_06,2026-05-22 20:06:34,59.0,Delivered,1.0,530,Classic Cheese Burger & Fries
OD12903,CUST3380,REST_01,2026-05-23 12:52:14,65.0,Delivered,1.0,360,Paneer Butter Masala Meal
OD12904,CUST3488,REST_03,2026-05-06 13:53:34,37.0,Delivered,3.0,280,Egg Biryani
OD12905,CUST2313,REST_07,2026-05-20 18:26:27,32.0,Delivered,5.0,290,Caesar Salad
OD12906,CUST2397,REST_09,2026-05-25 21:36:29,45.0,Delivered,3.0,450,Club Sandwich
OD12907,CUST2104,REST_08,2026-04-27 19:42:40,46.0,Delivered,1.0,150,Gulab Jamun (4 pcs)
OD12908,CUST3036,REST_02,2026-05-09 20:57:25,50.0,Delivered,1.0,180,Onion Uttapam
OD12909,CUST2352,REST_09,2026-05-21 08:28:38,26.0,Delivered,4.0,190,Hot Chocolate
OD12910,CUST2935,REST_10,2026-04-28 18:16:35,33.0,Delivered,5.0,200,Tandoori Roti Combo
OD12911,CUST2530,REST_05,2026-05-22 22:57:34,62.0,Delivered,1.0,470,Garlic Bread with Cheese
OD12912,CUST3300,REST_03,2026-05-18 23:44:01,29.0,Delivered,4.0,280,Egg Biryani
OD12913,CUST2656,REST_10,2026-04-27 18:46:35,18.0,Delivered,5.0,400,Butter Chicken Combo Meal
OD12914,CUST2685,REST_04,2026-05-24 18:31:01,26.0,Delivered,2.0,330,Chilli Chicken Gravy
OD12915,CUST2482,REST_08,2026-04-30 21:42:21,43.0,Delivered,3.0,190,Red Velvet Pastry
OD12916,CUST2517,REST_04,2026-05-02 17:46:51,,Cancelled,,630,Chicken Fried Rice & Manchurian
OD12917,CUST2979,REST_07,2026-05-26 21:33:17,32.0,Delivered,4.0,270,Greek Salad
OD12918,CUST2791,REST_03,2026-05-07 21:21:40,49.0,Delivered,4.0,380,Chicken Dum Biryani
OD12919,CUST3152,REST_07,2026-04-28 23:10:08,27.0,Delivered,4.0,260,Greek Salad
OD12920,CUST2203,REST_06,2026-05-26 22:35:26,60.0,Delivered,1.0,210,Spicy Paneer Wrap
OD12921,CUST3241,REST_09,2026-05-05 16:32:47,27.0,Delivered,4.0,230,Paneer Tikka Sandwich
OD12922,CUST2124,REST_04,2026-05-14 07:58:19,49.0,Delivered,2.0,280,Schezwan Noodles
OD12923,CUST2330,REST_07,2026-05-09 06:46:04,34.0,Delivered,4.0,360,Quinoa Avocado Salad
OD12924,CUST3200,REST_07,2026-05-24 09:03:38,37.0,Delivered,4.0,260,Caesar Salad
OD12925,CUST2633,REST_06,2026-04-30 18:33:55,16.0,Delivered,4.0,390,Spicy Paneer Wrap
OD12926,CUST2611,REST_03,2026-05-19 11:42:43,28.0,Delivered,4.0,700,Chicken Dum Biryani
OD12927,CUST2324,REST_02,2026-05-25 15:56:06,22.0,Delivered,5.0,430,Onion Uttapam
OD12928,CUST2828,REST_02,2026-05-26 13:40:09,37.0,Delivered,5.0,260,Masala Dosa with Sambar
OD12929,CUST2862,REST_05,2026-05-10 14:58:27,61.0,Delivered,1.0,400,Chicken Alfredo Pasta
OD12930,CUST2540,REST_02,2026-05-08 20:56:22,81.0,Delivered,1.0,380,Masala Dosa with Sambar
OD12931,CUST3011,REST_06,2026-05-20 08:22:56,61.0,Delivered,1.0,470,Loaded Nachos
OD12932,CUST2468,REST_01,2026-04-27 21:15:40,48.0,Delivered,3.0,390,Butter Chicken & Naan
OD12933,CUST2466,REST_04,2026-05-11 18:58:58,30.0,Delivered,3.0,330,Chicken Fried Rice & Manchurian
OD12934,CUST2605,REST_08,2026-05-26 19:09:50,60.0,Delivered,1.0,230,Sizzling Brownie
OD12935,CUST2923,REST_02,2026-05-06 23:39:32,25.0,Delivered,4.0,170,Masala Dosa with Sambar
OD12936,CUST2269,REST_02,2026-05-08 22:30:49,37.0,Delivered,4.0,150,Idli Vada Combo
OD12937,CUST3155,REST_10,2026-05-18 23:57:24,32.0,Delivered,4.0,400,Butter Chicken Combo Meal
OD12938,CUST2419,REST_05,2026-05-13 20:26:54,57.0,Delivered,1.0,360,Veg Arrabiata Penne Pasta
OD12939,CUST2489,REST_06,2026-05-16 06:30:13,30.0,Delivered,5.0,230,Chicken Nuggets (9 pcs)
OD12940,CUST2374,REST_07,2026-05-13 08:16:16,,Cancelled,,310,High-Protein Chicken Salad
OD12941,CUST3196,REST_04,2026-04-28 14:01:28,28.0,Delivered,3.0,330,Chilli Chicken Gravy
OD12942,CUST3370,REST_04,2026-05-19 20:48:56,53.0,Delivered,4.0,320,Chicken Fried Rice & Manchurian
OD12943,CUST3242,REST_09,2026-05-13 19:50:47,61.0,Delivered,1.0,260,Club Sandwich
OD12944,CUST3435,REST_04,2026-05-03 15:51:06,24.0,Delivered,5.0,210,Veg Spring Rolls (6 pcs)
OD12945,CUST3117,REST_04,2026-05-25 19:33:10,,Cancelled,,370,Veg Spring Rolls (6 pcs)
OD12946,CUST2037,REST_02,2026-05-16 20:20:10,62.0,Delivered,1.0,300,Onion Uttapam
OD12947,CUST2459,REST_04,2026-05-21 13:50:42,47.0,Delivered,3.0,340,Chicken Fried Rice & Manchurian
OD12948,CUST3263,REST_07,2026-04-28 11:51:01,17.0,Delivered,5.0,530,Caesar Salad
OD12949,CUST3251,REST_10,2026-04-27 14:40:08,46.0,Delivered,2.0,710,Malai Kofta & Lachha Paratha
OD12950,CUST2196,REST_10,2026-05-23 21:38:13,54.0,Delivered,1.0,340,Chicken Seekh Kebab
OD12951,CUST2588,REST_07,2026-04-29 08:56:22,25.0,Delivered,5.0,370,Quinoa Avocado Salad
OD12952,CUST2275,REST_01,2026-05-06 21:19:16,42.0,Delivered,3.0,410,Tandoori Chicken Half
OD12953,CUST3177,REST_07,2026-04-27 22:59:45,53.0,Delivered,4.0,350,Quinoa Avocado Salad
OD12954,CUST2923,REST_04,2026-04-28 13:07:57,31.0,Delivered,3.0,300,Chilli Chicken Gravy
OD12955,CUST3338,REST_09,2026-05-15 10:17:53,32.0,Delivered,3.0,210,Paneer Tikka Sandwich
OD12956,CUST2941,REST_07,2026-05-05 13:00:49,34.0,Delivered,5.0,760,Caesar Salad
OD12957,CUST3423,REST_05,2026-05-11 21:46:08,37.0,Delivered,5.0,470,Farmhouse Veg Pizza
OD12958,CUST3065,REST_06,2026-04-28 19:19:57,46.0,Delivered,2.0,250,Loaded Nachos
OD12959,CUST2048,REST_07,2026-05-23 21:14:53,39.0,Delivered,5.0,520,Caesar Salad
OD12960,CUST3453,REST_09,2026-05-03 08:36:51,26.0,Delivered,3.0,260,Club Sandwich
OD12961,CUST2885,REST_07,2026-05-24 21:03:21,39.0,Delivered,4.0,260,Caesar Salad
OD12962,CUST2962,REST_08,2026-05-15 23:26:28,33.0,Delivered,4.0,160,Kulfi Falooda
OD12963,CUST3262,REST_07,2026-05-26 18:01:32,23.0,Delivered,5.0,510,Caesar Salad
OD12964,CUST3105,REST_09,2026-05-16 15:33:47,62.0,Delivered,1.0,180,Classic Cold Coffee
OD12965,CUST3029,REST_03,2026-05-11 08:20:16,44.0,Delivered,4.0,470,Mutton Biryani
OD12966,CUST2443,REST_07,2026-05-07 14:48:46,38.0,Delivered,5.0,480,Greek Salad
OD12967,CUST2831,REST_05,2026-05-11 08:50:20,19.0,Delivered,5.0,170,Garlic Bread with Cheese
OD12968,CUST3354,REST_02,2026-05-12 23:05:50,42.0,Delivered,4.0,350,Rava Kesari & Dosa Combo
OD12969,CUST3050,REST_02,2026-05-25 17:03:19,21.0,Delivered,5.0,120,Idli Vada Combo
OD12970,CUST3398,REST_09,2026-05-26 12:35:36,37.0,Delivered,4.0,240,Club Sandwich
OD12971,CUST3096,REST_10,2026-04-28 19:52:59,,Cancelled,,360,Chicken Seekh Kebab
OD12972,CUST2166,REST_07,2026-05-12 20:43:09,40.0,Delivered,4.0,510,Greek Salad
OD12973,CUST2062,REST_06,2026-05-05 23:00:16,26.0,Delivered,2.0,260,Loaded Nachos
OD12974,CUST3438,REST_08,2026-04-28 12:23:04,40.0,Delivered,4.0,170,Red Velvet Pastry
OD12975,CUST2312,REST_05,2026-05-17 22:39:17,52.0,Delivered,2.0,200,Garlic Bread with Cheese
OD12976,CUST2021,REST_03,2026-05-23 11:09:28,37.0,Delivered,5.0,300,Egg Biryani
OD12977,CUST3391,REST_03,2026-05-20 14:23:16,43.0,Delivered,3.0,290,Egg Biryani
OD12978,CUST3071,REST_01,2026-05-16 13:06:43,57.0,Delivered,1.0,390,Butter Chicken & Naan
OD12979,CUST2964,REST_06,2026-05-04 11:20:57,17.0,Delivered,5.0,270,Classic Cheese Burger & Fries
OD12980,CUST2571,REST_04,2026-05-15 14:47:30,39.0,Delivered,3.0,250,Schezwan Noodles
OD12981,CUST2039,REST_01,2026-05-20 18:57:19,19.0,Delivered,4.0,420,Tandoori Chicken Half
OD12982,CUST2327,REST_09,2026-05-20 12:12:55,46.0,Delivered,3.0,230,Paneer Tikka Sandwich
OD12983,CUST2740,REST_09,2026-04-28 14:34:08,39.0,Delivered,4.0,240,Paneer Tikka Sandwich
OD12984,CUST2943,REST_06,2026-05-01 19:28:47,43.0,Delivered,1.0,280,Classic Cheese Burger & Fries
OD12985,CUST2977,REST_06,2026-05-12 09:28:37,23.0,Delivered,4.0,430,Chicken Nuggets (9 pcs)
OD12986,CUST2509,REST_09,2026-05-19 12:50:49,65.0,Delivered,1.0,180,Iced Latte
OD12987,CUST2745,REST_04,2026-05-06 14:10:40,35.0,Delivered,4.0,330,Chilli Chicken Gravy
OD12988,CUST2421,REST_05,2026-05-01 19:43:46,47.0,Delivered,2.0,880,Farmhouse Veg Pizza
OD12989,CUST2091,REST_07,2026-05-05 14:02:24,50.0,Delivered,4.0,210,Fresh Fruit Bowl
OD12990,CUST3193,REST_09,2026-05-08 20:50:51,42.0,Delivered,2.0,220,Paneer Tikka Sandwich
OD12991,CUST2772,REST_10,2026-05-07 19:43:37,36.0,Delivered,5.0,380,Malai Kofta & Lachha Paratha
OD12992,CUST3083,REST_09,2026-05-14 21:48:48,40.0,Delivered,3.0,170,Classic Cold Coffee
OD12993,CUST2943,REST_02,2026-05-03 20:01:15,72.0,Delivered,1.0,180,Rava Kesari & Dosa Combo
OD12994,CUST2535,REST_05,2026-04-30 21:11:27,46.0,Delivered,2.0,770,Chicken Alfredo Pasta
OD12995,CUST2149,REST_10,2026-05-04 18:19:44,37.0,Delivered,4.0,330,Chicken Seekh Kebab
OD12996,CUST2675,REST_07,2026-05-14 11:48:02,36.0,Delivered,5.0,220,Fresh Fruit Bowl
OD12997,CUST3226,REST_02,2026-05-08 19:28:19,,Cancelled,,130,Idli Vada Combo
OD12998,CUST2118,REST_03,2026-04-30 17:48:01,24.0,Delivered,5.0,470,Mutton Biryani
OD12999,CUST3078,REST_09,2026-05-16 21:01:26,67.0,Delivered,2.0,170,Classic Cold Coffee
OD13000,CUST2343,REST_07,2026-05-08 13:59:02,40.0,Delivered,4.0,260,Caesar Salad
OD13001,CUST2348,REST_03,2026-05-18 17:02:11,35.0,Delivered,3.0,470,Mutton Biryani
OD13002,CUST3223,REST_05,2026-05-09 09:45:15,36.0,Delivered,4.0,420,Margherita Pizza 10-inch
OD13003,CUST3296,REST_05,2026-05-23 21:44:43,53.0,Delivered,1.0,330,Veg Arrabiata Penne Pasta
OD13004,CUST2384,REST_07,2026-05-23 21:17:24,41.0,Delivered,2.0,340,Quinoa Avocado Salad
OD13005,CUST2206,REST_04,2026-05-11 12:55:55,31.0,Delivered,4.0,310,Chicken Fried Rice & Manchurian
OD13006,CUST2693,REST_10,2026-04-28 12:24:14,39.0,Delivered,5.0,210,Tandoori Roti Combo
OD13007,CUST3033,REST_01,2026-05-01 20:31:23,51.0,Delivered,2.0,390,Butter Chicken & Naan
OD13008,CUST2802,REST_06,2026-05-05 20:57:23,68.0,Delivered,1.0,740,Classic Cheese Burger & Fries
OD13009,CUST2589,REST_03,2026-05-26 19:08:13,56.0,Delivered,2.0,350,Chicken Dum Biryani
OD13010,CUST3122,REST_10,2026-04-30 21:49:22,43.0,Delivered,2.0,330,Chicken Seekh Kebab
OD13011,CUST2799,REST_08,2026-04-30 21:41:10,47.0,Delivered,3.0,200,Sizzling Brownie
OD13012,CUST3238,REST_07,2026-05-02 01:56:00,34.0,Delivered,3.0,340,High-Protein Chicken Salad
OD13013,CUST3380,REST_06,2026-04-29 13:50:09,50.0,Delivered,3.0,260,Crispy Chicken Burger
OD13014,CUST2608,REST_06,2026-04-28 07:40:39,,Cancelled,,240,Loaded Nachos
OD13015,CUST2717,REST_05,2026-05-26 13:51:28,31.0,Delivered,5.0,460,Farmhouse Veg Pizza
OD13016,CUST2051,REST_10,2026-05-17 18:16:45,33.0,Delivered,3.0,760,Butter Chicken Combo Meal
OD13017,CUST2013,REST_08,2026-04-27 12:23:10,35.0,Delivered,4.0,120,Gulab Jamun (4 pcs)
OD13018,CUST2863,REST_03,2026-04-29 18:17:43,21.0,Delivered,3.0,490,Mutton Biryani
OD13019,CUST2075,REST_06,2026-05-11 12:13:13,39.0,Delivered,3.0,250,Loaded Nachos
OD13020,CUST2336,REST_10,2026-04-30 11:03:50,24.0,Delivered,5.0,220,Tandoori Roti Combo
OD13021,CUST2771,REST_05,2026-05-07 21:35:16,62.0,Delivered,1.0,460,Farmhouse Veg Pizza
OD13022,CUST2508,REST_10,2026-04-27 21:37:56,35.0,Delivered,4.0,400,Butter Chicken Combo Meal
OD13023,CUST2686,REST_02,2026-05-07 11:15:11,32.0,Delivered,4.0,180,Rava Kesari & Dosa Combo
OD13024,CUST3153,REST_09,2026-05-03 21:49:56,39.0,Delivered,3.0,240,Club Sandwich
OD13025,CUST3374,REST_09,2026-05-13 13:06:47,48.0,Delivered,2.0,350,Iced Latte
OD13026,CUST3411,REST_02,2026-05-07 05:31:56,24.0,Delivered,5.0,240,Filter Coffee & Upma
OD13027,CUST2601,REST_05,2026-05-10 19:07:56,48.0,Delivered,2.0,660,Veg Arrabiata Penne Pasta
OD13028,CUST2504,REST_02,2026-05-10 19:38:58,47.0,Delivered,3.0,190,Rava Kesari & Dosa Combo
OD13029,CUST3467,REST_08,2026-05-12 20:12:43,40.0,Delivered,4.0,190,Red Velvet Pastry
OD13030,CUST3400,REST_02,2026-04-27 21:25:33,61.0,Delivered,1.0,180,Rava Kesari & Dosa Combo
OD13031,CUST2176,REST_07,2026-05-12 20:10:43,40.0,Delivered,5.0,500,Caesar Salad
OD13032,CUST3493,REST_04,2026-04-29 18:16:12,17.0,Delivered,5.0,300,Chilli Chicken Gravy
OD13033,CUST2245,REST_07,2026-05-20 23:29:24,23.0,Delivered,5.0,200,Fresh Fruit Bowl
OD13034,CUST2469,REST_06,2026-05-22 22:55:19,47.0,Delivered,2.0,220,Spicy Paneer Wrap
OD13035,CUST3214,REST_03,2026-04-27 05:55:41,21.0,Delivered,5.0,310,Egg Biryani
OD13036,CUST3368,REST_06,2026-05-25 16:33:33,37.0,Delivered,3.0,210,Chicken Nuggets (9 pcs)
OD13037,CUST3401,REST_10,2026-05-09 21:11:35,43.0,Delivered,3.0,340,Chicken Seekh Kebab
OD13038,CUST2937,REST_04,2026-05-03 20:33:05,51.0,Delivered,1.0,580,Chilli Chicken Gravy
OD13039,CUST2696,REST_01,2026-04-30 20:25:18,40.0,Delivered,4.0,350,Paneer Butter Masala Meal
OD13040,CUST3415,REST_07,2026-05-26 20:41:08,44.0,Delivered,4.0,390,Fresh Fruit Bowl
OD13041,CUST2426,REST_10,2026-05-02 09:25:31,23.0,Delivered,5.0,310,Paneer Tikka
OD13042,CUST2970,REST_09,2026-05-06 19:00:30,50.0,Delivered,2.0,220,Paneer Tikka Sandwich
OD13043,CUST2694,REST_01,2026-04-29 12:32:42,49.0,Delivered,2.0,370,Paneer Butter Masala Meal
OD13044,CUST3162,REST_04,2026-05-22 12:28:41,,Cancelled,,250,Veg Hakka Noodles
OD13045,CUST3172,REST_06,2026-05-10 19:46:09,54.0,Delivered,3.0,240,Crispy Chicken Burger
OD13046,CUST2849,REST_02,2026-04-28 21:24:31,46.0,Delivered,3.0,150,Masala Dosa with Sambar
OD13047,CUST2568,REST_02,2026-05-11 10:56:55,24.0,Delivered,5.0,120,Idli Vada Combo
OD13048,CUST3124,REST_08,2026-05-23 17:41:35,41.0,Delivered,2.0,150,Gulab Jamun (4 pcs)
OD13049,CUST2926,REST_08,2026-05-03 19:41:43,,Cancelled,,230,Sizzling Brownie
OD13050,CUST3446,REST_04,2026-05-21 18:04:44,26.0,Delivered,5.0,300,Chilli Chicken Gravy
OD13051,CUST2829,REST_04,2026-04-29 21:32:17,50.0,Delivered,2.0,330,Chicken Fried Rice & Manchurian
OD13052,CUST2742,REST_10,2026-05-13 13:04:34,,Cancelled,,320,Paneer Tikka
OD13053,CUST2640,REST_09,2026-05-25 23:02:18,19.0,Delivered,5.0,330,Classic Cold Coffee
OD13054,CUST3017,REST_01,2026-05-02 19:50:37,69.0,Delivered,1.0,370,Paneer Butter Masala Meal
OD13055,CUST2427,REST_03,2026-05-13 23:46:01,20.0,Delivered,5.0,390,Chicken Tikka Biryani
OD13056,CUST3252,REST_09,2026-05-24 11:33:26,52.0,Delivered,4.0,260,Club Sandwich
OD13057,CUST3486,REST_09,2026-05-04 11:19:02,28.0,Delivered,4.0,190,Iced Latte
OD13058,CUST2736,REST_01,2026-05-08 14:30:19,67.0,Delivered,1.0,750,Butter Chicken & Naan
OD13059,CUST3015,REST_01,2026-05-12 12:45:40,,Cancelled,,320,Dal Makhani with Jeera Rice
OD13060,CUST3172,REST_07,2026-05-23 11:56:51,50.0,Delivered,3.0,290,Caesar Salad
OD13061,CUST2043,REST_03,2026-05-11 20:05:32,41.0,Delivered,1.0,320,Veg Hyderabadi Biryani
OD13062,CUST3270,REST_08,2026-05-22 06:35:12,24.0,Delivered,5.0,140,Gulab Jamun (4 pcs)
OD13063,CUST3120,REST_03,2026-05-09 20:34:45,46.0,Delivered,3.0,330,Veg Hyderabadi Biryani
OD13064,CUST2396,REST_07,2026-04-30 11:47:24,25.0,Delivered,4.0,690,Quinoa Avocado Salad
OD13065,CUST2324,REST_10,2026-04-29 20:05:50,62.0,Delivered,1.0,600,Paneer Tikka
OD13066,CUST3222,REST_01,2026-05-22 21:48:35,39.0,Delivered,3.0,390,Butter Chicken & Naan
OD13067,CUST2915,REST_09,2026-05-08 10:50:03,25.0,Delivered,4.0,180,Iced Latte
OD13068,CUST2997,REST_10,2026-05-20 22:17:55,42.0,Delivered,3.0,690,Malai Kofta & Lachha Paratha
OD13069,CUST2673,REST_08,2026-05-16 13:16:42,42.0,Delivered,1.0,420,Kulfi Falooda
OD13070,CUST2284,REST_07,2026-05-04 20:24:31,,Cancelled,,220,Fresh Fruit Bowl
OD13071,CUST3067,REST_07,2026-04-27 18:30:33,39.0,Delivered,2.0,230,Fresh Fruit Bowl
OD13072,CUST2251,REST_09,2026-05-25 19:39:03,36.0,Delivered,4.0,180,Iced Latte
OD13073,CUST2283,REST_06,2026-05-10 08:38:21,31.0,Delivered,5.0,210,Spicy Paneer Wrap
OD13074,CUST2935,REST_06,2026-05-26 13:51:00,74.0,Delivered,1.0,510,Classic Cheese Burger & Fries
OD13075,CUST2468,REST_06,2026-04-27 19:41:23,44.0,Delivered,3.0,210,Chicken Nuggets (9 pcs)
OD13076,CUST2218,REST_04,2026-05-16 19:20:25,52.0,Delivered,4.0,190,Veg Spring Rolls (6 pcs)
OD13077,CUST2988,REST_02,2026-05-11 20:54:33,47.0,Delivered,2.0,160,Filter Coffee & Upma
OD13078,CUST2426,REST_09,2026-05-22 15:19:43,25.0,Delivered,4.0,240,Club Sandwich
OD13079,CUST3162,REST_08,2026-05-06 13:51:15,36.0,Delivered,5.0,220,Sizzling Brownie
OD13080,CUST2953,REST_07,2026-05-19 12:33:39,46.0,Delivered,1.0,340,Quinoa Avocado Salad
OD13081,CUST3207,REST_03,2026-05-06 19:25:33,48.0,Delivered,1.0,380,Chicken Dum Biryani
OD13082,CUST2347,REST_04,2026-05-06 05:17:57,27.0,Delivered,4.0,330,Chicken Fried Rice & Manchurian
OD13083,CUST3424,REST_03,2026-04-29 19:11:30,,Cancelled,,310,Egg Biryani
OD13084,CUST2405,REST_04,2026-05-23 19:57:09,51.0,Delivered,3.0,330,Chicken Fried Rice & Manchurian
OD13085,CUST2172,REST_07,2026-05-10 13:00:13,52.0,Delivered,2.0,680,Quinoa Avocado Salad
OD13086,CUST2836,REST_06,2026-05-25 21:18:27,60.0,Delivered,1.0,260,Crispy Chicken Burger
OD13087,CUST2575,REST_07,2026-05-18 07:55:38,34.0,Delivered,5.0,280,Greek Salad
OD13088,CUST3392,REST_04,2026-05-17 13:11:21,51.0,Delivered,1.0,730,Schezwan Noodles
OD13089,CUST2509,REST_09,2026-05-24 08:47:48,23.0,Delivered,5.0,560,Hot Chocolate
OD13090,CUST2650,REST_01,2026-04-28 20:42:59,54.0,Delivered,4.0,310,Dal Makhani with Jeera Rice
OD13091,CUST2823,REST_10,2026-05-16 22:46:22,49.0,Delivered,2.0,360,Chicken Seekh Kebab
OD13092,CUST2244,REST_06,2026-05-21 19:16:17,33.0,Delivered,5.0,260,Loaded Nachos
OD13093,CUST2338,REST_04,2026-05-14 18:00:56,,Cancelled,,240,Veg Hakka Noodles
OD13094,CUST3192,REST_01,2026-05-21 19:11:47,40.0,Delivered,4.0,390,Butter Chicken & Naan
OD13095,CUST2754,REST_06,2026-05-08 14:22:46,43.0,Delivered,2.0,420,Chicken Nuggets (9 pcs)
OD13096,CUST2426,REST_02,2026-05-14 18:22:48,22.0,Delivered,5.0,160,Masala Dosa with Sambar
OD13097,CUST2031,REST_10,2026-05-13 12:43:54,47.0,Delivered,2.0,360,Malai Kofta & Lachha Paratha
OD13098,CUST3394,REST_09,2026-05-21 13:55:26,35.0,Delivered,5.0,190,Hot Chocolate
OD13099,CUST2321,REST_08,2026-05-11 21:03:50,29.0,Delivered,3.0,330,Chocolate Lava Cake
OD13100,CUST2260,REST_01,2026-05-06 12:01:40,40.0,Delivered,4.0,300,Dal Makhani with Jeera Rice
OD13101,CUST2344,REST_01,2026-05-21 13:43:30,43.0,Delivered,2.0,360,Paneer Butter Masala Meal
OD13102,CUST3378,REST_01,2026-05-21 15:58:11,23.0,Delivered,5.0,370,Butter Chicken & Naan
OD13103,CUST2888,REST_02,2026-04-29 23:31:44,23.0,Delivered,5.0,180,Onion Uttapam
OD13104,CUST3436,REST_01,2026-04-27 08:24:05,22.0,Delivered,3.0,340,Kadhai Paneer with Roti
OD13105,CUST2122,REST_08,2026-05-19 20:13:02,49.0,Delivered,1.0,150,Gulab Jamun (4 pcs)
OD13106,CUST2198,REST_07,2026-05-06 14:47:16,22.0,Delivered,4.0,260,Greek Salad
OD13107,CUST2881,REST_08,2026-05-25 19:04:16,30.0,Delivered,5.0,200,Red Velvet Pastry
OD13108,CUST2053,REST_09,2026-05-17 09:03:47,36.0,Delivered,3.0,190,Hot Chocolate
OD13109,CUST2678,REST_09,2026-04-27 21:51:46,68.0,Delivered,1.0,210,Hot Chocolate
OD13110,CUST3491,REST_05,2026-04-27 21:48:39,65.0,Delivered,1.0,860,Farmhouse Veg Pizza
OD13111,CUST2645,REST_03,2026-05-23 12:16:56,51.0,Delivered,2.0,470,Mutton Biryani
OD13112,CUST2049,REST_03,2026-05-05 17:12:51,36.0,Delivered,3.0,830,Egg Biryani
OD13113,CUST3084,REST_03,2026-05-01 21:40:12,50.0,Delivered,2.0,330,Veg Hyderabadi Biryani
OD13114,CUST2796,REST_04,2026-05-20 21:35:59,51.0,Delivered,1.0,600,Chicken Fried Rice & Manchurian
OD13115,CUST2220,REST_03,2026-05-25 13:25:20,26.0,Delivered,4.0,320,Veg Hyderabadi Biryani
OD13116,CUST2829,REST_09,2026-05-24 20:29:26,,Cancelled,,230,Club Sandwich
OD13117,CUST2264,REST_02,2026-05-23 20:07:04,48.0,Delivered,2.0,200,Rava Kesari & Dosa Combo
OD13118,CUST2562,REST_07,2026-05-08 21:53:19,54.0,Delivered,3.0,340,High-Protein Chicken Salad
OD13119,CUST2703,REST_03,2026-05-23 19:44:31,48.0,Delivered,2.0,330,Veg Hyderabadi Biryani
OD13120,CUST2070,REST_04,2026-05-20 21:06:16,62.0,Delivered,1.0,900,Chicken Fried Rice & Manchurian
OD13121,CUST2158,REST_06,2026-05-17 20:09:14,48.0,Delivered,2.0,290,Classic Cheese Burger & Fries
OD13122,CUST2155,REST_02,2026-05-17 21:14:51,36.0,Delivered,4.0,190,Rava Kesari & Dosa Combo
OD13123,CUST2179,REST_06,2026-05-26 19:03:22,41.0,Delivered,3.0,220,Chicken Nuggets (9 pcs)
OD13124,CUST2420,REST_07,2026-05-26 18:28:39,30.0,Delivered,3.0,340,Quinoa Avocado Salad
OD13125,CUST2193,REST_07,2026-05-12 20:15:01,43.0,Delivered,2.0,250,Greek Salad
OD13126,CUST2801,REST_09,2026-05-20 22:11:37,55.0,Delivered,2.0,210,Iced Latte
OD13127,CUST3140,REST_05,2026-05-11 18:13:14,22.0,Delivered,5.0,340,Veg Arrabiata Penne Pasta
OD13128,CUST2953,REST_07,2026-04-30 19:55:47,38.0,Delivered,5.0,250,Greek Salad
OD13129,CUST2622,REST_07,2026-04-30 15:11:04,16.0,Delivered,5.0,220,Fresh Fruit Bowl
OD13130,CUST3346,REST_03,2026-04-27 20:53:20,37.0,Delivered,4.0,400,Chicken Tikka Biryani
OD13131,CUST2682,REST_09,2026-05-11 18:07:14,23.0,Delivered,5.0,260,Club Sandwich
OD13132,CUST2482,REST_04,2026-05-24 20:58:16,55.0,Delivered,4.0,260,Schezwan Noodles
OD13133,CUST2747,REST_04,2026-05-08 13:06:51,26.0,Delivered,5.0,280,Schezwan Noodles
OD13134,CUST2456,REST_10,2026-05-07 18:18:35,16.0,Delivered,5.0,340,Chicken Seekh Kebab
OD13135,CUST2907,REST_08,2026-05-07 12:53:38,31.0,Delivered,4.0,330,Chocolate Lava Cake
OD13136,CUST2029,REST_09,2026-05-25 20:38:46,48.0,Delivered,3.0,230,Club Sandwich
OD13137,CUST3240,REST_10,2026-05-19 19:29:26,33.0,Delivered,4.0,220,Tandoori Roti Combo
OD13138,CUST3075,REST_01,2026-05-02 23:02:00,27.0,Delivered,5.0,370,Paneer Butter Masala Meal
OD13139,CUST3130,REST_09,2026-05-07 22:29:34,48.0,Delivered,2.0,240,Club Sandwich
OD13140,CUST3343,REST_03,2026-04-29 08:54:34,23.0,Delivered,5.0,690,Chicken Dum Biryani
OD13141,CUST2420,REST_10,2026-05-08 13:22:54,45.0,Delivered,2.0,230,Tandoori Roti Combo
OD13142,CUST2931,REST_03,2026-05-26 12:35:26,47.0,Delivered,3.0,400,Chicken Tikka Biryani
OD13143,CUST2411,REST_09,2026-05-05 19:22:38,47.0,Delivered,2.0,200,Classic Cold Coffee
OD13144,CUST2737,REST_06,2026-05-01 21:41:14,51.0,Delivered,4.0,270,Loaded Nachos
OD13145,CUST2055,REST_06,2026-04-27 20:09:37,46.0,Delivered,2.0,590,Spicy Paneer Wrap
OD13146,CUST3249,REST_05,2026-05-02 19:11:29,49.0,Delivered,2.0,420,Margherita Pizza 10-inch
OD13147,CUST2248,REST_08,2026-05-06 19:30:17,38.0,Delivered,5.0,190,Red Velvet Pastry
OD13148,CUST3132,REST_09,2026-05-12 20:01:53,,Cancelled,,210,Paneer Tikka Sandwich
OD13149,CUST2729,REST_08,2026-05-03 22:42:42,61.0,Delivered,1.0,190,Chocolate Lava Cake
OD13150,CUST2705,REST_06,2026-05-16 20:00:06,63.0,Delivered,1.0,230,Chicken Nuggets (9 pcs)
OD13151,CUST2560,REST_03,2026-05-18 07:08:58,31.0,Delivered,4.0,320,Veg Hyderabadi Biryani
OD13152,CUST2919,REST_03,2026-05-08 21:30:44,54.0,Delivered,3.0,330,Veg Hyderabadi Biryani
OD13153,CUST2112,REST_09,2026-05-16 06:39:06,35.0,Delivered,4.0,190,Iced Latte
OD13154,CUST3286,REST_02,2026-05-01 07:09:10,49.0,Delivered,3.0,150,Filter Coffee & Upma
OD13155,CUST2887,REST_09,2026-05-11 14:22:22,38.0,Delivered,3.0,370,Iced Latte
OD13156,CUST2738,REST_01,2026-05-13 18:10:42,,Cancelled,,420,Tandoori Chicken Half
OD13157,CUST2969,REST_02,2026-05-08 13:41:16,52.0,Delivered,3.0,120,Idli Vada Combo
OD13158,CUST2544,REST_09,2026-04-30 20:19:23,43.0,Delivered,3.0,190,Hot Chocolate
OD13159,CUST2876,REST_10,2026-05-15 15:07:12,33.0,Delivered,5.0,350,Malai Kofta & Lachha Paratha
OD13160,CUST3178,REST_09,2026-05-17 12:04:39,39.0,Delivered,3.0,240,Club Sandwich
OD13161,CUST3421,REST_07,2026-05-23 12:03:53,38.0,Delivered,4.0,280,Greek Salad
OD13162,CUST2458,REST_07,2026-05-16 12:40:19,46.0,Delivered,2.0,230,Fresh Fruit Bowl
OD13163,CUST3435,REST_09,2026-05-20 13:43:03,28.0,Delivered,5.0,430,Paneer Tikka Sandwich
OD13164,CUST3422,REST_08,2026-05-03 20:08:26,46.0,Delivered,1.0,150,Kulfi Falooda
OD13165,CUST2619,REST_06,2026-05-07 14:55:53,34.0,Delivered,5.0,270,Loaded Nachos
OD13166,CUST3062,REST_04,2026-05-19 20:22:37,35.0,Delivered,2.0,580,Chilli Chicken Gravy
OD13167,CUST3194,REST_03,2026-04-28 22:11:18,61.0,Delivered,2.0,490,Mutton Biryani
OD13168,CUST2367,REST_08,2026-05-22 13:08:32,40.0,Delivered,5.0,140,Gulab Jamun (4 pcs)
OD13169,CUST3299,REST_01,2026-05-09 00:40:54,25.0,Delivered,5.0,340,Paneer Butter Masala Meal
OD13170,CUST2851,REST_01,2026-05-03 13:23:25,,Cancelled,,370,Paneer Butter Masala Meal
OD13171,CUST3308,REST_03,2026-05-02 14:06:23,53.0,Delivered,4.0,770,Chicken Tikka Biryani
OD13172,CUST3331,REST_04,2026-05-20 20:42:19,42.0,Delivered,2.0,600,Chilli Chicken Gravy
OD13173,CUST2504,REST_06,2026-05-05 07:20:59,26.0,Delivered,3.0,210,Spicy Paneer Wrap
OD13174,CUST2463,REST_10,2026-05-26 19:30:23,32.0,Delivered,5.0,350,Chicken Seekh Kebab
OD13175,CUST2858,REST_09,2026-05-09 13:23:37,,Cancelled,,200,Iced Latte
OD13176,CUST3140,REST_05,2026-05-22 15:35:02,34.0,Delivered,2.0,410,Chicken Alfredo Pasta
OD13177,CUST3075,REST_01,2026-05-09 00:43:18,39.0,Delivered,4.0,410,Tandoori Chicken Half
OD13178,CUST2932,REST_06,2026-05-07 18:48:39,21.0,Delivered,4.0,290,Classic Cheese Burger & Fries
OD13179,CUST3018,REST_03,2026-05-05 13:03:25,42.0,Delivered,2.0,490,Mutton Biryani
OD13180,CUST2962,REST_02,2026-04-29 20:51:51,49.0,Delivered,1.0,130,Idli Vada Combo
OD13181,CUST3122,REST_07,2026-05-14 15:54:58,22.0,Delivered,5.0,270,Caesar Salad
OD13182,CUST2676,REST_05,2026-05-04 06:14:44,27.0,Delivered,5.0,390,Chicken Alfredo Pasta
OD13183,CUST2266,REST_08,2026-05-18 12:42:15,52.0,Delivered,2.0,290,Kulfi Falooda
OD13184,CUST2688,REST_04,2026-05-12 23:11:37,24.0,Delivered,5.0,340,Chicken Fried Rice & Manchurian
OD13185,CUST2770,REST_05,2026-05-26 14:24:04,32.0,Delivered,4.0,810,Margherita Pizza 10-inch
OD13186,CUST2111,REST_07,2026-05-01 18:12:58,31.0,Delivered,4.0,670,Quinoa Avocado Salad
OD13187,CUST2142,REST_08,2026-05-22 19:34:36,47.0,Delivered,2.0,180,Red Velvet Pastry
OD13188,CUST2616,REST_04,2026-05-16 12:11:10,53.0,Delivered,1.0,200,Veg Spring Rolls (6 pcs)
OD13189,CUST3479,REST_03,2026-05-12 20:49:37,45.0,Delivered,3.0,470,Mutton Biryani
OD13190,CUST2352,REST_05,2026-05-01 13:23:24,42.0,Delivered,2.0,650,Veg Arrabiata Penne Pasta
OD13191,CUST2071,REST_05,2026-05-11 13:22:59,47.0,Delivered,2.0,870,Farmhouse Veg Pizza
OD13192,CUST3319,REST_10,2026-05-22 22:01:21,60.0,Delivered,1.0,350,Malai Kofta & Lachha Paratha
OD13193,CUST2708,REST_01,2026-05-26 18:14:11,21.0,Delivered,5.0,340,Kadhai Paneer with Roti
OD13194,CUST3142,REST_07,2026-05-11 13:46:40,45.0,Delivered,3.0,400,Fresh Fruit Bowl
OD13195,CUST3324,REST_07,2026-05-18 21:29:54,39.0,Delivered,4.0,340,High-Protein Chicken Salad
OD13196,CUST3301,REST_05,2026-05-24 14:47:26,34.0,Delivered,4.0,400,Margherita Pizza 10-inch
OD13197,CUST3321,REST_09,2026-05-20 13:25:19,29.0,Delivered,5.0,250,Club Sandwich
OD13198,CUST2666,REST_04,2026-05-20 20:08:26,42.0,Delivered,2.0,330,Chicken Fried Rice & Manchurian
OD13199,CUST2980,REST_02,2026-04-30 07:04:21,20.0,Delivered,5.0,190,Rava Kesari & Dosa Combo
OD13200,CUST2748,REST_04,2026-05-08 12:55:49,52.0,Delivered,3.0,250,Veg Hakka Noodles
OD13201,CUST2898,REST_07,2026-05-24 13:29:42,40.0,Delivered,4.0,340,High-Protein Chicken Salad
OD13202,CUST2277,REST_05,2026-05-16 19:08:06,59.0,Delivered,1.0,330,Veg Arrabiata Penne Pasta
OD13203,CUST2573,REST_05,2026-05-21 20:28:10,58.0,Delivered,2.0,170,Garlic Bread with Cheese
OD13204,CUST2581,REST_10,2026-05-25 13:08:04,27.0,Delivered,5.0,410,Butter Chicken Combo Meal
OD13205,CUST2713,REST_06,2026-05-13 17:20:02,23.0,Delivered,5.0,280,Classic Cheese Burger & Fries
OD13206,CUST3327,REST_02,2026-04-29 14:01:36,50.0,Delivered,3.0,180,Rava Kesari & Dosa Combo
OD13207,CUST2320,REST_02,2026-05-07 11:05:58,37.0,Delivered,3.0,200,Rava Kesari & Dosa Combo
OD13208,CUST2426,REST_06,2026-04-30 19:26:20,38.0,Delivered,5.0,240,Loaded Nachos
OD13209,CUST2249,REST_01,2026-04-27 17:20:46,45.0,Delivered,3.0,400,Tandoori Chicken Half
OD13210,CUST2363,REST_05,2026-04-28 20:27:43,49.0,Delivered,3.0,430,Margherita Pizza 10-inch
OD13211,CUST3377,REST_01,2026-05-23 21:06:49,29.0,Delivered,4.0,340,Kadhai Paneer with Roti
OD13212,CUST2926,REST_02,2026-05-11 21:19:46,57.0,Delivered,1.0,140,Filter Coffee & Upma
OD13213,CUST2729,REST_05,2026-05-01 15:16:41,28.0,Delivered,3.0,400,Chicken Alfredo Pasta
OD13214,CUST2571,REST_09,2026-05-21 12:40:46,38.0,Delivered,5.0,440,Club Sandwich
OD13215,CUST2873,REST_08,2026-05-11 17:04:00,23.0,Delivered,5.0,210,Sizzling Brownie
OD13216,CUST3031,REST_10,2026-05-24 21:12:47,52.0,Delivered,3.0,300,Paneer Tikka
OD13217,CUST2886,REST_07,2026-04-27 09:52:58,49.0,Delivered,2.0,530,Caesar Salad
OD13218,CUST2288,REST_07,2026-05-10 20:05:54,,Cancelled,,280,Greek Salad
OD13219,CUST2004,REST_04,2026-05-18 22:30:25,45.0,Delivered,2.0,190,Veg Spring Rolls (6 pcs)
OD13220,CUST2424,REST_04,2026-05-09 20:41:31,59.0,Delivered,1.0,200,Veg Spring Rolls (6 pcs)
OD13221,CUST2076,REST_06,2026-04-28 16:39:11,40.0,Delivered,4.0,260,Classic Cheese Burger & Fries
OD13222,CUST2720,REST_06,2026-05-15 19:18:49,47.0,Delivered,4.0,420,Chicken Nuggets (9 pcs)
OD13223,CUST3432,REST_03,2026-04-29 19:48:40,49.0,Delivered,3.0,380,Chicken Tikka Biryani
OD13224,CUST3069,REST_05,2026-04-29 17:17:36,29.0,Delivered,4.0,180,Garlic Bread with Cheese
OD13225,CUST2048,REST_01,2026-05-24 12:55:06,45.0,Delivered,4.0,330,Dal Makhani with Jeera Rice
OD13226,CUST2508,REST_09,2026-04-28 12:31:18,58.0,Delivered,1.0,220,Paneer Tikka Sandwich
OD13227,CUST2417,REST_06,2026-05-19 23:31:18,23.0,Delivered,5.0,510,Classic Cheese Burger & Fries
OD13228,CUST2117,REST_08,2026-05-14 09:00:07,25.0,Delivered,3.0,150,Kulfi Falooda
OD13229,CUST2312,REST_04,2026-05-18 19:36:29,59.0,Delivered,1.0,510,Schezwan Noodles
OD13230,CUST2821,REST_07,2026-05-05 13:57:38,35.0,Delivered,4.0,290,Caesar Salad
OD13231,CUST3470,REST_02,2026-05-02 23:44:53,25.0,Delivered,5.0,420,Onion Uttapam
OD13232,CUST2078,REST_03,2026-05-06 21:26:22,45.0,Delivered,2.0,290,Egg Biryani
OD13233,CUST3108,REST_09,2026-05-18 19:17:22,50.0,Delivered,3.0,410,Paneer Tikka Sandwich
OD13234,CUST3140,REST_08,2026-05-04 20:54:14,43.0,Delivered,2.0,220,Sizzling Brownie
OD13235,CUST3049,REST_06,2026-05-11 15:13:06,26.0,Delivered,4.0,240,Chicken Nuggets (9 pcs)
OD13236,CUST2325,REST_05,2026-05-22 14:54:12,40.0,Delivered,2.0,200,Garlic Bread with Cheese
OD13237,CUST2229,REST_07,2026-05-26 19:02:05,38.0,Delivered,4.0,250,Greek Salad
OD13238,CUST3388,REST_03,2026-05-08 19:48:36,79.0,Delivered,1.0,320,Veg Hyderabadi Biryani
OD13239,CUST3350,REST_05,2026-05-25 19:25:12,79.0,Delivered,1.0,330,Veg Arrabiata Penne Pasta
OD13240,CUST2047,REST_09,2026-05-09 23:08:38,26.0,Delivered,4.0,670,Club Sandwich
OD13241,CUST2158,REST_06,2026-05-16 20:06:39,56.0,Delivered,1.0,230,Crispy Chicken Burger
OD13242,CUST2736,REST_01,2026-05-04 22:17:51,49.0,Delivered,2.0,340,Kadhai Paneer with Roti
OD13243,CUST2516,REST_06,2026-05-12 19:06:19,42.0,Delivered,3.0,210,Spicy Paneer Wrap
OD13244,CUST2632,REST_04,2026-05-16 14:43:03,47.0,Delivered,3.0,340,Veg Spring Rolls (6 pcs)
OD13245,CUST2071,REST_06,2026-05-26 21:40:57,42.0,Delivered,1.0,670,Crispy Chicken Burger
OD13246,CUST2445,REST_07,2026-04-29 23:48:53,28.0,Delivered,4.0,280,Caesar Salad
OD13247,CUST2852,REST_02,2026-05-05 20:26:19,,Cancelled,,180,Rava Kesari & Dosa Combo
OD13248,CUST3081,REST_03,2026-04-28 20:04:16,40.0,Delivered,4.0,310,Egg Biryani
OD13249,CUST2774,REST_05,2026-05-20 19:20:26,57.0,Delivered,1.0,780,Margherita Pizza 10-inch
OD13250,CUST2914,REST_09,2026-05-09 14:00:08,53.0,Delivered,1.0,210,Iced Latte
OD13251,CUST2559,REST_01,2026-05-08 20:41:49,62.0,Delivered,1.0,350,Paneer Butter Masala Meal
OD13252,CUST2796,REST_03,2026-05-23 13:14:49,43.0,Delivered,3.0,300,Egg Biryani
OD13253,CUST2818,REST_05,2026-05-05 17:21:16,26.0,Delivered,4.0,380,Chicken Alfredo Pasta
OD13254,CUST3431,REST_04,2026-05-14 20:29:24,37.0,Delivered,4.0,180,Veg Spring Rolls (6 pcs)
OD13255,CUST3481,REST_03,2026-05-13 13:41:41,28.0,Delivered,4.0,400,Chicken Tikka Biryani
OD13256,CUST2955,REST_04,2026-05-02 20:03:09,43.0,Delivered,2.0,200,Veg Spring Rolls (6 pcs)
OD13257,CUST3439,REST_10,2026-05-11 15:56:57,16.0,Delivered,5.0,380,Butter Chicken Combo Meal
OD13258,CUST2213,REST_02,2026-05-22 22:05:21,58.0,Delivered,1.0,200,Rava Kesari & Dosa Combo
OD13259,CUST2971,REST_02,2026-05-06 06:40:13,34.0,Delivered,4.0,150,Idli Vada Combo
OD13260,CUST3472,REST_02,2026-05-14 18:36:41,24.0,Delivered,5.0,180,Onion Uttapam
OD13261,CUST2284,REST_03,2026-05-12 15:56:59,40.0,Delivered,4.0,310,Veg Hyderabadi Biryani
OD13262,CUST2908,REST_02,2026-05-01 14:34:23,55.0,Delivered,4.0,190,Rava Kesari & Dosa Combo
OD13263,CUST2388,REST_05,2026-05-07 13:18:30,36.0,Delivered,5.0,430,Margherita Pizza 10-inch
OD13264,CUST2136,REST_09,2026-04-29 20:00:28,41.0,Delivered,1.0,460,Club Sandwich
OD13265,CUST2405,REST_02,2026-05-06 13:35:12,40.0,Delivered,2.0,150,Idli Vada Combo
OD13266,CUST2739,REST_04,2026-04-29 07:10:21,19.0,Delivered,4.0,320,Chicken Fried Rice & Manchurian
OD13267,CUST2142,REST_05,2026-05-21 21:28:30,35.0,Delivered,4.0,190,Garlic Bread with Cheese
OD13268,CUST3486,REST_03,2026-05-25 13:59:13,50.0,Delivered,1.0,310,Veg Hyderabadi Biryani
OD13269,CUST2965,REST_10,2026-05-10 13:40:54,33.0,Delivered,4.0,390,Butter Chicken Combo Meal
OD13270,CUST2271,REST_07,2026-05-09 21:50:01,53.0,Delivered,2.0,260,Greek Salad
OD13271,CUST2157,REST_02,2026-05-03 19:50:40,67.0,Delivered,2.0,260,Filter Coffee & Upma
OD13272,CUST3186,REST_04,2026-05-26 06:32:09,44.0,Delivered,2.0,180,Veg Spring Rolls (6 pcs)
OD13273,CUST2215,REST_06,2026-05-06 18:27:05,31.0,Delivered,4.0,280,Classic Cheese Burger & Fries
OD13274,CUST3051,REST_01,2026-05-07 20:44:17,37.0,Delivered,4.0,340,Paneer Butter Masala Meal
OD13275,CUST2562,REST_04,2026-05-03 12:47:56,44.0,Delivered,2.0,330,Chicken Fried Rice & Manchurian
OD13276,CUST3277,REST_03,2026-04-30 19:53:56,41.0,Delivered,3.0,410,Chicken Tikka Biryani
OD13277,CUST3318,REST_07,2026-05-23 21:36:19,68.0,Delivered,1.0,900,High-Protein Chicken Salad
OD13278,CUST3065,REST_01,2026-05-23 20:47:26,43.0,Delivered,3.0,390,Butter Chicken & Naan
OD13279,CUST3342,REST_05,2026-05-24 19:02:07,49.0,Delivered,3.0,180,Garlic Bread with Cheese
OD13280,CUST2885,REST_03,2026-05-06 23:31:02,18.0,Delivered,5.0,300,Veg Hyderabadi Biryani
OD13281,CUST2730,REST_02,2026-05-06 06:21:57,27.0,Delivered,4.0,160,Onion Uttapam
OD13282,CUST2165,REST_10,2026-05-04 18:49:37,28.0,Delivered,4.0,300,Paneer Tikka
OD13283,CUST3408,REST_01,2026-05-13 21:21:43,43.0,Delivered,1.0,660,Kadhai Paneer with Roti
OD13284,CUST2534,REST_03,2026-05-26 20:53:40,49.0,Delivered,2.0,390,Chicken Tikka Biryani
OD13285,CUST2093,REST_04,2026-05-21 09:03:23,28.0,Delivered,4.0,330,Chilli Chicken Gravy
OD13286,CUST3418,REST_01,2026-04-29 20:16:01,62.0,Delivered,2.0,430,Tandoori Chicken Half
OD13287,CUST2148,REST_09,2026-05-25 07:02:17,33.0,Delivered,4.0,260,Club Sandwich
OD13288,CUST2277,REST_04,2026-05-20 19:43:20,36.0,Delivered,4.0,250,Schezwan Noodles
OD13289,CUST2740,REST_07,2026-05-18 22:48:44,28.0,Delivered,4.0,260,Caesar Salad
OD13290,CUST2683,REST_03,2026-04-30 10:56:54,17.0,Delivered,4.0,410,Chicken Tikka Biryani
OD13291,CUST3227,REST_07,2026-05-10 21:08:07,62.0,Delivered,1.0,610,High-Protein Chicken Salad
OD13292,CUST2124,REST_01,2026-05-19 06:26:29,23.0,Delivered,5.0,380,Butter Chicken & Naan
OD13293,CUST2504,REST_03,2026-05-06 10:15:19,16.0,Delivered,5.0,480,Mutton Biryani
OD13294,CUST2997,REST_05,2026-05-13 20:55:46,,Cancelled,,190,Garlic Bread with Cheese
OD13295,CUST2753,REST_01,2026-05-17 08:34:14,34.0,Delivered,5.0,350,Kadhai Paneer with Roti
OD13296,CUST3028,REST_08,2026-05-23 22:37:05,,Cancelled,,170,Red Velvet Pastry
OD13297,CUST3173,REST_09,2026-05-06 19:45:50,54.0,Delivered,2.0,250,Club Sandwich
OD13298,CUST2283,REST_02,2026-05-21 18:59:41,24.0,Delivered,5.0,170,Onion Uttapam
OD13299,CUST3265,REST_02,2026-04-30 20:15:46,29.0,Delivered,3.0,440,Onion Uttapam
OD13300,CUST2228,REST_04,2026-05-08 13:13:03,45.0,Delivered,4.0,270,Veg Hakka Noodles
OD13301,CUST2135,REST_05,2026-05-06 13:41:30,35.0,Delivered,3.0,460,Farmhouse Veg Pizza
OD13302,CUST2049,REST_03,2026-05-09 19:41:30,43.0,Delivered,3.0,300,Egg Biryani
OD13303,CUST2160,REST_02,2026-05-22 13:39:24,50.0,Delivered,2.0,150,Idli Vada Combo
OD13304,CUST2054,REST_01,2026-05-06 18:03:42,22.0,Delivered,5.0,400,Tandoori Chicken Half
OD13305,CUST2991,REST_01,2026-05-20 13:41:45,43.0,Delivered,3.0,320,Dal Makhani with Jeera Rice
OD13306,CUST2833,REST_02,2026-05-06 21:26:37,35.0,Delivered,2.0,440,Onion Uttapam
OD13307,CUST3188,REST_06,2026-05-14 21:08:15,35.0,Delivered,4.0,260,Classic Cheese Burger & Fries
OD13308,CUST2821,REST_01,2026-05-24 12:53:19,63.0,Delivered,1.0,350,Paneer Butter Masala Meal
OD13309,CUST2142,REST_05,2026-04-27 18:01:22,16.0,Delivered,3.0,470,Farmhouse Veg Pizza
OD13310,CUST3083,REST_05,2026-05-12 21:49:32,42.0,Delivered,3.0,330,Veg Arrabiata Penne Pasta
OD13311,CUST2832,REST_07,2026-05-21 15:47:29,25.0,Delivered,4.0,730,Greek Salad
OD13312,CUST2346,REST_08,2026-05-11 13:26:28,34.0,Delivered,5.0,220,Sizzling Brownie
OD13313,CUST3316,REST_02,2026-05-12 14:18:07,44.0,Delivered,3.0,240,Filter Coffee & Upma
OD13314,CUST3305,REST_01,2026-05-11 19:53:19,65.0,Delivered,2.0,400,Tandoori Chicken Half
OD13315,CUST2213,REST_05,2026-05-15 12:40:11,,Cancelled,,410,Margherita Pizza 10-inch
OD13316,CUST3415,REST_03,2026-05-17 21:10:20,50.0,Delivered,3.0,320,Veg Hyderabadi Biryani
OD13317,CUST2827,REST_05,2026-05-06 12:47:08,28.0,Delivered,5.0,400,Chicken Alfredo Pasta
OD13318,CUST2600,REST_10,2026-05-02 20:53:56,53.0,Delivered,2.0,210,Tandoori Roti Combo
OD13319,CUST2475,REST_08,2026-05-02 22:47:36,75.0,Delivered,2.0,170,Red Velvet Pastry
OD13320,CUST2003,REST_07,2026-04-30 20:49:21,39.0,Delivered,4.0,340,High-Protein Chicken Salad
OD13321,CUST2542,REST_02,2026-05-22 21:10:02,46.0,Delivered,2.0,260,Masala Dosa with Sambar
OD13322,CUST2502,REST_03,2026-05-23 17:07:38,44.0,Delivered,3.0,680,Chicken Dum Biryani
OD13323,CUST3072,REST_07,2026-05-03 13:11:11,43.0,Delivered,2.0,330,High-Protein Chicken Salad
OD13324,CUST2933,REST_08,2026-05-26 22:55:21,70.0,Delivered,2.0,200,Red Velvet Pastry
OD13325,CUST2815,REST_01,2026-05-19 19:42:55,,Cancelled,,400,Butter Chicken & Naan
OD13326,CUST3057,REST_01,2026-05-08 12:59:37,54.0,Delivered,3.0,380,Butter Chicken & Naan
OD13327,CUST2954,REST_08,2026-05-22 06:41:15,29.0,Delivered,4.0,140,Gulab Jamun (4 pcs)
OD13328,CUST2225,REST_03,2026-05-06 11:37:15,33.0,Delivered,5.0,300,Egg Biryani
OD13329,CUST2610,REST_07,2026-05-18 14:03:09,46.0,Delivered,4.0,260,Caesar Salad
OD13330,CUST2092,REST_05,2026-05-18 16:59:56,15.0,Delivered,5.0,380,Chicken Alfredo Pasta
OD13331,CUST2487,REST_08,2026-05-05 20:51:25,45.0,Delivered,4.0,490,Red Velvet Pastry
OD13332,CUST2065,REST_07,2026-05-02 20:31:38,42.0,Delivered,4.0,320,High-Protein Chicken Salad
OD13333,CUST3235,REST_03,2026-05-06 22:48:09,35.0,Delivered,5.0,280,Egg Biryani
OD13334,CUST2908,REST_06,2026-05-09 14:31:10,39.0,Delivered,5.0,620,Chicken Nuggets (9 pcs)
OD13335,CUST3147,REST_04,2026-05-03 20:51:12,40.0,Delivered,4.0,910,Chicken Fried Rice & Manchurian
OD13336,CUST2797,REST_07,2026-04-27 18:23:26,19.0,Delivered,5.0,200,Fresh Fruit Bowl
OD13337,CUST2993,REST_06,2026-04-27 13:55:00,37.0,Delivered,4.0,290,Classic Cheese Burger & Fries
OD13338,CUST2543,REST_03,2026-05-23 12:52:36,78.0,Delivered,1.0,380,Chicken Dum Biryani
OD13339,CUST2571,REST_10,2026-05-20 21:39:15,72.0,Delivered,1.0,380,Malai Kofta & Lachha Paratha
OD13340,CUST2634,REST_01,2026-05-16 21:39:32,51.0,Delivered,4.0,400,Tandoori Chicken Half
OD13341,CUST2064,REST_10,2026-05-16 12:25:46,37.0,Delivered,5.0,380,Butter Chicken Combo Meal
OD13342,CUST2737,REST_10,2026-05-01 20:45:45,40.0,Delivered,2.0,380,Malai Kofta & Lachha Paratha
OD13343,CUST2300,REST_06,2026-05-15 12:55:11,38.0,Delivered,4.0,290,Classic Cheese Burger & Fries
OD13344,CUST2141,REST_07,2026-05-06 21:50:20,42.0,Delivered,2.0,270,Caesar Salad
OD13345,CUST2699,REST_08,2026-05-06 21:30:04,45.0,Delivered,4.0,250,Gulab Jamun (4 pcs)
OD13346,CUST2929,REST_03,2026-04-29 19:25:21,71.0,Delivered,1.0,470,Mutton Biryani
OD13347,CUST3361,REST_09,2026-05-11 21:55:26,,Cancelled,,530,Hot Chocolate
OD13348,CUST3268,REST_10,2026-05-10 19:25:03,,Cancelled,,670,Chicken Seekh Kebab
OD13349,CUST2775,REST_05,2026-05-24 13:28:42,57.0,Delivered,1.0,350,Veg Arrabiata Penne Pasta
OD13350,CUST2857,REST_03,2026-05-21 13:57:17,32.0,Delivered,4.0,310,Egg Biryani
OD13351,CUST3323,REST_02,2026-04-29 20:55:51,,Cancelled,,250,Filter Coffee & Upma
OD13352,CUST2909,REST_04,2026-05-02 19:23:34,60.0,Delivered,1.0,240,Veg Hakka Noodles
OD13353,CUST2971,REST_02,2026-05-07 09:13:20,43.0,Delivered,2.0,150,Masala Dosa with Sambar
OD13354,CUST2135,REST_08,2026-05-09 13:51:12,57.0,Delivered,1.0,160,Chocolate Lava Cake
OD13355,CUST2498,REST_09,2026-05-10 19:09:44,48.0,Delivered,2.0,180,Iced Latte
OD13356,CUST2522,REST_06,2026-05-26 13:29:07,44.0,Delivered,2.0,250,Loaded Nachos
OD13357,CUST2175,REST_07,2026-05-03 10:19:20,40.0,Delivered,5.0,360,Quinoa Avocado Salad
OD13358,CUST2889,REST_02,2026-04-29 16:27:52,19.0,Delivered,5.0,140,Idli Vada Combo
OD13359,CUST2992,REST_04,2026-05-05 18:26:38,35.0,Delivered,5.0,310,Chilli Chicken Gravy
OD13360,CUST3219,REST_05,2026-05-11 11:38:27,28.0,Delivered,5.0,430,Margherita Pizza 10-inch
OD13361,CUST2348,REST_10,2026-05-25 17:59:56,26.0,Delivered,4.0,300,Paneer Tikka
OD13362,CUST2529,REST_08,2026-05-01 19:22:15,44.0,Delivered,2.0,120,Gulab Jamun (4 pcs)
OD13363,CUST2230,REST_05,2026-05-16 21:08:54,50.0,Delivered,2.0,400,Chicken Alfredo Pasta
OD13364,CUST2118,REST_10,2026-05-18 20:39:22,55.0,Delivered,3.0,360,Malai Kofta & Lachha Paratha
OD13365,CUST3324,REST_06,2026-05-03 12:39:27,46.0,Delivered,2.0,240,Crispy Chicken Burger
OD13366,CUST3375,REST_06,2026-05-11 15:32:23,31.0,Delivered,5.0,270,Loaded Nachos
OD13367,CUST3460,REST_05,2026-05-09 12:31:06,49.0,Delivered,3.0,410,Chicken Alfredo Pasta
OD13368,CUST2702,REST_10,2026-05-26 14:03:27,48.0,Delivered,2.0,360,Malai Kofta & Lachha Paratha
OD13369,CUST2126,REST_10,2026-05-07 20:17:07,39.0,Delivered,5.0,390,Butter Chicken Combo Meal
OD13370,CUST3160,REST_02,2026-05-06 20:55:02,52.0,Delivered,1.0,170,Rava Kesari & Dosa Combo
OD13371,CUST2739,REST_08,2026-05-08 12:42:44,44.0,Delivered,3.0,120,Gulab Jamun (4 pcs)
OD13372,CUST2883,REST_07,2026-05-18 21:36:51,38.0,Delivered,4.0,370,Quinoa Avocado Salad
OD13373,CUST3442,REST_06,2026-05-02 21:14:17,44.0,Delivered,2.0,280,Classic Cheese Burger & Fries
OD13374,CUST2103,REST_09,2026-05-01 21:05:48,44.0,Delivered,3.0,190,Iced Latte
OD13375,CUST2192,REST_05,2026-05-15 07:22:23,36.0,Delivered,4.0,470,Farmhouse Veg Pizza
OD13376,CUST2518,REST_10,2026-05-26 19:18:08,43.0,Delivered,3.0,220,Tandoori Roti Combo
OD13377,CUST3143,REST_09,2026-05-15 21:13:45,33.0,Delivered,5.0,390,Hot Chocolate
OD13378,CUST2865,REST_01,2026-05-20 13:37:02,57.0,Delivered,1.0,420,Tandoori Chicken Half
OD13379,CUST2994,REST_08,2026-05-19 19:48:45,42.0,Delivered,4.0,180,Red Velvet Pastry
OD13380,CUST2327,REST_02,2026-05-15 12:14:04,43.0,Delivered,2.0,180,Onion Uttapam
OD13381,CUST2125,REST_03,2026-05-15 20:58:00,56.0,Delivered,1.0,930,Mutton Biryani
OD13382,CUST2867,REST_05,2026-05-18 12:18:58,31.0,Delivered,2.0,330,Veg Arrabiata Penne Pasta
OD13383,CUST2804,REST_03,2026-05-19 13:39:09,31.0,Delivered,4.0,590,Veg Hyderabadi Biryani
OD13384,CUST2657,REST_01,2026-05-16 20:49:30,50.0,Delivered,3.0,330,Kadhai Paneer with Roti
OD13385,CUST2184,REST_01,2026-05-03 21:11:28,57.0,Delivered,2.0,810,Tandoori Chicken Half
OD13386,CUST3418,REST_05,2026-05-14 14:22:46,32.0,Delivered,4.0,180,Garlic Bread with Cheese
OD13387,CUST3300,REST_06,2026-05-06 18:09:00,15.0,Delivered,4.0,220,Spicy Paneer Wrap
OD13388,CUST3126,REST_08,2026-05-20 19:29:21,41.0,Delivered,2.0,450,Chocolate Lava Cake
OD13389,CUST2494,REST_10,2026-05-19 13:46:03,44.0,Delivered,4.0,340,Chicken Seekh Kebab
OD13390,CUST3224,REST_08,2026-05-08 21:07:09,42.0,Delivered,2.0,200,Red Velvet Pastry
OD13391,CUST2434,REST_04,2026-05-11 15:27:53,17.0,Delivered,5.0,250,Veg Hakka Noodles
OD13392,CUST2426,REST_04,2026-05-17 19:23:25,45.0,Delivered,2.0,270,Schezwan Noodles
OD13393,CUST2068,REST_10,2026-05-06 18:58:13,28.0,Delivered,4.0,400,Butter Chicken Combo Meal
OD13394,CUST3455,REST_03,2026-05-08 19:58:19,60.0,Delivered,1.0,880,Veg Hyderabadi Biryani
OD13395,CUST2996,REST_01,2026-05-23 07:29:38,41.0,Delivered,3.0,330,Dal Makhani with Jeera Rice
OD13396,CUST2011,REST_06,2026-05-11 00:55:10,35.0,Delivered,4.0,260,Loaded Nachos
OD13397,CUST2095,REST_09,2026-05-10 21:44:40,51.0,Delivered,3.0,250,Club Sandwich
OD13398,CUST2292,REST_08,2026-05-16 12:21:11,45.0,Delivered,2.0,130,Gulab Jamun (4 pcs)
OD13399,CUST2577,REST_05,2026-05-09 13:46:06,41.0,Delivered,3.0,1290,Farmhouse Veg Pizza
OD13400,CUST2270,REST_10,2026-05-14 13:57:40,49.0,Delivered,2.0,360,Malai Kofta & Lachha Paratha
OD13401,CUST3398,REST_10,2026-05-08 21:41:41,61.0,Delivered,1.0,350,Chicken Seekh Kebab
OD13402,CUST2015,REST_10,2026-05-06 20:29:15,46.0,Delivered,3.0,330,Chicken Seekh Kebab
OD13403,CUST2868,REST_01,2026-04-28 13:00:18,53.0,Delivered,4.0,330,Kadhai Paneer with Roti
OD13404,CUST2927,REST_05,2026-05-08 20:13:16,42.0,Delivered,2.0,420,Margherita Pizza 10-inch
OD13405,CUST2035,REST_09,2026-05-26 22:20:17,42.0,Delivered,3.0,370,Hot Chocolate
OD13406,CUST2765,REST_05,2026-05-15 12:23:53,45.0,Delivered,2.0,400,Margherita Pizza 10-inch
OD13407,CUST3347,REST_01,2026-04-30 12:23:52,49.0,Delivered,2.0,430,Tandoori Chicken Half
OD13408,CUST3231,REST_06,2026-05-02 18:47:03,44.0,Delivered,3.0,220,Spicy Paneer Wrap
OD13409,CUST2227,REST_06,2026-05-10 21:54:33,38.0,Delivered,4.0,230,Chicken Nuggets (9 pcs)
OD13410,CUST2158,REST_03,2026-05-15 20:24:37,62.0,Delivered,1.0,700,Chicken Dum Biryani
OD13411,CUST3152,REST_06,2026-05-24 18:46:17,50.0,Delivered,2.0,240,Chicken Nuggets (9 pcs)
OD13412,CUST2232,REST_09,2026-05-04 13:30:39,36.0,Delivered,5.0,170,Classic Cold Coffee
OD13413,CUST2565,REST_02,2026-05-21 10:31:32,24.0,Delivered,5.0,180,Onion Uttapam
OD13414,CUST2994,REST_10,2026-05-02 12:03:53,35.0,Delivered,4.0,640,Chicken Seekh Kebab
OD13415,CUST2490,REST_06,2026-05-05 19:30:07,44.0,Delivered,1.0,260,Classic Cheese Burger & Fries
OD13416,CUST2035,REST_01,2026-05-21 09:02:45,35.0,Delivered,3.0,350,Paneer Butter Masala Meal
OD13417,CUST3284,REST_02,2026-04-28 13:56:58,41.0,Delivered,3.0,140,Idli Vada Combo
OD13418,CUST2187,REST_08,2026-05-04 15:10:48,16.0,Delivered,5.0,190,Red Velvet Pastry
OD13419,CUST3256,REST_08,2026-05-09 12:05:24,,Cancelled,,170,Kulfi Falooda
OD13420,CUST2855,REST_03,2026-05-05 01:53:49,27.0,Delivered,4.0,350,Chicken Dum Biryani
OD13421,CUST2437,REST_07,2026-05-19 13:46:21,37.0,Delivered,5.0,670,Quinoa Avocado Salad
OD13422,CUST2773,REST_09,2026-04-29 21:33:18,48.0,Delivered,2.0,180,Classic Cold Coffee
OD13423,CUST3217,REST_08,2026-05-18 21:03:18,63.0,Delivered,1.0,200,Red Velvet Pastry
OD13424,CUST2739,REST_07,2026-05-23 14:06:55,38.0,Delivered,4.0,340,Quinoa Avocado Salad
OD13425,CUST3059,REST_02,2026-05-19 21:48:32,49.0,Delivered,1.0,180,Rava Kesari & Dosa Combo
OD13426,CUST2470,REST_01,2026-05-14 13:04:15,50.0,Delivered,2.0,300,Dal Makhani with Jeera Rice
OD13427,CUST2697,REST_05,2026-05-12 21:08:47,33.0,Delivered,5.0,180,Garlic Bread with Cheese
OD13428,CUST2237,REST_03,2026-05-24 18:13:17,31.0,Delivered,5.0,860,Veg Hyderabadi Biryani
OD13429,CUST2300,REST_01,2026-05-08 12:30:03,34.0,Delivered,3.0,400,Tandoori Chicken Half
OD13430,CUST3360,REST_09,2026-05-08 12:00:33,53.0,Delivered,1.0,410,Paneer Tikka Sandwich
OD13431,CUST2851,REST_04,2026-05-21 20:56:06,45.0,Delivered,2.0,620,Chicken Fried Rice & Manchurian
OD13432,CUST3185,REST_09,2026-05-16 19:11:35,59.0,Delivered,1.0,230,Club Sandwich
OD13433,CUST2844,REST_05,2026-05-22 13:12:18,36.0,Delivered,5.0,400,Chicken Alfredo Pasta
OD13434,CUST3383,REST_04,2026-05-23 19:49:53,50.0,Delivered,1.0,330,Chicken Fried Rice & Manchurian
OD13435,CUST2461,REST_02,2026-05-04 00:33:41,17.0,Delivered,5.0,160,Onion Uttapam
OD13436,CUST3174,REST_01,2026-05-25 12:31:39,27.0,Delivered,3.0,410,Tandoori Chicken Half
OD13437,CUST3031,REST_03,2026-05-16 14:02:28,47.0,Delivered,1.0,300,Egg Biryani
OD13438,CUST2175,REST_02,2026-05-09 14:58:03,34.0,Delivered,2.0,150,Filter Coffee & Upma
OD13439,CUST2956,REST_08,2026-05-09 11:53:30,23.0,Delivered,5.0,210,Sizzling Brownie
OD13440,CUST3101,REST_06,2026-05-26 23:41:15,28.0,Delivered,5.0,410,Chicken Nuggets (9 pcs)
OD13441,CUST3120,REST_05,2026-04-28 22:06:11,35.0,Delivered,2.0,360,Veg Arrabiata Penne Pasta
OD13442,CUST2275,REST_06,2026-05-03 22:46:05,41.0,Delivered,3.0,260,Classic Cheese Burger & Fries
OD13443,CUST2931,REST_05,2026-05-02 21:09:36,57.0,Delivered,1.0,180,Garlic Bread with Cheese
OD13444,CUST2571,REST_08,2026-04-29 13:22:57,34.0,Delivered,2.0,200,Sizzling Brownie
OD13445,CUST2325,REST_04,2026-05-11 21:47:54,42.0,Delivered,3.0,320,Chilli Chicken Gravy
OD13446,CUST2902,REST_10,2026-05-07 22:48:09,,Cancelled,,350,Chicken Seekh Kebab
OD13447,CUST3418,REST_01,2026-05-01 14:38:28,40.0,Delivered,3.0,330,Dal Makhani with Jeera Rice
OD13448,CUST2816,REST_01,2026-05-04 08:27:02,28.0,Delivered,5.0,370,Paneer Butter Masala Meal
OD13449,CUST3235,REST_06,2026-05-17 20:43:20,33.0,Delivered,4.0,440,Crispy Chicken Burger
OD13450,CUST2438,REST_08,2026-05-10 21:01:33,85.0,Delivered,1.0,410,Kulfi Falooda
OD13451,CUST2875,REST_05,2026-05-16 17:36:49,30.0,Delivered,3.0,360,Veg Arrabiata Penne Pasta
OD13452,CUST3190,REST_01,2026-05-07 15:16:37,23.0,Delivered,4.0,310,Dal Makhani with Jeera Rice
OD13453,CUST3071,REST_07,2026-05-21 18:21:33,28.0,Delivered,4.0,500,Greek Salad
OD13454,CUST3220,REST_05,2026-05-24 12:18:26,45.0,Delivered,3.0,340,Veg Arrabiata Penne Pasta
OD13455,CUST2042,REST_01,2026-05-17 14:20:04,38.0,Delivered,5.0,360,Paneer Butter Masala Meal
OD13456,CUST3472,REST_04,2026-05-06 21:17:50,45.0,Delivered,2.0,300,Chilli Chicken Gravy
OD13457,CUST2592,REST_02,2026-04-27 15:49:46,43.0,Delivered,2.0,170,Masala Dosa with Sambar
OD13458,CUST3212,REST_05,2026-05-23 12:02:48,56.0,Delivered,1.0,400,Margherita Pizza 10-inch
OD13459,CUST3211,REST_01,2026-05-17 10:26:51,26.0,Delivered,4.0,340,Kadhai Paneer with Roti
OD13460,CUST2173,REST_01,2026-04-28 00:44:29,23.0,Delivered,5.0,1100,Butter Chicken & Naan
OD13461,CUST3412,REST_07,2026-05-09 09:33:58,48.0,Delivered,3.0,250,Greek Salad
OD13462,CUST2206,REST_01,2026-05-02 20:35:53,57.0,Delivered,2.0,350,Paneer Butter Masala Meal
OD13463,CUST3119,REST_02,2026-04-30 00:24:58,24.0,Delivered,5.0,170,Onion Uttapam
OD13464,CUST2082,REST_02,2026-05-22 22:27:14,40.0,Delivered,4.0,170,Rava Kesari & Dosa Combo
OD13465,CUST3209,REST_06,2026-05-01 10:57:55,38.0,Delivered,5.0,240,Loaded Nachos
OD13466,CUST3219,REST_07,2026-05-26 20:57:45,53.0,Delivered,2.0,320,High-Protein Chicken Salad
OD13467,CUST3304,REST_09,2026-05-16 21:21:00,39.0,Delivered,5.0,260,Club Sandwich
OD13468,CUST2368,REST_04,2026-05-11 18:07:54,21.0,Delivered,5.0,260,Veg Hakka Noodles
OD13469,CUST2423,REST_10,2026-05-10 17:53:46,24.0,Delivered,5.0,300,Paneer Tikka
OD13470,CUST2023,REST_08,2026-05-25 13:27:14,38.0,Delivered,3.0,170,Red Velvet Pastry
OD13471,CUST2358,REST_10,2026-05-19 19:27:41,44.0,Delivered,2.0,210,Tandoori Roti Combo
OD13472,CUST3464,REST_08,2026-05-16 14:16:53,67.0,Delivered,1.0,460,Chocolate Lava Cake
OD13473,CUST3469,REST_02,2026-05-03 13:29:32,74.0,Delivered,2.0,150,Idli Vada Combo
OD13474,CUST2960,REST_07,2026-05-14 19:08:31,57.0,Delivered,1.0,730,Greek Salad
OD13475,CUST3287,REST_05,2026-05-01 19:54:19,62.0,Delivered,1.0,400,Margherita Pizza 10-inch
OD13476,CUST3133,REST_03,2026-05-07 20:13:22,65.0,Delivered,1.0,480,Mutton Biryani
OD13477,CUST3227,REST_07,2026-05-25 19:42:00,61.0,Delivered,1.0,330,High-Protein Chicken Salad
OD13478,CUST2956,REST_07,2026-05-18 17:00:06,24.0,Delivered,5.0,260,Caesar Salad
OD13479,CUST2222,REST_07,2026-05-05 12:04:07,46.0,Delivered,2.0,360,Quinoa Avocado Salad
OD13480,CUST2771,REST_04,2026-05-25 17:47:38,34.0,Delivered,5.0,200,Veg Spring Rolls (6 pcs)
OD13481,CUST3237,REST_09,2026-04-27 07:29:31,37.0,Delivered,4.0,250,Club Sandwich
OD13482,CUST3159,REST_05,2026-05-14 01:40:33,29.0,Delivered,5.0,410,Chicken Alfredo Pasta
OD13483,CUST2912,REST_07,2026-05-04 08:03:29,36.0,Delivered,3.0,340,Quinoa Avocado Salad
OD13484,CUST2161,REST_05,2026-05-25 13:37:14,42.0,Delivered,1.0,410,Margherita Pizza 10-inch
OD13485,CUST2408,REST_09,2026-05-06 20:08:44,52.0,Delivered,3.0,340,Iced Latte
OD13486,CUST2532,REST_04,2026-05-07 11:32:37,25.0,Delivered,3.0,200,Veg Spring Rolls (6 pcs)
OD13487,CUST3155,REST_09,2026-05-06 14:44:18,37.0,Delivered,5.0,180,Classic Cold Coffee
OD13488,CUST2615,REST_10,2026-05-23 18:33:20,24.0,Delivered,5.0,380,Butter Chicken Combo Meal
OD13489,CUST3120,REST_07,2026-05-24 20:15:36,59.0,Delivered,1.0,510,Greek Salad
OD13490,CUST3341,REST_06,2026-05-02 21:23:25,74.0,Delivered,1.0,400,Spicy Paneer Wrap
OD13491,CUST2638,REST_06,2026-04-30 12:06:47,38.0,Delivered,5.0,270,Loaded Nachos
OD13492,CUST2748,REST_09,2026-05-17 12:21:05,55.0,Delivered,3.0,200,Iced Latte
OD13493,CUST2975,REST_02,2026-05-18 21:13:22,39.0,Delivered,4.0,290,Onion Uttapam
OD13494,CUST2678,REST_07,2026-05-10 20:12:43,54.0,Delivered,2.0,370,Quinoa Avocado Salad
OD13495,CUST3126,REST_07,2026-05-01 20:30:30,57.0,Delivered,1.0,230,Fresh Fruit Bowl
OD13496,CUST3420,REST_10,2026-05-09 14:37:06,47.0,Delivered,2.0,400,Tandoori Roti Combo
OD13497,CUST2597,REST_02,2026-05-21 21:05:20,51.0,Delivered,1.0,160,Onion Uttapam
OD13498,CUST2793,REST_03,2026-05-18 20:45:15,36.0,Delivered,4.0,380,Chicken Dum Biryani
OD13499,CUST2667,REST_03,2026-05-08 15:12:44,37.0,Delivered,4.0,470,Mutton Biryani
OD13500,CUST2161,REST_05,2026-05-06 21:12:01,,Cancelled,,190,Garlic Bread with Cheese
OD13501,CUST2691,REST_08,2026-05-25 13:26:52,44.0,Delivered,3.0,220,Sizzling Brownie
OD13502,CUST2752,REST_04,2026-05-11 20:29:44,46.0,Delivered,4.0,320,Chicken Fried Rice & Manchurian
OD13503,CUST2048,REST_08,2026-05-15 19:22:01,63.0,Delivered,1.0,200,Sizzling Brownie
OD13504,CUST2840,REST_06,2026-05-21 22:31:17,46.0,Delivered,2.0,390,Spicy Paneer Wrap
OD13505,CUST3382,REST_05,2026-05-03 13:50:49,31.0,Delivered,4.0,400,Chicken Alfredo Pasta
OD13506,CUST3052,REST_08,2026-05-14 11:13:45,16.0,Delivered,5.0,170,Chocolate Lava Cake
OD13507,CUST2452,REST_09,2026-05-01 09:21:00,34.0,Delivered,4.0,680,Club Sandwich
OD13508,CUST2017,REST_02,2026-05-18 21:47:08,34.0,Delivered,5.0,160,Filter Coffee & Upma
OD13509,CUST3406,REST_09,2026-05-23 15:27:21,30.0,Delivered,5.0,170,Classic Cold Coffee
OD13510,CUST2944,REST_05,2026-05-19 22:47:31,50.0,Delivered,3.0,180,Garlic Bread with Cheese
OD13511,CUST2867,REST_06,2026-05-21 21:40:49,46.0,Delivered,3.0,270,Classic Cheese Burger & Fries
OD13512,CUST2196,REST_06,2026-05-14 09:47:12,21.0,Delivered,5.0,210,Spicy Paneer Wrap
OD13513,CUST2581,REST_07,2026-05-10 21:32:28,,Cancelled,,280,Caesar Salad
OD13514,CUST3323,REST_05,2026-05-14 11:32:54,44.0,Delivered,2.0,460,Farmhouse Veg Pizza
OD13515,CUST2261,REST_06,2026-05-05 21:57:49,,Cancelled,,230,Spicy Paneer Wrap
OD13516,CUST2134,REST_06,2026-05-14 20:26:20,48.0,Delivered,3.0,290,Classic Cheese Burger & Fries
OD13517,CUST2546,REST_05,2026-04-29 12:47:15,51.0,Delivered,3.0,860,Farmhouse Veg Pizza
OD13518,CUST2278,REST_10,2026-05-08 16:10:45,38.0,Delivered,3.0,770,Butter Chicken Combo Meal
OD13519,CUST2478,REST_04,2026-05-06 21:02:55,50.0,Delivered,2.0,330,Chilli Chicken Gravy
OD13520,CUST3065,REST_03,2026-05-26 13:39:47,50.0,Delivered,2.0,690,Chicken Dum Biryani
OD13521,CUST2406,REST_03,2026-05-09 13:27:44,65.0,Delivered,1.0,350,Chicken Dum Biryani
OD13522,CUST3316,REST_10,2026-05-13 19:46:31,61.0,Delivered,2.0,220,Tandoori Roti Combo
OD13523,CUST2178,REST_08,2026-05-24 19:59:24,56.0,Delivered,1.0,310,Kulfi Falooda
OD13524,CUST3481,REST_04,2026-05-24 16:42:38,17.0,Delivered,4.0,340,Chicken Fried Rice & Manchurian
OD13525,CUST2124,REST_04,2026-04-30 13:10:02,49.0,Delivered,3.0,470,Veg Hakka Noodles
OD13526,CUST2365,REST_10,2026-05-04 20:40:48,32.0,Delivered,4.0,380,Malai Kofta & Lachha Paratha
OD13527,CUST3393,REST_10,2026-05-21 13:33:27,26.0,Delivered,4.0,330,Paneer Tikka
OD13528,CUST3006,REST_07,2026-05-17 14:48:04,38.0,Delivered,3.0,350,Quinoa Avocado Salad
OD13529,CUST3284,REST_04,2026-05-26 08:55:58,28.0,Delivered,4.0,270,Schezwan Noodles
OD13530,CUST2639,REST_01,2026-05-18 17:13:25,21.0,Delivered,5.0,740,Butter Chicken & Naan
OD13531,CUST2159,REST_04,2026-05-06 21:28:07,35.0,Delivered,4.0,490,Schezwan Noodles
OD13532,CUST3241,REST_05,2026-05-23 10:08:31,30.0,Delivered,5.0,1110,Chicken Alfredo Pasta
OD13533,CUST2984,REST_06,2026-05-10 13:14:09,38.0,Delivered,4.0,290,Classic Cheese Burger & Fries
OD13534,CUST3432,REST_06,2026-04-29 13:30:03,51.0,Delivered,3.0,290,Classic Cheese Burger & Fries
OD13535,CUST2905,REST_09,2026-05-18 21:29:07,47.0,Delivered,3.0,220,Hot Chocolate
OD13536,CUST3343,REST_10,2026-05-24 20:31:40,41.0,Delivered,3.0,360,Chicken Seekh Kebab
OD13537,CUST2567,REST_05,2026-04-27 20:00:14,37.0,Delivered,4.0,350,Veg Arrabiata Penne Pasta
OD13538,CUST2868,REST_06,2026-05-24 19:34:41,52.0,Delivered,2.0,240,Loaded Nachos
OD13539,CUST3432,REST_03,2026-05-14 21:25:32,47.0,Delivered,3.0,360,Chicken Dum Biryani
OD13540,CUST3006,REST_09,2026-05-19 20:24:56,46.0,Delivered,2.0,210,Hot Chocolate
OD13541,CUST2590,REST_04,2026-05-01 12:29:23,31.0,Delivered,5.0,460,Veg Hakka Noodles
OD13542,CUST3418,REST_06,2026-05-20 19:28:14,52.0,Delivered,1.0,280,Classic Cheese Burger & Fries
OD13543,CUST2364,REST_03,2026-05-14 12:43:32,24.0,Delivered,5.0,330,Veg Hyderabadi Biryani
OD13544,CUST3467,REST_09,2026-05-04 19:53:24,45.0,Delivered,2.0,240,Paneer Tikka Sandwich
OD13545,CUST2459,REST_10,2026-05-13 17:27:35,43.0,Delivered,2.0,310,Paneer Tikka
OD13546,CUST2307,REST_06,2026-05-24 20:34:06,42.0,Delivered,3.0,270,Loaded Nachos
OD13547,CUST3236,REST_10,2026-05-17 14:07:37,44.0,Delivered,3.0,330,Paneer Tikka
OD13548,CUST2593,REST_03,2026-05-09 17:46:09,39.0,Delivered,5.0,760,Chicken Tikka Biryani
OD13549,CUST2921,REST_07,2026-05-14 21:28:42,60.0,Delivered,1.0,280,Greek Salad
OD13550,CUST2093,REST_06,2026-05-22 19:36:14,62.0,Delivered,1.0,270,Loaded Nachos
OD13551,CUST2525,REST_03,2026-05-05 23:44:30,21.0,Delivered,5.0,290,Egg Biryani
OD13552,CUST3241,REST_02,2026-04-29 12:37:19,51.0,Delivered,3.0,160,Filter Coffee & Upma
OD13553,CUST2826,REST_04,2026-05-22 15:44:33,32.0,Delivered,3.0,210,Veg Spring Rolls (6 pcs)
OD13554,CUST2613,REST_04,2026-05-24 20:01:37,64.0,Delivered,1.0,200,Veg Spring Rolls (6 pcs)
OD13555,CUST2642,REST_01,2026-05-06 18:29:47,36.0,Delivered,4.0,320,Dal Makhani with Jeera Rice
OD13556,CUST2588,REST_06,2026-05-09 10:03:31,34.0,Delivered,5.0,670,Crispy Chicken Burger
OD13557,CUST3429,REST_07,2026-04-29 20:20:59,37.0,Delivered,5.0,630,High-Protein Chicken Salad
OD13558,CUST2745,REST_01,2026-05-19 17:36:15,16.0,Delivered,5.0,810,Tandoori Chicken Half
OD13559,CUST2773,REST_10,2026-05-24 08:48:56,23.0,Delivered,5.0,360,Chicken Seekh Kebab
OD13560,CUST3401,REST_02,2026-05-04 21:57:42,46.0,Delivered,3.0,190,Rava Kesari & Dosa Combo
OD13561,CUST2694,REST_03,2026-05-14 23:19:17,31.0,Delivered,4.0,470,Mutton Biryani
OD13562,CUST3344,REST_02,2026-04-28 13:05:20,32.0,Delivered,5.0,160,Onion Uttapam
OD13563,CUST3380,REST_07,2026-05-10 21:13:26,49.0,Delivered,3.0,200,Fresh Fruit Bowl
OD13564,CUST3444,REST_09,2026-05-18 14:50:38,,Cancelled,,240,Club Sandwich
OD13565,CUST2142,REST_05,2026-05-22 18:38:48,33.0,Delivered,4.0,360,Veg Arrabiata Penne Pasta
OD13566,CUST2588,REST_01,2026-05-09 21:35:59,57.0,Delivered,1.0,320,Dal Makhani with Jeera Rice
OD13567,CUST3438,REST_09,2026-05-16 22:04:35,39.0,Delivered,3.0,220,Hot Chocolate
OD13568,CUST2724,REST_05,2026-05-17 21:03:43,63.0,Delivered,2.0,450,Farmhouse Veg Pizza
OD13569,CUST2780,REST_03,2026-05-09 23:37:41,37.0,Delivered,4.0,470,Mutton Biryani
OD13570,CUST2284,REST_04,2026-05-24 14:53:03,46.0,Delivered,2.0,280,Schezwan Noodles
OD13571,CUST2676,REST_08,2026-05-12 19:15:37,41.0,Delivered,3.0,290,Kulfi Falooda
OD13572,CUST3216,REST_01,2026-05-22 20:36:46,46.0,Delivered,3.0,350,Paneer Butter Masala Meal
OD13573,CUST3019,REST_02,2026-04-30 08:40:37,21.0,Delivered,4.0,180,Rava Kesari & Dosa Combo
OD13574,CUST2481,REST_08,2026-05-24 20:00:39,57.0,Delivered,1.0,200,Sizzling Brownie
OD13575,CUST2425,REST_05,2026-05-02 18:16:40,30.0,Delivered,3.0,450,Farmhouse Veg Pizza
OD13576,CUST2805,REST_07,2026-04-28 06:45:23,35.0,Delivered,5.0,220,Fresh Fruit Bowl
OD13577,CUST2763,REST_01,2026-05-14 23:47:51,29.0,Delivered,4.0,740,Butter Chicken & Naan
OD13578,CUST2930,REST_10,2026-05-25 18:33:55,33.0,Delivered,4.0,350,Malai Kofta & Lachha Paratha
OD13579,CUST2605,REST_05,2026-05-11 09:00:55,29.0,Delivered,3.0,460,Farmhouse Veg Pizza
OD13580,CUST2877,REST_09,2026-05-04 20:40:43,47.0,Delivered,3.0,190,Classic Cold Coffee
OD13581,CUST2722,REST_10,2026-05-26 20:08:14,34.0,Delivered,2.0,390,Butter Chicken Combo Meal
OD13582,CUST2635,REST_10,2026-05-09 21:35:33,53.0,Delivered,2.0,360,Chicken Seekh Kebab
OD13583,CUST2178,REST_06,2026-05-03 14:07:52,38.0,Delivered,4.0,260,Classic Cheese Burger & Fries
OD13584,CUST2629,REST_08,2026-05-02 13:39:56,49.0,Delivered,1.0,180,Kulfi Falooda
OD13585,CUST3142,REST_03,2026-05-13 23:59:52,17.0,Delivered,5.0,490,Mutton Biryani
OD13586,CUST3426,REST_08,2026-05-05 06:28:12,24.0,Delivered,5.0,150,Gulab Jamun (4 pcs)
OD13587,CUST2712,REST_07,2026-05-13 21:47:18,31.0,Delivered,5.0,310,High-Protein Chicken Salad
OD13588,CUST2534,REST_06,2026-05-08 21:32:27,58.0,Delivered,1.0,210,Spicy Paneer Wrap
OD13589,CUST3374,REST_08,2026-05-26 11:19:20,30.0,Delivered,5.0,330,Chocolate Lava Cake
OD13590,CUST2042,REST_02,2026-05-18 10:43:19,24.0,Delivered,5.0,170,Rava Kesari & Dosa Combo
OD13591,CUST2554,REST_01,2026-05-12 18:00:39,16.0,Delivered,5.0,350,Kadhai Paneer with Roti
OD13592,CUST3346,REST_05,2026-05-15 21:41:22,74.0,Delivered,1.0,350,Veg Arrabiata Penne Pasta
OD13593,CUST2957,REST_03,2026-05-13 07:16:15,30.0,Delivered,4.0,380,Chicken Tikka Biryani
OD13594,CUST3462,REST_03,2026-05-16 06:59:01,26.0,Delivered,5.0,470,Mutton Biryani
OD13595,CUST3358,REST_01,2026-05-20 11:39:39,21.0,Delivered,5.0,420,Tandoori Chicken Half
OD13596,CUST2109,REST_01,2026-05-01 21:29:11,59.0,Delivered,1.0,370,Paneer Butter Masala Meal
OD13597,CUST2122,REST_05,2026-05-07 19:16:29,56.0,Delivered,2.0,410,Chicken Alfredo Pasta
OD13598,CUST2750,REST_05,2026-05-15 18:12:49,20.0,Delivered,5.0,190,Garlic Bread with Cheese
OD13599,CUST3204,REST_07,2026-05-23 08:01:39,39.0,Delivered,4.0,310,High-Protein Chicken Salad
OD13600,CUST2530,REST_04,2026-05-22 08:39:54,29.0,Delivered,5.0,490,Veg Hakka Noodles
OD13601,CUST3313,REST_03,2026-04-28 15:34:48,18.0,Delivered,5.0,590,Veg Hyderabadi Biryani
OD13602,CUST3248,REST_10,2026-05-06 14:57:35,30.0,Delivered,5.0,320,Paneer Tikka
OD13603,CUST2660,REST_03,2026-05-09 14:06:10,49.0,Delivered,3.0,410,Chicken Tikka Biryani
OD13604,CUST2120,REST_04,2026-05-17 08:14:41,33.0,Delivered,4.0,240,Veg Hakka Noodles
OD13605,CUST2366,REST_02,2026-05-07 13:49:48,54.0,Delivered,2.0,180,Rava Kesari & Dosa Combo
OD13606,CUST3288,REST_04,2026-05-01 14:23:55,32.0,Delivered,3.0,190,Veg Spring Rolls (6 pcs)
OD13607,CUST2355,REST_02,2026-05-06 20:26:54,44.0,Delivered,2.0,180,Rava Kesari & Dosa Combo
OD13608,CUST2311,REST_05,2026-05-07 16:06:01,16.0,Delivered,5.0,460,Farmhouse Veg Pizza
OD13609,CUST2333,REST_03,2026-05-08 10:06:55,33.0,Delivered,5.0,360,Chicken Dum Biryani
OD13610,CUST2532,REST_02,2026-05-04 19:26:47,36.0,Delivered,3.0,480,Rava Kesari & Dosa Combo
OD13611,CUST2689,REST_01,2026-05-24 17:35:32,32.0,Delivered,4.0,330,Dal Makhani with Jeera Rice
OD13612,CUST2206,REST_04,2026-05-26 12:43:25,44.0,Delivered,2.0,330,Chicken Fried Rice & Manchurian
OD13613,CUST2394,REST_07,2026-05-25 21:28:05,37.0,Delivered,5.0,200,Fresh Fruit Bowl
OD13614,CUST2698,REST_06,2026-05-21 12:24:00,35.0,Delivered,2.0,260,Crispy Chicken Burger
OD13615,CUST2477,REST_01,2026-04-29 19:23:00,41.0,Delivered,2.0,360,Kadhai Paneer with Roti
OD13616,CUST3167,REST_10,2026-05-17 11:57:40,,Cancelled,,380,Butter Chicken Combo Meal
OD13617,CUST2559,REST_07,2026-05-18 01:09:18,22.0,Delivered,4.0,260,Caesar Salad
OD13618,CUST3065,REST_07,2026-05-03 12:56:30,66.0,Delivered,1.0,690,Quinoa Avocado Salad
OD13619,CUST2756,REST_09,2026-05-26 08:45:42,37.0,Delivered,5.0,190,Hot Chocolate
OD13620,CUST3262,REST_05,2026-05-18 20:47:12,40.0,Delivered,5.0,470,Farmhouse Veg Pizza
OD13621,CUST2420,REST_01,2026-05-26 19:37:48,54.0,Delivered,3.0,370,Paneer Butter Masala Meal
OD13622,CUST3068,REST_05,2026-05-05 19:49:21,31.0,Delivered,3.0,390,Chicken Alfredo Pasta
OD13623,CUST2888,REST_01,2026-05-25 18:35:02,23.0,Delivered,4.0,400,Tandoori Chicken Half
OD13624,CUST3492,REST_10,2026-05-06 20:18:00,52.0,Delivered,4.0,380,Butter Chicken Combo Meal
OD13625,CUST3382,REST_05,2026-05-19 15:14:50,,Cancelled,,450,Farmhouse Veg Pizza
OD13626,CUST2375,REST_03,2026-05-05 20:44:36,36.0,Delivered,4.0,290,Egg Biryani
OD13627,CUST2593,REST_03,2026-05-19 19:08:23,61.0,Delivered,1.0,300,Veg Hyderabadi Biryani
OD13628,CUST2381,REST_08,2026-04-30 19:35:06,38.0,Delivered,3.0,210,Sizzling Brownie
OD13629,CUST3100,REST_01,2026-05-16 20:29:37,49.0,Delivered,1.0,640,Kadhai Paneer with Roti
OD13630,CUST2652,REST_10,2026-05-04 11:03:08,23.0,Delivered,5.0,350,Chicken Seekh Kebab
OD13631,CUST2798,REST_01,2026-05-12 21:35:29,36.0,Delivered,4.0,590,Dal Makhani with Jeera Rice
OD13632,CUST3403,REST_02,2026-05-03 22:11:21,59.0,Delivered,1.0,180,Rava Kesari & Dosa Combo
OD13633,CUST2391,REST_04,2026-05-10 18:39:18,24.0,Delivered,5.0,480,Veg Hakka Noodles
OD13634,CUST2620,REST_04,2026-05-17 22:19:44,,Cancelled,,240,Veg Hakka Noodles
OD13635,CUST2729,REST_07,2026-04-29 12:19:26,39.0,Delivered,5.0,340,High-Protein Chicken Salad
OD13636,CUST2278,REST_04,2026-05-13 20:46:11,45.0,Delivered,3.0,610,Chicken Fried Rice & Manchurian
OD13637,CUST2728,REST_08,2026-05-04 14:07:42,,Cancelled,,210,Sizzling Brownie
OD13638,CUST2603,REST_01,2026-05-19 22:47:41,34.0,Delivered,5.0,410,Tandoori Chicken Half
OD13639,CUST3031,REST_04,2026-04-27 10:12:09,25.0,Delivered,4.0,490,Veg Hakka Noodles
OD13640,CUST2236,REST_05,2026-05-16 19:12:52,52.0,Delivered,3.0,800,Margherita Pizza 10-inch
OD13641,CUST2536,REST_06,2026-05-17 22:30:39,57.0,Delivered,1.0,230,Spicy Paneer Wrap
OD13642,CUST2792,REST_10,2026-05-22 09:14:13,44.0,Delivered,2.0,390,Butter Chicken Combo Meal
OD13643,CUST2351,REST_07,2026-05-24 19:39:06,59.0,Delivered,2.0,280,Greek Salad
OD13644,CUST2086,REST_04,2026-05-01 15:52:26,,Cancelled,,200,Veg Spring Rolls (6 pcs)
OD13645,CUST2939,REST_10,2026-04-29 20:36:58,55.0,Delivered,2.0,350,Malai Kofta & Lachha Paratha
OD13646,CUST2390,REST_03,2026-04-28 21:32:21,36.0,Delivered,3.0,890,Veg Hyderabadi Biryani
OD13647,CUST2585,REST_08,2026-05-03 06:53:41,37.0,Delivered,3.0,160,Chocolate Lava Cake
OD13648,CUST2200,REST_03,2026-05-01 12:50:13,58.0,Delivered,1.0,380,Chicken Tikka Biryani
OD13649,CUST2736,REST_02,2026-05-16 19:48:47,55.0,Delivered,3.0,150,Masala Dosa with Sambar
OD13650,CUST2799,REST_08,2026-05-17 19:18:11,56.0,Delivered,1.0,290,Kulfi Falooda
OD13651,CUST2533,REST_09,2026-05-25 15:52:01,18.0,Delivered,5.0,230,Paneer Tikka Sandwich
OD13652,CUST3303,REST_05,2026-05-19 17:03:11,19.0,Delivered,5.0,170,Garlic Bread with Cheese
OD13653,CUST2487,REST_04,2026-05-15 20:07:48,58.0,Delivered,2.0,200,Veg Spring Rolls (6 pcs)
OD13654,CUST2692,REST_01,2026-05-07 07:18:18,30.0,Delivered,3.0,420,Tandoori Chicken Half
OD13655,CUST3169,REST_09,2026-05-17 13:59:07,,Cancelled,,250,Club Sandwich
OD13656,CUST3213,REST_04,2026-05-13 20:49:21,47.0,Delivered,3.0,600,Chilli Chicken Gravy
OD13657,CUST2402,REST_08,2026-05-18 13:02:15,27.0,Delivered,4.0,460,Chocolate Lava Cake
OD13658,CUST2549,REST_02,2026-04-29 20:14:20,29.0,Delivered,4.0,180,Rava Kesari & Dosa Combo
OD13659,CUST3464,REST_07,2026-04-30 21:10:43,49.0,Delivered,2.0,500,Greek Salad
OD13660,CUST2207,REST_06,2026-05-23 10:23:33,34.0,Delivered,4.0,260,Loaded Nachos
OD13661,CUST2392,REST_06,2026-05-13 19:06:50,38.0,Delivered,4.0,470,Crispy Chicken Burger
OD13662,CUST2879,REST_04,2026-05-01 17:25:35,36.0,Delivered,4.0,270,Veg Hakka Noodles
OD13663,CUST2942,REST_02,2026-05-14 13:31:42,48.0,Delivered,4.0,140,Filter Coffee & Upma
OD13664,CUST3468,REST_05,2026-05-14 06:33:10,,Cancelled,,440,Farmhouse Veg Pizza
OD13665,CUST3443,REST_02,2026-05-25 21:53:47,28.0,Delivered,5.0,330,Rava Kesari & Dosa Combo
OD13666,CUST3162,REST_08,2026-05-07 19:14:19,28.0,Delivered,4.0,170,Kulfi Falooda
OD13667,CUST3496,REST_10,2026-05-05 10:23:05,27.0,Delivered,5.0,320,Paneer Tikka
OD13668,CUST2800,REST_02,2026-05-20 15:46:17,31.0,Delivered,4.0,150,Onion Uttapam
OD13669,CUST3313,REST_01,2026-05-21 18:53:56,17.0,Delivered,5.0,340,Kadhai Paneer with Roti
OD13670,CUST2287,REST_04,2026-05-08 17:54:59,35.0,Delivered,4.0,270,Schezwan Noodles
OD13671,CUST2840,REST_04,2026-05-18 22:37:43,38.0,Delivered,5.0,300,Chilli Chicken Gravy
OD13672,CUST2059,REST_02,2026-05-23 18:24:15,29.0,Delivered,4.0,180,Onion Uttapam
OD13673,CUST3052,REST_05,2026-05-21 21:23:44,47.0,Delivered,3.0,800,Margherita Pizza 10-inch
OD13674,CUST2787,REST_05,2026-05-10 17:21:29,35.0,Delivered,3.0,420,Margherita Pizza 10-inch
OD13675,CUST2215,REST_09,2026-05-15 16:40:37,31.0,Delivered,5.0,240,Club Sandwich
OD13676,CUST2943,REST_07,2026-05-24 21:51:40,41.0,Delivered,3.0,270,Caesar Salad
OD13677,CUST3416,REST_09,2026-05-01 12:38:55,41.0,Delivered,4.0,200,Iced Latte
OD13678,CUST2007,REST_02,2026-04-27 13:03:15,37.0,Delivered,3.0,130,Idli Vada Combo
OD13679,CUST3162,REST_01,2026-05-10 14:00:09,53.0,Delivered,2.0,720,Butter Chicken & Naan
OD13680,CUST2096,REST_10,2026-05-11 20:36:00,34.0,Delivered,5.0,360,Malai Kofta & Lachha Paratha
OD13681,CUST3179,REST_02,2026-05-13 20:12:24,44.0,Delivered,2.0,160,Filter Coffee & Upma
OD13682,CUST2912,REST_08,2026-05-16 15:59:43,30.0,Delivered,4.0,190,Chocolate Lava Cake
OD13683,CUST2558,REST_09,2026-05-05 09:08:16,35.0,Delivered,3.0,170,Classic Cold Coffee
OD13684,CUST2741,REST_01,2026-05-07 07:27:10,31.0,Delivered,5.0,670,Kadhai Paneer with Roti
OD13685,CUST3478,REST_09,2026-05-15 20:55:01,47.0,Delivered,4.0,200,Classic Cold Coffee
OD13686,CUST3465,REST_02,2026-05-05 21:52:42,35.0,Delivered,4.0,320,Rava Kesari & Dosa Combo
OD13687,CUST2637,REST_01,2026-05-10 20:12:50,61.0,Delivered,2.0,320,Dal Makhani with Jeera Rice
OD13688,CUST2477,REST_01,2026-05-07 20:19:25,43.0,Delivered,1.0,330,Kadhai Paneer with Roti
OD13689,CUST3217,REST_06,2026-04-30 18:51:45,51.0,Delivered,2.0,590,Spicy Paneer Wrap
OD13690,CUST3174,REST_10,2026-05-10 08:01:38,24.0,Delivered,4.0,350,Chicken Seekh Kebab
OD13691,CUST3494,REST_03,2026-04-28 23:46:40,23.0,Delivered,5.0,330,Veg Hyderabadi Biryani
OD13692,CUST3440,REST_06,2026-05-06 13:22:27,41.0,Delivered,3.0,200,Spicy Paneer Wrap
OD13693,CUST2321,REST_08,2026-04-30 17:34:36,18.0,Delivered,5.0,130,Gulab Jamun (4 pcs)
OD13694,CUST2942,REST_01,2026-05-19 20:42:29,42.0,Delivered,2.0,400,Butter Chicken & Naan
OD13695,CUST3245,REST_04,2026-05-12 21:26:31,37.0,Delivered,4.0,340,Chicken Fried Rice & Manchurian
OD13696,CUST2382,REST_05,2026-05-01 16:35:38,30.0,Delivered,4.0,1180,Margherita Pizza 10-inch
OD13697,CUST2896,REST_06,2026-05-09 21:23:05,44.0,Delivered,2.0,270,Loaded Nachos
OD13698,CUST3337,REST_10,2026-05-01 12:33:31,49.0,Delivered,3.0,1100,Butter Chicken Combo Meal
OD13699,CUST3285,REST_02,2026-05-11 13:26:49,57.0,Delivered,1.0,200,Rava Kesari & Dosa Combo
OD13700,CUST2138,REST_09,2026-05-24 19:26:03,59.0,Delivered,1.0,180,Classic Cold Coffee
OD13701,CUST3496,REST_03,2026-05-23 14:34:18,40.0,Delivered,4.0,350,Chicken Dum Biryani
OD13702,CUST2190,REST_09,2026-04-29 11:18:57,30.0,Delivered,4.0,400,Paneer Tikka Sandwich
OD13703,CUST3262,REST_09,2026-05-10 13:06:58,47.0,Delivered,4.0,240,Paneer Tikka Sandwich
OD13704,CUST2717,REST_10,2026-05-25 21:21:23,38.0,Delivered,5.0,330,Paneer Tikka
OD13705,CUST2767,REST_06,2026-05-14 17:50:59,22.0,Delivered,5.0,250,Crispy Chicken Burger
OD13706,CUST2369,REST_03,2026-04-29 18:03:09,20.0,Delivered,5.0,280,Egg Biryani
OD13707,CUST3093,REST_05,2026-05-07 14:43:31,50.0,Delivered,3.0,1300,Farmhouse Veg Pizza
OD13708,CUST2140,REST_04,2026-05-23 19:26:24,43.0,Delivered,2.0,890,Chicken Fried Rice & Manchurian
OD13709,CUST2557,REST_07,2026-05-15 23:29:57,35.0,Delivered,4.0,230,Fresh Fruit Bowl
OD13710,CUST2389,REST_08,2026-05-09 21:33:17,61.0,Delivered,1.0,180,Chocolate Lava Cake
OD13711,CUST3175,REST_05,2026-05-01 21:27:18,57.0,Delivered,1.0,440,Farmhouse Veg Pizza
OD13712,CUST2797,REST_04,2026-05-18 22:37:11,39.0,Delivered,3.0,260,Veg Hakka Noodles
OD13713,CUST3057,REST_02,2026-05-21 08:41:06,26.0,Delivered,5.0,140,Masala Dosa with Sambar
OD13714,CUST3044,REST_05,2026-05-18 14:14:31,42.0,Delivered,3.0,400,Margherita Pizza 10-inch
OD13715,CUST2111,REST_01,2026-05-04 13:55:29,29.0,Delivered,5.0,370,Paneer Butter Masala Meal
OD13716,CUST2635,REST_07,2026-04-28 21:13:08,70.0,Delivered,1.0,900,High-Protein Chicken Salad
OD13717,CUST2915,REST_07,2026-05-14 12:39:27,32.0,Delivered,5.0,270,Greek Salad
OD13718,CUST2191,REST_03,2026-05-13 19:12:47,31.0,Delivered,5.0,370,Chicken Dum Biryani
OD13719,CUST2262,REST_06,2026-04-28 17:53:39,30.0,Delivered,3.0,240,Chicken Nuggets (9 pcs)
OD13720,CUST2961,REST_06,2026-05-23 10:51:48,43.0,Delivered,2.0,680,Loaded Nachos
OD13721,CUST2612,REST_03,2026-05-22 16:14:36,28.0,Delivered,5.0,560,Egg Biryani
OD13722,CUST2026,REST_10,2026-05-08 18:30:08,34.0,Delivered,4.0,350,Chicken Seekh Kebab
OD13723,CUST2384,REST_08,2026-04-30 20:11:15,58.0,Delivered,1.0,190,Chocolate Lava Cake
OD13724,CUST2511,REST_07,2026-05-12 07:41:39,33.0,Delivered,4.0,500,Greek Salad
OD13725,CUST3292,REST_02,2026-05-18 23:15:22,20.0,Delivered,4.0,260,Filter Coffee & Upma
OD13726,CUST2150,REST_02,2026-04-28 22:02:34,30.0,Delivered,5.0,290,Masala Dosa with Sambar
OD13727,CUST2088,REST_09,2026-05-21 07:36:33,21.0,Delivered,4.0,190,Classic Cold Coffee
OD13728,CUST2032,REST_02,2026-05-11 21:57:36,38.0,Delivered,5.0,180,Rava Kesari & Dosa Combo
OD13729,CUST2858,REST_06,2026-05-10 20:11:29,61.0,Delivered,1.0,280,Classic Cheese Burger & Fries
OD13730,CUST3411,REST_05,2026-05-11 20:03:59,70.0,Delivered,1.0,340,Veg Arrabiata Penne Pasta
OD13731,CUST3247,REST_05,2026-05-10 14:25:49,38.0,Delivered,4.0,350,Veg Arrabiata Penne Pasta
OD13732,CUST2036,REST_01,2026-05-11 13:28:32,33.0,Delivered,4.0,720,Butter Chicken & Naan
OD13733,CUST2366,REST_04,2026-05-10 20:57:10,50.0,Delivered,4.0,320,Chicken Fried Rice & Manchurian
OD13734,CUST2243,REST_08,2026-05-10 23:27:05,28.0,Delivered,3.0,230,Sizzling Brownie
OD13735,CUST2177,REST_02,2026-05-05 18:48:15,39.0,Delivered,4.0,250,Filter Coffee & Upma
OD13736,CUST2175,REST_05,2026-05-25 13:20:44,,Cancelled,,430,Margherita Pizza 10-inch
OD13737,CUST3385,REST_09,2026-05-21 14:21:06,54.0,Delivered,2.0,260,Club Sandwich
OD13738,CUST3006,REST_01,2026-05-26 19:01:06,50.0,Delivered,3.0,350,Kadhai Paneer with Roti
OD13739,CUST2611,REST_02,2026-05-02 22:47:17,55.0,Delivered,1.0,250,Filter Coffee & Upma
OD13740,CUST2512,REST_04,2026-05-08 12:02:22,44.0,Delivered,2.0,300,Chilli Chicken Gravy
OD13741,CUST3285,REST_01,2026-05-17 18:20:26,29.0,Delivered,4.0,360,Kadhai Paneer with Roti
OD13742,CUST2796,REST_01,2026-05-23 10:52:47,35.0,Delivered,4.0,980,Kadhai Paneer with Roti
OD13743,CUST2642,REST_09,2026-05-04 06:31:20,36.0,Delivered,5.0,230,Paneer Tikka Sandwich
OD13744,CUST3185,REST_03,2026-04-30 18:25:07,,Cancelled,,410,Chicken Tikka Biryani
OD13745,CUST3118,REST_07,2026-05-22 19:24:59,41.0,Delivered,2.0,360,Quinoa Avocado Salad
OD13746,CUST3175,REST_03,2026-05-03 20:22:34,56.0,Delivered,1.0,310,Veg Hyderabadi Biryani
OD13747,CUST2521,REST_05,2026-05-08 21:18:35,74.0,Delivered,2.0,170,Garlic Bread with Cheese
OD13748,CUST2907,REST_09,2026-05-18 19:12:08,37.0,Delivered,5.0,210,Iced Latte
OD13749,CUST2926,REST_02,2026-04-28 22:31:55,49.0,Delivered,3.0,160,Masala Dosa with Sambar
OD13750,CUST2217,REST_08,2026-04-27 06:03:01,18.0,Delivered,4.0,170,Kulfi Falooda
OD13751,CUST3308,REST_03,2026-04-27 08:46:52,35.0,Delivered,5.0,350,Chicken Dum Biryani
OD13752,CUST3304,REST_09,2026-05-01 13:15:41,41.0,Delivered,2.0,260,Club Sandwich
OD13753,CUST2636,REST_07,2026-05-19 19:47:53,53.0,Delivered,3.0,200,Fresh Fruit Bowl
OD13754,CUST2092,REST_10,2026-05-19 11:11:44,27.0,Delivered,3.0,360,Chicken Seekh Kebab
OD13755,CUST2770,REST_06,2026-05-22 20:24:34,52.0,Delivered,2.0,240,Chicken Nuggets (9 pcs)
OD13756,CUST3495,REST_10,2026-05-18 06:53:32,31.0,Delivered,4.0,770,Butter Chicken Combo Meal
OD13757,CUST3104,REST_07,2026-05-07 19:58:29,37.0,Delivered,4.0,630,High-Protein Chicken Salad
OD13758,CUST3039,REST_01,2026-05-23 15:08:12,46.0,Delivered,3.0,740,Butter Chicken & Naan
OD13759,CUST2572,REST_08,2026-05-14 18:52:21,22.0,Delivered,4.0,130,Gulab Jamun (4 pcs)
OD13760,CUST2536,REST_07,2026-05-11 23:13:08,19.0,Delivered,5.0,280,Caesar Salad
OD13761,CUST3394,REST_09,2026-05-19 20:10:37,,Cancelled,,170,Classic Cold Coffee
OD13762,CUST2816,REST_10,2026-05-18 06:38:46,27.0,Delivered,4.0,310,Paneer Tikka
OD13763,CUST2261,REST_04,2026-05-06 13:05:36,43.0,Delivered,2.0,260,Veg Hakka Noodles
OD13764,CUST3109,REST_07,2026-05-02 13:33:40,50.0,Delivered,3.0,280,Greek Salad
OD13765,CUST2097,REST_10,2026-05-21 20:25:29,36.0,Delivered,5.0,360,Malai Kofta & Lachha Paratha
OD13766,CUST3009,REST_01,2026-04-30 14:54:25,27.0,Delivered,4.0,730,Butter Chicken & Naan
OD13767,CUST2953,REST_02,2026-05-19 19:51:38,40.0,Delivered,3.0,170,Onion Uttapam
OD13768,CUST3128,REST_01,2026-05-14 19:25:02,44.0,Delivered,1.0,350,Paneer Butter Masala Meal
OD13769,CUST2185,REST_08,2026-05-05 21:17:26,46.0,Delivered,1.0,200,Red Velvet Pastry
OD13770,CUST2423,REST_06,2026-05-21 13:39:05,45.0,Delivered,2.0,230,Spicy Paneer Wrap
OD13771,CUST2410,REST_04,2026-05-07 06:28:59,17.0,Delivered,4.0,200,Veg Spring Rolls (6 pcs)
OD13772,CUST3335,REST_01,2026-05-04 15:29:01,24.0,Delivered,4.0,1070,Butter Chicken & Naan
OD13773,CUST3390,REST_08,2026-05-03 13:19:50,52.0,Delivered,2.0,200,Sizzling Brownie
OD13774,CUST2648,REST_04,2026-05-03 22:47:48,55.0,Delivered,2.0,480,Schezwan Noodles
OD13775,CUST3457,REST_05,2026-05-11 09:02:19,28.0,Delivered,2.0,450,Farmhouse Veg Pizza
OD13776,CUST2483,REST_09,2026-05-14 10:51:10,25.0,Delivered,5.0,190,Hot Chocolate
OD13777,CUST2433,REST_04,2026-05-23 22:25:08,53.0,Delivered,2.0,190,Veg Spring Rolls (6 pcs)
OD13778,CUST2228,REST_10,2026-05-21 20:49:13,40.0,Delivered,4.0,300,Paneer Tikka
OD13779,CUST3050,REST_04,2026-05-12 19:31:28,52.0,Delivered,3.0,200,Veg Spring Rolls (6 pcs)
OD13780,CUST2195,REST_08,2026-05-19 14:07:15,51.0,Delivered,3.0,180,Red Velvet Pastry
OD13781,CUST2344,REST_09,2026-05-19 21:01:49,,Cancelled,,230,Paneer Tikka Sandwich
OD13782,CUST3177,REST_05,2026-04-29 20:27:35,48.0,Delivered,4.0,430,Margherita Pizza 10-inch
OD13783,CUST2264,REST_05,2026-04-30 15:24:08,18.0,Delivered,4.0,340,Veg Arrabiata Penne Pasta
OD13784,CUST3319,REST_08,2026-05-01 22:16:10,55.0,Delivered,2.0,180,Red Velvet Pastry
OD13785,CUST2698,REST_05,2026-05-21 18:52:34,19.0,Delivered,5.0,410,Margherita Pizza 10-inch
OD13786,CUST2580,REST_02,2026-04-29 00:29:37,24.0,Delivered,5.0,160,Onion Uttapam
OD13787,CUST2717,REST_04,2026-05-23 13:34:48,60.0,Delivered,1.0,320,Chicken Fried Rice & Manchurian
OD13788,CUST2011,REST_09,2026-05-05 18:45:34,22.0,Delivered,5.0,190,Classic Cold Coffee
OD13789,CUST2868,REST_03,2026-05-10 22:11:01,70.0,Delivered,1.0,300,Veg Hyderabadi Biryani
OD13790,CUST3123,REST_08,2026-05-01 16:22:11,40.0,Delivered,4.0,190,Red Velvet Pastry
OD13791,CUST2097,REST_09,2026-05-24 00:32:32,21.0,Delivered,5.0,210,Iced Latte
OD13792,CUST3325,REST_10,2026-05-18 13:36:05,50.0,Delivered,2.0,360,Malai Kofta & Lachha Paratha
OD13793,CUST3204,REST_10,2026-05-22 20:10:10,50.0,Delivered,2.0,330,Chicken Seekh Kebab
OD13794,CUST3050,REST_09,2026-05-02 16:02:14,23.0,Delivered,4.0,200,Iced Latte
OD13795,CUST2970,REST_01,2026-05-22 14:57:24,46.0,Delivered,1.0,370,Butter Chicken & Naan
OD13796,CUST3200,REST_06,2026-04-30 22:05:49,47.0,Delivered,3.0,240,Loaded Nachos
OD13797,CUST2045,REST_10,2026-05-06 19:58:07,,Cancelled,,410,Butter Chicken Combo Meal
OD13798,CUST2226,REST_06,2026-05-23 21:46:31,58.0,Delivered,2.0,470,Loaded Nachos
OD13799,CUST3180,REST_07,2026-05-04 20:36:59,43.0,Delivered,4.0,210,Fresh Fruit Bowl
OD13800,CUST3346,REST_03,2026-05-26 21:48:57,48.0,Delivered,2.0,400,Chicken Tikka Biryani
OD13801,CUST3018,REST_01,2026-04-29 20:45:47,35.0,Delivered,3.0,370,Butter Chicken & Naan
OD13802,CUST3279,REST_03,2026-05-05 05:21:48,22.0,Delivered,5.0,380,Chicken Dum Biryani
OD13803,CUST3323,REST_07,2026-05-17 13:14:34,,Cancelled,,250,Greek Salad
OD13804,CUST2226,REST_02,2026-05-25 20:48:32,58.0,Delivered,2.0,170,Rava Kesari & Dosa Combo
OD13805,CUST3486,REST_07,2026-05-03 13:41:24,44.0,Delivered,3.0,330,High-Protein Chicken Salad
OD13806,CUST2541,REST_01,2026-05-23 10:57:26,30.0,Delivered,5.0,370,Butter Chicken & Naan
OD13807,CUST2788,REST_06,2026-05-13 19:42:32,47.0,Delivered,2.0,580,Spicy Paneer Wrap
OD13808,CUST2134,REST_08,2026-05-09 19:57:50,42.0,Delivered,3.0,170,Kulfi Falooda
OD13809,CUST2420,REST_01,2026-05-16 21:02:00,48.0,Delivered,2.0,300,Dal Makhani with Jeera Rice
OD13810,CUST2391,REST_02,2026-05-09 13:48:58,53.0,Delivered,2.0,160,Onion Uttapam
OD13811,CUST3161,REST_01,2026-05-11 10:36:06,21.0,Delivered,5.0,400,Tandoori Chicken Half
OD13812,CUST3240,REST_03,2026-05-12 13:17:22,44.0,Delivered,4.0,370,Chicken Dum Biryani
OD13813,CUST3497,REST_07,2026-05-15 22:16:58,39.0,Delivered,4.0,270,Greek Salad
OD13814,CUST2015,REST_08,2026-04-29 19:02:40,68.0,Delivered,2.0,290,Kulfi Falooda
OD13815,CUST2868,REST_03,2026-05-26 18:07:05,28.0,Delivered,4.0,1380,Mutton Biryani
OD13816,CUST2196,REST_09,2026-05-05 15:27:50,24.0,Delivered,4.0,250,Club Sandwich
OD13817,CUST3246,REST_08,2026-05-05 13:22:34,35.0,Delivered,4.0,200,Sizzling Brownie
OD13818,CUST3175,REST_10,2026-05-18 20:01:44,,Cancelled,,950,Chicken Seekh Kebab
OD13819,CUST3321,REST_05,2026-05-20 21:09:53,38.0,Delivered,3.0,670,Veg Arrabiata Penne Pasta
OD13820,CUST2445,REST_10,2026-05-09 18:44:09,22.0,Delivered,4.0,360,Chicken Seekh Kebab
OD13821,CUST2657,REST_08,2026-05-25 14:35:04,40.0,Delivered,4.0,150,Kulfi Falooda
OD13822,CUST3128,REST_04,2026-05-16 16:32:03,24.0,Delivered,4.0,300,Chilli Chicken Gravy
OD13823,CUST2851,REST_03,2026-05-25 16:05:29,28.0,Delivered,5.0,930,Mutton Biryani
OD13824,CUST2418,REST_03,2026-05-05 22:52:28,45.0,Delivered,3.0,300,Egg Biryani
OD13825,CUST3319,REST_01,2026-05-23 23:46:25,27.0,Delivered,5.0,380,Butter Chicken & Naan
OD13826,CUST2763,REST_04,2026-05-06 20:14:20,66.0,Delivered,1.0,310,Chicken Fried Rice & Manchurian
OD13827,CUST2219,REST_09,2026-05-06 19:07:22,51.0,Delivered,3.0,200,Hot Chocolate
OD13828,CUST2957,REST_02,2026-05-03 23:10:06,29.0,Delivered,5.0,160,Onion Uttapam
OD13829,CUST2172,REST_06,2026-05-22 20:06:11,48.0,Delivered,1.0,200,Spicy Paneer Wrap
OD13830,CUST2961,REST_10,2026-05-19 20:40:23,54.0,Delivered,2.0,350,Chicken Seekh Kebab
OD13831,CUST2309,REST_06,2026-04-30 20:02:14,42.0,Delivered,4.0,230,Crispy Chicken Burger
OD13832,CUST2698,REST_07,2026-04-27 07:08:11,16.0,Delivered,3.0,900,High-Protein Chicken Salad
OD13833,CUST2825,REST_07,2026-05-03 20:54:44,75.0,Delivered,2.0,320,High-Protein Chicken Salad
OD13834,CUST2136,REST_02,2026-05-24 01:50:39,40.0,Delivered,4.0,180,Rava Kesari & Dosa Combo
OD13835,CUST2258,REST_01,2026-05-21 21:55:15,30.0,Delivered,5.0,370,Butter Chicken & Naan
OD13836,CUST2538,REST_07,2026-05-26 07:37:21,32.0,Delivered,4.0,280,Caesar Salad
OD13837,CUST2043,REST_04,2026-05-18 19:08:29,53.0,Delivered,3.0,360,Veg Spring Rolls (6 pcs)
OD13838,CUST2372,REST_05,2026-05-10 19:46:45,57.0,Delivered,1.0,330,Veg Arrabiata Penne Pasta
OD13839,CUST3221,REST_03,2026-05-21 08:55:41,23.0,Delivered,5.0,400,Chicken Tikka Biryani
OD13840,CUST3441,REST_02,2026-05-11 19:07:35,33.0,Delivered,5.0,160,Masala Dosa with Sambar
OD13841,CUST3300,REST_10,2026-05-13 14:42:25,27.0,Delivered,5.0,370,Malai Kofta & Lachha Paratha
OD13842,CUST2754,REST_08,2026-05-09 20:30:04,72.0,Delivered,1.0,170,Red Velvet Pastry
OD13843,CUST2903,REST_07,2026-05-01 12:38:22,55.0,Delivered,2.0,310,High-Protein Chicken Salad
OD13844,CUST2905,REST_03,2026-05-24 20:03:39,36.0,Delivered,4.0,710,Chicken Dum Biryani
OD13845,CUST2105,REST_08,2026-05-23 19:48:42,57.0,Delivered,1.0,330,Gulab Jamun (4 pcs)
OD13846,CUST2657,REST_01,2026-05-07 14:23:02,33.0,Delivered,5.0,420,Tandoori Chicken Half
OD13847,CUST2273,REST_08,2026-05-12 22:45:48,56.0,Delivered,2.0,180,Kulfi Falooda
OD13848,CUST3036,REST_02,2026-05-23 23:05:45,32.0,Delivered,4.0,190,Rava Kesari & Dosa Combo
OD13849,CUST2607,REST_05,2026-05-07 14:21:51,27.0,Delivered,3.0,450,Farmhouse Veg Pizza
OD13850,CUST3068,REST_09,2026-04-28 22:56:38,61.0,Delivered,1.0,200,Hot Chocolate
OD13851,CUST3159,REST_03,2026-05-26 13:04:51,36.0,Delivered,4.0,470,Mutton Biryani
OD13852,CUST2828,REST_09,2026-05-09 20:28:18,40.0,Delivered,2.0,190,Iced Latte
OD13853,CUST2999,REST_04,2026-05-10 12:42:53,37.0,Delivered,4.0,270,Schezwan Noodles
OD13854,CUST2107,REST_02,2026-05-03 16:16:24,32.0,Delivered,4.0,140,Idli Vada Combo
OD13855,CUST2891,REST_05,2026-05-02 12:04:39,44.0,Delivered,1.0,330,Veg Arrabiata Penne Pasta
OD13856,CUST2656,REST_04,2026-05-08 13:09:24,37.0,Delivered,5.0,330,Chicken Fried Rice & Manchurian
OD13857,CUST2305,REST_09,2026-05-15 12:46:52,,Cancelled,,180,Classic Cold Coffee
OD13858,CUST3185,REST_09,2026-05-07 22:56:56,48.0,Delivered,2.0,260,Club Sandwich
OD13859,CUST2644,REST_03,2026-05-05 21:48:06,50.0,Delivered,2.0,500,Mutton Biryani
OD13860,CUST2534,REST_03,2026-05-17 19:51:50,51.0,Delivered,3.0,370,Chicken Dum Biryani
OD13861,CUST3149,REST_09,2026-05-15 10:22:49,27.0,Delivered,3.0,250,Club Sandwich
OD13862,CUST2916,REST_09,2026-05-06 18:06:16,28.0,Delivered,3.0,210,Hot Chocolate
OD13863,CUST2949,REST_08,2026-05-09 19:53:10,46.0,Delivered,2.0,150,Kulfi Falooda
OD13864,CUST3288,REST_02,2026-05-06 20:54:25,50.0,Delivered,1.0,170,Onion Uttapam
OD13865,CUST2965,REST_10,2026-05-22 19:49:56,52.0,Delivered,3.0,350,Chicken Seekh Kebab
OD13866,CUST2888,REST_06,2026-05-20 14:28:35,42.0,Delivered,3.0,250,Crispy Chicken Burger
OD13867,CUST2140,REST_02,2026-05-08 23:08:19,27.0,Delivered,5.0,400,Masala Dosa with Sambar
OD13868,CUST2336,REST_06,2026-05-03 12:05:00,34.0,Delivered,4.0,230,Chicken Nuggets (9 pcs)
OD13869,CUST3366,REST_02,2026-05-01 07:05:41,34.0,Delivered,5.0,170,Rava Kesari & Dosa Combo
OD13870,CUST3407,REST_08,2026-05-03 20:03:11,45.0,Delivered,2.0,170,Kulfi Falooda
OD13871,CUST2018,REST_09,2026-05-11 18:50:23,26.0,Delivered,4.0,230,Club Sandwich
OD13872,CUST2676,REST_05,2026-05-02 15:56:06,36.0,Delivered,4.0,410,Chicken Alfredo Pasta
OD13873,CUST2004,REST_08,2026-05-21 20:44:07,51.0,Delivered,3.0,180,Red Velvet Pastry
OD13874,CUST2567,REST_06,2026-04-28 19:36:57,43.0,Delivered,3.0,250,Crispy Chicken Burger
OD13875,CUST3219,REST_09,2026-05-26 21:28:33,56.0,Delivered,1.0,670,Club Sandwich
OD13876,CUST2566,REST_10,2026-05-11 19:16:18,33.0,Delivered,4.0,370,Malai Kofta & Lachha Paratha
OD13877,CUST2342,REST_07,2026-05-14 20:55:08,51.0,Delivered,2.0,530,Caesar Salad
OD13878,CUST3397,REST_03,2026-05-12 20:35:08,39.0,Delivered,5.0,380,Chicken Tikka Biryani
OD13879,CUST2306,REST_03,2026-04-27 12:20:52,37.0,Delivered,4.0,470,Mutton Biryani
OD13880,CUST2625,REST_05,2026-05-13 12:33:59,42.0,Delivered,2.0,410,Chicken Alfredo Pasta
OD13881,CUST2337,REST_04,2026-05-24 23:07:38,24.0,Delivered,5.0,330,Chicken Fried Rice & Manchurian
OD13882,CUST2228,REST_04,2026-05-18 21:05:49,44.0,Delivered,3.0,330,Chicken Fried Rice & Manchurian
OD13883,CUST2317,REST_08,2026-05-26 19:43:40,,Cancelled,,180,Chocolate Lava Cake
OD13884,CUST2339,REST_03,2026-05-03 18:32:55,33.0,Delivered,4.0,330,Veg Hyderabadi Biryani
OD13885,CUST2456,REST_03,2026-04-27 21:50:35,61.0,Delivered,1.0,350,Chicken Dum Biryani
OD13886,CUST3361,REST_07,2026-05-11 21:05:46,55.0,Delivered,3.0,270,Greek Salad
OD13887,CUST3028,REST_04,2026-05-14 20:47:37,30.0,Delivered,4.0,300,Chilli Chicken Gravy
OD13888,CUST2940,REST_07,2026-05-20 21:07:09,46.0,Delivered,3.0,750,Caesar Salad
OD13889,CUST3177,REST_10,2026-05-21 17:27:07,28.0,Delivered,4.0,370,Malai Kofta & Lachha Paratha
OD13890,CUST2162,REST_08,2026-05-07 14:25:29,33.0,Delivered,5.0,190,Chocolate Lava Cake
OD13891,CUST2929,REST_05,2026-05-12 22:44:25,52.0,Delivered,2.0,330,Veg Arrabiata Penne Pasta
OD13892,CUST2108,REST_04,2026-05-15 21:14:43,,Cancelled,,480,Veg Hakka Noodles
OD13893,CUST2440,REST_04,2026-04-30 20:45:20,46.0,Delivered,2.0,280,Schezwan Noodles
OD13894,CUST3044,REST_01,2026-05-23 21:28:47,71.0,Delivered,2.0,360,Paneer Butter Masala Meal
OD13895,CUST3129,REST_09,2026-05-15 21:36:29,70.0,Delivered,1.0,200,Classic Cold Coffee
OD13896,CUST3274,REST_10,2026-05-19 20:54:34,56.0,Delivered,2.0,590,Paneer Tikka
OD13897,CUST2064,REST_05,2026-05-26 07:14:34,26.0,Delivered,4.0,890,Farmhouse Veg Pizza
OD13898,CUST3117,REST_07,2026-05-14 20:54:55,41.0,Delivered,4.0,280,Greek Salad
OD13899,CUST2168,REST_01,2026-05-02 14:56:29,53.0,Delivered,4.0,380,Butter Chicken & Naan
OD13900,CUST2618,REST_03,2026-05-12 22:59:51,45.0,Delivered,2.0,480,Mutton Biryani
OD13901,CUST2998,REST_03,2026-05-04 13:46:24,37.0,Delivered,4.0,470,Mutton Biryani
OD13902,CUST3194,REST_08,2026-05-15 18:17:26,35.0,Delivered,3.0,200,Red Velvet Pastry
OD13903,CUST3308,REST_08,2026-05-22 19:16:44,62.0,Delivered,1.0,220,Gulab Jamun (4 pcs)
OD13904,CUST2325,REST_10,2026-05-03 15:01:20,57.0,Delivered,1.0,330,Paneer Tikka
OD13905,CUST2175,REST_01,2026-05-25 11:53:33,22.0,Delivered,5.0,400,Butter Chicken & Naan
OD13906,CUST3202,REST_09,2026-05-02 12:03:46,37.0,Delivered,2.0,210,Paneer Tikka Sandwich
OD13907,CUST3329,REST_05,2026-05-06 20:58:30,49.0,Delivered,2.0,350,Veg Arrabiata Penne Pasta
OD13908,CUST2579,REST_08,2026-04-27 15:25:35,33.0,Delivered,4.0,380,Sizzling Brownie
OD13909,CUST2012,REST_07,2026-05-14 21:12:28,55.0,Delivered,1.0,290,Caesar Salad
OD13910,CUST2419,REST_01,2026-05-16 08:32:04,27.0,Delivered,4.0,360,Kadhai Paneer with Roti
OD13911,CUST3138,REST_02,2026-05-25 15:10:45,42.0,Delivered,2.0,170,Rava Kesari & Dosa Combo
OD13912,CUST2650,REST_07,2026-05-12 20:51:34,37.0,Delivered,5.0,360,Quinoa Avocado Salad
OD13913,CUST2727,REST_03,2026-05-15 23:34:10,42.0,Delivered,3.0,360,Chicken Dum Biryani
OD13914,CUST2883,REST_08,2026-05-12 12:47:17,,Cancelled,,160,Kulfi Falooda
OD13915,CUST2443,REST_08,2026-05-25 20:51:16,52.0,Delivered,2.0,150,Gulab Jamun (4 pcs)
OD13916,CUST3014,REST_10,2026-05-23 14:39:09,47.0,Delivered,2.0,740,Butter Chicken Combo Meal
OD13917,CUST2187,REST_10,2026-05-21 20:40:51,57.0,Delivered,2.0,380,Malai Kofta & Lachha Paratha
OD13918,CUST2745,REST_03,2026-05-24 22:21:30,50.0,Delivered,1.0,410,Chicken Tikka Biryani
OD13919,CUST3356,REST_03,2026-05-25 13:49:36,42.0,Delivered,4.0,1380,Mutton Biryani
OD13920,CUST2650,REST_09,2026-05-11 12:39:24,33.0,Delivered,2.0,210,Iced Latte
OD13921,CUST2165,REST_07,2026-05-09 20:39:59,45.0,Delivered,3.0,370,Quinoa Avocado Salad
OD13922,CUST2348,REST_10,2026-05-03 15:18:40,28.0,Delivered,5.0,350,Chicken Seekh Kebab
OD13923,CUST3253,REST_06,2026-05-05 19:04:40,29.0,Delivered,3.0,230,Chicken Nuggets (9 pcs)
OD13924,CUST2823,REST_01,2026-05-25 08:42:31,,Cancelled,,350,Paneer Butter Masala Meal
OD13925,CUST2388,REST_07,2026-05-05 15:02:30,32.0,Delivered,5.0,200,Fresh Fruit Bowl
OD13926,CUST3430,REST_02,2026-05-02 16:55:04,32.0,Delivered,5.0,160,Onion Uttapam
OD13927,CUST2157,REST_05,2026-05-02 16:03:33,28.0,Delivered,4.0,470,Farmhouse Veg Pizza
OD13928,CUST3366,REST_08,2026-05-10 18:02:39,23.0,Delivered,3.0,280,Kulfi Falooda
OD13929,CUST3134,REST_08,2026-05-02 09:40:28,39.0,Delivered,4.0,150,Gulab Jamun (4 pcs)
OD13930,CUST2947,REST_01,2026-05-14 20:42:12,46.0,Delivered,3.0,420,Tandoori Chicken Half
OD13931,CUST2475,REST_03,2026-04-29 20:20:27,53.0,Delivered,4.0,300,Egg Biryani
OD13932,CUST2706,REST_07,2026-05-23 14:28:51,36.0,Delivered,3.0,340,Quinoa Avocado Salad
OD13933,CUST3473,REST_05,2026-05-15 20:55:10,60.0,Delivered,1.0,470,Farmhouse Veg Pizza
OD13934,CUST2465,REST_02,2026-05-06 18:59:36,38.0,Delivered,4.0,180,Rava Kesari & Dosa Combo
OD13935,CUST2017,REST_07,2026-05-16 17:44:49,29.0,Delivered,3.0,260,Greek Salad
OD13936,CUST2001,REST_01,2026-05-09 15:05:29,40.0,Delivered,5.0,380,Butter Chicken & Naan
OD13937,CUST3443,REST_10,2026-05-19 18:26:22,,Cancelled,,340,Chicken Seekh Kebab
OD13938,CUST2605,REST_03,2026-05-23 21:07:23,85.0,Delivered,1.0,300,Veg Hyderabadi Biryani
OD13939,CUST2986,REST_02,2026-05-26 11:10:18,33.0,Delivered,5.0,160,Filter Coffee & Upma
OD13940,CUST2225,REST_01,2026-05-11 20:58:18,33.0,Delivered,2.0,780,Tandoori Chicken Half
OD13941,CUST2544,REST_10,2026-05-14 20:58:12,36.0,Delivered,5.0,350,Chicken Seekh Kebab
OD13942,CUST2464,REST_05,2026-05-12 13:40:01,40.0,Delivered,4.0,180,Garlic Bread with Cheese
OD13943,CUST2837,REST_07,2026-05-03 19:29:43,62.0,Delivered,1.0,210,Fresh Fruit Bowl
OD13944,CUST3425,REST_10,2026-05-08 20:01:04,52.0,Delivered,2.0,220,Tandoori Roti Combo
OD13945,CUST3208,REST_06,2026-05-04 22:05:49,51.0,Delivered,4.0,250,Crispy Chicken Burger
OD13946,CUST2594,REST_05,2026-05-01 20:04:00,52.0,Delivered,3.0,330,Veg Arrabiata Penne Pasta
OD13947,CUST3301,REST_07,2026-05-26 10:56:00,21.0,Delivered,5.0,510,Caesar Salad
OD13948,CUST2296,REST_02,2026-05-07 13:22:43,52.0,Delivered,3.0,280,Masala Dosa with Sambar
OD13949,CUST2113,REST_06,2026-04-27 14:55:24,34.0,Delivered,4.0,200,Spicy Paneer Wrap
OD13950,CUST2843,REST_10,2026-05-05 20:41:31,42.0,Delivered,1.0,330,Chicken Seekh Kebab
OD13951,CUST2385,REST_09,2026-05-25 14:08:03,28.0,Delivered,4.0,190,Classic Cold Coffee
OD13952,CUST2015,REST_08,2026-05-08 14:34:10,36.0,Delivered,3.0,210,Sizzling Brownie
OD13953,CUST2262,REST_06,2026-05-03 17:57:47,32.0,Delivered,3.0,270,Classic Cheese Burger & Fries
OD13954,CUST2526,REST_07,2026-04-28 20:20:47,38.0,Delivered,5.0,250,Greek Salad
OD13955,CUST3014,REST_02,2026-04-27 13:17:13,39.0,Delivered,5.0,260,Masala Dosa with Sambar
OD13956,CUST3204,REST_04,2026-04-28 20:59:30,47.0,Delivered,3.0,280,Schezwan Noodles
OD13957,CUST3374,REST_05,2026-05-11 15:22:29,33.0,Delivered,4.0,390,Chicken Alfredo Pasta
OD13958,CUST2639,REST_03,2026-04-29 19:09:51,63.0,Delivered,1.0,410,Chicken Tikka Biryani
OD13959,CUST2282,REST_03,2026-05-25 14:12:32,42.0,Delivered,3.0,500,Mutton Biryani
OD13960,CUST2045,REST_04,2026-05-04 11:16:03,17.0,Delivered,5.0,280,Schezwan Noodles
OD13961,CUST2769,REST_03,2026-05-08 12:46:29,61.0,Delivered,1.0,1400,Mutton Biryani
OD13962,CUST2890,REST_06,2026-05-22 16:22:19,32.0,Delivered,4.0,250,Loaded Nachos
OD13963,CUST3168,REST_08,2026-05-21 18:20:33,33.0,Delivered,4.0,180,Red Velvet Pastry
OD13964,CUST2639,REST_03,2026-05-11 15:39:01,15.0,Delivered,5.0,390,Chicken Tikka Biryani
OD13965,CUST2711,REST_06,2026-05-06 21:40:34,50.0,Delivered,2.0,380,Spicy Paneer Wrap
OD13966,CUST2214,REST_02,2026-04-29 20:28:53,40.0,Delivered,4.0,170,Rava Kesari & Dosa Combo
OD13967,CUST3039,REST_04,2026-05-24 13:03:24,38.0,Delivered,4.0,270,Veg Hakka Noodles
OD13968,CUST2855,REST_10,2026-05-01 21:56:35,54.0,Delivered,4.0,340,Chicken Seekh Kebab
OD13969,CUST2003,REST_03,2026-05-23 20:50:15,46.0,Delivered,3.0,470,Mutton Biryani
OD13970,CUST2416,REST_05,2026-05-19 13:51:13,34.0,Delivered,4.0,170,Garlic Bread with Cheese
OD13971,CUST2810,REST_04,2026-05-20 17:01:41,25.0,Delivered,3.0,270,Veg Hakka Noodles
OD13972,CUST2717,REST_01,2026-05-03 10:06:14,40.0,Delivered,5.0,320,Dal Makhani with Jeera Rice
OD13973,CUST3189,REST_08,2026-05-17 21:01:59,75.0,Delivered,1.0,170,Red Velvet Pastry
OD13974,CUST2225,REST_09,2026-05-14 20:12:05,37.0,Delivered,4.0,230,Paneer Tikka Sandwich
OD13975,CUST2274,REST_01,2026-05-08 20:33:17,46.0,Delivered,3.0,420,Tandoori Chicken Half
OD13976,CUST2776,REST_01,2026-05-10 21:08:21,48.0,Delivered,3.0,340,Paneer Butter Masala Meal
OD13977,CUST3459,REST_10,2026-05-01 08:53:00,44.0,Delivered,3.0,360,Chicken Seekh Kebab
OD13978,CUST3004,REST_02,2026-05-11 21:22:17,38.0,Delivered,4.0,160,Masala Dosa with Sambar
OD13979,CUST2935,REST_03,2026-05-13 21:41:41,54.0,Delivered,1.0,890,Veg Hyderabadi Biryani
OD13980,CUST2690,REST_01,2026-05-11 13:25:40,30.0,Delivered,5.0,990,Paneer Butter Masala Meal
OD13981,CUST2020,REST_06,2026-05-01 12:50:05,31.0,Delivered,5.0,490,Loaded Nachos
OD13982,CUST2576,REST_03,2026-05-14 13:58:49,57.0,Delivered,2.0,380,Chicken Dum Biryani
OD13983,CUST3359,REST_07,2026-05-15 13:48:12,50.0,Delivered,2.0,370,Quinoa Avocado Salad
OD13984,CUST3111,REST_06,2026-05-07 20:15:44,42.0,Delivered,3.0,520,Classic Cheese Burger & Fries
OD13985,CUST3191,REST_05,2026-05-14 18:25:06,24.0,Delivered,4.0,380,Chicken Alfredo Pasta
OD13986,CUST3049,REST_01,2026-04-30 14:11:18,28.0,Delivered,5.0,350,Kadhai Paneer with Roti
OD13987,CUST2234,REST_02,2026-05-05 23:25:22,23.0,Delivered,5.0,350,Rava Kesari & Dosa Combo
OD13988,CUST3473,REST_05,2026-05-04 14:12:32,47.0,Delivered,2.0,350,Garlic Bread with Cheese
OD13989,CUST2619,REST_10,2026-05-19 18:09:45,40.0,Delivered,5.0,370,Malai Kofta & Lachha Paratha
OD13990,CUST2075,REST_06,2026-05-23 14:48:27,,Cancelled,,270,Loaded Nachos
OD13991,CUST3157,REST_09,2026-05-06 14:51:37,42.0,Delivered,4.0,200,Iced Latte
OD13992,CUST2338,REST_10,2026-05-03 20:40:41,43.0,Delivered,2.0,650,Chicken Seekh Kebab
OD13993,CUST2801,REST_09,2026-05-05 20:28:33,42.0,Delivered,3.0,230,Paneer Tikka Sandwich
OD13994,CUST2178,REST_02,2026-05-18 19:09:25,41.0,Delivered,3.0,170,Onion Uttapam
OD13995,CUST3462,REST_02,2026-05-23 06:48:17,30.0,Delivered,4.0,200,Rava Kesari & Dosa Combo
OD13996,CUST3297,REST_06,2026-05-09 08:08:09,22.0,Delivered,3.0,530,Classic Cheese Burger & Fries
OD13997,CUST3073,REST_06,2026-04-27 19:03:47,61.0,Delivered,1.0,250,Loaded Nachos
OD13998,CUST3161,REST_02,2026-04-28 21:07:56,44.0,Delivered,2.0,150,Masala Dosa with Sambar
OD13999,CUST3488,REST_08,2026-05-07 07:04:00,31.0,Delivered,5.0,180,Red Velvet Pastry
OD14000,CUST2265,REST_10,2026-05-03 14:42:02,43.0,Delivered,2.0,710,Malai Kofta & Lachha Paratha
OD14001,CUST2574,REST_09,2026-05-18 08:45:51,42.0,Delivered,2.0,350,Classic Cold Coffee
OD14002,CUST2156,REST_03,2026-04-28 14:57:41,49.0,Delivered,4.0,370,Chicken Dum Biryani
OD14003,CUST2463,REST_06,2026-04-30 13:33:50,39.0,Delivered,3.0,240,Crispy Chicken Burger
OD14004,CUST2332,REST_10,2026-05-13 18:02:47,21.0,Delivered,5.0,400,Butter Chicken Combo Meal
OD14005,CUST3175,REST_10,2026-04-28 11:51:27,35.0,Delivered,2.0,370,Malai Kofta & Lachha Paratha
OD14006,CUST3079,REST_10,2026-05-11 20:51:13,56.0,Delivered,2.0,360,Malai Kofta & Lachha Paratha
OD14007,CUST3169,REST_10,2026-05-14 22:44:47,54.0,Delivered,1.0,300,Paneer Tikka
OD14008,CUST2272,REST_04,2026-04-27 20:28:05,41.0,Delivered,1.0,330,Chilli Chicken Gravy
OD14009,CUST2935,REST_05,2026-05-23 16:19:20,34.0,Delivered,4.0,450,Farmhouse Veg Pizza
OD14010,CUST2801,REST_04,2026-05-16 11:42:51,32.0,Delivered,2.0,180,Veg Spring Rolls (6 pcs)
OD14011,CUST2199,REST_01,2026-05-06 19:28:36,67.0,Delivered,2.0,350,Paneer Butter Masala Meal
OD14012,CUST2412,REST_06,2026-05-17 18:47:22,22.0,Delivered,5.0,410,Chicken Nuggets (9 pcs)
OD14013,CUST3268,REST_03,2026-05-20 13:56:30,26.0,Delivered,4.0,360,Chicken Dum Biryani
OD14014,CUST3446,REST_05,2026-05-16 12:08:12,,Cancelled,,170,Garlic Bread with Cheese
OD14015,CUST2640,REST_10,2026-05-14 13:15:35,36.0,Delivered,4.0,310,Paneer Tikka
OD14016,CUST2889,REST_08,2026-05-20 22:18:31,57.0,Delivered,1.0,350,Red Velvet Pastry
OD14017,CUST2179,REST_06,2026-04-27 15:39:38,20.0,Delivered,4.0,240,Loaded Nachos
OD14018,CUST2378,REST_03,2026-05-15 20:55:21,58.0,Delivered,1.0,500,Mutton Biryani
OD14019,CUST3146,REST_10,2026-05-04 12:51:09,41.0,Delivered,2.0,380,Butter Chicken Combo Meal
OD14020,CUST3280,REST_05,2026-05-05 13:21:15,29.0,Delivered,5.0,340,Veg Arrabiata Penne Pasta
OD14021,CUST3027,REST_06,2026-05-03 19:32:42,56.0,Delivered,1.0,270,Loaded Nachos
OD14022,CUST2192,REST_01,2026-05-19 21:59:15,39.0,Delivered,5.0,330,Dal Makhani with Jeera Rice
OD14023,CUST2296,REST_06,2026-04-28 21:48:10,51.0,Delivered,1.0,290,Classic Cheese Burger & Fries
OD14024,CUST2959,REST_07,2026-05-26 16:34:28,22.0,Delivered,4.0,200,Fresh Fruit Bowl
OD14025,CUST2349,REST_10,2026-04-29 20:57:19,41.0,Delivered,1.0,200,Tandoori Roti Combo
OD14026,CUST3214,REST_03,2026-05-12 16:10:54,39.0,Delivered,3.0,490,Mutton Biryani
OD14027,CUST3053,REST_01,2026-05-23 14:26:36,43.0,Delivered,2.0,400,Butter Chicken & Naan
OD14028,CUST3348,REST_02,2026-05-01 21:48:18,50.0,Delivered,2.0,150,Onion Uttapam
OD14029,CUST2260,REST_07,2026-05-04 13:12:20,34.0,Delivered,4.0,360,Quinoa Avocado Salad
OD14030,CUST2031,REST_01,2026-05-01 12:51:54,39.0,Delivered,4.0,350,Paneer Butter Masala Meal
OD14031,CUST2970,REST_01,2026-05-09 21:16:06,54.0,Delivered,3.0,650,Kadhai Paneer with Roti
OD14032,CUST2624,REST_10,2026-05-23 14:20:28,37.0,Delivered,5.0,340,Chicken Seekh Kebab
OD14033,CUST2033,REST_04,2026-04-29 18:23:42,26.0,Delivered,3.0,260,Veg Hakka Noodles
OD14034,CUST3234,REST_03,2026-05-16 20:17:39,51.0,Delivered,3.0,860,Veg Hyderabadi Biryani
OD14035,CUST2138,REST_03,2026-05-24 14:25:49,39.0,Delivered,4.0,770,Chicken Tikka Biryani
OD14036,CUST2390,REST_09,2026-05-08 08:54:11,22.0,Delivered,5.0,200,Hot Chocolate
OD14037,CUST2204,REST_05,2026-05-20 13:46:29,32.0,Delivered,4.0,450,Farmhouse Veg Pizza
OD14038,CUST3408,REST_07,2026-05-22 20:49:07,49.0,Delivered,4.0,260,Caesar Salad
OD14039,CUST2454,REST_04,2026-05-12 23:08:52,31.0,Delivered,4.0,200,Veg Spring Rolls (6 pcs)
OD14040,CUST2048,REST_01,2026-05-19 14:34:05,32.0,Delivered,4.0,380,Butter Chicken & Naan
OD14041,CUST2548,REST_01,2026-05-12 23:33:46,,Cancelled,,350,Kadhai Paneer with Roti
OD14042,CUST2710,REST_02,2026-05-02 21:19:11,55.0,Delivered,2.0,240,Filter Coffee & Upma
OD14043,CUST2149,REST_07,2026-05-12 18:37:59,26.0,Delivered,4.0,680,Quinoa Avocado Salad
OD14044,CUST2408,REST_10,2026-05-23 22:23:47,56.0,Delivered,2.0,320,Paneer Tikka
OD14045,CUST2474,REST_01,2026-05-08 21:35:58,53.0,Delivered,3.0,320,Dal Makhani with Jeera Rice
OD14046,CUST3009,REST_04,2026-04-27 13:01:03,38.0,Delivered,5.0,680,Veg Hakka Noodles
OD14047,CUST3317,REST_05,2026-05-11 19:27:10,,Cancelled,,420,Margherita Pizza 10-inch
OD14048,CUST2517,REST_09,2026-04-28 14:19:59,57.0,Delivered,1.0,210,Hot Chocolate
OD14049,CUST3055,REST_03,2026-04-29 13:29:41,30.0,Delivered,4.0,470,Mutton Biryani
OD14050,CUST2993,REST_02,2026-05-01 19:27:52,67.0,Delivered,1.0,190,Rava Kesari & Dosa Combo
OD14051,CUST2409,REST_09,2026-05-06 19:15:56,44.0,Delivered,3.0,190,Iced Latte
OD14052,CUST3126,REST_06,2026-04-28 12:46:46,33.0,Delivered,4.0,260,Loaded Nachos
OD14053,CUST3099,REST_01,2026-05-18 18:45:11,22.0,Delivered,4.0,300,Dal Makhani with Jeera Rice
OD14054,CUST2095,REST_10,2026-04-29 19:58:41,35.0,Delivered,5.0,400,Butter Chicken Combo Meal
OD14055,CUST2147,REST_05,2026-05-11 12:46:15,30.0,Delivered,4.0,450,Farmhouse Veg Pizza
OD14056,CUST2801,REST_04,2026-04-30 21:41:22,58.0,Delivered,2.0,250,Schezwan Noodles
OD14057,CUST2516,REST_10,2026-05-10 16:08:34,29.0,Delivered,5.0,310,Paneer Tikka
OD14058,CUST2918,REST_05,2026-05-08 21:37:41,50.0,Delivered,1.0,350,Veg Arrabiata Penne Pasta
OD14059,CUST3413,REST_04,2026-05-04 18:11:06,17.0,Delivered,5.0,310,Chilli Chicken Gravy
OD14060,CUST3245,REST_06,2026-05-21 20:34:59,36.0,Delivered,5.0,240,Loaded Nachos
OD14061,CUST3410,REST_06,2026-05-16 12:25:31,49.0,Delivered,3.0,230,Chicken Nuggets (9 pcs)
OD14062,CUST2342,REST_09,2026-05-16 12:53:43,62.0,Delivered,1.0,190,Classic Cold Coffee
OD14063,CUST2746,REST_04,2026-05-02 20:47:20,51.0,Delivered,3.0,200,Veg Spring Rolls (6 pcs)
OD14064,CUST3077,REST_09,2026-05-20 18:05:13,27.0,Delivered,4.0,330,Classic Cold Coffee
OD14065,CUST2382,REST_03,2026-05-26 17:22:37,18.0,Delivered,5.0,380,Chicken Dum Biryani
OD14066,CUST2050,REST_05,2026-05-11 20:24:37,,Cancelled,,340,Veg Arrabiata Penne Pasta
OD14067,CUST3426,REST_07,2026-05-05 13:26:42,32.0,Delivered,2.0,350,Quinoa Avocado Salad
OD14068,CUST3087,REST_03,2026-05-12 20:42:40,50.0,Delivered,4.0,470,Mutton Biryani
OD14069,CUST3135,REST_02,2026-05-07 20:07:59,55.0,Delivered,2.0,180,Onion Uttapam
OD14070,CUST2435,REST_05,2026-05-22 23:02:39,29.0,Delivered,4.0,360,Veg Arrabiata Penne Pasta
OD14071,CUST2336,REST_10,2026-05-26 21:06:24,65.0,Delivered,1.0,610,Paneer Tikka
OD14072,CUST2272,REST_10,2026-05-22 21:46:47,52.0,Delivered,3.0,230,Tandoori Roti Combo
OD14073,CUST2263,REST_08,2026-05-11 14:00:16,35.0,Delivered,5.0,170,Red Velvet Pastry
OD14074,CUST2474,REST_09,2026-05-26 12:34:41,44.0,Delivered,1.0,170,Classic Cold Coffee
OD14075,CUST3314,REST_10,2026-05-13 12:26:45,36.0,Delivered,5.0,410,Butter Chicken Combo Meal
OD14076,CUST2008,REST_03,2026-05-02 20:18:53,48.0,Delivered,2.0,390,Chicken Tikka Biryani
OD14077,CUST3151,REST_07,2026-05-08 22:52:03,46.0,Delivered,2.0,260,Greek Salad
OD14078,CUST3380,REST_09,2026-05-09 21:04:29,55.0,Delivered,1.0,190,Hot Chocolate
OD14079,CUST2344,REST_08,2026-05-18 20:56:56,,Cancelled,,340,Red Velvet Pastry
OD14080,CUST2615,REST_08,2026-05-24 21:44:20,59.0,Delivered,2.0,180,Red Velvet Pastry
OD14081,CUST2160,REST_07,2026-05-19 11:02:01,26.0,Delivered,4.0,280,Greek Salad
OD14082,CUST2096,REST_01,2026-05-04 20:27:19,38.0,Delivered,5.0,340,Paneer Butter Masala Meal
OD14083,CUST2289,REST_01,2026-05-07 20:25:11,,Cancelled,,340,Kadhai Paneer with Roti
OD14084,CUST2347,REST_06,2026-04-30 08:12:36,21.0,Delivered,5.0,560,Spicy Paneer Wrap
OD14085,CUST2200,REST_08,2026-05-24 19:20:01,49.0,Delivered,1.0,210,Sizzling Brownie
OD14086,CUST2122,REST_04,2026-05-09 10:15:51,43.0,Delivered,2.0,250,Veg Hakka Noodles
OD14087,CUST2928,REST_01,2026-05-15 20:35:07,52.0,Delivered,3.0,330,Kadhai Paneer with Roti
OD14088,CUST3014,REST_02,2026-05-14 22:03:56,49.0,Delivered,3.0,170,Masala Dosa with Sambar
OD14089,CUST2388,REST_10,2026-05-12 19:02:21,58.0,Delivered,1.0,360,Chicken Seekh Kebab
OD14090,CUST3423,REST_10,2026-05-23 19:41:03,,Cancelled,,370,Malai Kofta & Lachha Paratha
OD14091,CUST3500,REST_08,2026-05-05 21:16:42,67.0,Delivered,1.0,170,Red Velvet Pastry
OD14092,CUST2640,REST_05,2026-05-03 21:59:00,59.0,Delivered,1.0,420,Margherita Pizza 10-inch
OD14093,CUST3422,REST_04,2026-05-16 13:54:10,45.0,Delivered,3.0,340,Chicken Fried Rice & Manchurian
OD14094,CUST2450,REST_03,2026-05-25 16:29:59,23.0,Delivered,5.0,320,Veg Hyderabadi Biryani
OD14095,CUST3191,REST_08,2026-05-22 20:25:07,,Cancelled,,430,Kulfi Falooda
OD14096,CUST2468,REST_06,2026-05-26 14:17:07,33.0,Delivered,4.0,230,Crispy Chicken Burger
OD14097,CUST2676,REST_05,2026-05-19 20:58:54,49.0,Delivered,2.0,410,Margherita Pizza 10-inch
OD14098,CUST2270,REST_10,2026-05-21 13:56:29,43.0,Delivered,4.0,390,Butter Chicken Combo Meal
OD14099,CUST3054,REST_07,2026-05-10 11:29:12,19.0,Delivered,4.0,280,Caesar Salad
OD14100,CUST2905,REST_03,2026-05-12 19:15:07,44.0,Delivered,3.0,400,Chicken Tikka Biryani
OD14101,CUST3469,REST_05,2026-05-08 20:58:47,48.0,Delivered,1.0,350,Garlic Bread with Cheese
OD14102,CUST2324,REST_02,2026-05-09 21:21:24,62.0,Delivered,1.0,160,Masala Dosa with Sambar
OD14103,CUST2550,REST_02,2026-05-17 19:53:33,42.0,Delivered,2.0,390,Masala Dosa with Sambar
OD14104,CUST2371,REST_05,2026-05-08 13:22:02,45.0,Delivered,4.0,460,Farmhouse Veg Pizza
OD14105,CUST3187,REST_09,2026-05-23 19:56:19,40.0,Delivered,4.0,230,Paneer Tikka Sandwich
OD14106,CUST3170,REST_06,2026-05-01 10:36:33,25.0,Delivered,5.0,260,Loaded Nachos
OD14107,CUST3031,REST_02,2026-05-04 12:24:51,,Cancelled,,180,Rava Kesari & Dosa Combo
OD14108,CUST2708,REST_03,2026-05-14 13:45:49,37.0,Delivered,5.0,390,Chicken Tikka Biryani
OD14109,CUST2510,REST_03,2026-05-21 23:01:19,18.0,Delivered,5.0,320,Veg Hyderabadi Biryani
OD14110,CUST2264,REST_02,2026-05-05 13:58:32,44.0,Delivered,2.0,160,Masala Dosa with Sambar
OD14111,CUST3390,REST_02,2026-05-12 10:56:30,29.0,Delivered,4.0,280,Onion Uttapam
OD14112,CUST3270,REST_06,2026-05-03 21:11:03,52.0,Delivered,2.0,290,Classic Cheese Burger & Fries
OD14113,CUST2582,REST_05,2026-05-07 22:45:40,60.0,Delivered,2.0,400,Margherita Pizza 10-inch
OD14114,CUST2747,REST_01,2026-04-29 21:33:27,47.0,Delivered,3.0,370,Butter Chicken & Naan
OD14115,CUST3028,REST_04,2026-05-06 18:06:26,33.0,Delivered,3.0,310,Chilli Chicken Gravy
OD14116,CUST3222,REST_01,2026-05-06 14:59:32,37.0,Delivered,3.0,330,Kadhai Paneer with Roti
OD14117,CUST2266,REST_05,2026-05-19 20:17:10,52.0,Delivered,2.0,450,Farmhouse Veg Pizza
OD14118,CUST2290,REST_05,2026-05-20 13:45:42,43.0,Delivered,4.0,410,Chicken Alfredo Pasta
OD14119,CUST2322,REST_05,2026-05-17 09:14:08,23.0,Delivered,5.0,180,Garlic Bread with Cheese
OD14120,CUST2592,REST_07,2026-05-05 21:01:59,57.0,Delivered,1.0,270,Caesar Salad
OD14121,CUST2784,REST_02,2026-05-04 19:33:43,48.0,Delivered,4.0,150,Onion Uttapam
OD14122,CUST2803,REST_03,2026-04-28 13:19:03,26.0,Delivered,4.0,370,Chicken Dum Biryani
OD14123,CUST2646,REST_07,2026-05-09 13:01:56,49.0,Delivered,1.0,370,Quinoa Avocado Salad
OD14124,CUST2021,REST_06,2026-05-12 20:13:29,41.0,Delivered,2.0,240,Crispy Chicken Burger
OD14125,CUST3010,REST_08,2026-05-20 12:16:10,28.0,Delivered,4.0,390,Sizzling Brownie
OD14126,CUST3312,REST_07,2026-04-30 12:53:45,36.0,Delivered,3.0,270,Caesar Salad
OD14127,CUST2151,REST_10,2026-05-14 11:54:29,27.0,Delivered,5.0,350,Malai Kofta & Lachha Paratha
OD14128,CUST3145,REST_07,2026-05-22 18:25:32,18.0,Delivered,5.0,490,Greek Salad
OD14129,CUST2153,REST_07,2026-05-21 20:50:34,34.0,Delivered,5.0,610,High-Protein Chicken Salad
OD14130,CUST2264,REST_09,2026-05-06 17:30:00,26.0,Delivered,5.0,260,Club Sandwich
OD14131,CUST2310,REST_04,2026-05-09 14:15:43,,Cancelled,,340,Chicken Fried Rice & Manchurian
OD14132,CUST3107,REST_10,2026-05-07 13:14:23,35.0,Delivered,4.0,690,Malai Kofta & Lachha Paratha
OD14133,CUST2852,REST_04,2026-05-23 21:21:54,45.0,Delivered,1.0,200,Veg Spring Rolls (6 pcs)
OD14134,CUST2818,REST_07,2026-05-15 12:16:13,42.0,Delivered,3.0,250,Greek Salad
OD14135,CUST2115,REST_03,2026-05-18 21:10:52,43.0,Delivered,2.0,380,Chicken Dum Biryani
OD14136,CUST2717,REST_07,2026-05-12 19:48:59,58.0,Delivered,1.0,200,Fresh Fruit Bowl
OD14137,CUST2142,REST_06,2026-05-09 20:54:49,43.0,Delivered,3.0,240,Crispy Chicken Burger
OD14138,CUST2477,REST_05,2026-05-21 13:21:51,40.0,Delivered,5.0,410,Chicken Alfredo Pasta
OD14139,CUST2818,REST_09,2026-05-09 13:03:23,45.0,Delivered,2.0,440,Club Sandwich
OD14140,CUST2965,REST_09,2026-05-24 21:47:40,51.0,Delivered,2.0,210,Iced Latte
OD14141,CUST2935,REST_10,2026-05-25 18:00:07,36.0,Delivered,5.0,210,Tandoori Roti Combo
OD14142,CUST2313,REST_02,2026-05-07 19:58:44,44.0,Delivered,3.0,170,Onion Uttapam
OD14143,CUST2464,REST_09,2026-05-06 14:57:36,53.0,Delivered,1.0,250,Club Sandwich
OD14144,CUST3297,REST_07,2026-05-13 08:59:27,27.0,Delivered,2.0,280,Greek Salad
OD14145,CUST2465,REST_03,2026-05-25 09:45:40,22.0,Delivered,3.0,570,Egg Biryani
OD14146,CUST2924,REST_07,2026-05-26 15:54:31,35.0,Delivered,4.0,230,Fresh Fruit Bowl
OD14147,CUST2730,REST_04,2026-05-17 19:40:39,46.0,Delivered,3.0,280,Schezwan Noodles
OD14148,CUST2447,REST_05,2026-04-28 19:56:24,44.0,Delivered,3.0,330,Veg Arrabiata Penne Pasta
OD14149,CUST2333,REST_08,2026-05-22 21:24:59,62.0,Delivered,2.0,160,Kulfi Falooda
OD14150,CUST2862,REST_10,2026-04-28 16:35:44,21.0,Delivered,3.0,750,Butter Chicken Combo Meal
OD14151,CUST3198,REST_02,2026-04-27 08:39:52,37.0,Delivered,4.0,200,Rava Kesari & Dosa Combo
OD14152,CUST2731,REST_05,2026-04-27 18:06:22,21.0,Delivered,5.0,810,Margherita Pizza 10-inch
OD14153,CUST2340,REST_09,2026-05-07 14:44:41,47.0,Delivered,3.0,360,Hot Chocolate
OD14154,CUST2108,REST_01,2026-05-16 21:41:28,37.0,Delivered,5.0,800,Tandoori Chicken Half
OD14155,CUST3349,REST_01,2026-05-09 23:59:35,26.0,Delivered,3.0,670,Paneer Butter Masala Meal
OD14156,CUST2856,REST_09,2026-05-22 20:42:35,,Cancelled,,210,Paneer Tikka Sandwich
OD14157,CUST2795,REST_03,2026-05-01 13:16:24,52.0,Delivered,2.0,380,Chicken Dum Biryani
OD14158,CUST3382,REST_02,2026-05-18 10:14:27,19.0,Delivered,3.0,170,Onion Uttapam
OD14159,CUST3113,REST_07,2026-05-24 06:44:23,27.0,Delivered,5.0,270,Caesar Salad
OD14160,CUST2398,REST_05,2026-05-21 20:48:35,47.0,Delivered,1.0,190,Garlic Bread with Cheese
OD14161,CUST3161,REST_05,2026-05-18 22:52:23,52.0,Delivered,1.0,400,Chicken Alfredo Pasta
OD14162,CUST2381,REST_02,2026-05-02 19:00:07,34.0,Delivered,5.0,130,Idli Vada Combo
OD14163,CUST3029,REST_01,2026-05-18 07:44:21,17.0,Delivered,4.0,360,Kadhai Paneer with Roti
OD14164,CUST2439,REST_01,2026-04-29 15:57:30,29.0,Delivered,3.0,350,Kadhai Paneer with Roti
OD14165,CUST2556,REST_03,2026-05-21 14:30:14,51.0,Delivered,3.0,370,Chicken Dum Biryani
OD14166,CUST3007,REST_03,2026-05-26 14:01:44,39.0,Delivered,3.0,480,Mutton Biryani
OD14167,CUST2725,REST_10,2026-05-05 19:44:56,40.0,Delivered,4.0,390,Butter Chicken Combo Meal
OD14168,CUST2176,REST_06,2026-05-25 19:52:24,32.0,Delivered,4.0,250,Loaded Nachos
OD14169,CUST2345,REST_06,2026-05-02 21:50:07,50.0,Delivered,2.0,200,Spicy Paneer Wrap
OD14170,CUST3049,REST_03,2026-04-30 21:28:32,35.0,Delivered,5.0,350,Chicken Dum Biryani
OD14171,CUST3472,REST_05,2026-05-01 21:56:57,,Cancelled,,870,Farmhouse Veg Pizza
OD14172,CUST2458,REST_07,2026-05-07 18:31:46,29.0,Delivered,4.0,330,High-Protein Chicken Salad
OD14173,CUST2004,REST_05,2026-05-25 21:46:28,42.0,Delivered,3.0,440,Farmhouse Veg Pizza
OD14174,CUST3483,REST_02,2026-05-12 12:31:03,39.0,Delivered,4.0,180,Onion Uttapam
OD14175,CUST2332,REST_02,2026-05-23 12:48:50,50.0,Delivered,3.0,140,Masala Dosa with Sambar
OD14176,CUST2137,REST_06,2026-05-13 19:14:03,31.0,Delivered,5.0,650,Crispy Chicken Burger
OD14177,CUST3064,REST_08,2026-05-26 22:47:02,40.0,Delivered,4.0,200,Red Velvet Pastry
OD14178,CUST2047,REST_10,2026-05-20 17:27:18,28.0,Delivered,4.0,360,Chicken Seekh Kebab
OD14179,CUST2948,REST_09,2026-05-21 19:04:12,40.0,Delivered,4.0,200,Hot Chocolate
OD14180,CUST3329,REST_05,2026-04-30 20:22:16,38.0,Delivered,5.0,350,Veg Arrabiata Penne Pasta
OD14181,CUST2764,REST_09,2026-04-27 18:38:09,39.0,Delivered,3.0,490,Classic Cold Coffee
OD14182,CUST2928,REST_05,2026-05-23 19:50:55,52.0,Delivered,3.0,170,Garlic Bread with Cheese
OD14183,CUST2694,REST_05,2026-05-13 20:35:07,38.0,Delivered,5.0,890,Farmhouse Veg Pizza
OD14184,CUST3074,REST_02,2026-05-01 11:38:33,34.0,Delivered,4.0,140,Masala Dosa with Sambar
OD14185,CUST2185,REST_07,2026-04-29 15:39:07,15.0,Delivered,4.0,220,Fresh Fruit Bowl
OD14186,CUST2238,REST_10,2026-04-27 14:27:04,39.0,Delivered,2.0,210,Tandoori Roti Combo
OD14187,CUST2336,REST_06,2026-05-26 17:38:13,36.0,Delivered,4.0,260,Crispy Chicken Burger
OD14188,CUST2999,REST_04,2026-05-07 19:36:35,85.0,Delivered,1.0,210,Veg Spring Rolls (6 pcs)
OD14189,CUST3482,REST_06,2026-05-19 22:47:38,41.0,Delivered,3.0,270,Classic Cheese Burger & Fries
OD14190,CUST2450,REST_06,2026-05-22 12:59:31,40.0,Delivered,3.0,230,Spicy Paneer Wrap
OD14191,CUST2248,REST_09,2026-05-24 10:24:46,43.0,Delivered,3.0,190,Classic Cold Coffee
OD14192,CUST3227,REST_03,2026-05-12 16:38:25,19.0,Delivered,4.0,390,Chicken Tikka Biryani
OD14193,CUST2001,REST_07,2026-05-03 12:12:25,56.0,Delivered,1.0,270,Greek Salad
OD14194,CUST3003,REST_03,2026-05-26 12:44:01,49.0,Delivered,2.0,360,Chicken Dum Biryani
OD14195,CUST2416,REST_09,2026-04-29 19:27:04,50.0,Delivered,1.0,240,Paneer Tikka Sandwich
OD14196,CUST2847,REST_10,2026-05-08 20:04:32,57.0,Delivered,1.0,680,Malai Kofta & Lachha Paratha
OD14197,CUST2483,REST_02,2026-05-23 13:24:14,46.0,Delivered,1.0,150,Filter Coffee & Upma
OD14198,CUST2472,REST_07,2026-05-25 12:21:09,,Cancelled,,480,Greek Salad
OD14199,CUST3347,REST_03,2026-05-15 08:01:52,,Cancelled,,360,Chicken Dum Biryani
OD14200,CUST2318,REST_08,2026-05-13 09:29:55,23.0,Delivered,5.0,180,Chocolate Lava Cake
OD14201,CUST2445,REST_01,2026-05-13 18:46:17,37.0,Delivered,4.0,360,Kadhai Paneer with Roti
OD14202,CUST2666,REST_09,2026-05-03 22:54:30,46.0,Delivered,4.0,200,Iced Latte
OD14203,CUST2203,REST_07,2026-05-17 12:15:47,33.0,Delivered,5.0,490,Greek Salad
OD14204,CUST2279,REST_10,2026-05-13 10:31:46,18.0,Delivered,5.0,380,Malai Kofta & Lachha Paratha
OD14205,CUST3334,REST_04,2026-05-21 20:40:42,51.0,Delivered,4.0,300,Chilli Chicken Gravy
OD14206,CUST2766,REST_04,2026-05-02 11:43:34,34.0,Delivered,5.0,270,Schezwan Noodles
OD14207,CUST2629,REST_10,2026-05-09 10:14:23,25.0,Delivered,4.0,330,Chicken Seekh Kebab
OD14208,CUST3275,REST_05,2026-04-27 19:24:36,53.0,Delivered,3.0,430,Margherita Pizza 10-inch
OD14209,CUST3436,REST_10,2026-05-26 21:04:10,65.0,Delivered,1.0,580,Tandoori Roti Combo
OD14210,CUST2274,REST_03,2026-04-29 14:30:27,39.0,Delivered,5.0,400,Chicken Tikka Biryani
OD14211,CUST2224,REST_08,2026-05-04 13:11:01,38.0,Delivered,4.0,170,Red Velvet Pastry
OD14212,CUST2949,REST_08,2026-05-19 13:28:09,57.0,Delivered,1.0,170,Kulfi Falooda
OD14213,CUST2435,REST_07,2026-05-12 18:54:37,40.0,Delivered,4.0,290,Caesar Salad
OD14214,CUST2658,REST_09,2026-05-20 19:21:07,41.0,Delivered,1.0,380,Hot Chocolate
OD14215,CUST2492,REST_09,2026-05-14 18:35:48,17.0,Delivered,5.0,230,Paneer Tikka Sandwich
OD14216,CUST2612,REST_05,2026-05-18 14:12:15,41.0,Delivered,4.0,380,Chicken Alfredo Pasta
OD14217,CUST2729,REST_01,2026-05-07 18:21:17,32.0,Delivered,4.0,360,Kadhai Paneer with Roti
OD14218,CUST2371,REST_10,2026-05-24 21:30:26,49.0,Delivered,1.0,230,Tandoori Roti Combo
OD14219,CUST2728,REST_02,2026-05-02 17:23:16,,Cancelled,,150,Filter Coffee & Upma
OD14220,CUST2255,REST_05,2026-05-17 12:36:15,37.0,Delivered,5.0,760,Chicken Alfredo Pasta
OD14221,CUST2551,REST_06,2026-05-23 22:40:18,62.0,Delivered,1.0,200,Spicy Paneer Wrap
OD14222,CUST2043,REST_10,2026-05-03 13:07:26,49.0,Delivered,3.0,230,Tandoori Roti Combo
OD14223,CUST3178,REST_01,2026-05-02 21:12:05,68.0,Delivered,1.0,320,Dal Makhani with Jeera Rice
OD14224,CUST3397,REST_01,2026-05-20 22:58:35,46.0,Delivered,2.0,370,Paneer Butter Masala Meal
OD14225,CUST2193,REST_10,2026-05-19 22:55:24,51.0,Delivered,3.0,230,Tandoori Roti Combo
OD14226,CUST2182,REST_07,2026-05-14 08:11:31,30.0,Delivered,5.0,320,High-Protein Chicken Salad
OD14227,CUST2112,REST_06,2026-05-16 18:33:16,25.0,Delivered,5.0,210,Spicy Paneer Wrap
OD14228,CUST2998,REST_03,2026-05-26 14:14:42,42.0,Delivered,4.0,300,Veg Hyderabadi Biryani
OD14229,CUST2374,REST_04,2026-05-16 11:42:34,36.0,Delivered,4.0,240,Veg Hakka Noodles
OD14230,CUST3413,REST_06,2026-05-14 09:45:59,31.0,Delivered,5.0,220,Spicy Paneer Wrap
OD14231,CUST2791,REST_07,2026-05-12 20:00:52,38.0,Delivered,4.0,350,Quinoa Avocado Salad
OD14232,CUST3294,REST_03,2026-05-07 20:30:16,42.0,Delivered,3.0,540,Egg Biryani
OD14233,CUST2440,REST_02,2026-05-21 13:11:22,48.0,Delivered,3.0,150,Onion Uttapam
OD14234,CUST2393,REST_05,2026-04-27 20:52:48,33.0,Delivered,3.0,170,Garlic Bread with Cheese
OD14235,CUST2272,REST_08,2026-05-09 23:08:23,41.0,Delivered,4.0,200,Sizzling Brownie
OD14236,CUST3499,REST_09,2026-05-20 12:50:31,33.0,Delivered,4.0,200,Hot Chocolate
OD14237,CUST2113,REST_05,2026-05-12 10:04:40,27.0,Delivered,4.0,440,Farmhouse Veg Pizza
OD14238,CUST3288,REST_10,2026-05-04 20:44:51,42.0,Delivered,3.0,390,Butter Chicken Combo Meal
OD14239,CUST2007,REST_10,2026-04-28 19:33:30,48.0,Delivered,3.0,210,Tandoori Roti Combo
OD14240,CUST3214,REST_09,2026-05-16 17:42:14,31.0,Delivered,3.0,220,Hot Chocolate
OD14241,CUST2785,REST_05,2026-05-15 11:06:05,35.0,Delivered,5.0,470,Farmhouse Veg Pizza
OD14242,CUST3281,REST_09,2026-05-14 08:12:27,17.0,Delivered,5.0,250,Club Sandwich
OD14243,CUST2476,REST_03,2026-05-18 19:45:10,44.0,Delivered,2.0,920,Mutton Biryani
OD14244,CUST2921,REST_01,2026-04-30 07:53:52,27.0,Delivered,5.0,370,Paneer Butter Masala Meal
OD14245,CUST2111,REST_08,2026-05-05 12:14:28,41.0,Delivered,1.0,170,Red Velvet Pastry
OD14246,CUST3332,REST_02,2026-05-03 00:26:21,29.0,Delivered,4.0,160,Onion Uttapam
OD14247,CUST3154,REST_02,2026-05-18 22:50:28,38.0,Delivered,4.0,170,Onion Uttapam
OD14248,CUST2109,REST_02,2026-05-26 21:56:11,45.0,Delivered,1.0,300,Onion Uttapam
OD14249,CUST2831,REST_06,2026-04-30 19:00:50,52.0,Delivered,3.0,280,Classic Cheese Burger & Fries
OD14250,CUST3061,REST_01,2026-05-25 17:39:25,26.0,Delivered,3.0,340,Kadhai Paneer with Roti
OD14251,CUST2949,REST_10,2026-05-15 20:14:06,48.0,Delivered,4.0,410,Butter Chicken Combo Meal
OD14252,CUST2535,REST_10,2026-05-25 13:30:03,40.0,Delivered,4.0,360,Chicken Seekh Kebab
OD14253,CUST2048,REST_04,2026-05-13 14:39:19,51.0,Delivered,3.0,520,Veg Spring Rolls (6 pcs)
OD14254,CUST2171,REST_06,2026-05-14 19:05:05,75.0,Delivered,1.0,280,Classic Cheese Burger & Fries
OD14255,CUST2557,REST_09,2026-05-05 19:25:55,44.0,Delivered,2.0,250,Club Sandwich
OD14256,CUST3171,REST_06,2026-05-22 22:48:46,46.0,Delivered,2.0,210,Spicy Paneer Wrap
OD14257,CUST3204,REST_10,2026-05-17 19:52:22,37.0,Delivered,5.0,360,Malai Kofta & Lachha Paratha
OD14258,CUST3282,REST_03,2026-05-13 20:51:59,53.0,Delivered,3.0,470,Mutton Biryani
OD14259,CUST2804,REST_01,2026-05-25 12:58:27,28.0,Delivered,3.0,330,Dal Makhani with Jeera Rice
OD14260,CUST2732,REST_04,2026-05-20 19:54:23,62.0,Delivered,1.0,300,Chilli Chicken Gravy
OD14261,CUST2886,REST_07,2026-05-17 05:36:31,39.0,Delivered,5.0,270,Greek Salad
OD14262,CUST2767,REST_01,2026-05-09 19:08:36,36.0,Delivered,4.0,340,Kadhai Paneer with Roti
OD14263,CUST3000,REST_03,2026-05-21 09:37:59,52.0,Delivered,3.0,410,Chicken Tikka Biryani
OD14264,CUST3072,REST_01,2026-05-02 20:33:59,55.0,Delivered,2.0,400,Butter Chicken & Naan
OD14265,CUST2976,REST_01,2026-05-06 20:17:18,40.0,Delivered,5.0,380,Butter Chicken & Naan
OD14266,CUST2194,REST_01,2026-05-05 21:02:37,49.0,Delivered,4.0,1010,Paneer Butter Masala Meal
OD14267,CUST3207,REST_09,2026-04-28 13:17:12,33.0,Delivered,4.0,180,Iced Latte
OD14268,CUST2445,REST_01,2026-05-22 21:35:08,51.0,Delivered,1.0,320,Dal Makhani with Jeera Rice
OD14269,CUST3219,REST_08,2026-05-11 13:56:09,53.0,Delivered,3.0,140,Gulab Jamun (4 pcs)
OD14270,CUST2018,REST_05,2026-05-19 23:47:44,17.0,Delivered,4.0,470,Farmhouse Veg Pizza
OD14271,CUST3116,REST_05,2026-04-29 21:17:22,34.0,Delivered,3.0,1190,Margherita Pizza 10-inch
OD14272,CUST3305,REST_05,2026-05-10 07:25:11,36.0,Delivered,3.0,780,Margherita Pizza 10-inch
OD14273,CUST2838,REST_03,2026-05-20 06:03:24,37.0,Delivered,3.0,370,Chicken Dum Biryani
OD14274,CUST2268,REST_05,2026-05-06 00:22:51,29.0,Delivered,5.0,350,Veg Arrabiata Penne Pasta
OD14275,CUST2807,REST_02,2026-05-21 17:50:08,18.0,Delivered,4.0,170,Onion Uttapam
OD14276,CUST3006,REST_01,2026-05-01 06:28:18,28.0,Delivered,4.0,800,Tandoori Chicken Half
OD14277,CUST2894,REST_08,2026-04-29 13:05:06,34.0,Delivered,2.0,180,Red Velvet Pastry
OD14278,CUST2780,REST_05,2026-05-03 18:14:54,29.0,Delivered,5.0,170,Garlic Bread with Cheese
OD14279,CUST2293,REST_05,2026-05-15 11:53:08,33.0,Delivered,3.0,460,Farmhouse Veg Pizza
OD14280,CUST2058,REST_05,2026-05-05 11:14:40,24.0,Delivered,5.0,340,Garlic Bread with Cheese
OD14281,CUST2809,REST_04,2026-05-01 20:02:24,65.0,Delivered,1.0,180,Veg Spring Rolls (6 pcs)
OD14282,CUST3269,REST_05,2026-05-10 13:42:27,63.0,Delivered,1.0,200,Garlic Bread with Cheese
OD14283,CUST2620,REST_09,2026-05-03 12:49:09,43.0,Delivered,4.0,250,Club Sandwich
OD14284,CUST2582,REST_05,2026-04-27 13:32:12,29.0,Delivered,4.0,410,Chicken Alfredo Pasta
OD14285,CUST3149,REST_04,2026-04-28 14:42:05,47.0,Delivered,3.0,320,Chilli Chicken Gravy
OD14286,CUST2075,REST_06,2026-04-29 06:03:31,31.0,Delivered,4.0,600,Chicken Nuggets (9 pcs)
OD14287,CUST2663,REST_05,2026-04-28 11:44:38,,Cancelled,,360,Veg Arrabiata Penne Pasta
OD14288,CUST3410,REST_01,2026-05-03 23:06:09,30.0,Delivered,3.0,350,Kadhai Paneer with Roti
OD14289,CUST2755,REST_10,2026-05-11 10:25:21,33.0,Delivered,5.0,580,Paneer Tikka
OD14290,CUST2224,REST_08,2026-05-01 20:12:34,82.0,Delivered,1.0,160,Chocolate Lava Cake
OD14291,CUST2249,REST_08,2026-05-07 08:53:54,23.0,Delivered,4.0,150,Kulfi Falooda
OD14292,CUST3133,REST_08,2026-05-12 05:07:23,46.0,Delivered,3.0,170,Red Velvet Pastry
OD14293,CUST2419,REST_06,2026-05-04 09:42:06,24.0,Delivered,4.0,230,Spicy Paneer Wrap
OD14294,CUST3480,REST_03,2026-05-09 11:38:07,78.0,Delivered,2.0,330,Veg Hyderabadi Biryani
OD14295,CUST3214,REST_05,2026-05-23 22:26:46,46.0,Delivered,2.0,360,Veg Arrabiata Penne Pasta
OD14296,CUST3143,REST_05,2026-05-03 16:03:01,37.0,Delivered,3.0,660,Veg Arrabiata Penne Pasta
OD14297,CUST2757,REST_04,2026-05-26 19:04:55,,Cancelled,,900,Chicken Fried Rice & Manchurian
OD14298,CUST3027,REST_01,2026-05-14 11:20:16,29.0,Delivered,2.0,390,Butter Chicken & Naan
OD14299,CUST2181,REST_03,2026-05-12 19:59:21,42.0,Delivered,2.0,940,Mutton Biryani
OD14300,CUST2986,REST_03,2026-05-22 13:27:25,41.0,Delivered,2.0,400,Chicken Tikka Biryani
OD14301,CUST2506,REST_04,2026-04-27 11:05:11,25.0,Delivered,4.0,200,Veg Spring Rolls (6 pcs)
OD14302,CUST2391,REST_10,2026-05-02 18:47:49,33.0,Delivered,3.0,310,Paneer Tikka
OD14303,CUST3280,REST_07,2026-05-11 13:29:29,28.0,Delivered,5.0,270,Caesar Salad
OD14304,CUST2325,REST_10,2026-05-06 22:14:56,42.0,Delivered,3.0,400,Butter Chicken Combo Meal
OD14305,CUST2508,REST_10,2026-05-19 11:27:12,25.0,Delivered,5.0,330,Paneer Tikka
OD14306,CUST2964,REST_09,2026-05-10 20:45:51,47.0,Delivered,2.0,230,Paneer Tikka Sandwich
OD14307,CUST3193,REST_03,2026-04-30 21:11:38,41.0,Delivered,1.0,300,Egg Biryani
OD14308,CUST2944,REST_08,2026-05-17 11:47:37,32.0,Delivered,5.0,180,Chocolate Lava Cake
OD14309,CUST2965,REST_03,2026-04-28 20:07:51,37.0,Delivered,2.0,400,Chicken Tikka Biryani
OD14310,CUST3401,REST_10,2026-05-24 19:43:42,59.0,Delivered,1.0,210,Tandoori Roti Combo
OD14311,CUST2060,REST_05,2026-05-26 19:59:38,,Cancelled,,330,Veg Arrabiata Penne Pasta
OD14312,CUST2224,REST_08,2026-05-26 14:27:48,47.0,Delivered,3.0,140,Gulab Jamun (4 pcs)
OD14313,CUST2049,REST_05,2026-05-11 20:41:44,39.0,Delivered,5.0,450,Farmhouse Veg Pizza
OD14314,CUST2282,REST_01,2026-05-21 13:49:59,38.0,Delivered,4.0,1000,Paneer Butter Masala Meal
OD14315,CUST2886,REST_03,2026-05-08 18:29:11,40.0,Delivered,4.0,320,Veg Hyderabadi Biryani
OD14316,CUST3280,REST_09,2026-05-02 19:39:28,41.0,Delivered,2.0,490,Classic Cold Coffee
OD14317,CUST2584,REST_03,2026-05-13 20:28:59,31.0,Delivered,4.0,940,Mutton Biryani
OD14318,CUST3154,REST_07,2026-05-18 13:01:54,32.0,Delivered,5.0,270,Greek Salad
OD14319,CUST2903,REST_02,2026-05-08 21:30:50,,Cancelled,,370,Filter Coffee & Upma
OD14320,CUST3220,REST_06,2026-05-25 14:27:40,41.0,Delivered,3.0,290,Classic Cheese Burger & Fries
OD14321,CUST2105,REST_04,2026-05-24 18:42:45,36.0,Delivered,4.0,270,Veg Hakka Noodles
OD14322,CUST3030,REST_05,2026-05-14 15:34:20,24.0,Delivered,5.0,400,Margherita Pizza 10-inch
OD14323,CUST2253,REST_08,2026-05-04 21:05:00,61.0,Delivered,1.0,200,Red Velvet Pastry
OD14324,CUST2483,REST_06,2026-05-19 19:16:21,43.0,Delivered,3.0,280,Classic Cheese Burger & Fries
OD14325,CUST2529,REST_01,2026-05-18 13:51:18,39.0,Delivered,5.0,400,Tandoori Chicken Half
OD14326,CUST2374,REST_05,2026-05-18 20:03:07,37.0,Delivered,5.0,430,Margherita Pizza 10-inch
OD14327,CUST3336,REST_04,2026-05-10 19:20:40,61.0,Delivered,1.0,180,Veg Spring Rolls (6 pcs)
OD14328,CUST2539,REST_06,2026-05-22 22:50:04,84.0,Delivered,2.0,530,Classic Cheese Burger & Fries
OD14329,CUST2127,REST_07,2026-04-28 20:18:01,46.0,Delivered,2.0,280,Caesar Salad
OD14330,CUST2046,REST_02,2026-04-27 13:58:33,37.0,Delivered,4.0,170,Rava Kesari & Dosa Combo
OD14331,CUST2888,REST_02,2026-05-06 19:05:04,51.0,Delivered,2.0,340,Rava Kesari & Dosa Combo
OD14332,CUST2284,REST_07,2026-05-19 12:40:11,39.0,Delivered,4.0,230,Fresh Fruit Bowl
OD14333,CUST2840,REST_09,2026-05-10 22:39:17,62.0,Delivered,1.0,170,Classic Cold Coffee
OD14334,CUST2166,REST_10,2026-04-30 12:40:15,38.0,Delivered,5.0,380,Malai Kofta & Lachha Paratha
OD14335,CUST3424,REST_09,2026-05-17 20:47:51,47.0,Delivered,3.0,210,Hot Chocolate
OD14336,CUST3343,REST_07,2026-05-18 22:35:27,36.0,Delivered,4.0,600,High-Protein Chicken Salad
OD14337,CUST2138,REST_01,2026-05-21 12:33:03,29.0,Delivered,4.0,330,Kadhai Paneer with Roti
OD14338,CUST2549,REST_05,2026-05-23 20:22:25,37.0,Delivered,3.0,340,Veg Arrabiata Penne Pasta
OD14339,CUST3164,REST_05,2026-05-25 20:40:59,39.0,Delivered,5.0,340,Veg Arrabiata Penne Pasta
OD14340,CUST2354,REST_01,2026-05-06 20:06:19,50.0,Delivered,2.0,400,Butter Chicken & Naan
OD14341,CUST2880,REST_10,2026-05-08 13:35:04,38.0,Delivered,3.0,320,Paneer Tikka
OD14342,CUST2148,REST_10,2026-05-12 17:05:06,33.0,Delivered,4.0,390,Butter Chicken Combo Meal
OD14343,CUST2932,REST_06,2026-05-07 11:22:42,20.0,Delivered,5.0,260,Loaded Nachos
OD14344,CUST3014,REST_05,2026-05-15 17:39:52,30.0,Delivered,3.0,890,Farmhouse Veg Pizza
OD14345,CUST2900,REST_07,2026-05-14 20:43:43,31.0,Delivered,5.0,280,Caesar Salad
OD14346,CUST2960,REST_07,2026-05-04 11:23:56,19.0,Delivered,4.0,230,Fresh Fruit Bowl
OD14347,CUST2016,REST_03,2026-05-22 18:08:13,,Cancelled,,390,Chicken Tikka Biryani
OD14348,CUST2240,REST_03,2026-05-09 20:24:33,40.0,Delivered,3.0,380,Chicken Dum Biryani
OD14349,CUST2544,REST_03,2026-05-23 00:41:40,47.0,Delivered,1.0,300,Egg Biryani
OD14350,CUST2490,REST_03,2026-04-28 21:19:08,67.0,Delivered,1.0,360,Chicken Dum Biryani
OD14351,CUST3090,REST_06,2026-05-06 13:10:16,51.0,Delivered,4.0,230,Chicken Nuggets (9 pcs)
OD14352,CUST2188,REST_07,2026-05-12 07:03:14,33.0,Delivered,2.0,270,Greek Salad
OD14353,CUST2545,REST_03,2026-05-24 20:01:23,56.0,Delivered,1.0,350,Chicken Dum Biryani
OD14354,CUST3484,REST_09,2026-05-25 18:00:28,28.0,Delivered,4.0,200,Classic Cold Coffee
OD14355,CUST2037,REST_09,2026-05-23 19:49:58,59.0,Delivered,1.0,410,Paneer Tikka Sandwich
OD14356,CUST2128,REST_02,2026-05-22 19:48:17,49.0,Delivered,1.0,170,Rava Kesari & Dosa Combo
OD14357,CUST2346,REST_02,2026-04-29 18:32:26,25.0,Delivered,4.0,140,Idli Vada Combo
OD14358,CUST3461,REST_08,2026-05-05 19:56:20,29.0,Delivered,4.0,320,Red Velvet Pastry
OD14359,CUST2188,REST_10,2026-05-23 07:43:15,33.0,Delivered,4.0,200,Tandoori Roti Combo
OD14360,CUST3318,REST_10,2026-05-12 20:10:58,35.0,Delivered,5.0,300,Paneer Tikka
OD14361,CUST2072,REST_07,2026-04-29 18:12:45,27.0,Delivered,5.0,260,Caesar Salad
OD14362,CUST2789,REST_02,2026-05-14 18:23:55,28.0,Delivered,4.0,170,Rava Kesari & Dosa Combo
OD14363,CUST2789,REST_02,2026-05-18 20:45:24,50.0,Delivered,3.0,140,Idli Vada Combo
OD14364,CUST3463,REST_03,2026-05-03 19:13:01,39.0,Delivered,3.0,360,Chicken Dum Biryani
OD14365,CUST3208,REST_08,2026-05-04 18:29:23,29.0,Delivered,4.0,170,Kulfi Falooda
OD14366,CUST3318,REST_02,2026-04-28 18:49:21,15.0,Delivered,5.0,160,Masala Dosa with Sambar
OD14367,CUST2613,REST_02,2026-05-13 21:16:46,46.0,Delivered,3.0,320,Idli Vada Combo
OD14368,CUST3447,REST_05,2026-05-26 08:05:57,,Cancelled,,400,Chicken Alfredo Pasta
OD14369,CUST2416,REST_03,2026-05-04 12:12:59,47.0,Delivered,1.0,610,Veg Hyderabadi Biryani
OD14370,CUST2221,REST_02,2026-05-03 20:55:53,57.0,Delivered,1.0,150,Masala Dosa with Sambar
OD14371,CUST2433,REST_06,2026-04-30 08:33:37,23.0,Delivered,5.0,240,Crispy Chicken Burger
OD14372,CUST2988,REST_10,2026-05-16 20:04:12,66.0,Delivered,2.0,390,Butter Chicken Combo Meal
OD14373,CUST3045,REST_03,2026-05-05 13:48:20,50.0,Delivered,3.0,380,Chicken Tikka Biryani
OD14374,CUST3150,REST_01,2026-05-23 19:32:02,45.0,Delivered,3.0,890,Dal Makhani with Jeera Rice
OD14375,CUST2560,REST_03,2026-05-05 06:46:49,28.0,Delivered,3.0,500,Mutton Biryani
OD14376,CUST2083,REST_08,2026-05-26 12:57:40,30.0,Delivered,4.0,130,Gulab Jamun (4 pcs)
OD14377,CUST3181,REST_09,2026-05-16 20:21:57,64.0,Delivered,1.0,350,Iced Latte
OD14378,CUST2560,REST_01,2026-05-05 14:26:29,65.0,Delivered,2.0,680,Paneer Butter Masala Meal
OD14379,CUST2706,REST_08,2026-05-12 14:53:56,52.0,Delivered,3.0,160,Chocolate Lava Cake
OD14380,CUST2869,REST_07,2026-04-28 18:38:51,20.0,Delivered,5.0,330,High-Protein Chicken Salad
OD14381,CUST2197,REST_05,2026-05-23 19:57:53,58.0,Delivered,2.0,790,Margherita Pizza 10-inch
OD14382,CUST2742,REST_01,2026-04-27 20:17:34,44.0,Delivered,2.0,350,Kadhai Paneer with Roti
OD14383,CUST2224,REST_08,2026-05-13 22:27:41,64.0,Delivered,2.0,140,Gulab Jamun (4 pcs)
OD14384,CUST3190,REST_08,2026-05-08 22:44:55,47.0,Delivered,1.0,170,Red Velvet Pastry
OD14385,CUST2400,REST_05,2026-05-07 14:01:07,49.0,Delivered,1.0,430,Margherita Pizza 10-inch
OD14386,CUST2183,REST_08,2026-05-16 22:44:14,56.0,Delivered,2.0,500,Red Velvet Pastry
OD14387,CUST2802,REST_02,2026-05-01 14:57:10,,Cancelled,,160,Masala Dosa with Sambar
OD14388,CUST2912,REST_09,2026-04-28 14:18:08,35.0,Delivered,4.0,210,Hot Chocolate
OD14389,CUST2355,REST_08,2026-05-21 18:05:18,27.0,Delivered,5.0,190,Red Velvet Pastry
OD14390,CUST3031,REST_03,2026-05-22 20:06:49,,Cancelled,,300,Egg Biryani
OD14391,CUST3209,REST_05,2026-05-19 12:13:50,29.0,Delivered,5.0,180,Garlic Bread with Cheese
OD14392,CUST3083,REST_07,2026-05-12 22:53:29,,Cancelled,,220,Fresh Fruit Bowl
OD14393,CUST2228,REST_05,2026-05-20 17:59:12,33.0,Delivered,4.0,460,Farmhouse Veg Pizza
OD14394,CUST2152,REST_03,2026-05-18 11:06:21,41.0,Delivered,2.0,500,Mutton Biryani
OD14395,CUST2503,REST_10,2026-04-30 13:44:21,36.0,Delivered,5.0,380,Butter Chicken Combo Meal
OD14396,CUST3155,REST_01,2026-05-21 14:16:46,34.0,Delivered,5.0,430,Tandoori Chicken Half
OD14397,CUST3404,REST_10,2026-05-19 00:43:36,35.0,Delivered,2.0,400,Butter Chicken Combo Meal
OD14398,CUST2906,REST_10,2026-05-14 20:12:24,45.0,Delivered,2.0,590,Paneer Tikka
OD14399,CUST3162,REST_08,2026-05-12 20:46:36,53.0,Delivered,4.0,290,Kulfi Falooda
OD14400,CUST2828,REST_03,2026-05-07 20:09:45,51.0,Delivered,1.0,310,Veg Hyderabadi Biryani
OD14401,CUST2843,REST_04,2026-05-06 19:29:47,50.0,Delivered,2.0,330,Chicken Fried Rice & Manchurian
OD14402,CUST3184,REST_06,2026-05-01 19:36:47,51.0,Delivered,4.0,210,Spicy Paneer Wrap
OD14403,CUST2360,REST_05,2026-05-04 21:29:55,42.0,Delivered,2.0,380,Chicken Alfredo Pasta
OD14404,CUST2066,REST_10,2026-05-04 18:56:21,30.0,Delivered,3.0,230,Tandoori Roti Combo
OD14405,CUST2310,REST_01,2026-05-18 19:59:03,50.0,Delivered,3.0,420,Tandoori Chicken Half
OD14406,CUST3336,REST_01,2026-05-24 20:12:29,48.0,Delivered,2.0,340,Paneer Butter Masala Meal
OD14407,CUST2304,REST_10,2026-04-28 17:37:12,34.0,Delivered,5.0,320,Paneer Tikka
OD14408,CUST3496,REST_09,2026-05-22 20:07:14,37.0,Delivered,5.0,200,Iced Latte
OD14409,CUST2113,REST_05,2026-05-22 20:24:17,49.0,Delivered,3.0,430,Margherita Pizza 10-inch
OD14410,CUST2231,REST_04,2026-04-27 11:11:12,33.0,Delivered,5.0,330,Chicken Fried Rice & Manchurian
OD14411,CUST3306,REST_03,2026-05-02 18:20:02,29.0,Delivered,3.0,380,Chicken Tikka Biryani
OD14412,CUST2804,REST_02,2026-05-24 19:14:43,44.0,Delivered,3.0,140,Masala Dosa with Sambar
OD14413,CUST2367,REST_09,2026-05-23 11:41:39,28.0,Delivered,4.0,240,Club Sandwich
OD14414,CUST3101,REST_02,2026-05-16 21:47:54,51.0,Delivered,2.0,150,Onion Uttapam
OD14415,CUST2914,REST_01,2026-04-27 22:19:43,38.0,Delivered,4.0,370,Butter Chicken & Naan
OD14416,CUST3327,REST_01,2026-05-19 18:27:49,32.0,Delivered,4.0,380,Butter Chicken & Naan
OD14417,CUST3250,REST_08,2026-05-17 13:22:26,44.0,Delivered,2.0,180,Red Velvet Pastry
OD14418,CUST2951,REST_10,2026-04-27 14:36:28,39.0,Delivered,4.0,680,Malai Kofta & Lachha Paratha
OD14419,CUST3291,REST_10,2026-04-27 15:27:55,28.0,Delivered,5.0,410,Tandoori Roti Combo
OD14420,CUST2125,REST_03,2026-05-05 05:25:48,30.0,Delivered,2.0,490,Mutton Biryani
OD14421,CUST2524,REST_06,2026-05-01 12:51:34,31.0,Delivered,5.0,290,Classic Cheese Burger & Fries
OD14422,CUST3249,REST_09,2026-05-12 22:21:42,49.0,Delivered,2.0,180,Iced Latte
OD14423,CUST3192,REST_02,2026-05-04 12:22:14,42.0,Delivered,2.0,120,Idli Vada Combo
OD14424,CUST3232,REST_08,2026-04-28 23:11:58,20.0,Delivered,5.0,160,Kulfi Falooda
OD14425,CUST2820,REST_05,2026-05-05 13:21:34,,Cancelled,,330,Veg Arrabiata Penne Pasta
OD14426,CUST3262,REST_06,2026-05-19 13:38:49,46.0,Delivered,1.0,290,Classic Cheese Burger & Fries
OD14427,CUST3361,REST_05,2026-04-27 19:17:20,48.0,Delivered,2.0,180,Garlic Bread with Cheese
OD14428,CUST2201,REST_08,2026-05-26 11:53:32,33.0,Delivered,5.0,300,Kulfi Falooda
OD14429,CUST2941,REST_05,2026-04-27 21:39:54,41.0,Delivered,2.0,410,Chicken Alfredo Pasta
OD14430,CUST2905,REST_09,2026-05-03 19:53:10,52.0,Delivered,3.0,210,Paneer Tikka Sandwich
OD14431,CUST3033,REST_10,2026-04-29 16:57:24,,Cancelled,,360,Malai Kofta & Lachha Paratha
OD14432,CUST2457,REST_07,2026-05-23 12:20:37,41.0,Delivered,2.0,360,Quinoa Avocado Salad
OD14433,CUST2748,REST_06,2026-05-09 22:58:28,68.0,Delivered,1.0,210,Chicken Nuggets (9 pcs)
OD14434,CUST2305,REST_06,2026-05-18 15:51:52,24.0,Delivered,4.0,420,Chicken Nuggets (9 pcs)
OD14435,CUST2824,REST_05,2026-05-07 18:07:28,16.0,Delivered,4.0,410,Margherita Pizza 10-inch
OD14436,CUST3169,REST_07,2026-05-15 19:59:09,60.0,Delivered,2.0,210,Fresh Fruit Bowl
OD14437,CUST2172,REST_06,2026-05-16 20:28:28,,Cancelled,,220,Chicken Nuggets (9 pcs)
OD14438,CUST2442,REST_04,2026-05-12 22:27:30,42.0,Delivered,3.0,310,Chicken Fried Rice & Manchurian
OD14439,CUST2075,REST_04,2026-05-20 21:42:23,43.0,Delivered,2.0,480,Schezwan Noodles
OD14440,CUST3389,REST_07,2026-05-14 20:31:24,47.0,Delivered,1.0,280,Caesar Salad
OD14441,CUST2879,REST_01,2026-05-25 13:34:49,31.0,Delivered,3.0,670,Paneer Butter Masala Meal
OD14442,CUST2291,REST_02,2026-05-07 23:26:29,21.0,Delivered,5.0,180,Onion Uttapam
OD14443,CUST3001,REST_03,2026-05-18 12:23:45,28.0,Delivered,4.0,290,Egg Biryani
OD14444,CUST3420,REST_08,2026-05-02 15:45:42,32.0,Delivered,5.0,160,Chocolate Lava Cake
OD14445,CUST2357,REST_05,2026-05-05 19:58:11,44.0,Delivered,4.0,330,Veg Arrabiata Penne Pasta
OD14446,CUST2697,REST_08,2026-05-17 20:31:00,54.0,Delivered,3.0,290,Kulfi Falooda
OD14447,CUST2020,REST_06,2026-05-07 09:34:12,24.0,Delivered,5.0,440,Crispy Chicken Burger
OD14448,CUST3266,REST_09,2026-05-23 12:34:53,43.0,Delivered,2.0,170,Classic Cold Coffee
OD14449,CUST2530,REST_01,2026-04-29 15:40:41,29.0,Delivered,5.0,300,Dal Makhani with Jeera Rice
OD14450,CUST3078,REST_06,2026-05-22 20:53:59,50.0,Delivered,1.0,260,Crispy Chicken Burger
OD14451,CUST3337,REST_08,2026-05-19 23:50:46,24.0,Delivered,5.0,350,Gulab Jamun (4 pcs)
OD14452,CUST2137,REST_04,2026-05-19 13:42:18,35.0,Delivered,4.0,190,Veg Spring Rolls (6 pcs)
OD14453,CUST3265,REST_01,2026-05-03 19:07:37,59.0,Delivered,1.0,610,Dal Makhani with Jeera Rice
OD14454,CUST3311,REST_09,2026-05-09 16:27:13,21.0,Delivered,5.0,360,Iced Latte
OD14455,CUST2897,REST_10,2026-05-04 12:59:12,,Cancelled,,380,Butter Chicken Combo Meal
OD14456,CUST3289,REST_04,2026-05-20 20:57:03,46.0,Delivered,3.0,320,Chilli Chicken Gravy
OD14457,CUST2245,REST_07,2026-05-09 12:54:15,38.0,Delivered,4.0,350,Quinoa Avocado Salad
OD14458,CUST2661,REST_08,2026-05-14 16:24:32,25.0,Delivered,5.0,120,Gulab Jamun (4 pcs)
OD14459,CUST3360,REST_09,2026-05-06 20:20:56,51.0,Delivered,2.0,230,Paneer Tikka Sandwich
OD14460,CUST2114,REST_08,2026-05-15 17:19:16,36.0,Delivered,2.0,190,Chocolate Lava Cake
OD14461,CUST2146,REST_07,2026-05-17 21:13:15,54.0,Delivered,2.0,520,Caesar Salad
OD14462,CUST2497,REST_03,2026-05-25 15:10:27,36.0,Delivered,5.0,480,Mutton Biryani
OD14463,CUST2842,REST_10,2026-05-20 13:08:02,47.0,Delivered,2.0,330,Chicken Seekh Kebab
OD14464,CUST2280,REST_05,2026-05-18 16:46:35,23.0,Delivered,5.0,170,Garlic Bread with Cheese
OD14465,CUST2505,REST_07,2026-05-22 20:16:24,50.0,Delivered,4.0,280,Greek Salad
OD14466,CUST3000,REST_04,2026-05-06 21:54:17,58.0,Delivered,1.0,330,Chilli Chicken Gravy
OD14467,CUST2762,REST_08,2026-05-05 12:15:23,29.0,Delivered,4.0,180,Chocolate Lava Cake
OD14468,CUST3114,REST_01,2026-05-15 19:16:47,70.0,Delivered,1.0,330,Dal Makhani with Jeera Rice
OD14469,CUST3466,REST_08,2026-05-04 20:46:37,,Cancelled,,130,Gulab Jamun (4 pcs)
OD14470,CUST2925,REST_07,2026-04-28 19:15:38,47.0,Delivered,1.0,760,Caesar Salad
OD14471,CUST3198,REST_05,2026-05-13 19:00:58,46.0,Delivered,2.0,390,Chicken Alfredo Pasta
OD14472,CUST2163,REST_07,2026-05-21 22:28:41,52.0,Delivered,3.0,270,Greek Salad
OD14473,CUST2269,REST_10,2026-05-15 10:34:00,25.0,Delivered,4.0,310,Paneer Tikka
OD14474,CUST2201,REST_01,2026-05-13 15:38:46,15.0,Delivered,5.0,330,Dal Makhani with Jeera Rice
OD14475,CUST2787,REST_06,2026-05-25 19:28:48,36.0,Delivered,4.0,210,Chicken Nuggets (9 pcs)
OD14476,CUST2266,REST_07,2026-05-26 06:49:21,26.0,Delivered,3.0,690,Quinoa Avocado Salad
OD14477,CUST2985,REST_09,2026-05-10 21:01:14,45.0,Delivered,2.0,240,Paneer Tikka Sandwich
OD14478,CUST2734,REST_05,2026-05-19 20:34:43,58.0,Delivered,1.0,460,Farmhouse Veg Pizza
OD14479,CUST2985,REST_07,2026-05-26 12:07:01,63.0,Delivered,2.0,340,Quinoa Avocado Salad
OD14480,CUST3244,REST_09,2026-05-12 20:11:08,52.0,Delivered,1.0,240,Club Sandwich
OD14481,CUST3461,REST_02,2026-05-26 20:53:47,40.0,Delivered,5.0,160,Masala Dosa with Sambar
OD14482,CUST2905,REST_08,2026-05-16 22:33:03,72.0,Delivered,2.0,160,Chocolate Lava Cake
OD14483,CUST3176,REST_02,2026-05-05 20:45:43,39.0,Delivered,4.0,140,Filter Coffee & Upma
OD14484,CUST3369,REST_09,2026-05-17 12:41:19,43.0,Delivered,4.0,210,Iced Latte
OD14485,CUST2743,REST_05,2026-05-11 20:27:28,61.0,Delivered,1.0,200,Garlic Bread with Cheese
OD14486,CUST2639,REST_06,2026-05-23 09:55:50,39.0,Delivered,3.0,240,Crispy Chicken Burger
OD14487,CUST3350,REST_05,2026-05-14 19:03:49,40.0,Delivered,4.0,420,Margherita Pizza 10-inch
OD14488,CUST3250,REST_10,2026-05-12 23:32:27,22.0,Delivered,4.0,340,Chicken Seekh Kebab
OD14489,CUST3155,REST_07,2026-05-07 12:56:32,24.0,Delivered,5.0,500,Caesar Salad
OD14490,CUST2874,REST_06,2026-05-22 11:09:22,29.0,Delivered,4.0,440,Crispy Chicken Burger
OD14491,CUST3249,REST_03,2026-05-26 16:41:59,28.0,Delivered,4.0,370,Chicken Dum Biryani
OD14492,CUST2901,REST_01,2026-05-25 14:49:22,,Cancelled,,740,Butter Chicken & Naan
OD14493,CUST3488,REST_03,2026-05-19 12:05:06,41.0,Delivered,2.0,330,Veg Hyderabadi Biryani
OD14494,CUST2718,REST_07,2026-05-12 21:34:05,52.0,Delivered,3.0,200,Fresh Fruit Bowl
OD14495,CUST2245,REST_09,2026-05-05 07:41:29,22.0,Delivered,5.0,220,Paneer Tikka Sandwich
OD14496,CUST2363,REST_02,2026-05-12 20:04:50,40.0,Delivered,4.0,380,Masala Dosa with Sambar
OD14497,CUST3212,REST_01,2026-05-25 19:26:56,39.0,Delivered,5.0,400,Butter Chicken & Naan
OD14498,CUST3298,REST_05,2026-05-17 16:57:15,38.0,Delivered,2.0,390,Chicken Alfredo Pasta
OD14499,CUST2807,REST_01,2026-05-01 15:37:10,,Cancelled,,590,Dal Makhani with Jeera Rice
OD14500,CUST2107,REST_02,2026-05-13 21:27:14,47.0,Delivered,1.0,120,Idli Vada Combo
OD14501,CUST2225,REST_02,2026-05-19 18:21:12,20.0,Delivered,5.0,130,Filter Coffee & Upma
OD14502,CUST2383,REST_07,2026-05-26 18:44:33,21.0,Delivered,4.0,360,Quinoa Avocado Salad
OD14503,CUST3067,REST_08,2026-04-30 20:09:12,38.0,Delivered,5.0,160,Kulfi Falooda
OD14504,CUST3441,REST_08,2026-05-12 07:59:20,19.0,Delivered,5.0,130,Gulab Jamun (4 pcs)
OD14505,CUST2996,REST_06,2026-05-26 12:53:39,,Cancelled,,220,Spicy Paneer Wrap
OD14506,CUST2324,REST_05,2026-04-30 05:30:55,30.0,Delivered,4.0,170,Garlic Bread with Cheese
OD14507,CUST3016,REST_06,2026-05-23 20:20:48,47.0,Delivered,1.0,230,Crispy Chicken Burger
OD14508,CUST2955,REST_04,2026-05-19 19:22:12,35.0,Delivered,3.0,330,Chilli Chicken Gravy
OD14509,CUST2247,REST_03,2026-05-06 19:40:57,67.0,Delivered,2.0,490,Mutton Biryani
OD14510,CUST2198,REST_03,2026-05-06 20:03:08,44.0,Delivered,2.0,320,Veg Hyderabadi Biryani
OD14511,CUST3248,REST_08,2026-05-03 23:31:17,32.0,Delivered,5.0,320,Chocolate Lava Cake
OD14512,CUST2779,REST_10,2026-05-20 21:40:38,49.0,Delivered,3.0,300,Paneer Tikka
OD14513,CUST3248,REST_05,2026-05-07 19:38:00,46.0,Delivered,3.0,420,Margherita Pizza 10-inch
OD14514,CUST2945,REST_01,2026-05-21 19:31:51,46.0,Delivered,4.0,420,Tandoori Chicken Half
OD14515,CUST2945,REST_08,2026-05-11 14:13:04,41.0,Delivered,1.0,140,Gulab Jamun (4 pcs)
OD14516,CUST2863,REST_05,2026-05-04 14:50:53,30.0,Delivered,5.0,390,Chicken Alfredo Pasta
OD14517,CUST3123,REST_07,2026-05-12 22:37:43,47.0,Delivered,2.0,230,Fresh Fruit Bowl
OD14518,CUST3421,REST_06,2026-04-30 14:55:35,39.0,Delivered,5.0,430,Chicken Nuggets (9 pcs)
OD14519,CUST2419,REST_03,2026-04-27 16:27:31,24.0,Delivered,4.0,490,Mutton Biryani
OD14520,CUST3285,REST_05,2026-05-13 20:44:59,43.0,Delivered,2.0,400,Margherita Pizza 10-inch
OD14521,CUST2362,REST_07,2026-05-21 19:14:04,50.0,Delivered,3.0,320,High-Protein Chicken Salad
OD14522,CUST3078,REST_02,2026-05-13 12:14:26,28.0,Delivered,5.0,160,Onion Uttapam
OD14523,CUST2284,REST_07,2026-04-30 21:58:57,51.0,Delivered,1.0,260,Caesar Salad
OD14524,CUST3347,REST_01,2026-05-05 19:47:49,34.0,Delivered,5.0,380,Butter Chicken & Naan
OD14525,CUST2559,REST_06,2026-05-19 07:37:58,26.0,Delivered,4.0,440,Crispy Chicken Burger
OD14526,CUST3034,REST_01,2026-05-19 08:56:54,39.0,Delivered,5.0,640,Kadhai Paneer with Roti
OD14527,CUST3486,REST_06,2026-05-25 18:49:48,,Cancelled,,500,Classic Cheese Burger & Fries
OD14528,CUST2373,REST_07,2026-05-15 18:35:00,28.0,Delivered,2.0,490,Greek Salad
OD14529,CUST2221,REST_10,2026-04-30 13:45:34,37.0,Delivered,4.0,350,Chicken Seekh Kebab
OD14530,CUST2466,REST_05,2026-04-29 21:29:21,56.0,Delivered,1.0,190,Garlic Bread with Cheese
OD14531,CUST3265,REST_01,2026-05-20 20:19:30,68.0,Delivered,1.0,310,Dal Makhani with Jeera Rice
OD14532,CUST2396,REST_06,2026-05-05 21:40:59,52.0,Delivered,4.0,240,Chicken Nuggets (9 pcs)
OD14533,CUST2718,REST_08,2026-05-11 14:27:57,35.0,Delivered,3.0,200,Sizzling Brownie
OD14534,CUST2212,REST_01,2026-05-12 12:45:46,48.0,Delivered,1.0,300,Dal Makhani with Jeera Rice
OD14535,CUST2660,REST_10,2026-05-26 21:54:35,48.0,Delivered,2.0,200,Tandoori Roti Combo
OD14536,CUST2503,REST_05,2026-05-06 22:06:16,37.0,Delivered,4.0,440,Farmhouse Veg Pizza
OD14537,CUST2345,REST_07,2026-05-08 09:44:33,37.0,Delivered,3.0,260,Greek Salad
OD14538,CUST2573,REST_10,2026-05-25 12:47:54,59.0,Delivered,1.0,700,Malai Kofta & Lachha Paratha
OD14539,CUST2757,REST_09,2026-05-22 15:03:05,37.0,Delivered,2.0,200,Classic Cold Coffee
OD14540,CUST3282,REST_08,2026-05-22 17:45:33,35.0,Delivered,5.0,180,Kulfi Falooda
OD14541,CUST2967,REST_03,2026-04-28 19:00:54,48.0,Delivered,1.0,300,Veg Hyderabadi Biryani
OD14542,CUST2837,REST_07,2026-05-15 06:51:57,40.0,Delivered,3.0,250,Greek Salad
OD14543,CUST3223,REST_08,2026-05-18 05:56:07,24.0,Delivered,5.0,190,Red Velvet Pastry
OD14544,CUST2214,REST_08,2026-05-15 19:48:14,58.0,Delivered,1.0,570,Sizzling Brownie
OD14545,CUST2115,REST_02,2026-05-13 23:18:28,23.0,Delivered,4.0,130,Filter Coffee & Upma
OD14546,CUST2350,REST_04,2026-05-21 20:18:45,,Cancelled,,270,Veg Hakka Noodles
OD14547,CUST2706,REST_07,2026-05-20 20:01:00,43.0,Delivered,2.0,340,High-Protein Chicken Salad
OD14548,CUST3102,REST_03,2026-05-22 21:58:20,47.0,Delivered,1.0,350,Chicken Dum Biryani
OD14549,CUST3404,REST_08,2026-05-11 10:48:32,54.0,Delivered,4.0,180,Kulfi Falooda
OD14550,CUST2056,REST_07,2026-05-22 18:51:45,34.0,Delivered,4.0,230,Fresh Fruit Bowl
OD14551,CUST3296,REST_06,2026-05-13 12:14:21,32.0,Delivered,5.0,260,Classic Cheese Burger & Fries
OD14552,CUST2871,REST_02,2026-05-13 09:50:32,39.0,Delivered,5.0,430,Onion Uttapam
OD14553,CUST3332,REST_08,2026-04-28 21:22:34,37.0,Delivered,4.0,180,Chocolate Lava Cake
OD14554,CUST2327,REST_07,2026-05-18 13:13:17,36.0,Delivered,3.0,900,High-Protein Chicken Salad
OD14555,CUST3218,REST_02,2026-05-07 21:24:46,60.0,Delivered,2.0,170,Masala Dosa with Sambar
OD14556,CUST3040,REST_02,2026-04-27 18:46:13,21.0,Delivered,5.0,140,Filter Coffee & Upma
OD14557,CUST2271,REST_07,2026-05-01 13:58:28,54.0,Delivered,3.0,230,Fresh Fruit Bowl
OD14558,CUST3395,REST_07,2026-05-16 19:27:08,42.0,Delivered,2.0,260,Caesar Salad
OD14559,CUST3117,REST_03,2026-04-30 20:25:33,37.0,Delivered,4.0,290,Egg Biryani
OD14560,CUST2513,REST_01,2026-05-03 21:17:37,45.0,Delivered,1.0,300,Dal Makhani with Jeera Rice
OD14561,CUST2162,REST_03,2026-05-25 13:20:22,38.0,Delivered,5.0,330,Veg Hyderabadi Biryani
OD14562,CUST3425,REST_10,2026-05-04 20:55:44,47.0,Delivered,3.0,360,Chicken Seekh Kebab
OD14563,CUST3485,REST_03,2026-04-29 20:41:04,58.0,Delivered,2.0,500,Mutton Biryani
OD14564,CUST3064,REST_10,2026-05-12 19:27:30,38.0,Delivered,2.0,700,Malai Kofta & Lachha Paratha
OD14565,CUST2925,REST_02,2026-05-21 22:34:16,44.0,Delivered,3.0,260,Filter Coffee & Upma
OD14566,CUST2357,REST_09,2026-05-09 23:37:53,22.0,Delivered,5.0,230,Club Sandwich
OD14567,CUST2776,REST_04,2026-05-06 12:43:42,75.0,Delivered,1.0,310,Chicken Fried Rice & Manchurian
OD14568,CUST2339,REST_01,2026-04-28 19:24:50,33.0,Delivered,4.0,370,Butter Chicken & Naan
OD14569,CUST2897,REST_07,2026-05-16 19:34:14,46.0,Delivered,2.0,720,Greek Salad
OD14570,CUST3196,REST_05,2026-05-18 21:49:07,44.0,Delivered,2.0,200,Garlic Bread with Cheese
OD14571,CUST2926,REST_01,2026-05-14 20:31:15,49.0,Delivered,2.0,400,Butter Chicken & Naan
OD14572,CUST2900,REST_03,2026-05-01 15:25:15,25.0,Delivered,4.0,350,Chicken Dum Biryani
OD14573,CUST3260,REST_01,2026-04-28 20:00:04,32.0,Delivered,4.0,380,Butter Chicken & Naan
OD14574,CUST2922,REST_09,2026-05-12 06:53:50,,Cancelled,,240,Club Sandwich
OD14575,CUST3067,REST_08,2026-05-02 19:58:09,58.0,Delivered,1.0,290,Kulfi Falooda
OD14576,CUST3337,REST_01,2026-05-01 15:34:57,21.0,Delivered,5.0,390,Butter Chicken & Naan
OD14577,CUST3293,REST_04,2026-05-05 21:18:52,42.0,Delivered,3.0,260,Schezwan Noodles
OD14578,CUST2306,REST_09,2026-05-04 12:24:02,37.0,Delivered,5.0,190,Iced Latte
OD14579,CUST3022,REST_06,2026-04-29 21:14:01,57.0,Delivered,1.0,260,Loaded Nachos
OD14580,CUST3454,REST_03,2026-05-22 21:38:27,81.0,Delivered,2.0,310,Veg Hyderabadi Biryani
OD14581,CUST3041,REST_04,2026-05-21 13:35:02,28.0,Delivered,4.0,320,Chicken Fried Rice & Manchurian
OD14582,CUST2170,REST_05,2026-05-20 13:50:38,32.0,Delivered,5.0,350,Veg Arrabiata Penne Pasta
OD14583,CUST2419,REST_05,2026-05-08 23:28:40,43.0,Delivered,1.0,200,Garlic Bread with Cheese
OD14584,CUST2157,REST_02,2026-05-26 16:22:24,28.0,Delivered,5.0,150,Onion Uttapam
OD14585,CUST2220,REST_08,2026-05-04 21:50:57,53.0,Delivered,2.0,160,Chocolate Lava Cake
OD14586,CUST2690,REST_01,2026-05-21 07:46:15,24.0,Delivered,5.0,390,Butter Chicken & Naan
OD14587,CUST2285,REST_01,2026-05-11 13:52:34,,Cancelled,,340,Paneer Butter Masala Meal
OD14588,CUST2081,REST_07,2026-04-27 20:01:39,49.0,Delivered,3.0,230,Fresh Fruit Bowl
OD14589,CUST3251,REST_09,2026-04-30 19:39:36,52.0,Delivered,4.0,240,Paneer Tikka Sandwich
OD14590,CUST3077,REST_05,2026-05-23 19:09:59,41.0,Delivered,2.0,180,Garlic Bread with Cheese
OD14591,CUST2812,REST_04,2026-05-20 22:00:54,48.0,Delivered,3.0,310,Chicken Fried Rice & Manchurian
OD14592,CUST2803,REST_10,2026-05-25 20:07:04,57.0,Delivered,1.0,670,Chicken Seekh Kebab
OD14593,CUST2517,REST_07,2026-05-10 20:59:59,38.0,Delivered,5.0,320,High-Protein Chicken Salad
OD14594,CUST2933,REST_01,2026-04-27 21:32:49,37.0,Delivered,4.0,370,Paneer Butter Masala Meal
OD14595,CUST3270,REST_08,2026-05-03 19:33:41,,Cancelled,,170,Red Velvet Pastry
OD14596,CUST3277,REST_01,2026-05-25 21:09:15,43.0,Delivered,4.0,600,Dal Makhani with Jeera Rice
OD14597,CUST3008,REST_03,2026-05-02 08:54:47,31.0,Delivered,5.0,390,Chicken Tikka Biryani
OD14598,CUST2097,REST_10,2026-05-18 06:43:40,15.0,Delivered,5.0,400,Tandoori Roti Combo
OD14599,CUST3379,REST_07,2026-04-28 07:19:21,40.0,Delivered,4.0,260,Greek Salad
OD14600,CUST3295,REST_05,2026-05-20 21:10:30,57.0,Delivered,2.0,390,Chicken Alfredo Pasta
OD14601,CUST2709,REST_01,2026-05-23 11:49:29,53.0,Delivered,2.0,790,Tandoori Chicken Half
OD14602,CUST3054,REST_04,2026-05-25 21:26:00,42.0,Delivered,3.0,260,Veg Hakka Noodles
OD14603,CUST3458,REST_07,2026-05-02 12:56:42,49.0,Delivered,2.0,370,Quinoa Avocado Salad
OD14604,CUST2067,REST_02,2026-05-15 14:28:35,44.0,Delivered,1.0,120,Idli Vada Combo
OD14605,CUST3085,REST_07,2026-05-04 21:58:48,38.0,Delivered,5.0,350,Quinoa Avocado Salad
OD14606,CUST2563,REST_03,2026-05-09 20:48:28,37.0,Delivered,5.0,940,Mutton Biryani
OD14607,CUST2996,REST_05,2026-05-06 13:39:34,44.0,Delivered,4.0,380,Chicken Alfredo Pasta
OD14608,CUST2844,REST_05,2026-05-01 21:25:42,54.0,Delivered,2.0,440,Farmhouse Veg Pizza
OD14609,CUST2869,REST_07,2026-05-22 20:58:41,,Cancelled,,290,Caesar Salad
OD14610,CUST2935,REST_07,2026-05-26 16:38:43,33.0,Delivered,4.0,280,Greek Salad
OD14611,CUST3431,REST_05,2026-05-14 12:45:18,,Cancelled,,460,Farmhouse Veg Pizza
OD14612,CUST2499,REST_05,2026-04-30 12:42:24,81.0,Delivered,1.0,650,Veg Arrabiata Penne Pasta
OD14613,CUST2159,REST_04,2026-05-21 07:18:26,26.0,Delivered,4.0,320,Chilli Chicken Gravy
OD14614,CUST2127,REST_06,2026-05-14 12:02:51,34.0,Delivered,5.0,240,Chicken Nuggets (9 pcs)
OD14615,CUST2100,REST_08,2026-05-17 09:58:05,29.0,Delivered,5.0,200,Sizzling Brownie
OD14616,CUST3254,REST_06,2026-05-12 11:07:03,18.0,Delivered,5.0,230,Spicy Paneer Wrap
OD14617,CUST3113,REST_01,2026-05-10 11:39:50,37.0,Delivered,4.0,430,Tandoori Chicken Half
OD14618,CUST2272,REST_07,2026-05-23 12:02:17,33.0,Delivered,5.0,620,High-Protein Chicken Salad
OD14619,CUST2899,REST_09,2026-05-13 14:58:22,41.0,Delivered,2.0,210,Paneer Tikka Sandwich
OD14620,CUST2492,REST_04,2026-05-25 14:19:41,44.0,Delivered,3.0,340,Veg Spring Rolls (6 pcs)
OD14621,CUST2424,REST_08,2026-04-28 17:30:15,32.0,Delivered,5.0,200,Sizzling Brownie
OD14622,CUST3248,REST_08,2026-05-09 19:01:02,55.0,Delivered,3.0,200,Sizzling Brownie
OD14623,CUST2561,REST_05,2026-05-09 09:39:02,28.0,Delivered,5.0,170,Garlic Bread with Cheese
OD14624,CUST2689,REST_06,2026-05-05 20:40:54,46.0,Delivered,3.0,400,Chicken Nuggets (9 pcs)
OD14625,CUST2852,REST_04,2026-05-09 21:05:58,54.0,Delivered,1.0,250,Schezwan Noodles
OD14626,CUST2774,REST_04,2026-05-05 20:12:11,46.0,Delivered,2.0,260,Schezwan Noodles
OD14627,CUST2830,REST_05,2026-05-22 14:10:40,37.0,Delivered,4.0,500,Garlic Bread with Cheese
OD14628,CUST2038,REST_08,2026-05-19 21:44:01,74.0,Delivered,2.0,150,Kulfi Falooda
OD14629,CUST2901,REST_01,2026-05-05 21:37:57,,Cancelled,,410,Tandoori Chicken Half
OD14630,CUST2975,REST_01,2026-04-28 23:51:01,28.0,Delivered,4.0,430,Tandoori Chicken Half
OD14631,CUST3271,REST_08,2026-05-06 20:26:42,38.0,Delivered,5.0,230,Sizzling Brownie
OD14632,CUST2844,REST_03,2026-05-24 14:27:50,40.0,Delivered,5.0,320,Veg Hyderabadi Biryani
OD14633,CUST2367,REST_03,2026-05-09 19:33:22,49.0,Delivered,1.0,760,Chicken Tikka Biryani
OD14634,CUST2045,REST_05,2026-05-18 19:02:52,47.0,Delivered,2.0,340,Veg Arrabiata Penne Pasta
OD14635,CUST3251,REST_02,2026-04-30 22:39:02,55.0,Delivered,2.0,150,Onion Uttapam
OD14636,CUST2801,REST_03,2026-05-04 23:19:37,15.0,Delivered,5.0,290,Egg Biryani
OD14637,CUST2328,REST_10,2026-05-15 20:34:21,46.0,Delivered,4.0,690,Malai Kofta & Lachha Paratha
OD14638,CUST2461,REST_02,2026-05-25 19:28:40,54.0,Delivered,2.0,160,Masala Dosa with Sambar
OD14639,CUST3357,REST_09,2026-05-18 07:52:14,29.0,Delivered,5.0,190,Iced Latte
OD14640,CUST2568,REST_06,2026-05-19 18:32:17,21.0,Delivered,5.0,510,Classic Cheese Burger & Fries
OD14641,CUST2539,REST_09,2026-05-03 00:00:37,33.0,Delivered,3.0,230,Paneer Tikka Sandwich
OD14642,CUST2857,REST_10,2026-04-28 08:24:11,27.0,Delivered,4.0,390,Butter Chicken Combo Meal
OD14643,CUST2496,REST_03,2026-05-17 19:46:02,33.0,Delivered,3.0,410,Chicken Tikka Biryani
OD14644,CUST3317,REST_01,2026-05-25 22:03:51,46.0,Delivered,4.0,320,Dal Makhani with Jeera Rice
OD14645,CUST2937,REST_08,2026-05-03 20:44:40,57.0,Delivered,2.0,140,Gulab Jamun (4 pcs)
OD14646,CUST3464,REST_03,2026-05-04 07:01:56,18.0,Delivered,5.0,360,Chicken Dum Biryani
OD14647,CUST2546,REST_07,2026-05-10 21:49:07,51.0,Delivered,4.0,230,Fresh Fruit Bowl
OD14648,CUST3175,REST_03,2026-05-14 21:27:25,70.0,Delivered,1.0,710,Chicken Dum Biryani
OD14649,CUST2989,REST_03,2026-05-04 19:51:20,66.0,Delivered,1.0,400,Chicken Tikka Biryani
OD14650,CUST3316,REST_04,2026-05-23 19:45:01,54.0,Delivered,2.0,330,Chilli Chicken Gravy
OD14651,CUST2737,REST_02,2026-05-24 19:11:46,38.0,Delivered,5.0,140,Masala Dosa with Sambar
OD14652,CUST2669,REST_09,2026-05-15 09:03:59,24.0,Delivered,5.0,230,Club Sandwich
OD14653,CUST2772,REST_04,2026-05-20 13:25:34,38.0,Delivered,5.0,200,Veg Spring Rolls (6 pcs)
OD14654,CUST3392,REST_01,2026-05-03 17:55:43,39.0,Delivered,5.0,400,Butter Chicken & Naan
OD14655,CUST3103,REST_01,2026-05-10 18:26:04,33.0,Delivered,3.0,410,Tandoori Chicken Half
OD14656,CUST2747,REST_08,2026-04-28 22:26:55,49.0,Delivered,1.0,220,Gulab Jamun (4 pcs)
OD14657,CUST2654,REST_08,2026-05-08 14:39:06,46.0,Delivered,3.0,160,Chocolate Lava Cake
OD14658,CUST3366,REST_06,2026-05-24 13:36:52,47.0,Delivered,2.0,270,Loaded Nachos
OD14659,CUST3085,REST_04,2026-05-13 20:57:46,41.0,Delivered,2.0,320,Chicken Fried Rice & Manchurian
OD14660,CUST2641,REST_01,2026-04-30 13:08:43,36.0,Delivered,4.0,380,Butter Chicken & Naan
OD14661,CUST3490,REST_05,2026-05-26 18:08:18,20.0,Delivered,5.0,170,Garlic Bread with Cheese
OD14662,CUST3456,REST_08,2026-05-16 08:48:26,50.0,Delivered,2.0,170,Chocolate Lava Cake
OD14663,CUST2849,REST_03,2026-05-09 17:13:58,27.0,Delivered,4.0,1120,Chicken Tikka Biryani
OD14664,CUST3136,REST_03,2026-05-22 06:51:03,46.0,Delivered,3.0,360,Chicken Dum Biryani
OD14665,CUST3092,REST_08,2026-05-03 20:23:32,38.0,Delivered,4.0,200,Red Velvet Pastry
OD14666,CUST3254,REST_03,2026-05-10 20:58:18,43.0,Delivered,4.0,330,Veg Hyderabadi Biryani
OD14667,CUST2766,REST_07,2026-05-04 22:46:09,37.0,Delivered,4.0,270,Caesar Salad
OD14668,CUST2791,REST_08,2026-05-21 18:55:52,26.0,Delivered,4.0,130,Gulab Jamun (4 pcs)
OD14669,CUST3239,REST_08,2026-05-26 06:51:16,50.0,Delivered,3.0,190,Chocolate Lava Cake
OD14670,CUST2218,REST_02,2026-05-19 05:40:46,29.0,Delivered,2.0,180,Rava Kesari & Dosa Combo
OD14671,CUST2384,REST_01,2026-05-21 12:10:12,39.0,Delivered,4.0,330,Dal Makhani with Jeera Rice
OD14672,CUST2935,REST_10,2026-05-22 09:01:30,42.0,Delivered,2.0,740,Butter Chicken Combo Meal
OD14673,CUST2830,REST_08,2026-05-16 17:04:24,32.0,Delivered,5.0,190,Chocolate Lava Cake
OD14674,CUST3118,REST_03,2026-04-28 07:13:59,28.0,Delivered,5.0,300,Egg Biryani
OD14675,CUST2288,REST_02,2026-04-27 19:25:48,37.0,Delivered,4.0,200,Rava Kesari & Dosa Combo
OD14676,CUST3163,REST_10,2026-05-12 18:47:05,28.0,Delivered,5.0,320,Paneer Tikka
OD14677,CUST2714,REST_02,2026-05-09 18:30:56,26.0,Delivered,4.0,120,Idli Vada Combo
OD14678,CUST2935,REST_08,2026-05-24 22:47:53,69.0,Delivered,2.0,320,Chocolate Lava Cake
OD14679,CUST3221,REST_09,2026-05-25 20:37:13,42.0,Delivered,3.0,180,Iced Latte
OD14680,CUST3493,REST_03,2026-04-29 20:33:45,40.0,Delivered,3.0,280,Egg Biryani
OD14681,CUST3243,REST_10,2026-05-17 19:14:51,50.0,Delivered,3.0,410,Butter Chicken Combo Meal
OD14682,CUST2907,REST_04,2026-05-07 20:31:43,48.0,Delivered,3.0,250,Veg Hakka Noodles
OD14683,CUST2832,REST_03,2026-05-19 21:19:33,48.0,Delivered,1.0,300,Egg Biryani
OD14684,CUST2470,REST_02,2026-04-28 20:39:44,40.0,Delivered,5.0,170,Masala Dosa with Sambar
OD14685,CUST2727,REST_07,2026-05-05 20:00:25,47.0,Delivered,2.0,260,Caesar Salad
OD14686,CUST2747,REST_01,2026-05-01 16:14:30,35.0,Delivered,2.0,350,Paneer Butter Masala Meal
OD14687,CUST2859,REST_01,2026-05-19 21:18:54,46.0,Delivered,3.0,360,Paneer Butter Masala Meal
OD14688,CUST3219,REST_05,2026-05-03 20:30:40,57.0,Delivered,1.0,330,Veg Arrabiata Penne Pasta
OD14689,CUST2922,REST_05,2026-05-07 20:18:46,47.0,Delivered,2.0,430,Margherita Pizza 10-inch
OD14690,CUST3344,REST_06,2026-05-05 13:24:40,,Cancelled,,290,Classic Cheese Burger & Fries
OD14691,CUST2375,REST_02,2026-05-06 12:17:45,38.0,Delivered,5.0,170,Rava Kesari & Dosa Combo
OD14692,CUST2163,REST_10,2026-05-17 12:08:09,56.0,Delivered,1.0,360,Chicken Seekh Kebab
OD14693,CUST2769,REST_03,2026-05-20 20:56:29,55.0,Delivered,2.0,320,Veg Hyderabadi Biryani
OD14694,CUST2798,REST_06,2026-05-01 20:52:58,52.0,Delivered,3.0,260,Loaded Nachos
OD14695,CUST2743,REST_08,2026-05-19 18:27:31,19.0,Delivered,4.0,330,Gulab Jamun (4 pcs)
OD14696,CUST3104,REST_07,2026-05-16 07:02:34,31.0,Delivered,4.0,200,Fresh Fruit Bowl
OD14697,CUST2475,REST_06,2026-05-11 06:13:59,23.0,Delivered,4.0,200,Spicy Paneer Wrap
OD14698,CUST2309,REST_06,2026-05-03 19:46:18,60.0,Delivered,2.0,470,Loaded Nachos
OD14699,CUST2093,REST_07,2026-05-21 21:02:53,37.0,Delivered,4.0,410,Fresh Fruit Bowl
OD14700,CUST2144,REST_02,2026-04-28 12:24:56,40.0,Delivered,4.0,140,Masala Dosa with Sambar
OD14701,CUST2914,REST_02,2026-05-08 11:33:34,28.0,Delivered,4.0,170,Rava Kesari & Dosa Combo
OD14702,CUST2052,REST_05,2026-05-07 20:06:47,57.0,Delivered,2.0,180,Garlic Bread with Cheese
OD14703,CUST2996,REST_03,2026-04-29 13:35:34,40.0,Delivered,5.0,390,Chicken Tikka Biryani
OD14704,CUST2753,REST_05,2026-05-22 22:54:26,48.0,Delivered,4.0,200,Garlic Bread with Cheese
OD14705,CUST2594,REST_05,2026-04-28 20:57:34,37.0,Delivered,3.0,750,Chicken Alfredo Pasta
OD14706,CUST2365,REST_10,2026-05-25 20:27:05,53.0,Delivered,4.0,320,Paneer Tikka
OD14707,CUST2417,REST_08,2026-05-01 23:39:26,28.0,Delivered,4.0,130,Gulab Jamun (4 pcs)
OD14708,CUST2191,REST_06,2026-05-19 12:43:18,38.0,Delivered,4.0,220,Spicy Paneer Wrap
OD14709,CUST2578,REST_06,2026-05-19 21:42:46,33.0,Delivered,4.0,230,Chicken Nuggets (9 pcs)
OD14710,CUST3202,REST_06,2026-04-27 21:52:08,52.0,Delivered,3.0,240,Loaded Nachos
OD14711,CUST2113,REST_04,2026-05-11 21:15:14,37.0,Delivered,4.0,250,Veg Hakka Noodles
OD14712,CUST3279,REST_07,2026-05-10 22:05:03,41.0,Delivered,3.0,230,Fresh Fruit Bowl
OD14713,CUST3258,REST_07,2026-05-13 14:07:21,30.0,Delivered,5.0,270,Greek Salad
OD14714,CUST2190,REST_08,2026-05-17 22:52:31,64.0,Delivered,1.0,160,Chocolate Lava Cake
OD14715,CUST3214,REST_05,2026-04-28 16:25:57,31.0,Delivered,3.0,400,Chicken Alfredo Pasta
OD14716,CUST3039,REST_07,2026-05-18 08:04:51,26.0,Delivered,4.0,350,Quinoa Avocado Salad
OD14717,CUST2818,REST_06,2026-05-04 21:01:22,42.0,Delivered,3.0,280,Classic Cheese Burger & Fries
OD14718,CUST3048,REST_03,2026-05-07 15:53:15,21.0,Delivered,5.0,550,Egg Biryani
OD14719,CUST2318,REST_05,2026-05-08 20:27:31,85.0,Delivered,1.0,430,Margherita Pizza 10-inch
OD14720,CUST2701,REST_03,2026-05-20 19:15:26,43.0,Delivered,3.0,360,Chicken Dum Biryani
OD14721,CUST3270,REST_06,2026-05-04 19:36:34,60.0,Delivered,1.0,200,Spicy Paneer Wrap
OD14722,CUST3219,REST_05,2026-05-12 21:24:48,35.0,Delivered,4.0,400,Margherita Pizza 10-inch
OD14723,CUST3245,REST_07,2026-05-03 18:23:04,25.0,Delivered,4.0,900,High-Protein Chicken Salad
OD14724,CUST2615,REST_05,2026-05-23 13:15:08,36.0,Delivered,5.0,380,Chicken Alfredo Pasta
OD14725,CUST2746,REST_06,2026-05-25 19:40:00,32.0,Delivered,5.0,250,Loaded Nachos
OD14726,CUST2789,REST_03,2026-05-03 23:40:32,25.0,Delivered,4.0,770,Chicken Tikka Biryani
OD14727,CUST2256,REST_07,2026-05-25 20:49:51,44.0,Delivered,3.0,500,Greek Salad
OD14728,CUST3111,REST_08,2026-05-08 20:34:55,50.0,Delivered,4.0,170,Chocolate Lava Cake
OD14729,CUST2651,REST_05,2026-05-19 21:19:37,37.0,Delivered,4.0,390,Chicken Alfredo Pasta
OD14730,CUST3297,REST_06,2026-05-25 12:30:27,35.0,Delivered,3.0,510,Classic Cheese Burger & Fries
OD14731,CUST2654,REST_04,2026-05-02 19:48:28,50.0,Delivered,3.0,320,Chilli Chicken Gravy
OD14732,CUST2736,REST_05,2026-05-04 18:23:57,29.0,Delivered,2.0,440,Farmhouse Veg Pizza
OD14733,CUST2202,REST_09,2026-05-05 18:43:59,24.0,Delivered,5.0,170,Classic Cold Coffee
OD14734,CUST2685,REST_04,2026-05-24 20:04:14,53.0,Delivered,1.0,180,Veg Spring Rolls (6 pcs)
OD14735,CUST2215,REST_07,2026-05-08 22:48:50,54.0,Delivered,4.0,530,Caesar Salad
OD14736,CUST3357,REST_10,2026-04-30 11:20:59,24.0,Delivered,3.0,390,Butter Chicken Combo Meal
OD14737,CUST2581,REST_10,2026-04-27 14:33:18,43.0,Delivered,2.0,410,Butter Chicken Combo Meal
OD14738,CUST2118,REST_09,2026-05-17 08:54:13,37.0,Delivered,5.0,230,Paneer Tikka Sandwich
OD14739,CUST3259,REST_04,2026-05-05 19:19:27,49.0,Delivered,3.0,330,Chilli Chicken Gravy
OD14740,CUST3074,REST_06,2026-05-11 19:26:11,36.0,Delivered,5.0,270,Classic Cheese Burger & Fries
OD14741,CUST2431,REST_03,2026-05-11 23:56:08,28.0,Delivered,5.0,380,Chicken Dum Biryani
OD14742,CUST2026,REST_09,2026-05-13 18:08:09,25.0,Delivered,5.0,210,Hot Chocolate
OD14743,CUST2459,REST_02,2026-05-13 21:59:30,44.0,Delivered,3.0,170,Onion Uttapam
OD14744,CUST3421,REST_07,2026-05-24 18:40:52,60.0,Delivered,1.0,250,Greek Salad
OD14745,CUST2081,REST_04,2026-05-15 22:36:16,41.0,Delivered,1.0,300,Chilli Chicken Gravy
OD14746,CUST3078,REST_03,2026-05-16 20:59:02,,Cancelled,,490,Mutton Biryani
OD14747,CUST2891,REST_03,2026-05-09 13:04:17,42.0,Delivered,2.0,300,Egg Biryani
OD14748,CUST3027,REST_09,2026-05-23 18:33:58,33.0,Delivered,4.0,180,Iced Latte
OD14749,CUST2584,REST_05,2026-05-08 22:22:08,55.0,Delivered,2.0,170,Garlic Bread with Cheese
OD14750,CUST2659,REST_03,2026-05-03 07:36:44,41.0,Delivered,4.0,300,Veg Hyderabadi Biryani
OD14751,CUST2964,REST_09,2026-05-04 11:50:07,,Cancelled,,220,Paneer Tikka Sandwich
OD14752,CUST3289,REST_07,2026-05-08 18:55:27,27.0,Delivered,4.0,350,Quinoa Avocado Salad
OD14753,CUST3088,REST_09,2026-05-18 19:59:28,42.0,Delivered,3.0,190,Iced Latte
OD14754,CUST2134,REST_09,2026-05-17 20:04:54,61.0,Delivered,1.0,200,Classic Cold Coffee
OD14755,CUST2032,REST_08,2026-05-14 22:18:24,49.0,Delivered,2.0,150,Gulab Jamun (4 pcs)
OD14756,CUST2925,REST_08,2026-05-07 21:20:32,38.0,Delivered,5.0,150,Kulfi Falooda
OD14757,CUST2602,REST_10,2026-05-21 20:26:54,34.0,Delivered,3.0,330,Chicken Seekh Kebab
OD14758,CUST2226,REST_07,2026-05-11 11:52:43,25.0,Delivered,4.0,250,Greek Salad
OD14759,CUST3358,REST_05,2026-05-03 07:19:20,,Cancelled,,420,Margherita Pizza 10-inch
OD14760,CUST2071,REST_01,2026-05-08 21:41:55,49.0,Delivered,3.0,350,Paneer Butter Masala Meal
OD14761,CUST3488,REST_01,2026-04-29 21:26:50,44.0,Delivered,2.0,350,Paneer Butter Masala Meal
OD14762,CUST2301,REST_06,2026-05-02 12:50:52,38.0,Delivered,4.0,210,Chicken Nuggets (9 pcs)
OD14763,CUST2379,REST_06,2026-05-06 21:54:10,,Cancelled,,210,Chicken Nuggets (9 pcs)
OD14764,CUST2103,REST_09,2026-05-23 15:29:57,26.0,Delivered,3.0,440,Club Sandwich
OD14765,CUST2512,REST_04,2026-05-18 11:46:13,24.0,Delivered,5.0,330,Chicken Fried Rice & Manchurian
OD14766,CUST2364,REST_02,2026-05-17 16:28:53,26.0,Delivered,5.0,500,Rava Kesari & Dosa Combo
OD14767,CUST2837,REST_04,2026-05-02 09:01:24,44.0,Delivered,1.0,260,Schezwan Noodles
OD14768,CUST2799,REST_05,2026-05-18 19:48:04,37.0,Delivered,5.0,340,Veg Arrabiata Penne Pasta
OD14769,CUST2630,REST_07,2026-05-01 12:32:42,43.0,Delivered,3.0,340,High-Protein Chicken Salad
OD14770,CUST2500,REST_07,2026-05-15 21:13:55,40.0,Delivered,5.0,250,Greek Salad
OD14771,CUST2649,REST_09,2026-05-08 21:59:22,57.0,Delivered,1.0,330,Classic Cold Coffee
OD14772,CUST2968,REST_02,2026-05-24 19:01:19,48.0,Delivered,3.0,120,Idli Vada Combo
OD14773,CUST3209,REST_01,2026-05-01 20:49:58,54.0,Delivered,4.0,400,Tandoori Chicken Half
OD14774,CUST3171,REST_04,2026-05-03 20:19:34,64.0,Delivered,1.0,250,Veg Hakka Noodles
OD14775,CUST2614,REST_08,2026-05-10 13:36:44,43.0,Delivered,2.0,160,Chocolate Lava Cake
OD14776,CUST2792,REST_04,2026-05-14 19:26:00,65.0,Delivered,1.0,460,Veg Hakka Noodles
OD14777,CUST2107,REST_10,2026-05-13 11:01:07,20.0,Delivered,5.0,300,Paneer Tikka
OD14778,CUST2104,REST_02,2026-05-03 20:11:18,47.0,Delivered,1.0,270,Filter Coffee & Upma
OD14779,CUST3261,REST_10,2026-05-03 10:24:36,31.0,Delivered,4.0,210,Tandoori Roti Combo
OD14780,CUST2758,REST_09,2026-05-06 13:36:01,42.0,Delivered,2.0,200,Hot Chocolate
OD14781,CUST3452,REST_07,2026-05-07 20:46:18,40.0,Delivered,5.0,280,Greek Salad
OD14782,CUST2754,REST_06,2026-05-24 21:46:20,70.0,Delivered,1.0,220,Chicken Nuggets (9 pcs)
OD14783,CUST2642,REST_04,2026-05-12 16:44:05,30.0,Delivered,2.0,180,Veg Spring Rolls (6 pcs)
OD14784,CUST2158,REST_02,2026-04-30 12:31:46,,Cancelled,,170,Rava Kesari & Dosa Combo
OD14785,CUST2790,REST_07,2026-05-21 21:31:08,37.0,Delivered,4.0,370,Quinoa Avocado Salad
OD14786,CUST2964,REST_05,2026-05-04 19:57:57,55.0,Delivered,2.0,330,Veg Arrabiata Penne Pasta
OD14787,CUST3417,REST_08,2026-05-13 11:10:53,28.0,Delivered,3.0,250,Gulab Jamun (4 pcs)
OD14788,CUST2649,REST_06,2026-05-22 20:12:40,71.0,Delivered,1.0,250,Crispy Chicken Burger
OD14789,CUST3242,REST_04,2026-05-03 19:16:35,45.0,Delivered,3.0,320,Chicken Fried Rice & Manchurian
OD14790,CUST2813,REST_04,2026-04-30 19:33:51,54.0,Delivered,2.0,300,Chilli Chicken Gravy
OD14791,CUST2704,REST_05,2026-05-12 20:04:08,44.0,Delivered,3.0,400,Chicken Alfredo Pasta
OD14792,CUST2754,REST_09,2026-05-16 20:56:05,77.0,Delivered,1.0,170,Classic Cold Coffee
OD14793,CUST2670,REST_02,2026-05-01 12:15:19,51.0,Delivered,2.0,240,Filter Coffee & Upma
OD14794,CUST3115,REST_04,2026-05-13 18:42:42,36.0,Delivered,5.0,900,Chicken Fried Rice & Manchurian
OD14795,CUST2331,REST_10,2026-05-13 08:33:34,24.0,Delivered,5.0,760,Butter Chicken Combo Meal
OD14796,CUST3000,REST_05,2026-04-28 07:15:25,15.0,Delivered,5.0,450,Farmhouse Veg Pizza
OD14797,CUST2602,REST_03,2026-05-26 20:57:39,,Cancelled,,740,Chicken Tikka Biryani
OD14798,CUST3271,REST_05,2026-05-18 17:49:38,35.0,Delivered,4.0,340,Veg Arrabiata Penne Pasta
OD14799,CUST2233,REST_04,2026-04-27 21:37:06,47.0,Delivered,4.0,270,Veg Hakka Noodles
OD14800,CUST2933,REST_10,2026-05-20 12:47:04,51.0,Delivered,3.0,200,Tandoori Roti Combo
OD14801,CUST2579,REST_02,2026-04-29 11:52:44,40.0,Delivered,5.0,140,Filter Coffee & Upma
OD14802,CUST2888,REST_01,2026-05-21 19:31:10,38.0,Delivered,4.0,420,Tandoori Chicken Half
OD14803,CUST3305,REST_05,2026-05-15 22:42:04,37.0,Delivered,5.0,340,Veg Arrabiata Penne Pasta
OD14804,CUST3168,REST_03,2026-05-12 20:37:57,53.0,Delivered,1.0,470,Mutton Biryani
OD14805,CUST3365,REST_01,2026-05-23 13:42:53,59.0,Delivered,1.0,1170,Tandoori Chicken Half
OD14806,CUST3158,REST_02,2026-05-25 12:06:20,34.0,Delivered,3.0,280,Onion Uttapam
OD14807,CUST3497,REST_03,2026-05-11 10:35:04,39.0,Delivered,5.0,310,Egg Biryani
OD14808,CUST3009,REST_09,2026-05-17 23:00:12,40.0,Delivered,5.0,250,Club Sandwich
OD14809,CUST3443,REST_04,2026-05-05 13:03:21,39.0,Delivered,5.0,280,Schezwan Noodles
OD14810,CUST2699,REST_03,2026-05-18 17:27:22,27.0,Delivered,3.0,470,Mutton Biryani
OD14811,CUST2368,REST_01,2026-05-17 12:10:03,40.0,Delivered,3.0,400,Butter Chicken & Naan
OD14812,CUST2020,REST_05,2026-05-07 07:04:12,19.0,Delivered,5.0,400,Chicken Alfredo Pasta
OD14813,CUST2486,REST_03,2026-05-19 19:52:56,40.0,Delivered,5.0,700,Chicken Dum Biryani
OD14814,CUST3242,REST_05,2026-04-27 11:07:47,25.0,Delivered,4.0,350,Veg Arrabiata Penne Pasta
OD14815,CUST2439,REST_06,2026-05-21 16:00:33,25.0,Delivered,4.0,240,Chicken Nuggets (9 pcs)
OD14816,CUST3140,REST_04,2026-05-01 15:39:00,25.0,Delivered,4.0,310,Chicken Fried Rice & Manchurian
OD14817,CUST2925,REST_06,2026-05-25 19:44:54,,Cancelled,,260,Classic Cheese Burger & Fries
OD14818,CUST2392,REST_07,2026-05-16 20:35:00,36.0,Delivered,2.0,250,Greek Salad
OD14819,CUST3333,REST_02,2026-05-11 15:39:21,15.0,Delivered,5.0,130,Filter Coffee & Upma
OD14820,CUST2023,REST_04,2026-05-24 09:50:01,24.0,Delivered,5.0,310,Chilli Chicken Gravy
OD14821,CUST2322,REST_01,2026-05-02 10:48:25,39.0,Delivered,4.0,350,Kadhai Paneer with Roti
OD14822,CUST2718,REST_03,2026-05-12 13:13:45,49.0,Delivered,2.0,490,Mutton Biryani
OD14823,CUST2641,REST_04,2026-05-08 20:16:04,70.0,Delivered,1.0,180,Veg Spring Rolls (6 pcs)
OD14824,CUST2509,REST_03,2026-04-27 12:48:08,38.0,Delivered,4.0,390,Chicken Tikka Biryani
OD14825,CUST2017,REST_04,2026-05-14 19:30:50,44.0,Delivered,4.0,320,Chicken Fried Rice & Manchurian
OD14826,CUST2722,REST_03,2026-05-23 18:06:56,37.0,Delivered,4.0,350,Chicken Dum Biryani
OD14827,CUST2386,REST_03,2026-05-12 18:59:25,15.0,Delivered,5.0,480,Mutton Biryani
OD14828,CUST2966,REST_03,2026-05-05 20:14:25,57.0,Delivered,2.0,470,Mutton Biryani
OD14829,CUST3136,REST_01,2026-04-29 18:36:56,20.0,Delivered,5.0,330,Kadhai Paneer with Roti
OD14830,CUST2921,REST_06,2026-05-05 22:58:02,39.0,Delivered,4.0,230,Crispy Chicken Burger
OD14831,CUST2775,REST_05,2026-05-17 07:35:38,42.0,Delivered,1.0,410,Margherita Pizza 10-inch
OD14832,CUST2876,REST_05,2026-05-07 17:27:33,24.0,Delivered,5.0,180,Garlic Bread with Cheese
OD14833,CUST2155,REST_01,2026-05-08 20:48:16,47.0,Delivered,4.0,390,Butter Chicken & Naan
OD14834,CUST2200,REST_08,2026-05-21 18:11:15,21.0,Delivered,4.0,120,Gulab Jamun (4 pcs)
OD14835,CUST2813,REST_03,2026-05-09 12:59:51,48.0,Delivered,3.0,490,Mutton Biryani
OD14836,CUST2497,REST_02,2026-05-19 19:33:27,40.0,Delivered,4.0,150,Filter Coffee & Upma
OD14837,CUST2541,REST_09,2026-05-20 13:03:37,50.0,Delivered,2.0,220,Paneer Tikka Sandwich
OD14838,CUST2839,REST_04,2026-04-30 21:54:23,42.0,Delivered,4.0,260,Schezwan Noodles
OD14839,CUST2462,REST_08,2026-05-12 13:48:27,41.0,Delivered,3.0,210,Sizzling Brownie
OD14840,CUST3427,REST_08,2026-04-27 15:22:20,21.0,Delivered,5.0,160,Chocolate Lava Cake
OD14841,CUST2158,REST_05,2026-04-27 21:25:22,44.0,Delivered,3.0,450,Farmhouse Veg Pizza
OD14842,CUST3415,REST_04,2026-05-11 22:28:53,36.0,Delivered,4.0,270,Schezwan Noodles
OD14843,CUST2836,REST_04,2026-04-27 21:22:39,45.0,Delivered,2.0,330,Chilli Chicken Gravy
OD14844,CUST2117,REST_05,2026-05-26 19:10:22,61.0,Delivered,2.0,170,Garlic Bread with Cheese
OD14845,CUST2765,REST_07,2026-05-01 17:35:07,33.0,Delivered,5.0,900,High-Protein Chicken Salad
OD14846,CUST2546,REST_07,2026-05-14 13:21:50,40.0,Delivered,2.0,260,Greek Salad
OD14847,CUST3384,REST_07,2026-04-29 13:47:02,60.0,Delivered,1.0,660,Quinoa Avocado Salad
OD14848,CUST2614,REST_02,2026-05-15 06:31:31,43.0,Delivered,3.0,120,Idli Vada Combo
OD14849,CUST2636,REST_08,2026-05-20 13:42:48,30.0,Delivered,4.0,220,Sizzling Brownie
OD14850,CUST2128,REST_06,2026-05-25 18:46:26,26.0,Delivered,5.0,250,Crispy Chicken Burger
OD14851,CUST2797,REST_07,2026-05-11 13:07:02,40.0,Delivered,5.0,320,High-Protein Chicken Salad
OD14852,CUST2177,REST_01,2026-05-04 13:26:16,30.0,Delivered,4.0,410,Tandoori Chicken Half
OD14853,CUST2983,REST_10,2026-05-01 07:38:54,35.0,Delivered,5.0,390,Butter Chicken Combo Meal
OD14854,CUST3087,REST_08,2026-05-19 07:18:30,29.0,Delivered,3.0,150,Gulab Jamun (4 pcs)
OD14855,CUST2272,REST_09,2026-05-05 10:56:07,26.0,Delivered,5.0,680,Club Sandwich
OD14856,CUST3086,REST_04,2026-05-26 20:08:55,32.0,Delivered,5.0,250,Veg Hakka Noodles
OD14857,CUST3043,REST_09,2026-05-09 11:34:19,28.0,Delivered,4.0,230,Paneer Tikka Sandwich
OD14858,CUST3481,REST_06,2026-05-20 08:34:12,33.0,Delivered,3.0,220,Chicken Nuggets (9 pcs)
OD14859,CUST2403,REST_09,2026-05-19 13:38:22,45.0,Delivered,2.0,190,Classic Cold Coffee
OD14860,CUST2368,REST_08,2026-05-12 20:36:24,37.0,Delivered,4.0,170,Kulfi Falooda
OD14861,CUST2743,REST_07,2026-05-13 14:44:38,34.0,Delivered,4.0,200,Fresh Fruit Bowl
OD14862,CUST3410,REST_05,2026-05-24 21:33:01,40.0,Delivered,3.0,200,Garlic Bread with Cheese
OD14863,CUST3355,REST_07,2026-05-22 21:23:34,78.0,Delivered,1.0,310,High-Protein Chicken Salad
OD14864,CUST3092,REST_04,2026-05-11 13:58:42,30.0,Delivered,4.0,260,Schezwan Noodles
OD14865,CUST2815,REST_03,2026-05-12 20:39:10,54.0,Delivered,2.0,860,Veg Hyderabadi Biryani
OD14866,CUST3248,REST_06,2026-05-16 13:11:15,44.0,Delivered,3.0,240,Chicken Nuggets (9 pcs)
OD14867,CUST2697,REST_05,2026-04-29 09:10:01,17.0,Delivered,5.0,430,Margherita Pizza 10-inch
OD14868,CUST3001,REST_05,2026-05-15 11:28:15,,Cancelled,,410,Margherita Pizza 10-inch
OD14869,CUST3242,REST_06,2026-05-15 12:50:08,52.0,Delivered,2.0,260,Loaded Nachos
OD14870,CUST2870,REST_07,2026-05-18 14:13:13,27.0,Delivered,3.0,370,Quinoa Avocado Salad
OD14871,CUST2968,REST_01,2026-04-29 17:15:44,22.0,Delivered,5.0,410,Tandoori Chicken Half
OD14872,CUST3122,REST_02,2026-05-05 20:57:37,,Cancelled,,150,Filter Coffee & Upma
OD14873,CUST3410,REST_06,2026-05-11 12:01:50,40.0,Delivered,5.0,250,Crispy Chicken Burger
OD14874,CUST2451,REST_08,2026-05-06 22:19:18,39.0,Delivered,3.0,170,Chocolate Lava Cake
OD14875,CUST3184,REST_06,2026-05-23 20:23:02,41.0,Delivered,2.0,250,Loaded Nachos
OD14876,CUST3255,REST_04,2026-05-24 20:48:03,59.0,Delivered,1.0,300,Chilli Chicken Gravy
OD14877,CUST2837,REST_09,2026-05-09 08:07:43,47.0,Delivered,3.0,230,Club Sandwich
OD14878,CUST2623,REST_01,2026-05-12 20:21:58,54.0,Delivered,2.0,430,Tandoori Chicken Half
OD14879,CUST2114,REST_08,2026-05-01 10:57:01,50.0,Delivered,1.0,340,Red Velvet Pastry
OD14880,CUST3476,REST_08,2026-05-19 13:43:40,35.0,Delivered,2.0,300,Kulfi Falooda
OD14881,CUST2735,REST_03,2026-05-02 19:54:48,48.0,Delivered,3.0,310,Egg Biryani
OD14882,CUST2034,REST_05,2026-05-07 10:01:06,19.0,Delivered,4.0,860,Farmhouse Veg Pizza
OD14883,CUST2962,REST_03,2026-04-30 16:29:22,21.0,Delivered,4.0,310,Egg Biryani
OD14884,CUST2683,REST_05,2026-05-04 19:16:11,31.0,Delivered,4.0,430,Margherita Pizza 10-inch
OD14885,CUST3279,REST_10,2026-05-10 23:05:36,31.0,Delivered,3.0,380,Malai Kofta & Lachha Paratha
OD14886,CUST2811,REST_01,2026-05-15 18:53:39,34.0,Delivered,4.0,360,Paneer Butter Masala Meal
OD14887,CUST3445,REST_06,2026-05-13 01:43:33,16.0,Delivered,3.0,240,Crispy Chicken Burger
OD14888,CUST2079,REST_03,2026-05-21 22:48:44,39.0,Delivered,4.0,300,Veg Hyderabadi Biryani
OD14889,CUST3111,REST_08,2026-05-09 18:00:37,31.0,Delivered,4.0,170,Kulfi Falooda
OD14890,CUST2785,REST_02,2026-05-11 22:34:42,42.0,Delivered,1.0,130,Idli Vada Combo
OD14891,CUST3041,REST_08,2026-05-04 21:54:14,35.0,Delivered,4.0,130,Gulab Jamun (4 pcs)
OD14892,CUST2650,REST_05,2026-05-18 22:05:28,40.0,Delivered,5.0,200,Garlic Bread with Cheese
OD14893,CUST2146,REST_06,2026-05-24 08:42:41,47.0,Delivered,2.0,230,Crispy Chicken Burger
OD14894,CUST2225,REST_07,2026-04-30 21:25:53,37.0,Delivered,5.0,500,Greek Salad
OD14895,CUST3050,REST_06,2026-05-25 21:41:53,,Cancelled,,280,Classic Cheese Burger & Fries
OD14896,CUST2106,REST_06,2026-05-08 10:51:08,,Cancelled,,260,Loaded Nachos
OD14897,CUST3274,REST_05,2026-05-10 22:27:51,40.0,Delivered,5.0,740,Chicken Alfredo Pasta
OD14898,CUST2647,REST_10,2026-05-21 22:14:13,50.0,Delivered,3.0,370,Malai Kofta & Lachha Paratha
OD14899,CUST3131,REST_03,2026-04-30 15:16:24,20.0,Delivered,4.0,470,Mutton Biryani
OD14900,CUST3368,REST_03,2026-05-22 17:33:02,30.0,Delivered,4.0,390,Chicken Tikka Biryani
OD14901,CUST2150,REST_04,2026-05-10 18:27:09,42.0,Delivered,3.0,260,Veg Hakka Noodles
OD14902,CUST2584,REST_10,2026-05-02 20:08:19,68.0,Delivered,1.0,710,Malai Kofta & Lachha Paratha
OD14903,CUST2641,REST_02,2026-05-19 12:48:56,81.0,Delivered,1.0,150,Masala Dosa with Sambar
OD14904,CUST2557,REST_08,2026-05-23 08:16:59,49.0,Delivered,2.0,190,Chocolate Lava Cake
OD14905,CUST2540,REST_01,2026-05-06 09:32:18,23.0,Delivered,5.0,670,Kadhai Paneer with Roti
OD14906,CUST2742,REST_03,2026-05-11 15:44:31,35.0,Delivered,4.0,390,Chicken Tikka Biryani
OD14907,CUST2245,REST_09,2026-05-10 09:25:39,37.0,Delivered,5.0,220,Paneer Tikka Sandwich
OD14908,CUST3250,REST_05,2026-05-15 20:33:51,46.0,Delivered,2.0,340,Veg Arrabiata Penne Pasta
OD14909,CUST3145,REST_09,2026-05-22 19:41:08,50.0,Delivered,3.0,590,Paneer Tikka Sandwich
OD14910,CUST2099,REST_10,2026-05-26 20:47:50,48.0,Delivered,4.0,210,Tandoori Roti Combo
OD14911,CUST2832,REST_09,2026-05-06 07:31:49,,Cancelled,,420,Paneer Tikka Sandwich
OD14912,CUST3480,REST_02,2026-05-05 12:53:33,40.0,Delivered,4.0,290,Onion Uttapam
OD14913,CUST2607,REST_03,2026-05-14 20:30:10,37.0,Delivered,5.0,300,Egg Biryani
OD14914,CUST3421,REST_07,2026-05-23 20:36:40,53.0,Delivered,3.0,620,High-Protein Chicken Salad
OD14915,CUST2540,REST_09,2026-05-19 13:30:41,49.0,Delivered,2.0,350,Classic Cold Coffee
OD14916,CUST3381,REST_10,2026-05-12 09:02:35,34.0,Delivered,5.0,300,Paneer Tikka
OD14917,CUST2115,REST_04,2026-05-17 19:50:56,64.0,Delivered,1.0,340,Chicken Fried Rice & Manchurian
OD14918,CUST2699,REST_05,2026-05-24 18:13:32,28.0,Delivered,4.0,200,Garlic Bread with Cheese
OD14919,CUST2835,REST_08,2026-05-13 20:15:56,54.0,Delivered,2.0,230,Sizzling Brownie
OD14920,CUST3045,REST_03,2026-05-25 19:57:30,37.0,Delivered,3.0,500,Mutton Biryani
OD14921,CUST3186,REST_09,2026-04-28 19:13:27,40.0,Delivered,4.0,390,Hot Chocolate
OD14922,CUST2793,REST_04,2026-05-08 21:24:04,51.0,Delivered,2.0,310,Chicken Fried Rice & Manchurian
OD14923,CUST3338,REST_07,2026-05-23 19:36:55,55.0,Delivered,2.0,270,Greek Salad
OD14924,CUST2213,REST_02,2026-04-27 12:13:05,48.0,Delivered,2.0,130,Filter Coffee & Upma
OD14925,CUST3119,REST_01,2026-05-26 19:03:07,38.0,Delivered,4.0,640,Kadhai Paneer with Roti
OD14926,CUST2025,REST_10,2026-05-12 21:33:03,47.0,Delivered,1.0,400,Butter Chicken Combo Meal
OD14927,CUST2398,REST_03,2026-05-20 14:27:00,40.0,Delivered,5.0,600,Veg Hyderabadi Biryani
OD14928,CUST3232,REST_09,2026-05-12 12:54:36,31.0,Delivered,4.0,190,Hot Chocolate
OD14929,CUST2845,REST_08,2026-05-18 17:08:28,15.0,Delivered,5.0,180,Chocolate Lava Cake
OD14930,CUST3291,REST_07,2026-04-27 10:33:46,25.0,Delivered,4.0,500,Greek Salad
OD14931,CUST3200,REST_10,2026-04-29 11:57:59,19.0,Delivered,5.0,380,Malai Kofta & Lachha Paratha
OD14932,CUST2317,REST_01,2026-05-21 17:34:03,37.0,Delivered,3.0,310,Dal Makhani with Jeera Rice
OD14933,CUST2596,REST_04,2026-05-07 19:11:24,38.0,Delivered,5.0,320,Chilli Chicken Gravy
OD14934,CUST2646,REST_01,2026-05-24 22:10:52,48.0,Delivered,3.0,430,Tandoori Chicken Half
OD14935,CUST3026,REST_02,2026-05-17 08:12:44,33.0,Delivered,3.0,140,Filter Coffee & Upma
OD14936,CUST2434,REST_07,2026-05-07 14:38:57,,Cancelled,,260,Caesar Salad
OD14937,CUST2333,REST_08,2026-05-13 20:16:43,41.0,Delivered,2.0,170,Red Velvet Pastry
OD14938,CUST2486,REST_09,2026-05-24 19:26:04,60.0,Delivered,1.0,260,Club Sandwich
OD14939,CUST2149,REST_09,2026-05-25 20:36:37,61.0,Delivered,1.0,260,Club Sandwich
OD14940,CUST2298,REST_03,2026-05-16 21:00:50,58.0,Delivered,1.0,390,Chicken Tikka Biryani
OD14941,CUST2889,REST_08,2026-05-08 08:27:23,79.0,Delivered,1.0,200,Red Velvet Pastry
OD14942,CUST3279,REST_03,2026-05-14 13:28:43,40.0,Delivered,3.0,280,Egg Biryani
OD14943,CUST2436,REST_07,2026-05-23 21:58:07,62.0,Delivered,2.0,520,Caesar Salad
OD14944,CUST2348,REST_05,2026-05-06 21:28:17,57.0,Delivered,1.0,180,Garlic Bread with Cheese
OD14945,CUST2507,REST_10,2026-05-01 18:32:50,26.0,Delivered,4.0,350,Malai Kofta & Lachha Paratha
OD14946,CUST2926,REST_10,2026-05-22 07:37:09,29.0,Delivered,5.0,610,Paneer Tikka
OD14947,CUST3292,REST_07,2026-05-19 08:12:20,,Cancelled,,340,Quinoa Avocado Salad
OD14948,CUST3132,REST_08,2026-04-30 18:13:51,16.0,Delivered,5.0,160,Chocolate Lava Cake
OD14949,CUST3129,REST_02,2026-05-22 20:34:16,55.0,Delivered,3.0,170,Onion Uttapam
OD14950,CUST2709,REST_04,2026-05-15 20:08:42,64.0,Delivered,1.0,370,Veg Spring Rolls (6 pcs)
OD14951,CUST2990,REST_10,2026-05-18 14:24:26,37.0,Delivered,5.0,330,Paneer Tikka
OD14952,CUST2725,REST_02,2026-05-08 14:06:51,42.0,Delivered,4.0,140,Masala Dosa with Sambar
OD14953,CUST3401,REST_08,2026-05-03 22:01:02,51.0,Delivered,1.0,210,Sizzling Brownie
OD14954,CUST2504,REST_10,2026-05-21 22:15:27,50.0,Delivered,1.0,770,Butter Chicken Combo Meal
OD14955,CUST3080,REST_08,2026-05-22 14:42:00,41.0,Delivered,4.0,320,Red Velvet Pastry
OD14956,CUST2378,REST_02,2026-04-28 06:13:21,32.0,Delivered,3.0,200,Rava Kesari & Dosa Combo
OD14957,CUST2108,REST_06,2026-05-25 10:34:28,25.0,Delivered,5.0,400,Spicy Paneer Wrap
OD14958,CUST2540,REST_03,2026-05-25 20:41:12,41.0,Delivered,3.0,490,Mutton Biryani
OD14959,CUST2355,REST_05,2026-05-18 19:12:15,43.0,Delivered,4.0,390,Chicken Alfredo Pasta
OD14960,CUST2866,REST_10,2026-05-05 13:57:41,46.0,Delivered,4.0,670,Chicken Seekh Kebab
OD14961,CUST2912,REST_09,2026-05-09 18:19:21,42.0,Delivered,3.0,470,Club Sandwich
OD14962,CUST3050,REST_05,2026-05-13 20:43:02,68.0,Delivered,1.0,380,Chicken Alfredo Pasta
OD14963,CUST2985,REST_06,2026-05-04 22:59:23,45.0,Delivered,2.0,280,Classic Cheese Burger & Fries
OD14964,CUST3140,REST_05,2026-05-04 15:55:10,19.0,Delivered,5.0,360,Veg Arrabiata Penne Pasta
OD14965,CUST2887,REST_01,2026-05-01 15:39:38,28.0,Delivered,5.0,350,Paneer Butter Masala Meal
OD14966,CUST2029,REST_01,2026-05-25 08:49:11,42.0,Delivered,3.0,350,Kadhai Paneer with Roti
OD14967,CUST3178,REST_10,2026-05-14 19:22:40,49.0,Delivered,2.0,230,Tandoori Roti Combo
OD14968,CUST3351,REST_02,2026-05-25 19:50:35,29.0,Delivered,4.0,150,Onion Uttapam
OD14969,CUST2418,REST_04,2026-05-04 20:56:03,40.0,Delivered,4.0,320,Chicken Fried Rice & Manchurian
OD14970,CUST2060,REST_03,2026-05-24 18:41:11,25.0,Delivered,5.0,380,Chicken Tikka Biryani
OD14971,CUST2353,REST_06,2026-05-10 01:45:10,43.0,Delivered,2.0,210,Spicy Paneer Wrap
OD14972,CUST2618,REST_04,2026-05-08 19:08:31,42.0,Delivered,3.0,580,Chilli Chicken Gravy
OD14973,CUST2382,REST_06,2026-05-25 14:49:16,36.0,Delivered,3.0,240,Crispy Chicken Burger
OD14974,CUST3022,REST_06,2026-05-06 13:53:19,33.0,Delivered,5.0,230,Chicken Nuggets (9 pcs)
OD14975,CUST2754,REST_04,2026-05-26 19:56:48,37.0,Delivered,4.0,340,Chicken Fried Rice & Manchurian
OD14976,CUST3038,REST_06,2026-05-14 20:09:04,33.0,Delivered,4.0,210,Chicken Nuggets (9 pcs)
OD14977,CUST2547,REST_09,2026-05-24 15:34:58,33.0,Delivered,4.0,210,Hot Chocolate
OD14978,CUST2490,REST_10,2026-05-04 20:23:39,28.0,Delivered,4.0,370,Malai Kofta & Lachha Paratha
OD14979,CUST2872,REST_09,2026-05-19 22:55:09,43.0,Delivered,3.0,260,Club Sandwich
OD14980,CUST2684,REST_06,2026-05-01 21:57:14,55.0,Delivered,3.0,240,Chicken Nuggets (9 pcs)
OD14981,CUST3126,REST_05,2026-05-25 14:38:16,29.0,Delivered,5.0,870,Farmhouse Veg Pizza
OD14982,CUST2859,REST_09,2026-04-27 16:44:31,27.0,Delivered,4.0,390,Hot Chocolate
OD14983,CUST2062,REST_03,2026-05-26 17:04:06,19.0,Delivered,4.0,380,Chicken Tikka Biryani
OD14984,CUST2399,REST_03,2026-05-22 19:32:59,51.0,Delivered,3.0,330,Veg Hyderabadi Biryani
OD14985,CUST3238,REST_05,2026-05-19 08:17:45,25.0,Delivered,2.0,460,Farmhouse Veg Pizza
OD14986,CUST3271,REST_02,2026-04-30 18:10:47,33.0,Delivered,4.0,130,Idli Vada Combo
OD14987,CUST3060,REST_03,2026-05-10 20:26:45,65.0,Delivered,1.0,500,Mutton Biryani
OD14988,CUST3353,REST_09,2026-05-25 21:05:49,38.0,Delivered,3.0,220,Hot Chocolate
OD14989,CUST3499,REST_08,2026-05-17 19:29:16,59.0,Delivered,2.0,310,Chocolate Lava Cake
OD14990,CUST3063,REST_02,2026-05-20 19:25:19,,Cancelled,,140,Idli Vada Combo
OD14991,CUST2274,REST_01,2026-05-19 06:19:40,31.0,Delivered,4.0,670,Paneer Butter Masala Meal
OD14992,CUST2183,REST_04,2026-05-04 20:04:18,38.0,Delivered,4.0,310,Chicken Fried Rice & Manchurian
OD14993,CUST2523,REST_06,2026-05-26 12:03:03,62.0,Delivered,1.0,280,Classic Cheese Burger & Fries
OD14994,CUST2396,REST_05,2026-05-16 20:42:48,47.0,Delivered,3.0,420,Margherita Pizza 10-inch
OD14995,CUST2723,REST_03,2026-05-17 20:04:17,39.0,Delivered,4.0,280,Egg Biryani
OD14996,CUST3318,REST_01,2026-05-02 13:04:29,50.0,Delivered,4.0,350,Paneer Butter Masala Meal
OD14997,CUST2074,REST_06,2026-04-27 09:48:30,24.0,Delivered,5.0,260,Crispy Chicken Burger
OD14998,CUST2591,REST_01,2026-05-15 13:05:22,36.0,Delivered,4.0,340,Paneer Butter Masala Meal
OD14999,CUST3477,REST_03,2026-04-29 14:15:27,44.0,Delivered,3.0,610,Veg Hyderabadi Biryani
OD15000,CUST2583,REST_06,2026-05-10 22:10:33,75.0,Delivered,1.0,210,Chicken Nuggets (9 pcs)
OD_BAD_AREA_0,CUST3310,REST_02,2026-05-20 10:47:57,23.0,Delivered,5.0,150,Masala Dosa with Sambar
OD_BAD_AREA_1,CUST2341,REST_07,2026-05-02 14:24:16,41.0,Delivered,3.0,280,Greek Salad
OD_BAD_AREA_2,CUST2933,REST_07,2026-05-04 12:44:00,35.0,Delivered,2.0,230,Fresh Fruit Bowl
OD_BAD_AREA_3,CUST2628,REST_05,2026-05-20 19:48:44,38.0,Delivered,4.0,390,Chicken Alfredo Pasta
OD_BAD_AREA_4,CUST2090,REST_06,2026-05-18 20:41:09,57.0,Delivered,1.0,240,Chicken Nuggets (9 pcs)
OD_BAD_CAT_0,CUST3310,REST_02,2026-05-20 10:47:57,23.0,Delivered,5.0,150,Masala Dosa with Sambar
OD_BAD_CAT_1,CUST2319,REST_05,2026-05-17 21:32:31,49.0,Delivered,4.0,350,Veg Arrabiata Penne Pasta
OD_BAD_CAT_2,CUST2498,REST_02,2026-05-15 20:22:34,47.0,Delivered,3.0,320,Rava Kesari & Dosa Combo
OD_BAD_CAT_3,CUST2090,REST_06,2026-05-18 20:41:09,57.0,Delivered,1.0,240,Chicken Nuggets (9 pcs)
OD_BAD_CAT_4,CUST3407,REST_08,2026-04-30 20:23:51,48.0,Delivered,2.0,160,Chocolate Lava Cake
