order_id,customer_id,restaurant_name,food_item,category,order_time,delivery_time,delivery_area,order_status,rating,review,order_value,delivery_partner
OD10001,CUST3310,The Golden Dosa,Masala Dosa with Sambar,South Indian,2026-05-20 10:47:57,23,Koramangala,Delivered,5,Outstanding quality! Will definitely order again.,150,DP_176
OD10002,CUST3035,Tandoori Nights,Chicken Seekh Kebab,North Indian,2026-05-15 13:55:00,43,HSR Layout,Delivered,1,Unprofessional delivery partner. Very bad experience.,360,DP_190
OD10003,CUST2210,The Golden Dosa,Onion Uttapam,South Indian,2026-05-22 07:29:34,30,Koramangala,Delivered,4,Overall great experience. Prompt service.,170,DP_149
OD10004,CUST3183,Wok & Roll,Veg Hakka Noodles,Chinese & Asian,2026-04-29 21:55:06,56,BTM Layout,Delivered,2,Delivery took almost an hour. Unhappy.,250,DP_136
OD10005,CUST2430,Bella Italia,Margherita Pizza 10-inch,Italian,2026-05-04 12:24:17,39,Whitefield,Delivered,5,"Extremely satisfied, delivered hot and fresh!",410,DP_188
OD10006,CUST2822,Bella Italia,Margherita Pizza 10-inch,Italian,2026-05-12 15:58:41,19,Malleshwaram,Delivered,5,"Delivered way before time, packaging was excellent!",420,DP_119
OD10007,CUST2539,Tandoori Nights,Tandoori Roti Combo,North Indian,2026-05-01 18:05:48,27,Indiranagar,Delivered,4,Good taste and neat packaging.,410,DP_115
OD10008,CUST2789,The Salad Bowl,Fresh Fruit Bowl,Healthy & Salads,2026-05-24 22:43:46,,Koramangala,Cancelled,,Item out of stock at restaurant,580,DP_188
OD10009,CUST2547,Burger Bistro,Classic Cheese Burger & Fries,Fast Food,2026-05-20 21:16:32,39,HSR Layout,Delivered,4,Decent portion size and good taste. Recommended.,270,DP_165
OD10010,CUST2408,Royal Biryani House,Veg Hyderabadi Biryani,Biryani & Mughlai,2026-05-12 06:59:23,15,Jayanagar,Delivered,5,"Amazing food, super fast delivery!",300,DP_131
OD10011,CUST2176,Sweet Retreat,Chocolate Lava Cake,Desserts,2026-05-12 22:10:16,49,BTM Layout,Delivered,3,The food was decent but arrived a bit cold.,450,DP_128
OD10012,CUST3331,Burger Bistro,Chicken Nuggets (9 pcs),Fast Food,2026-05-04 08:01:37,25,Whitefield,Delivered,4,Good taste and neat packaging.,430,DP_176
OD10013,CUST2469,The Golden Dosa,Masala Dosa with Sambar,South Indian,2026-05-05 20:13:34,47,HSR Layout,Delivered,2,"Not worth the price, portion was very small.",260,DP_193
OD10014,CUST2390,The Golden Dosa,Masala Dosa with Sambar,South Indian,2026-05-11 21:03:43,47,Koramangala,Delivered,4,"Tasty food, but could be a bit warmer.",160,DP_108
OD10015,CUST2390,Cafe Daybreak,Paneer Tikka Sandwich,Continental & Beverages,2026-05-04 21:04:28,55,Koramangala,Delivered,1,The food tasted stale and horrible! Threw it in the trash.,220,DP_107
OD10016,CUST2341,The Salad Bowl,Greek Salad,Healthy & Salads,2026-05-02 14:24:16,41,Malleshwaram,Delivered,3,Average food. Nothing special.,280,DP_137
OD10017,CUST3187,Cafe Daybreak,Club Sandwich,Continental & Beverages,2026-05-12 18:54:33,24,HSR Layout,Delivered,5,"Delivered way before time, packaging was excellent!",230,DP_108
OD10018,CUST2140,Wok & Roll,Chilli Chicken Gravy,Chinese & Asian,2026-04-28 19:26:42,58,Marathahalli,Delivered,1,Missing items in my order and food was cold. Avoid this place!,310,DP_134
OD10019,CUST2269,Bella Italia,Farmhouse Veg Pizza,Italian,2026-05-16 23:06:04,47,Whitefield,Delivered,1,The food tasted stale and horrible! Threw it in the trash.,440,DP_165
OD10020,CUST2757,Bella Italia,Chicken Alfredo Pasta,Italian,2026-05-22 20:00:42,35,Jayanagar,Delivered,5,"Delivered way before time, packaging was excellent!",400,DP_185
OD10021,CUST2319,Bella Italia,Veg Arrabiata Penne Pasta,Italian,2026-05-17 21:32:31,49,Jayanagar,Delivered,4,Overall great experience. Prompt service.,350,DP_107
OD10022,CUST2268,Bella Italia,Chicken Alfredo Pasta,Italian,2026-04-30 08:56:44,21,HSR Layout,Delivered,5,Outstanding quality! Will definitely order again.,410,DP_170
OD10023,CUST2881,Royal Biryani House,Chicken Dum Biryani,Biryani & Mughlai,2026-05-03 20:42:06,72,Marathahalli,Delivered,1,The food tasted stale and horrible! Threw it in the trash.,350,DP_200
OD10024,CUST2363,The Salad Bowl,Caesar Salad,Healthy & Salads,2026-05-10 20:55:47,61,Whitefield,Delivered,1,The food tasted stale and horrible! Threw it in the trash.,280,DP_135
OD10025,CUST2409,Sweet Retreat,Gulab Jamun (4 pcs),Desserts,2026-05-18 12:21:17,35,Koramangala,Delivered,4,Decent portion size and good taste. Recommended.,130,DP_199
OD10026,CUST2679,Spice Symphony,Butter Chicken & Naan,North Indian,2026-05-05 07:38:27,35,Marathahalli,Delivered,4,Decent portion size and good taste. Recommended.,740,DP_194
OD10027,CUST2237,The Salad Bowl,Fresh Fruit Bowl,Healthy & Salads,2026-04-27 18:51:34,29,Whitefield,Delivered,4,Overall great experience. Prompt service.,200,DP_147
OD10028,CUST3277,Burger Bistro,Classic Cheese Burger & Fries,Fast Food,2026-05-18 15:25:44,16,Jayanagar,Delivered,5,Best meal ever. Highly recommended!,280,DP_171
OD10029,CUST3388,Royal Biryani House,Chicken Tikka Biryani,Biryani & Mughlai,2026-04-27 13:13:27,48,Marathahalli,Delivered,2,The item delivered was incorrect and lukewarm.,410,DP_160
OD10030,CUST2348,The Golden Dosa,Rava Kesari & Dosa Combo,South Indian,2026-05-21 13:19:14,32,Whitefield,Delivered,4,Good taste and neat packaging.,190,DP_119
OD10031,CUST2933,The Salad Bowl,Fresh Fruit Bowl,Healthy & Salads,2026-05-04 12:44:00,35,Koramangala,Delivered,2,Taste was disappointing. Packaging was leaked.,230,DP_200
OD10032,CUST2952,Spice Symphony,Kadhai Paneer with Roti,North Indian,2026-05-22 17:33:35,46,Marathahalli,Delivered,2,"Too spicy, couldn't eat it. Disappointed.",330,DP_197
OD10033,CUST2973,Sweet Retreat,Gulab Jamun (4 pcs),Desserts,2026-05-13 18:15:17,26,Malleshwaram,Delivered,5,"Extremely satisfied, delivered hot and fresh!",140,DP_110
OD10034,CUST3107,The Golden Dosa,Idli Vada Combo,South Indian,2026-05-19 12:26:26,46,Marathahalli,Delivered,2,"Not worth the price, portion was very small.",150,DP_170
OD10035,CUST3197,Spice Symphony,Kadhai Paneer with Roti,North Indian,2026-05-06 20:54:57,58,BTM Layout,Delivered,1,Missing items in my order and food was cold. Avoid this place!,330,DP_169
OD10036,CUST2450,Bella Italia,Farmhouse Veg Pizza,Italian,2026-05-18 20:46:10,44,Malleshwaram,Delivered,3,Prompt delivery but taste was average.,470,DP_117
OD10037,CUST3358,Spice Symphony,Butter Chicken & Naan,North Indian,2026-05-02 07:24:20,46,Whitefield,Delivered,3,Packaging could have been better. Average taste.,380,DP_159
OD10038,CUST2517,The Golden Dosa,Onion Uttapam,South Indian,2026-05-08 13:04:49,,Indiranagar,Cancelled,,Restaurant could not prepare food in time,150,DP_197
OD10039,CUST2507,Wok & Roll,Veg Hakka Noodles,Chinese & Asian,2026-05-18 11:13:29,19,Jayanagar,Delivered,5,"Perfect taste, clean packaging, and polite delivery partner.",250,DP_199
OD10040,CUST3472,The Golden Dosa,Idli Vada Combo,South Indian,2026-05-26 13:43:58,42,BTM Layout,Delivered,2,The item delivered was incorrect and lukewarm.,320,DP_151
OD10041,CUST2498,The Golden Dosa,Rava Kesari & Dosa Combo,South Indian,2026-05-15 20:22:34,47,BTM Layout,Delivered,3,Packaging could have been better. Average taste.,320,DP_185
OD10042,CUST2217,The Salad Bowl,High-Protein Chicken Salad,Healthy & Salads,2026-05-10 12:33:41,49,Jayanagar,Delivered,2,Delivery took almost an hour. Unhappy.,340,DP_179
OD10043,CUST2661,Wok & Roll,Veg Hakka Noodles,Chinese & Asian,2026-05-11 19:42:24,50,Marathahalli,Delivered,3,Portion size was small for the price.,270,DP_104
OD10044,CUST2698,Bella Italia,Garlic Bread with Cheese,Italian,2026-05-13 22:05:15,43,BTM Layout,Delivered,2,"Not worth the price, portion was very small.",190,DP_163
OD10045,CUST2918,Spice Symphony,Butter Chicken & Naan,North Indian,2026-05-06 20:23:30,59,Marathahalli,Delivered,1,Unprofessional delivery partner. Very bad experience.,400,DP_155
OD10046,CUST2628,Bella Italia,Chicken Alfredo Pasta,Italian,2026-05-20 19:48:44,38,HSR Layout,Delivered,4,Decent portion size and good taste. Recommended.,390,DP_125
OD10047,CUST3223,Bella Italia,Margherita Pizza 10-inch,Italian,2026-05-02 13:45:34,31,HSR Layout,Delivered,5,Best meal ever. Highly recommended!,800,DP_136
OD10048,CUST2211,Spice Symphony,Kadhai Paneer with Roti,North Indian,2026-05-02 22:16:55,50,Malleshwaram,Delivered,2,The item delivered was incorrect and lukewarm.,360,DP_115
OD10049,CUST2110,Royal Biryani House,Mutton Biryani,Biryani & Mughlai,2026-05-04 11:48:26,32,Whitefield,Delivered,3,Portion size was small for the price.,940,DP_200
OD10050,CUST3206,The Salad Bowl,High-Protein Chicken Salad,Healthy & Salads,2026-05-20 10:48:13,35,Whitefield,Delivered,5,"Delivered way before time, packaging was excellent!",310,DP_134
OD10051,CUST2154,Royal Biryani House,Chicken Dum Biryani,Biryani & Mughlai,2026-05-04 13:18:44,46,Malleshwaram,Delivered,2,The item delivered was incorrect and lukewarm.,380,DP_110
OD10052,CUST3208,Wok & Roll,Chilli Chicken Gravy,Chinese & Asian,2026-05-26 13:09:04,39,Indiranagar,Delivered,3,Portion size was small for the price.,310,DP_122
OD10053,CUST2900,The Golden Dosa,Onion Uttapam,South Indian,2026-05-13 19:28:05,43,Indiranagar,Delivered,4,"Tasty food, but could be a bit warmer.",180,DP_156
OD10054,CUST3381,Tandoori Nights,Butter Chicken Combo Meal,North Indian,2026-05-21 20:30:33,38,Malleshwaram,Delivered,3,Average food. Nothing special.,1120,DP_136
OD10055,CUST2963,Burger Bistro,Chicken Nuggets (9 pcs),Fast Food,2026-05-07 15:31:18,26,BTM Layout,Delivered,5,"Extremely satisfied, delivered hot and fresh!",210,DP_198
OD10056,CUST2663,The Golden Dosa,Onion Uttapam,South Indian,2026-05-14 17:03:12,35,Marathahalli,Delivered,4,Good taste and neat packaging.,280,DP_180
OD10057,CUST2417,Bella Italia,Garlic Bread with Cheese,Italian,2026-05-19 18:01:40,23,Whitefield,Delivered,5,Best meal ever. Highly recommended!,190,DP_191
OD10058,CUST2191,Wok & Roll,Veg Hakka Noodles,Chinese & Asian,2026-05-01 18:45:18,55,Jayanagar,Delivered,3,Prompt delivery but taste was average.,240,DP_154
OD10059,CUST2297,The Salad Bowl,Quinoa Avocado Salad,Healthy & Salads,2026-05-05 20:54:26,40,Marathahalli,Delivered,5,"Delivered way before time, packaging was excellent!",670,DP_165
OD10060,CUST3188,Sweet Retreat,Red Velvet Pastry,Desserts,2026-05-14 20:24:29,53,Marathahalli,Delivered,3,Packaging could have been better. Average taste.,200,DP_125
OD10061,CUST2090,Burger Bistro,Chicken Nuggets (9 pcs),Fast Food,2026-05-18 20:41:09,57,Malleshwaram,Delivered,1,Worst service! Delivered extremely late and completely cold.,240,DP_105
OD10062,CUST2902,The Golden Dosa,Filter Coffee & Upma,South Indian,2026-05-10 21:09:04,50,Malleshwaram,Delivered,1,Awful experience! Delayed by over an hour and no response.,240,DP_134
OD10063,CUST3093,The Salad Bowl,High-Protein Chicken Salad,Healthy & Salads,2026-04-28 19:15:40,37,Jayanagar,Delivered,5,"Perfect taste, clean packaging, and polite delivery partner.",340,DP_130
OD10064,CUST3442,The Golden Dosa,Onion Uttapam,South Indian,2026-04-28 14:03:18,40,Marathahalli,Delivered,4,"Tasty food, standard delivery. Satisfactory.",170,DP_148
OD10065,CUST2369,Royal Biryani House,Mutton Biryani,Biryani & Mughlai,2026-05-04 18:37:09,35,Whitefield,Delivered,5,"Amazing food, super fast delivery!",500,DP_160
OD10066,CUST2953,Bella Italia,Garlic Bread with Cheese,Italian,2026-05-15 13:27:44,62,Jayanagar,Delivered,1,Worst service! Delivered extremely late and completely cold.,200,DP_159
OD10067,CUST2486,The Salad Bowl,Fresh Fruit Bowl,Healthy & Salads,2026-05-06 06:53:42,,BTM Layout,Cancelled,,Restaurant could not prepare food in time,220,DP_136
OD10068,CUST3160,Spice Symphony,Kadhai Paneer with Roti,North Indian,2026-05-04 19:22:14,64,Whitefield,Delivered,1,Awful experience! Delayed by over an hour and no response.,350,DP_180
OD10069,CUST2281,The Golden Dosa,Masala Dosa with Sambar,South Indian,2026-05-08 20:05:58,46,Jayanagar,Delivered,2,Delivery took almost an hour. Unhappy.,170,DP_142
OD10070,CUST3088,Cafe Daybreak,Hot Chocolate,Continental & Beverages,2026-05-12 22:18:47,45,Marathahalli,Delivered,1,Awful experience! Delayed by over an hour and no response.,380,DP_115
OD10071,CUST3484,The Salad Bowl,Fresh Fruit Bowl,Healthy & Salads,2026-05-14 11:23:43,24,Jayanagar,Delivered,4,Good taste and neat packaging.,230,DP_175
OD10072,CUST3383,Wok & Roll,Chilli Chicken Gravy,Chinese & Asian,2026-05-04 19:40:52,41,Malleshwaram,Delivered,4,Good taste and neat packaging.,320,DP_190
OD10073,CUST2624,Sweet Retreat,Chocolate Lava Cake,Desserts,2026-05-08 20:47:44,56,BTM Layout,Delivered,1,"Terrible experience, food was completely spilled inside the bag.",170,DP_176
OD10074,CUST2836,Bella Italia,Margherita Pizza 10-inch,Italian,2026-05-04 21:06:43,54,Marathahalli,Delivered,3,Average food. Nothing special.,410,DP_170
OD10075,CUST2932,The Golden Dosa,Idli Vada Combo,South Indian,2026-05-07 13:08:50,54,Whitefield,Delivered,2,"Too spicy, couldn't eat it. Disappointed.",120,DP_109
OD10076,CUST2673,Royal Biryani House,Chicken Tikka Biryani,Biryani & Mughlai,2026-05-14 13:11:07,,Indiranagar,Cancelled,,Restaurant could not prepare food in time,390,DP_117
OD10077,CUST2734,Wok & Roll,Veg Spring Rolls (6 pcs),Chinese & Asian,2026-05-01 20:33:07,47,Koramangala,Delivered,3,Prompt delivery but taste was average.,190,DP_161
OD10078,CUST2089,Cafe Daybreak,Hot Chocolate,Continental & Beverages,2026-05-12 21:27:43,49,Koramangala,Delivered,4,Decent portion size and good taste. Recommended.,190,DP_163
OD10079,CUST2304,The Golden Dosa,Idli Vada Combo,South Indian,2026-05-16 18:29:32,41,BTM Layout,Delivered,2,Taste was disappointing. Packaging was leaked.,140,DP_113
OD10080,CUST3477,Wok & Roll,Chilli Chicken Gravy,Chinese & Asian,2026-05-23 17:26:46,31,Koramangala,Delivered,4,"Tasty food, but could be a bit warmer.",310,DP_141
OD10081,CUST3407,Sweet Retreat,Chocolate Lava Cake,Desserts,2026-04-30 20:23:51,48,HSR Layout,Delivered,2,The item delivered was incorrect and lukewarm.,160,DP_172
OD10082,CUST2251,The Salad Bowl,High-Protein Chicken Salad,Healthy & Salads,2026-05-20 07:18:38,15,Jayanagar,Delivered,5,"Perfect taste, clean packaging, and polite delivery partner.",630,DP_146
OD10083,CUST2988,Wok & Roll,Veg Hakka Noodles,Chinese & Asian,2026-05-05 19:51:27,41,Indiranagar,Delivered,3,Portion size was small for the price.,260,DP_178
OD10084,CUST2696,Burger Bistro,Classic Cheese Burger & Fries,Fast Food,2026-05-09 08:47:40,32,Indiranagar,Delivered,4,"Tasty food, but could be a bit warmer.",270,DP_112
OD10085,CUST2758,Bella Italia,Veg Arrabiata Penne Pasta,Italian,2026-05-01 12:39:03,50,Koramangala,Delivered,3,"Food was okay, but delivery took some time.",330,DP_135
OD10086,CUST3050,The Golden Dosa,Rava Kesari & Dosa Combo,South Indian,2026-05-15 18:42:19,24,Indiranagar,Delivered,5,Outstanding quality! Will definitely order again.,190,DP_129
OD10087,CUST2282,Bella Italia,Veg Arrabiata Penne Pasta,Italian,2026-05-10 12:24:34,56,Whitefield,Delivered,1,Missing items in my order and food was cold. Avoid this place!,330,DP_165
OD10088,CUST2039,Sweet Retreat,Chocolate Lava Cake,Desserts,2026-05-19 19:18:07,44,BTM Layout,Delivered,2,The item delivered was incorrect and lukewarm.,330,DP_103
OD10089,CUST2742,The Golden Dosa,Onion Uttapam,South Indian,2026-05-09 18:25:55,24,Jayanagar,Delivered,5,"Delivered way before time, packaging was excellent!",290,DP_196
OD10090,CUST3297,The Golden Dosa,Filter Coffee & Upma,South Indian,2026-05-23 19:09:15,42,Koramangala,Delivered,2,The item delivered was incorrect and lukewarm.,150,DP_119
OD10091,CUST2155,Royal Biryani House,Egg Biryani,Biryani & Mughlai,2026-05-25 19:40:39,44,Marathahalli,Delivered,3,The food was decent but arrived a bit cold.,310,DP_181
OD10092,CUST2621,Bella Italia,Garlic Bread with Cheese,Italian,2026-05-11 07:23:53,28,Jayanagar,Delivered,3,Prompt delivery but taste was average.,170,DP_110
OD10093,CUST3217,Cafe Daybreak,Paneer Tikka Sandwich,Continental & Beverages,2026-05-22 19:12:20,39,Malleshwaram,Delivered,3,Portion size was small for the price.,210,DP_165
OD10094,CUST3463,The Golden Dosa,Filter Coffee & Upma,South Indian,2026-05-11 23:33:33,31,HSR Layout,Delivered,4,Overall great experience. Prompt service.,130,DP_147
OD10095,CUST3391,Tandoori Nights,Chicken Seekh Kebab,North Indian,2026-04-30 19:24:18,66,Jayanagar,Delivered,1,The food tasted stale and horrible! Threw it in the trash.,350,DP_193
OD10096,CUST2683,The Golden Dosa,Filter Coffee & Upma,South Indian,2026-05-17 20:25:08,59,Koramangala,Delivered,1,Awful experience! Delayed by over an hour and no response.,150,DP_140
OD10097,CUST3404,Cafe Daybreak,Club Sandwich,Continental & Beverages,2026-04-27 14:11:13,42,Marathahalli,Delivered,4,Good taste and neat packaging.,260,DP_199
OD10098,CUST2606,The Golden Dosa,Filter Coffee & Upma,South Indian,2026-05-25 20:08:38,41,BTM Layout,Delivered,2,"Too spicy, couldn't eat it. Disappointed.",130,DP_120
OD10099,CUST3477,Sweet Retreat,Chocolate Lava Cake,Desserts,2026-05-16 13:47:50,,Malleshwaram,Cancelled,,Item out of stock at restaurant,170,DP_130
OD10100,CUST2490,Bella Italia,Farmhouse Veg Pizza,Italian,2026-05-15 23:29:49,47,Jayanagar,Delivered,2,Taste was disappointing. Packaging was leaked.,870,DP_200
OD10101,CUST2284,Bella Italia,Margherita Pizza 10-inch,Italian,2026-04-30 20:33:54,33,Koramangala,Delivered,3,"Food was okay, but delivery took some time.",420,DP_137
OD10102,CUST2896,The Golden Dosa,Idli Vada Combo,South Indian,2026-05-10 07:32:23,33,Whitefield,Delivered,5,"Amazing food, super fast delivery!",240,DP_150
OD10103,CUST3464,Burger Bistro,Crispy Chicken Burger,Fast Food,2026-05-12 20:08:48,46,Malleshwaram,Delivered,4,"Tasty food, but could be a bit warmer.",250,DP_158
OD10104,CUST2307,Cafe Daybreak,Classic Cold Coffee,Continental & Beverages,2026-05-04 13:03:15,48,BTM Layout,Delivered,2,"Not worth the price, portion was very small.",170,DP_182
OD10105,CUST3223,Cafe Daybreak,Club Sandwich,Continental & Beverages,2026-05-06 16:39:22,29,Whitefield,Delivered,4,Decent portion size and good taste. Recommended.,240,DP_174
OD10106,CUST2739,The Golden Dosa,Filter Coffee & Upma,South Indian,2026-05-12 07:24:23,15,Jayanagar,Delivered,5,Outstanding quality! Will definitely order again.,130,DP_196
OD10107,CUST3346,The Golden Dosa,Filter Coffee & Upma,South Indian,2026-05-08 19:52:41,56,HSR Layout,Delivered,1,Worst service! Delivered extremely late and completely cold.,150,DP_200
OD10108,CUST3467,Sweet Retreat,Chocolate Lava Cake,Desserts,2026-05-25 07:59:19,25,BTM Layout,Delivered,4,"Tasty food, but could be a bit warmer.",160,DP_170
OD10109,CUST2586,Burger Bistro,Classic Cheese Burger & Fries,Fast Food,2026-05-22 14:56:25,40,Malleshwaram,Delivered,4,Decent portion size and good taste. Recommended.,520,DP_150
OD10110,CUST2547,The Golden Dosa,Onion Uttapam,South Indian,2026-05-07 10:20:42,20,Jayanagar,Delivered,5,"Perfect taste, clean packaging, and polite delivery partner.",160,DP_140
OD10111,CUST2910,Burger Bistro,Chicken Nuggets (9 pcs),Fast Food,2026-05-10 13:50:03,51,Koramangala,Delivered,2,"Too spicy, couldn't eat it. Disappointed.",230,DP_186
OD10112,CUST2064,Royal Biryani House,Chicken Tikka Biryani,Biryani & Mughlai,2026-04-29 13:41:23,41,Marathahalli,Delivered,2,Delivery took almost an hour. Unhappy.,410,DP_150
OD10113,CUST2762,Sweet Retreat,Chocolate Lava Cake,Desserts,2026-05-17 13:07:01,43,HSR Layout,Delivered,3,Packaging could have been better. Average taste.,180,DP_164
OD10114,CUST2440,Tandoori Nights,Malai Kofta & Lachha Paratha,North Indian,2026-05-01 21:28:11,57,Malleshwaram,Delivered,1,"Terrible experience, food was completely spilled inside the bag.",380,DP_112
OD10115,CUST3111,Bella Italia,Veg Arrabiata Penne Pasta,Italian,2026-05-13 13:12:50,44,HSR Layout,Delivered,2,Delivery took almost an hour. Unhappy.,650,DP_131
OD10116,CUST2958,Cafe Daybreak,Iced Latte,Continental & Beverages,2026-05-09 23:46:30,28,BTM Layout,Delivered,5,"Amazing food, super fast delivery!",180,DP_199
OD10117,CUST2922,Sweet Retreat,Kulfi Falooda,Desserts,2026-05-01 16:58:55,28,Indiranagar,Delivered,5,"Perfect taste, clean packaging, and polite delivery partner.",160,DP_116
OD10118,CUST2462,Burger Bistro,Loaded Nachos,Fast Food,2026-05-17 22:17:08,38,Jayanagar,Delivered,4,"Tasty food, but could be a bit warmer.",460,DP_179
OD10119,CUST3350,Tandoori Nights,Butter Chicken Combo Meal,North Indian,2026-04-27 08:41:49,21,Jayanagar,Delivered,5,"Perfect taste, clean packaging, and polite delivery partner.",380,DP_184
OD10120,CUST2063,Sweet Retreat,Kulfi Falooda,Desserts,2026-05-22 21:25:19,43,Malleshwaram,Delivered,3,"Food was okay, but delivery took some time.",170,DP_110
OD10121,CUST2697,Tandoori Nights,Paneer Tikka,North Indian,2026-05-24 14:25:08,52,Marathahalli,Delivered,4,Satisfied with the delivery speed and quality.,320,DP_166
OD10122,CUST2508,Royal Biryani House,Chicken Dum Biryani,Biryani & Mughlai,2026-05-10 13:55:57,50,HSR Layout,Delivered,3,Prompt delivery but taste was average.,380,DP_142
OD10123,CUST2957,Sweet Retreat,Gulab Jamun (4 pcs),Desserts,2026-05-13 17:15:13,19,Marathahalli,Delivered,5,"Perfect taste, clean packaging, and polite delivery partner.",120,DP_107
OD10124,CUST3378,Sweet Retreat,Gulab Jamun (4 pcs),Desserts,2026-05-25 13:23:48,33,BTM Layout,Delivered,4,Overall great experience. Prompt service.,120,DP_147
OD10125,CUST3134,Bella Italia,Margherita Pizza 10-inch,Italian,2026-05-05 21:39:43,37,Koramangala,Delivered,2,Taste was disappointing. Packaging was leaked.,430,DP_117
OD10126,CUST2749,Royal Biryani House,Mutton Biryani,Biryani & Mughlai,2026-04-28 07:45:21,22,Malleshwaram,Delivered,4,"Tasty food, but could be a bit warmer.",500,DP_167
OD10127,CUST2672,Tandoori Nights,Malai Kofta & Lachha Paratha,North Indian,2026-05-13 21:34:31,38,Jayanagar,Delivered,4,Satisfied with the delivery speed and quality.,370,DP_161
OD10128,CUST3196,Bella Italia,Margherita Pizza 10-inch,Italian,2026-05-22 22:37:36,,Whitefield,Cancelled,,Restaurant could not prepare food in time,420,DP_193
OD10129,CUST3196,Sweet Retreat,Red Velvet Pastry,Desserts,2026-05-18 13:36:44,33,Koramangala,Delivered,5,"Perfect taste, clean packaging, and polite delivery partner.",200,DP_125
OD10130,CUST2418,The Salad Bowl,Fresh Fruit Bowl,Healthy & Salads,2026-05-20 20:45:08,58,Whitefield,Delivered,1,The food tasted stale and horrible! Threw it in the trash.,230,DP_172
OD10131,CUST2942,Cafe Daybreak,Hot Chocolate,Continental & Beverages,2026-05-03 22:17:35,38,Jayanagar,Delivered,4,Satisfied with the delivery speed and quality.,210,DP_129
OD10132,CUST2715,Cafe Daybreak,Hot Chocolate,Continental & Beverages,2026-05-09 21:49:51,36,HSR Layout,Delivered,4,Overall great experience. Prompt service.,220,DP_138
OD10133,CUST2982,Wok & Roll,Chicken Fried Rice & Manchurian,Chinese & Asian,2026-05-19 13:06:39,36,Whitefield,Delivered,5,Best meal ever. Highly recommended!,620,DP_132
OD10134,CUST2677,Sweet Retreat,Chocolate Lava Cake,Desserts,2026-05-14 22:10:26,45,Malleshwaram,Delivered,3,Portion size was small for the price.,170,DP_162
OD10135,CUST3323,Spice Symphony,Butter Chicken & Naan,North Indian,2026-05-20 21:02:58,54,HSR Layout,Delivered,4,Satisfied with the delivery speed and quality.,380,DP_154
OD10136,CUST3015,Royal Biryani House,Veg Hyderabadi Biryani,Biryani & Mughlai,2026-05-16 10:21:18,43,Malleshwaram,Delivered,4,Decent portion size and good taste. Recommended.,580,DP_183
OD10137,CUST2959,Bella Italia,Chicken Alfredo Pasta,Italian,2026-05-11 19:45:11,36,Indiranagar,Delivered,4,"Tasty food, but could be a bit warmer.",760,DP_195
OD10138,CUST3252,The Salad Bowl,Greek Salad,Healthy & Salads,2026-04-30 12:08:30,35,Marathahalli,Delivered,4,Overall great experience. Prompt service.,250,DP_132
OD10139,CUST2676,Bella Italia,Garlic Bread with Cheese,Italian,2026-05-08 20:03:42,46,Koramangala,Delivered,1,Awful experience! Delayed by over an hour and no response.,170,DP_160
OD10140,CUST2637,The Golden Dosa,Rava Kesari & Dosa Combo,South Indian,2026-05-01 18:29:47,53,Marathahalli,Delivered,2,"Too spicy, couldn't eat it. Disappointed.",180,DP_154
OD10141,CUST2507,Tandoori Nights,Chicken Seekh Kebab,North Indian,2026-05-15 10:53:35,39,Whitefield,Delivered,3,Packaging could have been better. Average taste.,350,DP_174
OD10142,CUST2239,Wok & Roll,Veg Spring Rolls (6 pcs),Chinese & Asian,2026-05-11 11:26:29,22,Indiranagar,Delivered,5,"Amazing food, super fast delivery!",210,DP_172
OD10143,CUST2811,Bella Italia,Margherita Pizza 10-inch,Italian,2026-05-08 20:34:03,44,Koramangala,Delivered,4,"Tasty food, standard delivery. Satisfactory.",400,DP_161
OD10144,CUST3494,The Salad Bowl,High-Protein Chicken Salad,Healthy & Salads,2026-05-26 21:24:05,47,HSR Layout,Delivered,1,Missing items in my order and food was cold. Avoid this place!,920,DP_184
OD10145,CUST3084,Royal Biryani House,Mutton Biryani,Biryani & Mughlai,2026-05-11 20:34:27,,BTM Layout,Cancelled,,Delivery partner could not be assigned due to heavy rain,920,DP_130
OD10146,CUST2944,Burger Bistro,Crispy Chicken Burger,Fast Food,2026-05-18 16:49:59,18,Indiranagar,Delivered,5,Best meal ever. Highly recommended!,230,DP_131
OD10147,CUST3225,Spice Symphony,Paneer Butter Masala Meal,North Indian,2026-05-14 12:55:49,35,Indiranagar,Delivered,3,Prompt delivery but taste was average.,370,DP_118
OD10148,CUST2654,Tandoori Nights,Butter Chicken Combo Meal,North Indian,2026-05-25 11:42:33,26,Whitefield,Delivered,4,Decent portion size and good taste. Recommended.,400,DP_153
OD10149,CUST2359,The Salad Bowl,Fresh Fruit Bowl,Healthy & Salads,2026-05-18 14:33:20,33,BTM Layout,Delivered,4,Satisfied with the delivery speed and quality.,220,DP_153
OD10150,CUST2494,Wok & Roll,Schezwan Noodles,Chinese & Asian,2026-05-26 07:26:26,18,HSR Layout,Delivered,5,"Amazing food, super fast delivery!",490,DP_150
OD10151,CUST2922,Burger Bistro,Classic Cheese Burger & Fries,Fast Food,2026-05-09 20:38:02,59,Koramangala,Delivered,1,Unprofessional delivery partner. Very bad experience.,270,DP_125
OD10152,CUST2621,Spice Symphony,Paneer Butter Masala Meal,North Indian,2026-05-21 18:15:44,25,Whitefield,Delivered,4,Satisfied with the delivery speed and quality.,660,DP_151
OD10153,CUST2955,Cafe Daybreak,Hot Chocolate,Continental & Beverages,2026-05-12 17:51:46,28,Malleshwaram,Delivered,5,"Extremely satisfied, delivered hot and fresh!",210,DP_198
OD10154,CUST2848,Spice Symphony,Kadhai Paneer with Roti,North Indian,2026-05-14 22:37:46,36,BTM Layout,Delivered,4,"Tasty food, but could be a bit warmer.",650,DP_138
OD10155,CUST3023,Cafe Daybreak,Hot Chocolate,Continental & Beverages,2026-05-17 20:29:10,,Marathahalli,Cancelled,,Delivery partner could not be assigned due to heavy rain,220,DP_122
OD10156,CUST3476,Cafe Daybreak,Paneer Tikka Sandwich,Continental & Beverages,2026-05-23 21:52:42,43,Indiranagar,Delivered,3,The food was decent but arrived a bit cold.,210,DP_198
OD10157,CUST2310,Spice Symphony,Paneer Butter Masala Meal,North Indian,2026-05-17 20:39:58,37,Malleshwaram,Delivered,4,Good taste and neat packaging.,360,DP_185
OD10158,CUST3085,Bella Italia,Garlic Bread with Cheese,Italian,2026-05-19 20:51:58,37,HSR Layout,Delivered,5,"Delivered way before time, packaging was excellent!",470,DP_114
OD10159,CUST2517,Burger Bistro,Spicy Paneer Wrap,Fast Food,2026-05-09 17:15:44,40,Whitefield,Delivered,3,Average food. Nothing special.,200,DP_139
OD10160,CUST2192,The Salad Bowl,Greek Salad,Healthy & Salads,2026-04-27 20:05:31,50,BTM Layout,Delivered,1,Worst service! Delivered extremely late and completely cold.,280,DP_183
OD10161,CUST3082,Spice Symphony,Paneer Butter Masala Meal,North Indian,2026-05-26 08:59:17,28,Indiranagar,Delivered,2,Taste was disappointing. Packaging was leaked.,370,DP_123
OD10162,CUST2296,The Salad Bowl,Caesar Salad,Healthy & Salads,2026-05-24 15:57:34,48,Marathahalli,Delivered,2,Food was cold when it arrived.,270,DP_150
OD10163,CUST3026,Burger Bistro,Classic Cheese Burger & Fries,Fast Food,2026-05-07 19:39:38,36,BTM Layout,Delivered,4,Satisfied with the delivery speed and quality.,270,DP_200
OD10164,CUST3005,Wok & Roll,Schezwan Noodles,Chinese & Asian,2026-05-18 19:24:05,37,Jayanagar,Delivered,5,"Perfect taste, clean packaging, and polite delivery partner.",280,DP_132
OD10165,CUST3299,Royal Biryani House,Egg Biryani,Biryani & Mughlai,2026-05-06 17:48:17,17,Koramangala,Delivered,5,"Delivered way before time, packaging was excellent!",280,DP_117
OD10166,CUST3050,The Salad Bowl,Caesar Salad,Healthy & Salads,2026-05-16 19:20:55,58,BTM Layout,Delivered,1,"Terrible experience, food was completely spilled inside the bag.",280,DP_102
OD10167,CUST2498,Tandoori Nights,Butter Chicken Combo Meal,North Indian,2026-05-05 13:31:09,36,Koramangala,Delivered,4,Good taste and neat packaging.,410,DP_122
OD10168,CUST2740,Bella Italia,Chicken Alfredo Pasta,Italian,2026-05-03 17:08:19,34,Indiranagar,Delivered,5,"Extremely satisfied, delivered hot and fresh!",410,DP_151
OD10169,CUST2882,Tandoori Nights,Paneer Tikka,North Indian,2026-05-02 22:20:18,50,Malleshwaram,Delivered,2,"Not worth the price, portion was very small.",310,DP_174
OD10170,CUST2748,The Golden Dosa,Filter Coffee & Upma,South Indian,2026-05-14 06:46:29,37,Whitefield,Delivered,4,Satisfied with the delivery speed and quality.,140,DP_157
OD10171,CUST3379,Sweet Retreat,Red Velvet Pastry,Desserts,2026-05-01 20:50:24,57,Koramangala,Delivered,1,Awful experience! Delayed by over an hour and no response.,180,DP_158
OD10172,CUST2857,Cafe Daybreak,Club Sandwich,Continental & Beverages,2026-05-22 19:40:58,55,Koramangala,Delivered,2,Taste was disappointing. Packaging was leaked.,250,DP_114
OD10173,CUST3322,The Salad Bowl,High-Protein Chicken Salad,Healthy & Salads,2026-04-30 13:32:47,47,Whitefield,Delivered,2,The item delivered was incorrect and lukewarm.,920,DP_158
OD10174,CUST3025,Royal Biryani House,Veg Hyderabadi Biryani,Biryani & Mughlai,2026-05-10 21:05:07,53,HSR Layout,Delivered,2,Delivery took almost an hour. Unhappy.,890,DP_145
OD10175,CUST2976,The Golden Dosa,Onion Uttapam,South Indian,2026-05-06 07:45:07,25,Indiranagar,Delivered,3,The food was decent but arrived a bit cold.,180,DP_144
OD10176,CUST2500,Cafe Daybreak,Iced Latte,Continental & Beverages,2026-05-11 13:25:40,40,HSR Layout,Delivered,4,"Tasty food, but could be a bit warmer.",200,DP_124
OD10177,CUST2921,Tandoori Nights,Tandoori Roti Combo,North Indian,2026-05-21 20:50:04,37,Koramangala,Delivered,4,Overall great experience. Prompt service.,210,DP_169
OD10178,CUST3374,Sweet Retreat,Kulfi Falooda,Desserts,2026-05-16 15:07:22,44,Marathahalli,Delivered,2,Delivery took almost an hour. Unhappy.,430,DP_159
OD10179,CUST3259,Tandoori Nights,Chicken Seekh Kebab,North Indian,2026-05-06 11:23:44,22,HSR Layout,Delivered,5,Best meal ever. Highly recommended!,350,DP_166
OD10180,CUST2867,Royal Biryani House,Egg Biryani,Biryani & Mughlai,2026-05-12 13:11:20,38,Malleshwaram,Delivered,4,"Tasty food, but could be a bit warmer.",290,DP_180
OD10181,CUST2787,Cafe Daybreak,Classic Cold Coffee,Continental & Beverages,2026-05-10 20:28:31,44,HSR Layout,Delivered,3,Prompt delivery but taste was average.,200,DP_111
OD10182,CUST2592,Royal Biryani House,Egg Biryani,Biryani & Mughlai,2026-04-30 19:17:49,58,Marathahalli,Delivered,1,The food tasted stale and horrible! Threw it in the trash.,310,DP_170
OD10183,CUST2871,The Golden Dosa,Idli Vada Combo,South Indian,2026-05-08 21:05:28,58,Koramangala,Delivered,1,Unprofessional delivery partner. Very bad experience.,120,DP_200
OD10184,CUST3456,Tandoori Nights,Tandoori Roti Combo,North Indian,2026-05-23 12:03:36,74,Marathahalli,Delivered,1,"Terrible experience, food was completely spilled inside the bag.",210,DP_169
OD10185,CUST2548,Cafe Daybreak,Club Sandwich,Continental & Beverages,2026-05-05 21:08:44,40,HSR Layout,Delivered,4,"Tasty food, standard delivery. Satisfactory.",260,DP_132
OD10186,CUST2805,Sweet Retreat,Red Velvet Pastry,Desserts,2026-05-09 17:40:50,33,Koramangala,Delivered,3,Packaging could have been better. Average taste.,190,DP_152
OD10187,CUST3000,Burger Bistro,Loaded Nachos,Fast Food,2026-05-11 19:44:22,61,Koramangala,Delivered,1,Missing items in my order and food was cold. Avoid this place!,240,DP_169
OD10188,CUST2550,Burger Bistro,Spicy Paneer Wrap,Fast Food,2026-05-12 20:57:43,43,Indiranagar,Delivered,3,Average food. Nothing special.,210,DP_106
OD10189,CUST2324,Sweet Retreat,Sizzling Brownie,Desserts,2026-05-19 21:56:41,41,Jayanagar,Delivered,3,Average food. Nothing special.,230,DP_121
OD10190,CUST2762,Royal Biryani House,Chicken Dum Biryani,Biryani & Mughlai,2026-05-21 13:41:05,36,Koramangala,Delivered,4,Decent portion size and good taste. Recommended.,370,DP_101
OD10191,CUST3393,Sweet Retreat,Chocolate Lava Cake,Desserts,2026-05-24 16:08:30,33,Koramangala,Delivered,5,"Extremely satisfied, delivered hot and fresh!",180,DP_130
OD10192,CUST2753,Bella Italia,Chicken Alfredo Pasta,Italian,2026-05-18 11:33:36,25,Indiranagar,Delivered,4,"Tasty food, but could be a bit warmer.",390,DP_179
OD10193,CUST3287,Royal Biryani House,Egg Biryani,Biryani & Mughlai,2026-04-29 21:08:48,48,Koramangala,Delivered,3,"Food was okay, but delivery took some time.",310,DP_176
OD10194,CUST2508,Bella Italia,Margherita Pizza 10-inch,Italian,2026-05-19 06:54:42,21,Jayanagar,Delivered,5,Best meal ever. Highly recommended!,420,DP_127
OD10195,CUST2606,Spice Symphony,Paneer Butter Masala Meal,North Indian,2026-05-17 19:33:56,48,Indiranagar,Delivered,2,Delivery took almost an hour. Unhappy.,340,DP_147
OD10196,CUST3119,Royal Biryani House,Egg Biryani,Biryani & Mughlai,2026-04-29 05:13:02,23,Indiranagar,Delivered,5,Best meal ever. Highly recommended!,800,DP_151
OD10197,CUST2868,The Salad Bowl,Caesar Salad,Healthy & Salads,2026-05-06 08:58:13,21,HSR Layout,Delivered,5,"Perfect taste, clean packaging, and polite delivery partner.",270,DP_169
OD10198,CUST3395,The Golden Dosa,Rava Kesari & Dosa Combo,South Indian,2026-04-29 22:07:29,52,Indiranagar,Delivered,4,"Tasty food, standard delivery. Satisfactory.",180,DP_140
OD10199,CUST2282,Spice Symphony,Paneer Butter Masala Meal,North Indian,2026-05-22 21:16:10,66,Marathahalli,Delivered,2,"Not worth the price, portion was very small.",360,DP_117
OD10200,CUST2558,Cafe Daybreak,Club Sandwich,Continental & Beverages,2026-05-13 14:31:54,35,HSR Layout,Delivered,3,The food was decent but arrived a bit cold.,230,DP_148
OD10201,CUST3481,The Golden Dosa,Idli Vada Combo,South Indian,2026-05-24 05:02:30,41,Marathahalli,Delivered,1,"Terrible experience, food was completely spilled inside the bag.",120,DP_150
OD10202,CUST3463,The Salad Bowl,Quinoa Avocado Salad,Healthy & Salads,2026-05-07 13:04:36,40,Marathahalli,Delivered,3,Average food. Nothing special.,370,DP_116
OD10203,CUST2822,The Golden Dosa,Onion Uttapam,South Indian,2026-05-14 17:23:12,25,Jayanagar,Delivered,4,Satisfied with the delivery speed and quality.,300,DP_173
OD10204,CUST2755,Tandoori Nights,Tandoori Roti Combo,North Indian,2026-05-14 20:15:09,30,Indiranagar,Delivered,4,"Tasty food, standard delivery. Satisfactory.",570,DP_153
OD10205,CUST2020,Burger Bistro,Classic Cheese Burger & Fries,Fast Food,2026-05-20 13:13:33,70,Whitefield,Delivered,2,Delivery took almost an hour. Unhappy.,290,DP_154
OD10206,CUST2191,Spice Symphony,Paneer Butter Masala Meal,North Indian,2026-05-08 17:47:05,28,Koramangala,Delivered,4,Satisfied with the delivery speed and quality.,690,DP_165
OD10207,CUST3357,Royal Biryani House,Mutton Biryani,Biryani & Mughlai,2026-05-09 20:47:20,62,Marathahalli,Delivered,2,Taste was disappointing. Packaging was leaked.,490,DP_158
OD10208,CUST2224,Royal Biryani House,Chicken Dum Biryani,Biryani & Mughlai,2026-04-30 19:49:13,43,Malleshwaram,Delivered,4,"Tasty food, standard delivery. Satisfactory.",380,DP_140
OD10209,CUST2624,Tandoori Nights,Chicken Seekh Kebab,North Indian,2026-05-19 13:22:25,36,Indiranagar,Delivered,5,Best meal ever. Highly recommended!,350,DP_187
OD10210,CUST2927,Cafe Daybreak,Classic Cold Coffee,Continental & Beverages,2026-05-22 11:00:03,37,Whitefield,Delivered,4,"Tasty food, standard delivery. Satisfactory.",200,DP_117
OD10211,CUST2173,Tandoori Nights,Butter Chicken Combo Meal,North Indian,2026-04-29 12:41:28,43,HSR Layout,Delivered,1,Worst service! Delivered extremely late and completely cold.,380,DP_112
OD10212,CUST2345,Tandoori Nights,Tandoori Roti Combo,North Indian,2026-05-09 20:11:22,77,Whitefield,Delivered,2,Taste was disappointing. Packaging was leaked.,410,DP_124
OD10213,CUST3264,Wok & Roll,Schezwan Noodles,Chinese & Asian,2026-05-05 14:26:12,77,Whitefield,Delivered,1,Unprofessional delivery partner. Very bad experience.,280,DP_181
OD10214,CUST2983,Cafe Daybreak,Paneer Tikka Sandwich,Continental & Beverages,2026-05-02 06:38:14,27,Indiranagar,Delivered,4,Overall great experience. Prompt service.,230,DP_200
OD10215,CUST3197,Wok & Roll,Chicken Fried Rice & Manchurian,Chinese & Asian,2026-05-23 20:47:03,85,Whitefield,Delivered,1,The food tasted stale and horrible! Threw it in the trash.,320,DP_174
OD10216,CUST2361,Wok & Roll,Veg Spring Rolls (6 pcs),Chinese & Asian,2026-04-27 20:22:36,38,HSR Layout,Delivered,5,"Amazing food, super fast delivery!",200,DP_173
OD10217,CUST2185,Spice Symphony,Paneer Butter Masala Meal,North Indian,2026-04-27 14:39:12,48,HSR Layout,Delivered,2,Delivery took almost an hour. Unhappy.,340,DP_144
OD10218,CUST2122,Spice Symphony,Paneer Butter Masala Meal,North Indian,2026-05-24 18:23:04,44,Marathahalli,Delivered,3,Portion size was small for the price.,350,DP_191
OD10219,CUST2280,Royal Biryani House,Egg Biryani,Biryani & Mughlai,2026-05-02 20:35:44,66,Marathahalli,Delivered,1,Unprofessional delivery partner. Very bad experience.,310,DP_129
OD10220,CUST2261,Royal Biryani House,Chicken Dum Biryani,Biryani & Mughlai,2026-05-21 22:02:11,52,Marathahalli,Delivered,1,The food tasted stale and horrible! Threw it in the trash.,710,DP_179
OD10221,CUST2679,The Golden Dosa,Idli Vada Combo,South Indian,2026-05-25 22:52:45,40,Marathahalli,Delivered,4,Overall great experience. Prompt service.,140,DP_158
OD10222,CUST2526,The Golden Dosa,Masala Dosa with Sambar,South Indian,2026-05-02 21:31:56,57,BTM Layout,Delivered,1,"Terrible experience, food was completely spilled inside the bag.",170,DP_145
OD10223,CUST3334,Wok & Roll,Chicken Fried Rice & Manchurian,Chinese & Asian,2026-05-07 13:06:04,46,Marathahalli,Delivered,2,Food was cold when it arrived.,310,DP_122
OD10224,CUST2693,Tandoori Nights,Butter Chicken Combo Meal,North Indian,2026-05-17 12:56:27,57,HSR Layout,Delivered,1,"Terrible experience, food was completely spilled inside the bag.",740,DP_107
OD10225,CUST3479,Cafe Daybreak,Hot Chocolate,Continental & Beverages,2026-04-28 15:35:53,15,Malleshwaram,Delivered,5,"Extremely satisfied, delivered hot and fresh!",210,DP_120
OD10226,CUST3356,Tandoori Nights,Tandoori Roti Combo,North Indian,2026-05-17 13:05:30,56,Koramangala,Delivered,1,Worst service! Delivered extremely late and completely cold.,200,DP_140
OD10227,CUST3315,Cafe Daybreak,Paneer Tikka Sandwich,Continental & Beverages,2026-05-11 07:28:29,26,Jayanagar,Delivered,5,"Perfect taste, clean packaging, and polite delivery partner.",240,DP_129
OD10228,CUST3367,The Golden Dosa,Masala Dosa with Sambar,South Indian,2026-05-15 13:03:53,,BTM Layout,Cancelled,,Delivery address was outside the delivery radius,170,DP_167
OD10229,CUST3097,Sweet Retreat,Kulfi Falooda,Desserts,2026-05-09 21:45:02,64,HSR Layout,Delivered,2,"Too spicy, couldn't eat it. Disappointed.",310,DP_116
OD10230,CUST2395,Royal Biryani House,Chicken Dum Biryani,Biryani & Mughlai,2026-05-23 19:53:38,40,Jayanagar,Delivered,4,Overall great experience. Prompt service.,380,DP_141
OD10231,CUST2566,Cafe Daybreak,Paneer Tikka Sandwich,Continental & Beverages,2026-05-16 19:50:26,49,Koramangala,Delivered,2,Food was cold when it arrived.,400,DP_154
OD10232,CUST2586,Cafe Daybreak,Hot Chocolate,Continental & Beverages,2026-05-12 19:30:02,36,HSR Layout,Delivered,4,Satisfied with the delivery speed and quality.,380,DP_136
OD10233,CUST2080,The Salad Bowl,High-Protein Chicken Salad,Healthy & Salads,2026-05-26 13:23:01,46,Marathahalli,Delivered,1,Awful experience! Delayed by over an hour and no response.,310,DP_139
OD10234,CUST2202,Wok & Roll,Chicken Fried Rice & Manchurian,Chinese & Asian,2026-05-07 13:26:38,47,Koramangala,Delivered,3,Packaging could have been better. Average taste.,340,DP_125
OD10235,CUST3058,Burger Bistro,Classic Cheese Burger & Fries,Fast Food,2026-05-19 18:08:49,23,Indiranagar,Delivered,5,"Amazing food, super fast delivery!",270,DP_123
OD10236,CUST2511,Spice Symphony,Tandoori Chicken Half,North Indian,2026-05-05 14:29:32,27,BTM Layout,Delivered,4,Satisfied with the delivery speed and quality.,420,DP_182
OD10237,CUST2364,Sweet Retreat,Kulfi Falooda,Desserts,2026-05-25 13:53:44,31,Koramangala,Delivered,3,"Food was okay, but delivery took some time.",170,DP_137
OD10238,CUST2454,Wok & Roll,Chicken Fried Rice & Manchurian,Chinese & Asian,2026-05-24 20:49:43,44,Indiranagar,Delivered,4,Overall great experience. Prompt service.,340,DP_161
OD10239,CUST3246,Bella Italia,Veg Arrabiata Penne Pasta,Italian,2026-05-11 13:29:19,27,BTM Layout,Delivered,4,Overall great experience. Prompt service.,360,DP_175
OD10240,CUST3150,Tandoori Nights,Butter Chicken Combo Meal,North Indian,2026-05-07 23:40:20,28,Jayanagar,Delivered,3,Portion size was small for the price.,380,DP_134
OD10241,CUST2386,Royal Biryani House,Chicken Tikka Biryani,Biryani & Mughlai,2026-05-22 21:25:42,76,Marathahalli,Delivered,1,Missing items in my order and food was cold. Avoid this place!,380,DP_188
OD10242,CUST2829,The Salad Bowl,Caesar Salad,Healthy & Salads,2026-05-19 12:34:40,37,Malleshwaram,Delivered,3,Prompt delivery but taste was average.,270,DP_186
OD10243,CUST2371,Bella Italia,Margherita Pizza 10-inch,Italian,2026-05-14 20:11:43,40,Marathahalli,Delivered,4,Overall great experience. Prompt service.,420,DP_184
OD10244,CUST2862,Burger Bistro,Spicy Paneer Wrap,Fast Food,2026-04-30 18:55:40,19,Koramangala,Delivered,4,Satisfied with the delivery speed and quality.,220,DP_161
OD10245,CUST3086,Bella Italia,Farmhouse Veg Pizza,Italian,2026-05-03 14:36:57,34,Malleshwaram,Delivered,4,"Tasty food, but could be a bit warmer.",450,DP_119
OD10246,CUST2642,Spice Symphony,Butter Chicken & Naan,North Indian,2026-05-02 19:10:31,56,Koramangala,Delivered,1,Missing items in my order and food was cold. Avoid this place!,380,DP_117
OD10247,CUST2010,Spice Symphony,Kadhai Paneer with Roti,North Indian,2026-05-25 14:53:33,,Whitefield,Cancelled,,Restaurant could not prepare food in time,350,DP_103
OD10248,CUST3284,Wok & Roll,Chicken Fried Rice & Manchurian,Chinese & Asian,2026-04-30 14:37:19,37,HSR Layout,Delivered,5,"Perfect taste, clean packaging, and polite delivery partner.",330,DP_109
OD10249,CUST3066,Tandoori Nights,Butter Chicken Combo Meal,North Indian,2026-05-25 18:48:12,15,HSR Layout,Delivered,5,Outstanding quality! Will definitely order again.,390,DP_152
OD10250,CUST2433,Spice Symphony,Kadhai Paneer with Roti,North Indian,2026-05-17 20:24:56,44,Jayanagar,Delivered,4,Good taste and neat packaging.,330,DP_199
OD10251,CUST3339,Spice Symphony,Butter Chicken & Naan,North Indian,2026-04-30 19:30:44,50,HSR Layout,Delivered,3,The food was decent but arrived a bit cold.,400,DP_127
OD10252,CUST2207,Cafe Daybreak,Hot Chocolate,Continental & Beverages,2026-05-25 10:46:39,23,Koramangala,Delivered,5,"Delivered way before time, packaging was excellent!",200,DP_137
OD10253,CUST2410,Bella Italia,Garlic Bread with Cheese,Italian,2026-05-06 12:35:31,49,Whitefield,Delivered,4,Good taste and neat packaging.,490,DP_189
OD10254,CUST2227,Tandoori Nights,Tandoori Roti Combo,North Indian,2026-04-29 20:06:57,54,Jayanagar,Delivered,3,Packaging could have been better. Average taste.,200,DP_183
OD10255,CUST2103,The Golden Dosa,Idli Vada Combo,South Indian,2026-05-18 13:47:07,30,Koramangala,Delivered,4,"Tasty food, but could be a bit warmer.",240,DP_198
OD10256,CUST2674,Burger Bistro,Chicken Nuggets (9 pcs),Fast Food,2026-04-29 14:21:11,39,Koramangala,Delivered,4,Satisfied with the delivery speed and quality.,610,DP_152
OD10257,CUST2864,Royal Biryani House,Chicken Dum Biryani,Biryani & Mughlai,2026-05-24 12:26:58,,Malleshwaram,Cancelled,,Delivery address was outside the delivery radius,350,DP_173
OD10258,CUST2372,Tandoori Nights,Tandoori Roti Combo,North Indian,2026-05-25 21:57:08,34,Malleshwaram,Delivered,5,"Perfect taste, clean packaging, and polite delivery partner.",200,DP_163
OD10259,CUST2644,Spice Symphony,Kadhai Paneer with Roti,North Indian,2026-05-18 21:33:33,,Koramangala,Cancelled,,Delivery partner could not be assigned due to heavy rain,340,DP_156
OD10260,CUST2987,Burger Bistro,Chicken Nuggets (9 pcs),Fast Food,2026-05-26 12:54:30,31,Malleshwaram,Delivered,5,"Extremely satisfied, delivered hot and fresh!",210,DP_122
OD10261,CUST2104,Cafe Daybreak,Iced Latte,Continental & Beverages,2026-05-04 08:28:51,28,Malleshwaram,Delivered,5,Best meal ever. Highly recommended!,210,DP_112
OD10262,CUST3339,Spice Symphony,Butter Chicken & Naan,North Indian,2026-04-27 21:50:38,36,Jayanagar,Delivered,4,Overall great experience. Prompt service.,370,DP_166
OD10263,CUST2745,Spice Symphony,Paneer Butter Masala Meal,North Indian,2026-05-16 19:45:42,57,Marathahalli,Delivered,1,Unprofessional delivery partner. Very bad experience.,680,DP_192
OD10264,CUST2728,Bella Italia,Garlic Bread with Cheese,Italian,2026-05-02 18:52:45,28,BTM Layout,Delivered,3,Packaging could have been better. Average taste.,170,DP_114
OD10265,CUST2442,Sweet Retreat,Red Velvet Pastry,Desserts,2026-04-28 22:53:43,45,Koramangala,Delivered,1,The food tasted stale and horrible! Threw it in the trash.,170,DP_199
OD10266,CUST3022,Spice Symphony,Kadhai Paneer with Roti,North Indian,2026-05-12 22:49:58,45,HSR Layout,Delivered,4,Satisfied with the delivery speed and quality.,360,DP_189
OD10267,CUST3347,Tandoori Nights,Butter Chicken Combo Meal,North Indian,2026-05-16 21:48:15,48,Jayanagar,Delivered,4,Decent portion size and good taste. Recommended.,770,DP_151
OD10268,CUST3434,Cafe Daybreak,Hot Chocolate,Continental & Beverages,2026-05-26 19:13:12,58,Whitefield,Delivered,1,The food tasted stale and horrible! Threw it in the trash.,380,DP_180
OD10269,CUST3455,Royal Biryani House,Chicken Tikka Biryani,Biryani & Mughlai,2026-05-21 14:30:37,49,BTM Layout,Delivered,3,Average food. Nothing special.,400,DP_187
OD10270,CUST3071,The Golden Dosa,Masala Dosa with Sambar,South Indian,2026-05-03 13:50:10,30,Jayanagar,Delivered,5,"Delivered way before time, packaging was excellent!",140,DP_188
OD10271,CUST2067,Burger Bistro,Chicken Nuggets (9 pcs),Fast Food,2026-05-14 15:32:50,23,Jayanagar,Delivered,5,Best meal ever. Highly recommended!,220,DP_189
OD10272,CUST3404,Burger Bistro,Loaded Nachos,Fast Food,2026-05-24 20:55:28,85,Whitefield,Delivered,1,"Terrible experience, food was completely spilled inside the bag.",260,DP_182
OD10273,CUST2403,Wok & Roll,Schezwan Noodles,Chinese & Asian,2026-05-02 20:07:24,46,Indiranagar,Delivered,2,Delivery took almost an hour. Unhappy.,250,DP_155
OD10274,CUST2012,Burger Bistro,Chicken Nuggets (9 pcs),Fast Food,2026-05-26 14:03:49,38,Jayanagar,Delivered,4,Decent portion size and good taste. Recommended.,220,DP_163
OD10275,CUST2451,Royal Biryani House,Chicken Tikka Biryani,Biryani & Mughlai,2026-05-14 15:22:14,28,Whitefield,Delivered,5,"Delivered way before time, packaging was excellent!",390,DP_185
OD10276,CUST3087,Sweet Retreat,Kulfi Falooda,Desserts,2026-05-08 17:57:41,46,Whitefield,Delivered,2,Food was cold when it arrived.,280,DP_106
OD10277,CUST2791,Bella Italia,Garlic Bread with Cheese,Italian,2026-05-23 20:32:51,37,Malleshwaram,Delivered,5,"Amazing food, super fast delivery!",170,DP_163
OD10278,CUST2343,Cafe Daybreak,Classic Cold Coffee,Continental & Beverages,2026-05-17 20:55:43,54,BTM Layout,Delivered,1,Awful experience! Delayed by over an hour and no response.,170,DP_114
OD10279,CUST3406,Royal Biryani House,Chicken Dum Biryani,Biryani & Mughlai,2026-04-29 07:50:16,30,Koramangala,Delivered,5,Best meal ever. Highly recommended!,370,DP_174
OD10280,CUST2924,The Salad Bowl,Greek Salad,Healthy & Salads,2026-05-14 01:46:39,28,Koramangala,Delivered,4,Good taste and neat packaging.,280,DP_197
OD10281,CUST2733,Cafe Daybreak,Club Sandwich,Continental & Beverages,2026-05-06 20:28:24,39,BTM Layout,Delivered,5,"Perfect taste, clean packaging, and polite delivery partner.",250,DP_185
OD10282,CUST2801,Cafe Daybreak,Hot Chocolate,Continental & Beverages,2026-05-25 21:50:55,55,Marathahalli,Delivered,4,Decent portion size and good taste. Recommended.,540,DP_102
OD10283,CUST3222,The Salad Bowl,Fresh Fruit Bowl,Healthy & Salads,2026-05-20 20:46:22,62,Whitefield,Delivered,2,Taste was disappointing. Packaging was leaked.,200,DP_153
OD10284,CUST2518,Wok & Roll,Veg Hakka Noodles,Chinese & Asian,2026-05-26 23:35:29,27,Koramangala,Delivered,5,"Perfect taste, clean packaging, and polite delivery partner.",240,DP_138
OD10285,CUST3190,Sweet Retreat,Gulab Jamun (4 pcs),Desserts,2026-05-16 08:12:20,27,Malleshwaram,Delivered,5,"Delivered way before time, packaging was excellent!",130,DP_158
OD10286,CUST2747,Burger Bistro,Chicken Nuggets (9 pcs),Fast Food,2026-05-04 20:41:27,41,Jayanagar,Delivered,1,Missing items in my order and food was cold. Avoid this place!,230,DP_147
OD10287,CUST2913,Burger Bistro,Spicy Paneer Wrap,Fast Food,2026-05-16 09:17:54,31,HSR Layout,Delivered,4,"Tasty food, standard delivery. Satisfactory.",200,DP_169
OD10288,CUST2155,Spice Symphony,Kadhai Paneer with Roti,North Indian,2026-05-03 21:35:16,49,Malleshwaram,Delivered,1,"Terrible experience, food was completely spilled inside the bag.",360,DP_184
OD10289,CUST2596,Royal Biryani House,Egg Biryani,Biryani & Mughlai,2026-05-13 01:15:54,24,HSR Layout,Delivered,5,"Delivered way before time, packaging was excellent!",280,DP_197
OD10290,CUST3159,Royal Biryani House,Egg Biryani,Biryani & Mughlai,2026-05-12 13:16:23,50,Whitefield,Delivered,2,"Not worth the price, portion was very small.",540,DP_106
OD10291,CUST2962,Sweet Retreat,Chocolate Lava Cake,Desserts,2026-05-13 19:17:53,41,Jayanagar,Delivered,2,Delivery took almost an hour. Unhappy.,180,DP_175
OD10292,CUST3204,The Golden Dosa,Filter Coffee & Upma,South Indian,2026-05-08 21:22:31,40,Malleshwaram,Delivered,5,"Delivered way before time, packaging was excellent!",140,DP_178
OD10293,CUST3318,Bella Italia,Chicken Alfredo Pasta,Italian,2026-05-19 21:42:14,44,BTM Layout,Delivered,3,"Food was okay, but delivery took some time.",390,DP_143
OD10294,CUST3210,Royal Biryani House,Egg Biryani,Biryani & Mughlai,2026-05-15 12:40:32,30,Indiranagar,Delivered,5,Best meal ever. Highly recommended!,280,DP_174
OD10295,CUST3228,Tandoori Nights,Chicken Seekh Kebab,North Indian,2026-05-03 17:30:55,27,Malleshwaram,Delivered,4,"Tasty food, but could be a bit warmer.",660,DP_122
OD10296,CUST3277,Cafe Daybreak,Hot Chocolate,Continental & Beverages,2026-05-16 19:14:24,39,BTM Layout,Delivered,3,The food was decent but arrived a bit cold.,210,DP_117
OD10297,CUST2860,Royal Biryani House,Chicken Tikka Biryani,Biryani & Mughlai,2026-05-16 07:50:34,40,Koramangala,Delivered,4,Good taste and neat packaging.,410,DP_112
OD10298,CUST3390,The Salad Bowl,Fresh Fruit Bowl,Healthy & Salads,2026-05-10 13:51:30,48,BTM Layout,Delivered,3,"Food was okay, but delivery took some time.",200,DP_145
OD10299,CUST2172,Bella Italia,Garlic Bread with Cheese,Italian,2026-04-27 20:50:00,36,Koramangala,Delivered,4,Overall great experience. Prompt service.,350,DP_167
OD10300,CUST2838,Burger Bistro,Classic Cheese Burger & Fries,Fast Food,2026-05-14 16:23:39,24,Jayanagar,Delivered,5,"Delivered way before time, packaging was excellent!",280,DP_188
OD10301,CUST2989,Royal Biryani House,Veg Hyderabadi Biryani,Biryani & Mughlai,2026-05-06 19:49:45,44,BTM Layout,Delivered,3,The food was decent but arrived a bit cold.,330,DP_195
OD10302,CUST2332,The Golden Dosa,Idli Vada Combo,South Indian,2026-05-16 20:45:03,48,HSR Layout,Delivered,3,Prompt delivery but taste was average.,140,DP_150
OD10303,CUST2892,The Golden Dosa,Masala Dosa with Sambar,South Indian,2026-04-28 20:59:25,43,Jayanagar,Delivered,2,The item delivered was incorrect and lukewarm.,160,DP_192
OD10304,CUST3013,Sweet Retreat,Chocolate Lava Cake,Desserts,2026-05-22 19:33:44,58,Whitefield,Delivered,1,The food tasted stale and horrible! Threw it in the trash.,180,DP_179
OD10305,CUST2178,Bella Italia,Farmhouse Veg Pizza,Italian,2026-05-03 18:47:45,38,Koramangala,Delivered,4,Decent portion size and good taste. Recommended.,470,DP_112
OD10306,CUST2713,Burger Bistro,Spicy Paneer Wrap,Fast Food,2026-05-09 19:16:11,46,BTM Layout,Delivered,3,Average food. Nothing special.,210,DP_165
OD10307,CUST3052,Bella Italia,Garlic Bread with Cheese,Italian,2026-05-09 19:49:15,83,Marathahalli,Delivered,1,Missing items in my order and food was cold. Avoid this place!,340,DP_200
OD10308,CUST2239,Bella Italia,Margherita Pizza 10-inch,Italian,2026-05-04 20:26:22,44,Indiranagar,Delivered,4,"Tasty food, standard delivery. Satisfactory.",410,DP_190
OD10309,CUST2701,The Golden Dosa,Filter Coffee & Upma,South Indian,2026-05-03 21:17:11,72,Whitefield,Delivered,1,The food tasted stale and horrible! Threw it in the trash.,270,DP_164
OD10310,CUST2470,Wok & Roll,Chicken Fried Rice & Manchurian,Chinese & Asian,2026-04-30 11:05:43,20,Malleshwaram,Delivered,5,"Amazing food, super fast delivery!",620,DP_179
OD10311,CUST2988,Burger Bistro,Loaded Nachos,Fast Food,2026-05-21 21:17:25,53,Whitefield,Delivered,2,"Not worth the price, portion was very small.",260,DP_197
OD10312,CUST3108,Spice Symphony,Kadhai Paneer with Roti,North Indian,2026-04-30 20:29:20,40,Indiranagar,Delivered,5,"Extremely satisfied, delivered hot and fresh!",340,DP_102
OD10313,CUST3255,Bella Italia,Chicken Alfredo Pasta,Italian,2026-05-16 14:11:31,54,BTM Layout,Delivered,3,"Food was okay, but delivery took some time.",390,DP_127
OD10314,CUST3171,Royal Biryani House,Chicken Tikka Biryani,Biryani & Mughlai,2026-05-22 13:27:54,48,BTM Layout,Delivered,3,Packaging could have been better. Average taste.,380,DP_126
OD10315,CUST2276,Cafe Daybreak,Classic Cold Coffee,Continental & Beverages,2026-05-14 21:03:25,31,Koramangala,Delivered,5,"Perfect taste, clean packaging, and polite delivery partner.",200,DP_189
OD10316,CUST2198,Sweet Retreat,Gulab Jamun (4 pcs),Desserts,2026-05-26 21:22:01,71,BTM Layout,Delivered,2,Taste was disappointing. Packaging was leaked.,140,DP_116
OD10317,CUST3331,Cafe Daybreak,Iced Latte,Continental & Beverages,2026-05-18 18:49:47,21,Malleshwaram,Delivered,5,Outstanding quality! Will definitely order again.,520,DP_111
OD10318,CUST2344,Burger Bistro,Chicken Nuggets (9 pcs),Fast Food,2026-04-29 08:21:14,32,Marathahalli,Delivered,5,"Perfect taste, clean packaging, and polite delivery partner.",240,DP_141
OD10319,CUST2810,Bella Italia,Farmhouse Veg Pizza,Italian,2026-05-13 22:26:10,33,HSR Layout,Delivered,3,The food was decent but arrived a bit cold.,460,DP_103
OD10320,CUST2164,Wok & Roll,Chicken Fried Rice & Manchurian,Chinese & Asian,2026-05-25 18:03:01,54,BTM Layout,Delivered,4,Decent portion size and good taste. Recommended.,310,DP_168
OD10321,CUST2319,The Golden Dosa,Onion Uttapam,South Indian,2026-05-11 19:08:33,38,HSR Layout,Delivered,3,Packaging could have been better. Average taste.,160,DP_104
OD10322,CUST2957,Cafe Daybreak,Hot Chocolate,Continental & Beverages,2026-05-19 19:37:38,,Malleshwaram,Cancelled,,Item out of stock at restaurant,200,DP_181
OD10323,CUST2891,Cafe Daybreak,Classic Cold Coffee,Continental & Beverages,2026-05-04 21:28:19,42,Marathahalli,Delivered,4,"Tasty food, but could be a bit warmer.",190,DP_153
OD10324,CUST2705,Bella Italia,Farmhouse Veg Pizza,Italian,2026-05-12 13:49:27,24,Jayanagar,Delivered,5,"Delivered way before time, packaging was excellent!",470,DP_177
OD10325,CUST2896,The Salad Bowl,Quinoa Avocado Salad,Healthy & Salads,2026-05-04 13:27:40,54,Whitefield,Delivered,2,Delivery took almost an hour. Unhappy.,370,DP_167
OD10326,CUST2846,Wok & Roll,Veg Hakka Noodles,Chinese & Asian,2026-05-11 19:17:44,32,Malleshwaram,Delivered,2,Food was cold when it arrived.,260,DP_125
OD10327,CUST2381,The Golden Dosa,Rava Kesari & Dosa Combo,South Indian,2026-05-04 09:00:31,29,Whitefield,Delivered,4,Overall great experience. Prompt service.,200,DP_144
OD10328,CUST2950,Spice Symphony,Dal Makhani with Jeera Rice,North Indian,2026-05-21 15:34:30,29,HSR Layout,Delivered,4,Good taste and neat packaging.,310,DP_125
OD10329,CUST2250,Wok & Roll,Chilli Chicken Gravy,Chinese & Asian,2026-04-28 12:47:49,39,Koramangala,Delivered,4,Overall great experience. Prompt service.,330,DP_167
OD10330,CUST2662,Royal Biryani House,Chicken Dum Biryani,Biryani & Mughlai,2026-05-17 13:23:56,33,Indiranagar,Delivered,5,Outstanding quality! Will definitely order again.,350,DP_186
OD10331,CUST2566,Tandoori Nights,Chicken Seekh Kebab,North Indian,2026-04-28 19:44:30,42,HSR Layout,Delivered,3,The food was decent but arrived a bit cold.,340,DP_148
OD10332,CUST3267,Burger Bistro,Classic Cheese Burger & Fries,Fast Food,2026-05-22 10:31:14,52,Marathahalli,Delivered,3,"Food was okay, but delivery took some time.",270,DP_172
OD10333,CUST2044,The Salad Bowl,High-Protein Chicken Salad,Healthy & Salads,2026-05-12 20:35:18,38,Malleshwaram,Delivered,5,Best meal ever. Highly recommended!,330,DP_125
OD10334,CUST2564,Tandoori Nights,Butter Chicken Combo Meal,North Indian,2026-05-23 13:23:29,54,Indiranagar,Delivered,2,Delivery took almost an hour. Unhappy.,390,DP_200
OD10335,CUST3271,Wok & Roll,Schezwan Noodles,Chinese & Asian,2026-05-18 18:35:09,19,Jayanagar,Delivered,5,"Delivered way before time, packaging was excellent!",280,DP_142
OD10336,CUST3350,The Golden Dosa,Masala Dosa with Sambar,South Indian,2026-04-28 12:31:12,41,Koramangala,Delivered,2,The item delivered was incorrect and lukewarm.,270,DP_105
OD10337,CUST3209,Bella Italia,Margherita Pizza 10-inch,Italian,2026-05-26 12:31:59,38,Koramangala,Delivered,4,Satisfied with the delivery speed and quality.,400,DP_160
OD10338,CUST2756,Spice Symphony,Kadhai Paneer with Roti,North Indian,2026-05-23 13:13:33,50,Koramangala,Delivered,2,"Too spicy, couldn't eat it. Disappointed.",330,DP_113
OD10339,CUST3168,Royal Biryani House,Chicken Tikka Biryani,Biryani & Mughlai,2026-05-21 19:22:43,53,Malleshwaram,Delivered,3,"Food was okay, but delivery took some time.",410,DP_190
OD10340,CUST3127,The Salad Bowl,Fresh Fruit Bowl,Healthy & Salads,2026-05-16 17:22:57,36,Marathahalli,Delivered,4,"Tasty food, standard delivery. Satisfactory.",210,DP_171
OD10341,CUST2663,Tandoori Nights,Paneer Tikka,North Indian,2026-05-14 22:16:23,38,Malleshwaram,Delivered,2,Taste was disappointing. Packaging was leaked.,310,DP_158
OD10342,CUST2034,Cafe Daybreak,Iced Latte,Continental & Beverages,2026-05-04 12:20:01,31,Jayanagar,Delivered,4,"Tasty food, but could be a bit warmer.",520,DP_171
OD10343,CUST2284,Bella Italia,Veg Arrabiata Penne Pasta,Italian,2026-05-22 13:36:25,54,Whitefield,Delivered,2,The item delivered was incorrect and lukewarm.,650,DP_194
OD10344,CUST3440,Tandoori Nights,Chicken Seekh Kebab,North Indian,2026-05-22 19:05:49,46,Indiranagar,Delivered,1,The food tasted stale and horrible! Threw it in the trash.,350,DP_199
OD10345,CUST3337,Tandoori Nights,Chicken Seekh Kebab,North Indian,2026-05-13 07:34:36,24,HSR Layout,Delivered,5,"Perfect taste, clean packaging, and polite delivery partner.",360,DP_142
OD10346,CUST3499,The Salad Bowl,Greek Salad,Healthy & Salads,2026-05-06 20:09:08,62,Marathahalli,Delivered,1,Unprofessional delivery partner. Very bad experience.,250,DP_111
OD10347,CUST2175,The Salad Bowl,Fresh Fruit Bowl,Healthy & Salads,2026-05-12 19:31:25,61,Whitefield,Delivered,2,"Not worth the price, portion was very small.",210,DP_172
OD10348,CUST2663,Tandoori Nights,Chicken Seekh Kebab,North Indian,2026-05-08 12:22:38,37,Indiranagar,Delivered,2,"Not worth the price, portion was very small.",360,DP_199
OD10349,CUST3277,Royal Biryani House,Egg Biryani,Biryani & Mughlai,2026-05-08 12:46:54,55,Koramangala,Delivered,1,Unprofessional delivery partner. Very bad experience.,290,DP_115
OD10350,CUST2029,Burger Bistro,Classic Cheese Burger & Fries,Fast Food,2026-05-03 20:13:13,45,Jayanagar,Delivered,2,"Not worth the price, portion was very small.",290,DP_171
OD10351,CUST3194,Cafe Daybreak,Club Sandwich,Continental & Beverages,2026-05-22 20:17:03,37,Malleshwaram,Delivered,4,"Tasty food, standard delivery. Satisfactory.",230,DP_184
OD10352,CUST2738,The Golden Dosa,Masala Dosa with Sambar,South Indian,2026-05-09 18:45:06,41,Marathahalli,Delivered,2,"Not worth the price, portion was very small.",170,DP_163
OD10353,CUST3149,Spice Symphony,Butter Chicken & Naan,North Indian,2026-05-09 20:01:22,85,Marathahalli,Delivered,1,Unprofessional delivery partner. Very bad experience.,390,DP_146
OD10354,CUST2127,Bella Italia,Farmhouse Veg Pizza,Italian,2026-05-05 13:21:57,35,BTM Layout,Delivered,4,"Tasty food, standard delivery. Satisfactory.",860,DP_185
OD10355,CUST3255,Wok & Roll,Chilli Chicken Gravy,Chinese & Asian,2026-05-06 21:21:28,40,HSR Layout,Delivered,4,"Tasty food, but could be a bit warmer.",310,DP_127
OD10356,CUST2283,Bella Italia,Garlic Bread with Cheese,Italian,2026-05-21 11:59:36,,HSR Layout,Cancelled,,Restaurant could not prepare food in time,350,DP_141
OD10357,CUST3142,Cafe Daybreak,Club Sandwich,Continental & Beverages,2026-05-21 13:26:26,36,Jayanagar,Delivered,5,Outstanding quality! Will definitely order again.,240,DP_157
OD10358,CUST2379,Spice Symphony,Kadhai Paneer with Roti,North Indian,2026-05-04 20:22:05,44,Malleshwaram,Delivered,2,"Too spicy, couldn't eat it. Disappointed.",340,DP_118
OD10359,CUST2794,Sweet Retreat,Sizzling Brownie,Desserts,2026-05-10 20:00:59,48,Jayanagar,Delivered,4,Satisfied with the delivery speed and quality.,210,DP_153
OD10360,CUST3264,Sweet Retreat,Gulab Jamun (4 pcs),Desserts,2026-05-21 07:47:52,23,BTM Layout,Delivered,4,Decent portion size and good taste. Recommended.,230,DP_193
OD10361,CUST3217,Cafe Daybreak,Classic Cold Coffee,Continental & Beverages,2026-05-11 17:56:02,32,Whitefield,Delivered,4,Decent portion size and good taste. Recommended.,170,DP_167
OD10362,CUST2794,Cafe Daybreak,Club Sandwich,Continental & Beverages,2026-05-06 20:18:29,52,HSR Layout,Delivered,2,"Too spicy, couldn't eat it. Disappointed.",260,DP_155
OD10363,CUST2950,Sweet Retreat,Chocolate Lava Cake,Desserts,2026-05-15 22:44:34,50,HSR Layout,Delivered,3,The food was decent but arrived a bit cold.,160,DP_151
OD10364,CUST2414,Sweet Retreat,Chocolate Lava Cake,Desserts,2026-04-30 09:45:28,36,Marathahalli,Delivered,4,Decent portion size and good taste. Recommended.,170,DP_111
OD10365,CUST3254,Royal Biryani House,Egg Biryani,Biryani & Mughlai,2026-05-26 14:55:42,39,HSR Layout,Delivered,4,Satisfied with the delivery speed and quality.,280,DP_121
OD10366,CUST2631,Bella Italia,Farmhouse Veg Pizza,Italian,2026-05-01 22:00:39,48,Jayanagar,Delivered,4,Satisfied with the delivery speed and quality.,450,DP_102
OD10367,CUST2488,Wok & Roll,Veg Spring Rolls (6 pcs),Chinese & Asian,2026-04-29 19:00:15,47,Jayanagar,Delivered,3,"Food was okay, but delivery took some time.",210,DP_180
OD10368,CUST2304,Spice Symphony,Dal Makhani with Jeera Rice,North Indian,2026-05-23 19:21:58,42,Koramangala,Delivered,3,The food was decent but arrived a bit cold.,300,DP_107
OD10369,CUST3417,Tandoori Nights,Butter Chicken Combo Meal,North Indian,2026-05-20 19:59:02,,Koramangala,Cancelled,,Customer cancelled the order,390,DP_199
OD10370,CUST2662,Burger Bistro,Chicken Nuggets (9 pcs),Fast Food,2026-04-29 13:08:07,35,Jayanagar,Delivered,4,Decent portion size and good taste. Recommended.,430,DP_143
OD10371,CUST2120,The Golden Dosa,Filter Coffee & Upma,South Indian,2026-05-19 19:50:45,38,Jayanagar,Delivered,4,Decent portion size and good taste. Recommended.,130,DP_155
OD10372,CUST2725,Royal Biryani House,Chicken Tikka Biryani,Biryani & Mughlai,2026-05-02 21:14:45,29,Jayanagar,Delivered,4,"Tasty food, standard delivery. Satisfactory.",410,DP_125
OD10373,CUST2425,Tandoori Nights,Tandoori Roti Combo,North Indian,2026-05-22 19:00:40,54,Whitefield,Delivered,2,Delivery took almost an hour. Unhappy.,220,DP_189
OD10374,CUST2013,The Golden Dosa,Rava Kesari & Dosa Combo,South Indian,2026-05-03 14:21:59,40,Malleshwaram,Delivered,4,Decent portion size and good taste. Recommended.,170,DP_161
OD10375,CUST2687,Sweet Retreat,Sizzling Brownie,Desserts,2026-05-06 19:43:20,46,Indiranagar,Delivered,1,Unprofessional delivery partner. Very bad experience.,380,DP_127
OD10376,CUST2136,Royal Biryani House,Veg Hyderabadi Biryani,Biryani & Mughlai,2026-05-17 19:10:36,,BTM Layout,Cancelled,,Item out of stock at restaurant,600,DP_124
OD10377,CUST2240,Bella Italia,Veg Arrabiata Penne Pasta,Italian,2026-05-12 21:23:28,37,Jayanagar,Delivered,4,Good taste and neat packaging.,350,DP_128
OD10378,CUST2414,The Golden Dosa,Onion Uttapam,South Indian,2026-05-01 12:59:30,37,Jayanagar,Delivered,3,The food was decent but arrived a bit cold.,180,DP_200
OD10379,CUST2272,Wok & Roll,Veg Hakka Noodles,Chinese & Asian,2026-05-26 07:54:38,35,Koramangala,Delivered,5,"Perfect taste, clean packaging, and polite delivery partner.",240,DP_143
OD10380,CUST2640,Spice Symphony,Kadhai Paneer with Roti,North Indian,2026-05-03 13:34:20,33,Malleshwaram,Delivered,5,"Delivered way before time, packaging was excellent!",340,DP_186
OD10381,CUST3147,Cafe Daybreak,Club Sandwich,Continental & Beverages,2026-05-05 11:45:51,17,Jayanagar,Delivered,5,"Extremely satisfied, delivered hot and fresh!",250,DP_174
OD10382,CUST3108,Sweet Retreat,Chocolate Lava Cake,Desserts,2026-04-28 10:03:05,25,BTM Layout,Delivered,3,The food was decent but arrived a bit cold.,190,DP_151
OD10383,CUST3414,Sweet Retreat,Kulfi Falooda,Desserts,2026-05-19 20:51:34,50,Koramangala,Delivered,4,"Tasty food, standard delivery. Satisfactory.",170,DP_197
OD10384,CUST2960,The Golden Dosa,Onion Uttapam,South Indian,2026-05-04 11:57:39,19,Jayanagar,Delivered,4,Overall great experience. Prompt service.,180,DP_147
OD10385,CUST2666,Sweet Retreat,Sizzling Brownie,Desserts,2026-05-12 17:10:18,31,Marathahalli,Delivered,5,"Perfect taste, clean packaging, and polite delivery partner.",230,DP_178
OD10386,CUST2220,Burger Bistro,Loaded Nachos,Fast Food,2026-05-09 19:15:39,62,Whitefield,Delivered,1,Awful experience! Delayed by over an hour and no response.,260,DP_171
OD10387,CUST3211,The Salad Bowl,Greek Salad,Healthy & Salads,2026-05-04 12:42:04,39,Malleshwaram,Delivered,5,Best meal ever. Highly recommended!,270,DP_115
OD10388,CUST2361,Bella Italia,Farmhouse Veg Pizza,Italian,2026-05-16 20:24:20,41,Malleshwaram,Delivered,4,Decent portion size and good taste. Recommended.,440,DP_183
OD10389,CUST3303,Spice Symphony,Paneer Butter Masala Meal,North Indian,2026-05-09 19:28:12,74,Whitefield,Delivered,1,Awful experience! Delayed by over an hour and no response.,370,DP_188
OD10390,CUST2706,The Golden Dosa,Filter Coffee & Upma,South Indian,2026-05-24 13:23:57,48,Indiranagar,Delivered,1,The food tasted stale and horrible! Threw it in the trash.,160,DP_101
OD10391,CUST2885,Tandoori Nights,Tandoori Roti Combo,North Indian,2026-05-10 19:42:11,52,Malleshwaram,Delivered,3,Packaging could have been better. Average taste.,230,DP_118
OD10392,CUST2316,Bella Italia,Chicken Alfredo Pasta,Italian,2026-05-01 20:31:42,50,BTM Layout,Delivered,1,Awful experience! Delayed by over an hour and no response.,380,DP_118
OD10393,CUST3238,The Salad Bowl,Fresh Fruit Bowl,Healthy & Salads,2026-05-11 14:14:11,40,BTM Layout,Delivered,5,"Delivered way before time, packaging was excellent!",230,DP_178
OD10394,CUST2552,The Salad Bowl,Fresh Fruit Bowl,Healthy & Salads,2026-05-15 18:23:07,,Malleshwaram,Cancelled,,Restaurant could not prepare food in time,200,DP_189
OD10395,CUST2291,Cafe Daybreak,Hot Chocolate,Continental & Beverages,2026-05-16 09:30:40,35,Koramangala,Delivered,3,Prompt delivery but taste was average.,190,DP_188
OD10396,CUST2023,Sweet Retreat,Sizzling Brownie,Desserts,2026-05-07 16:51:18,15,Jayanagar,Delivered,5,"Extremely satisfied, delivered hot and fresh!",230,DP_122
OD10397,CUST3489,Tandoori Nights,Malai Kofta & Lachha Paratha,North Indian,2026-05-15 07:18:51,26,Indiranagar,Delivered,5,"Extremely satisfied, delivered hot and fresh!",380,DP_137
OD10398,CUST2517,Royal Biryani House,Chicken Tikka Biryani,Biryani & Mughlai,2026-04-30 19:58:37,46,HSR Layout,Delivered,3,The food was decent but arrived a bit cold.,400,DP_185
OD10399,CUST2484,Sweet Retreat,Red Velvet Pastry,Desserts,2026-04-29 22:38:59,52,HSR Layout,Delivered,3,Packaging could have been better. Average taste.,170,DP_164
OD10400,CUST3487,Royal Biryani House,Mutton Biryani,Biryani & Mughlai,2026-05-05 20:07:03,42,HSR Layout,Delivered,2,Taste was disappointing. Packaging was leaked.,490,DP_160
OD10401,CUST2479,The Salad Bowl,Greek Salad,Healthy & Salads,2026-05-10 05:59:51,53,Malleshwaram,Delivered,2,Food was cold when it arrived.,260,DP_149
OD10402,CUST2200,Cafe Daybreak,Hot Chocolate,Continental & Beverages,2026-05-17 21:21:17,47,Jayanagar,Delivered,2,"Too spicy, couldn't eat it. Disappointed.",560,DP_113
OD10403,CUST3377,Tandoori Nights,Paneer Tikka,North Indian,2026-04-27 20:53:04,36,Indiranagar,Delivered,4,"Tasty food, but could be a bit warmer.",310,DP_153
OD10404,CUST3486,Bella Italia,Veg Arrabiata Penne Pasta,Italian,2026-04-28 22:42:57,60,Whitefield,Delivered,2,Taste was disappointing. Packaging was leaked.,330,DP_177
OD10405,CUST2267,The Salad Bowl,Fresh Fruit Bowl,Healthy & Salads,2026-05-19 12:18:29,42,Koramangala,Delivered,2,The item delivered was incorrect and lukewarm.,390,DP_182
OD10406,CUST2663,Bella Italia,Chicken Alfredo Pasta,Italian,2026-05-09 15:03:16,24,Jayanagar,Delivered,4,Decent portion size and good taste. Recommended.,400,DP_123
OD10407,CUST2805,Royal Biryani House,Egg Biryani,Biryani & Mughlai,2026-05-17 10:28:45,18,Jayanagar,Delivered,5,Best meal ever. Highly recommended!,310,DP_114
OD10408,CUST2039,Sweet Retreat,Red Velvet Pastry,Desserts,2026-05-18 15:09:44,31,Marathahalli,Delivered,4,Satisfied with the delivery speed and quality.,170,DP_151
OD10409,CUST2980,The Salad Bowl,Greek Salad,Healthy & Salads,2026-04-27 14:44:52,37,Malleshwaram,Delivered,5,"Amazing food, super fast delivery!",480,DP_116
OD10410,CUST3295,The Golden Dosa,Rava Kesari & Dosa Combo,South Indian,2026-05-11 20:18:41,77,Whitefield,Delivered,1,Unprofessional delivery partner. Very bad experience.,190,DP_123
OD10411,CUST3426,The Salad Bowl,Caesar Salad,Healthy & Salads,2026-05-25 19:47:12,36,HSR Layout,Delivered,4,Satisfied with the delivery speed and quality.,280,DP_105
OD10412,CUST2797,The Golden Dosa,Filter Coffee & Upma,South Indian,2026-05-23 21:01:02,53,Marathahalli,Delivered,2,The item delivered was incorrect and lukewarm.,160,DP_108
OD10413,CUST3072,Sweet Retreat,Kulfi Falooda,Desserts,2026-04-28 20:31:41,36,Indiranagar,Delivered,4,Good taste and neat packaging.,160,DP_161
OD10414,CUST2353,Spice Symphony,Dal Makhani with Jeera Rice,North Indian,2026-05-02 21:04:52,53,Koramangala,Delivered,3,Portion size was small for the price.,580,DP_115
OD10415,CUST3390,The Salad Bowl,High-Protein Chicken Salad,Healthy & Salads,2026-05-22 12:02:37,33,HSR Layout,Delivered,4,"Tasty food, standard delivery. Satisfactory.",320,DP_143
OD10416,CUST2758,Cafe Daybreak,Iced Latte,Continental & Beverages,2026-05-22 21:39:24,39,HSR Layout,Delivered,3,The food was decent but arrived a bit cold.,180,DP_103
OD10417,CUST3335,Tandoori Nights,Malai Kofta & Lachha Paratha,North Indian,2026-05-03 11:17:33,23,Malleshwaram,Delivered,5,Outstanding quality! Will definitely order again.,380,DP_153
OD10418,CUST3469,Sweet Retreat,Kulfi Falooda,Desserts,2026-04-27 19:12:07,44,Koramangala,Delivered,3,The food was decent but arrived a bit cold.,430,DP_180
OD10419,CUST3351,Wok & Roll,Schezwan Noodles,Chinese & Asian,2026-05-18 21:58:30,49,Malleshwaram,Delivered,4,Overall great experience. Prompt service.,250,DP_123
OD10420,CUST2584,Wok & Roll,Chilli Chicken Gravy,Chinese & Asian,2026-05-20 07:34:11,23,HSR Layout,Delivered,5,Outstanding quality! Will definitely order again.,330,DP_104
OD10421,CUST3478,Sweet Retreat,Kulfi Falooda,Desserts,2026-05-18 21:14:49,34,Koramangala,Delivered,4,"Tasty food, but could be a bit warmer.",180,DP_142
OD10422,CUST2770,Wok & Roll,Veg Hakka Noodles,Chinese & Asian,2026-05-10 11:59:39,29,Malleshwaram,Delivered,4,"Tasty food, standard delivery. Satisfactory.",270,DP_123
OD10423,CUST2735,Bella Italia,Chicken Alfredo Pasta,Italian,2026-04-28 13:07:54,36,Malleshwaram,Delivered,5,"Extremely satisfied, delivered hot and fresh!",380,DP_159
OD10424,CUST3237,Royal Biryani House,Chicken Tikka Biryani,Biryani & Mughlai,2026-05-24 18:55:13,27,Malleshwaram,Delivered,4,"Tasty food, but could be a bit warmer.",750,DP_160
OD10425,CUST2508,Burger Bistro,Chicken Nuggets (9 pcs),Fast Food,2026-05-25 00:02:02,27,Malleshwaram,Delivered,4,Satisfied with the delivery speed and quality.,220,DP_194
OD10426,CUST2982,The Golden Dosa,Onion Uttapam,South Indian,2026-04-27 20:26:13,35,HSR Layout,Delivered,5,Best meal ever. Highly recommended!,150,DP_146
OD10427,CUST3371,Bella Italia,Chicken Alfredo Pasta,Italian,2026-05-11 20:55:45,,BTM Layout,Cancelled,,Customer cancelled the order,380,DP_124
OD10428,CUST3284,Sweet Retreat,Chocolate Lava Cake,Desserts,2026-05-19 14:02:18,40,BTM Layout,Delivered,5,"Extremely satisfied, delivered hot and fresh!",300,DP_197
OD10429,CUST2113,Cafe Daybreak,Hot Chocolate,Continental & Beverages,2026-05-11 19:23:23,37,HSR Layout,Delivered,4,"Tasty food, but could be a bit warmer.",360,DP_183
OD10430,CUST2686,Wok & Roll,Veg Spring Rolls (6 pcs),Chinese & Asian,2026-05-21 19:44:13,50,Whitefield,Delivered,3,Average food. Nothing special.,210,DP_142
OD10431,CUST2130,Burger Bistro,Spicy Paneer Wrap,Fast Food,2026-05-14 20:34:57,43,Jayanagar,Delivered,1,Worst service! Delivered extremely late and completely cold.,200,DP_158
OD10432,CUST2386,Sweet Retreat,Chocolate Lava Cake,Desserts,2026-04-29 10:17:07,23,HSR Layout,Delivered,5,"Perfect taste, clean packaging, and polite delivery partner.",170,DP_164
OD10433,CUST2047,Bella Italia,Farmhouse Veg Pizza,Italian,2026-05-10 17:41:01,22,Jayanagar,Delivered,5,"Delivered way before time, packaging was excellent!",1290,DP_125
OD10434,CUST3321,Burger Bistro,Chicken Nuggets (9 pcs),Fast Food,2026-05-18 20:53:35,40,Malleshwaram,Delivered,4,"Tasty food, but could be a bit warmer.",230,DP_159
OD10435,CUST2533,Wok & Roll,Chilli Chicken Gravy,Chinese & Asian,2026-04-28 12:18:29,30,HSR Layout,Delivered,5,"Perfect taste, clean packaging, and polite delivery partner.",320,DP_180
OD10436,CUST3419,Royal Biryani House,Mutton Biryani,Biryani & Mughlai,2026-05-15 11:16:23,,HSR Layout,Cancelled,,Item out of stock at restaurant,470,DP_127
OD10437,CUST3449,Spice Symphony,Dal Makhani with Jeera Rice,North Indian,2026-05-14 22:34:19,49,Koramangala,Delivered,1,Unprofessional delivery partner. Very bad experience.,870,DP_104
OD10438,CUST2320,Spice Symphony,Kadhai Paneer with Roti,North Indian,2026-05-06 18:18:48,37,HSR Layout,Delivered,4,"Tasty food, standard delivery. Satisfactory.",970,DP_173
OD10439,CUST2231,Sweet Retreat,Chocolate Lava Cake,Desserts,2026-05-09 19:14:28,49,Marathahalli,Delivered,3,Portion size was small for the price.,160,DP_112
OD10440,CUST2401,Spice Symphony,Butter Chicken & Naan,North Indian,2026-04-29 22:25:12,45,Malleshwaram,Delivered,4,"Tasty food, standard delivery. Satisfactory.",400,DP_141
OD10441,CUST2740,The Salad Bowl,Quinoa Avocado Salad,Healthy & Salads,2026-05-08 05:22:22,30,Jayanagar,Delivered,3,The food was decent but arrived a bit cold.,370,DP_158
OD10442,CUST2852,Sweet Retreat,Gulab Jamun (4 pcs),Desserts,2026-05-10 11:37:38,27,Koramangala,Delivered,3,Portion size was small for the price.,150,DP_119
OD10443,CUST2136,Tandoori Nights,Tandoori Roti Combo,North Indian,2026-05-05 16:35:29,23,HSR Layout,Delivered,5,Best meal ever. Highly recommended!,230,DP_126
OD10444,CUST2087,Bella Italia,Garlic Bread with Cheese,Italian,2026-05-22 00:16:19,32,Malleshwaram,Delivered,4,"Tasty food, standard delivery. Satisfactory.",200,DP_116
OD10445,CUST3321,Wok & Roll,Veg Hakka Noodles,Chinese & Asian,2026-04-29 19:23:37,37,Malleshwaram,Delivered,4,"Tasty food, standard delivery. Satisfactory.",260,DP_173
OD10446,CUST2245,Burger Bistro,Loaded Nachos,Fast Food,2026-05-02 19:09:20,39,Malleshwaram,Delivered,4,"Tasty food, standard delivery. Satisfactory.",240,DP_189
OD10447,CUST2730,Spice Symphony,Dal Makhani with Jeera Rice,North Indian,2026-05-21 19:48:06,44,HSR Layout,Delivered,2,Delivery took almost an hour. Unhappy.,300,DP_170
OD10448,CUST2556,Burger Bistro,Classic Cheese Burger & Fries,Fast Food,2026-04-27 11:18:23,30,Malleshwaram,Delivered,5,Outstanding quality! Will definitely order again.,280,DP_153
OD10449,CUST2317,Cafe Daybreak,Iced Latte,Continental & Beverages,2026-05-26 08:52:08,20,Indiranagar,Delivered,5,Best meal ever. Highly recommended!,340,DP_162
OD10450,CUST3224,Cafe Daybreak,Hot Chocolate,Continental & Beverages,2026-05-23 11:08:54,26,HSR Layout,Delivered,5,"Amazing food, super fast delivery!",210,DP_189
OD10451,CUST2871,The Golden Dosa,Masala Dosa with Sambar,South Indian,2026-04-28 12:02:50,28,Indiranagar,Delivered,5,"Amazing food, super fast delivery!",170,DP_161
OD10452,CUST2198,The Golden Dosa,Filter Coffee & Upma,South Indian,2026-05-08 06:09:54,26,Jayanagar,Delivered,4,"Tasty food, standard delivery. Satisfactory.",140,DP_175
OD10453,CUST3256,Wok & Roll,Veg Spring Rolls (6 pcs),Chinese & Asian,2026-05-21 05:13:45,37,Whitefield,Delivered,4,"Tasty food, standard delivery. Satisfactory.",180,DP_137
OD10454,CUST2203,Wok & Roll,Veg Spring Rolls (6 pcs),Chinese & Asian,2026-05-15 12:43:06,43,HSR Layout,Delivered,3,Portion size was small for the price.,370,DP_146
OD10455,CUST2254,Sweet Retreat,Chocolate Lava Cake,Desserts,2026-05-19 13:46:02,34,Koramangala,Delivered,4,"Tasty food, standard delivery. Satisfactory.",190,DP_142
OD10456,CUST2639,Sweet Retreat,Red Velvet Pastry,Desserts,2026-05-10 12:04:57,,Malleshwaram,Cancelled,,Customer cancelled the order,190,DP_187
OD10457,CUST2368,Spice Symphony,Tandoori Chicken Half,North Indian,2026-05-18 20:07:09,77,BTM Layout,Delivered,1,The food tasted stale and horrible! Threw it in the trash.,430,DP_152
OD10458,CUST2133,Burger Bistro,Crispy Chicken Burger,Fast Food,2026-05-23 16:31:17,34,Jayanagar,Delivered,4,Satisfied with the delivery speed and quality.,260,DP_197
OD10459,CUST2993,Cafe Daybreak,Hot Chocolate,Continental & Beverages,2026-05-05 18:14:40,22,HSR Layout,Delivered,4,Satisfied with the delivery speed and quality.,220,DP_104
OD10460,CUST3389,Spice Symphony,Paneer Butter Masala Meal,North Indian,2026-05-16 19:48:04,44,Malleshwaram,Delivered,3,Portion size was small for the price.,360,DP_160
OD10461,CUST3108,Cafe Daybreak,Club Sandwich,Continental & Beverages,2026-05-25 21:24:28,,Marathahalli,Cancelled,,Delivery address was outside the delivery radius,650,DP_149
OD10462,CUST2942,Spice Symphony,Butter Chicken & Naan,North Indian,2026-05-02 18:08:19,35,BTM Layout,Delivered,4,Decent portion size and good taste. Recommended.,390,DP_163
OD10463,CUST3404,Cafe Daybreak,Classic Cold Coffee,Continental & Beverages,2026-05-09 13:37:24,45,Marathahalli,Delivered,4,Overall great experience. Prompt service.,180,DP_199
OD10464,CUST2715,Tandoori Nights,Chicken Seekh Kebab,North Indian,2026-05-10 14:22:26,54,Marathahalli,Delivered,3,Average food. Nothing special.,350,DP_108
OD10465,CUST3410,The Golden Dosa,Rava Kesari & Dosa Combo,South Indian,2026-05-07 07:42:55,37,BTM Layout,Delivered,5,"Perfect taste, clean packaging, and polite delivery partner.",180,DP_173
OD10466,CUST2962,Tandoori Nights,Chicken Seekh Kebab,North Indian,2026-05-07 19:51:31,44,Koramangala,Delivered,2,The item delivered was incorrect and lukewarm.,980,DP_189
OD10467,CUST2696,Royal Biryani House,Chicken Tikka Biryani,Biryani & Mughlai,2026-05-17 21:50:04,81,Whitefield,Delivered,1,The food tasted stale and horrible! Threw it in the trash.,410,DP_137
OD10468,CUST3280,The Golden Dosa,Filter Coffee & Upma,South Indian,2026-05-15 20:30:27,65,Whitefield,Delivered,1,Awful experience! Delayed by over an hour and no response.,150,DP_145
OD10469,CUST3106,Burger Bistro,Crispy Chicken Burger,Fast Food,2026-05-11 20:35:11,51,Indiranagar,Delivered,2,"Too spicy, couldn't eat it. Disappointed.",250,DP_181
OD10470,CUST3354,Sweet Retreat,Gulab Jamun (4 pcs),Desserts,2026-05-20 19:33:12,41,Marathahalli,Delivered,2,Delivery took almost an hour. Unhappy.,250,DP_160
OD10471,CUST2892,The Salad Bowl,High-Protein Chicken Salad,Healthy & Salads,2026-05-24 15:52:18,32,HSR Layout,Delivered,5,Outstanding quality! Will definitely order again.,600,DP_133
OD10472,CUST2057,Wok & Roll,Schezwan Noodles,Chinese & Asian,2026-05-25 07:10:17,25,HSR Layout,Delivered,5,"Delivered way before time, packaging was excellent!",280,DP_104
OD10473,CUST2361,Spice Symphony,Tandoori Chicken Half,North Indian,2026-04-29 13:19:55,31,Koramangala,Delivered,3,"Food was okay, but delivery took some time.",400,DP_153
OD10474,CUST2484,The Golden Dosa,Filter Coffee & Upma,South Indian,2026-05-23 19:49:59,38,Jayanagar,Delivered,5,"Delivered way before time, packaging was excellent!",130,DP_164
OD10475,CUST2799,Wok & Roll,Chilli Chicken Gravy,Chinese & Asian,2026-05-05 17:16:55,23,Indiranagar,Delivered,4,Overall great experience. Prompt service.,300,DP_163
OD10476,CUST3118,The Salad Bowl,Greek Salad,Healthy & Salads,2026-05-26 11:30:45,19,Marathahalli,Delivered,4,Good taste and neat packaging.,270,DP_140
OD10477,CUST3357,Spice Symphony,Paneer Butter Masala Meal,North Indian,2026-05-19 14:51:43,48,Koramangala,Delivered,3,Packaging could have been better. Average taste.,370,DP_169
OD10478,CUST2524,Bella Italia,Margherita Pizza 10-inch,Italian,2026-05-24 21:58:28,59,Marathahalli,Delivered,2,"Not worth the price, portion was very small.",790,DP_199
OD10479,CUST2965,The Salad Bowl,High-Protein Chicken Salad,Healthy & Salads,2026-05-19 13:04:22,44,BTM Layout,Delivered,4,Good taste and neat packaging.,310,DP_178
OD10480,CUST3314,Royal Biryani House,Egg Biryani,Biryani & Mughlai,2026-05-03 19:20:36,46,Koramangala,Delivered,2,Delivery took almost an hour. Unhappy.,290,DP_115
OD10481,CUST2925,Sweet Retreat,Red Velvet Pastry,Desserts,2026-05-03 09:23:11,39,BTM Layout,Delivered,5,"Delivered way before time, packaging was excellent!",190,DP_149
OD10482,CUST3326,Tandoori Nights,Paneer Tikka,North Indian,2026-05-19 21:03:25,37,BTM Layout,Delivered,4,Decent portion size and good taste. Recommended.,610,DP_177
OD10483,CUST2241,Spice Symphony,Kadhai Paneer with Roti,North Indian,2026-05-12 11:45:13,33,Whitefield,Delivered,4,Satisfied with the delivery speed and quality.,360,DP_135
OD10484,CUST2424,Tandoori Nights,Paneer Tikka,North Indian,2026-05-03 16:26:50,27,HSR Layout,Delivered,4,"Tasty food, but could be a bit warmer.",880,DP_104
OD10485,CUST2758,Tandoori Nights,Tandoori Roti Combo,North Indian,2026-05-07 22:25:43,61,Whitefield,Delivered,1,Worst service! Delivered extremely late and completely cold.,230,DP_192
OD10486,CUST3141,Spice Symphony,Butter Chicken & Naan,North Indian,2026-05-08 23:42:51,28,Indiranagar,Delivered,4,Overall great experience. Prompt service.,380,DP_101
OD10487,CUST2271,Cafe Daybreak,Club Sandwich,Continental & Beverages,2026-05-12 22:56:29,42,HSR Layout,Delivered,3,Portion size was small for the price.,250,DP_112
OD10488,CUST2091,Royal Biryani House,Egg Biryani,Biryani & Mughlai,2026-05-26 16:57:56,31,Jayanagar,Delivered,5,"Extremely satisfied, delivered hot and fresh!",560,DP_179
OD10489,CUST2893,Royal Biryani House,Veg Hyderabadi Biryani,Biryani & Mughlai,2026-05-01 19:59:42,35,Malleshwaram,Delivered,5,"Extremely satisfied, delivered hot and fresh!",330,DP_107
OD10490,CUST2335,Sweet Retreat,Sizzling Brownie,Desserts,2026-05-08 23:35:31,21,Malleshwaram,Delivered,5,"Extremely satisfied, delivered hot and fresh!",230,DP_164
OD10491,CUST2370,Royal Biryani House,Chicken Tikka Biryani,Biryani & Mughlai,2026-04-27 18:36:11,26,BTM Layout,Delivered,4,Overall great experience. Prompt service.,750,DP_110
OD10492,CUST2054,Bella Italia,Margherita Pizza 10-inch,Italian,2026-05-01 06:29:53,32,Malleshwaram,Delivered,5,"Amazing food, super fast delivery!",400,DP_159
OD10493,CUST3344,Tandoori Nights,Tandoori Roti Combo,North Indian,2026-04-28 20:18:20,46,Indiranagar,Delivered,3,Packaging could have been better. Average taste.,210,DP_196
OD10494,CUST2523,Royal Biryani House,Mutton Biryani,Biryani & Mughlai,2026-05-24 12:24:49,44,BTM Layout,Delivered,2,The item delivered was incorrect and lukewarm.,1400,DP_137
OD10495,CUST2636,Tandoori Nights,Paneer Tikka,North Indian,2026-05-13 12:28:56,37,BTM Layout,Delivered,4,Overall great experience. Prompt service.,300,DP_161
OD10496,CUST3258,Royal Biryani House,Egg Biryani,Biryani & Mughlai,2026-05-07 22:43:14,47,HSR Layout,Delivered,4,Satisfied with the delivery speed and quality.,280,DP_164
OD10497,CUST2896,The Golden Dosa,Onion Uttapam,South Indian,2026-05-06 21:33:27,33,Jayanagar,Delivered,5,"Amazing food, super fast delivery!",160,DP_173
OD10498,CUST3046,The Salad Bowl,Greek Salad,Healthy & Salads,2026-05-15 09:32:01,38,Koramangala,Delivered,5,Best meal ever. Highly recommended!,270,DP_195
OD10499,CUST2093,The Golden Dosa,Onion Uttapam,South Indian,2026-05-20 17:42:28,31,Jayanagar,Delivered,5,"Amazing food, super fast delivery!",300,DP_144
OD10500,CUST3238,Bella Italia,Margherita Pizza 10-inch,Italian,2026-04-30 05:41:30,26,Malleshwaram,Delivered,2,Taste was disappointing. Packaging was leaked.,400,DP_189
OD10501,CUST3487,Sweet Retreat,Gulab Jamun (4 pcs),Desserts,2026-05-19 20:51:19,31,Koramangala,Delivered,3,The food was decent but arrived a bit cold.,140,DP_117
OD10502,CUST2386,Spice Symphony,Paneer Butter Masala Meal,North Indian,2026-05-10 21:54:50,60,Whitefield,Delivered,2,"Too spicy, couldn't eat it. Disappointed.",350,DP_112
OD10503,CUST2313,Sweet Retreat,Sizzling Brownie,Desserts,2026-05-03 13:53:53,36,BTM Layout,Delivered,4,Satisfied with the delivery speed and quality.,230,DP_107
OD10504,CUST3016,Tandoori Nights,Butter Chicken Combo Meal,North Indian,2026-05-09 18:37:46,29,Malleshwaram,Delivered,4,Overall great experience. Prompt service.,400,DP_130
OD10505,CUST3134,The Golden Dosa,Rava Kesari & Dosa Combo,South Indian,2026-04-30 18:41:22,21,Malleshwaram,Delivered,5,Outstanding quality! Will definitely order again.,350,DP_190
OD10506,CUST2962,Burger Bistro,Chicken Nuggets (9 pcs),Fast Food,2026-05-18 14:38:54,43,Malleshwaram,Delivered,2,The item delivered was incorrect and lukewarm.,220,DP_117
OD10507,CUST3337,Burger Bistro,Chicken Nuggets (9 pcs),Fast Food,2026-05-06 20:05:42,32,Malleshwaram,Delivered,4,Satisfied with the delivery speed and quality.,220,DP_117
OD10508,CUST3012,Bella Italia,Chicken Alfredo Pasta,Italian,2026-05-08 21:22:43,,HSR Layout,Cancelled,,Item out of stock at restaurant,380,DP_123
OD10509,CUST2066,The Golden Dosa,Rava Kesari & Dosa Combo,South Indian,2026-05-04 18:21:50,26,Marathahalli,Delivered,4,"Tasty food, but could be a bit warmer.",180,DP_199
OD10510,CUST3414,Cafe Daybreak,Classic Cold Coffee,Continental & Beverages,2026-05-11 20:53:48,52,Koramangala,Delivered,1,Worst service! Delivered extremely late and completely cold.,170,DP_114
OD10511,CUST3152,Spice Symphony,Kadhai Paneer with Roti,North Indian,2026-05-26 14:46:18,43,Malleshwaram,Delivered,4,"Tasty food, standard delivery. Satisfactory.",330,DP_198
OD10512,CUST2745,Burger Bistro,Crispy Chicken Burger,Fast Food,2026-05-10 20:00:15,44,Malleshwaram,Delivered,3,Packaging could have been better. Average taste.,240,DP_144
OD10513,CUST2739,Wok & Roll,Chicken Fried Rice & Manchurian,Chinese & Asian,2026-05-01 20:26:58,75,BTM Layout,Delivered,1,Worst service! Delivered extremely late and completely cold.,340,DP_159
OD10514,CUST3470,Cafe Daybreak,Club Sandwich,Continental & Beverages,2026-05-21 12:03:25,45,Indiranagar,Delivered,4,"Tasty food, standard delivery. Satisfactory.",250,DP_185
OD10515,CUST3461,Cafe Daybreak,Hot Chocolate,Continental & Beverages,2026-05-07 21:00:52,40,Jayanagar,Delivered,4,"Tasty food, but could be a bit warmer.",210,DP_168
OD10516,CUST3115,Tandoori Nights,Butter Chicken Combo Meal,North Indian,2026-05-22 19:49:12,40,Jayanagar,Delivered,4,"Tasty food, but could be a bit warmer.",400,DP_111
OD10517,CUST3066,Cafe Daybreak,Hot Chocolate,Continental & Beverages,2026-05-21 19:01:01,46,Jayanagar,Delivered,1,Worst service! Delivered extremely late and completely cold.,210,DP_131
OD10518,CUST3500,Spice Symphony,Dal Makhani with Jeera Rice,North Indian,2026-05-21 19:07:28,36,Jayanagar,Delivered,2,The item delivered was incorrect and lukewarm.,320,DP_174
OD10519,CUST3192,Tandoori Nights,Butter Chicken Combo Meal,North Indian,2026-05-06 20:52:45,48,HSR Layout,Delivered,4,Decent portion size and good taste. Recommended.,750,DP_192
OD10520,CUST3193,Wok & Roll,Schezwan Noodles,Chinese & Asian,2026-05-23 15:05:03,32,BTM Layout,Delivered,4,Decent portion size and good taste. Recommended.,260,DP_117
OD10521,CUST2825,Tandoori Nights,Butter Chicken Combo Meal,North Indian,2026-05-15 18:27:28,26,Malleshwaram,Delivered,5,"Perfect taste, clean packaging, and polite delivery partner.",410,DP_194
OD10522,CUST2938,Royal Biryani House,Chicken Tikka Biryani,Biryani & Mughlai,2026-05-11 18:47:10,37,Marathahalli,Delivered,5,"Extremely satisfied, delivered hot and fresh!",740,DP_116
OD10523,CUST3171,Bella Italia,Margherita Pizza 10-inch,Italian,2026-05-08 13:31:01,56,HSR Layout,Delivered,1,Unprofessional delivery partner. Very bad experience.,400,DP_119
OD10524,CUST2442,Royal Biryani House,Egg Biryani,Biryani & Mughlai,2026-04-28 16:36:19,27,Malleshwaram,Delivered,3,Prompt delivery but taste was average.,300,DP_144
OD10525,CUST2272,Royal Biryani House,Chicken Tikka Biryani,Biryani & Mughlai,2026-05-01 21:20:05,50,BTM Layout,Delivered,1,Missing items in my order and food was cold. Avoid this place!,410,DP_150
OD10526,CUST2569,The Golden Dosa,Idli Vada Combo,South Indian,2026-04-30 19:05:12,43,Indiranagar,Delivered,2,Food was cold when it arrived.,140,DP_173
OD10527,CUST2247,Cafe Daybreak,Iced Latte,Continental & Beverages,2026-05-04 21:53:56,47,Malleshwaram,Delivered,3,Average food. Nothing special.,520,DP_111
OD10528,CUST3007,Spice Symphony,Dal Makhani with Jeera Rice,North Indian,2026-05-13 13:16:05,36,Koramangala,Delivered,5,"Amazing food, super fast delivery!",330,DP_113
OD10529,CUST2316,Bella Italia,Farmhouse Veg Pizza,Italian,2026-05-07 12:45:03,27,Jayanagar,Delivered,3,Portion size was small for the price.,440,DP_150
OD10530,CUST2770,The Golden Dosa,Masala Dosa with Sambar,South Indian,2026-05-21 18:07:17,22,Indiranagar,Delivered,5,"Amazing food, super fast delivery!",150,DP_141
OD10531,CUST2835,Wok & Roll,Veg Hakka Noodles,Chinese & Asian,2026-05-14 19:08:19,43,BTM Layout,Delivered,2,"Too spicy, couldn't eat it. Disappointed.",240,DP_158
OD10532,CUST2765,Cafe Daybreak,Iced Latte,Continental & Beverages,2026-05-14 17:00:52,,Malleshwaram,Cancelled,,Customer cancelled the order,210,DP_180
OD10533,CUST3338,Royal Biryani House,Chicken Dum Biryani,Biryani & Mughlai,2026-05-05 21:24:22,67,Whitefield,Delivered,2,Taste was disappointing. Packaging was leaked.,380,DP_175
OD10534,CUST3154,The Golden Dosa,Rava Kesari & Dosa Combo,South Indian,2026-05-20 19:17:56,62,BTM Layout,Delivered,1,Awful experience! Delayed by over an hour and no response.,170,DP_127
OD10535,CUST2702,Bella Italia,Farmhouse Veg Pizza,Italian,2026-05-11 22:21:01,37,HSR Layout,Delivered,3,The food was decent but arrived a bit cold.,460,DP_183
OD10536,CUST2356,The Salad Bowl,Fresh Fruit Bowl,Healthy & Salads,2026-05-14 08:56:41,27,Koramangala,Delivered,3,Packaging could have been better. Average taste.,410,DP_169
OD10537,CUST3377,The Golden Dosa,Rava Kesari & Dosa Combo,South Indian,2026-05-08 15:53:49,40,Indiranagar,Delivered,4,"Tasty food, but could be a bit warmer.",500,DP_116
OD10538,CUST2041,Bella Italia,Veg Arrabiata Penne Pasta,Italian,2026-05-04 13:31:23,33,Indiranagar,Delivered,2,The item delivered was incorrect and lukewarm.,350,DP_136
OD10539,CUST2812,The Golden Dosa,Rava Kesari & Dosa Combo,South Indian,2026-05-03 20:36:43,44,HSR Layout,Delivered,1,The food tasted stale and horrible! Threw it in the trash.,200,DP_109
OD10540,CUST3072,Bella Italia,Chicken Alfredo Pasta,Italian,2026-05-19 20:39:16,,Malleshwaram,Cancelled,,Delivery address was outside the delivery radius,740,DP_101
OD10541,CUST3313,Spice Symphony,Dal Makhani with Jeera Rice,North Indian,2026-05-18 18:31:23,18,Indiranagar,Delivered,4,Decent portion size and good taste. Recommended.,330,DP_193
OD10542,CUST2920,Burger Bistro,Classic Cheese Burger & Fries,Fast Food,2026-05-15 21:47:14,43,BTM Layout,Delivered,4,"Tasty food, standard delivery. Satisfactory.",280,DP_110
OD10543,CUST2199,Spice Symphony,Tandoori Chicken Half,North Indian,2026-05-17 22:53:16,70,Whitefield,Delivered,1,"Terrible experience, food was completely spilled inside the bag.",400,DP_114
OD10544,CUST2485,The Golden Dosa,Filter Coffee & Upma,South Indian,2026-05-15 11:03:58,29,Indiranagar,Delivered,5,Best meal ever. Highly recommended!,130,DP_149
OD10545,CUST2113,Bella Italia,Garlic Bread with Cheese,Italian,2026-04-28 19:18:54,48,BTM Layout,Delivered,3,Prompt delivery but taste was average.,170,DP_152
OD10546,CUST3352,Tandoori Nights,Chicken Seekh Kebab,North Indian,2026-05-25 19:06:21,40,Indiranagar,Delivered,5,"Amazing food, super fast delivery!",360,DP_159
OD10547,CUST3219,The Golden Dosa,Filter Coffee & Upma,South Indian,2026-05-01 19:16:22,65,BTM Layout,Delivered,2,Food was cold when it arrived.,140,DP_162
OD10548,CUST2124,Royal Biryani House,Veg Hyderabadi Biryani,Biryani & Mughlai,2026-05-25 19:09:09,41,Malleshwaram,Delivered,1,"Terrible experience, food was completely spilled inside the bag.",320,DP_140
OD10549,CUST3202,Royal Biryani House,Chicken Dum Biryani,Biryani & Mughlai,2026-05-03 22:40:58,62,Whitefield,Delivered,1,"Terrible experience, food was completely spilled inside the bag.",350,DP_109
OD10550,CUST3419,Burger Bistro,Loaded Nachos,Fast Food,2026-05-10 14:06:29,32,Indiranagar,Delivered,4,"Tasty food, but could be a bit warmer.",260,DP_164
OD10551,CUST2490,Sweet Retreat,Gulab Jamun (4 pcs),Desserts,2026-05-02 21:00:23,36,Indiranagar,Delivered,4,"Tasty food, standard delivery. Satisfactory.",250,DP_110
OD10552,CUST3200,Burger Bistro,Classic Cheese Burger & Fries,Fast Food,2026-05-02 12:16:46,46,HSR Layout,Delivered,3,Portion size was small for the price.,750,DP_144
OD10553,CUST2208,Spice Symphony,Paneer Butter Masala Meal,North Indian,2026-05-03 13:15:23,45,Marathahalli,Delivered,1,The food tasted stale and horrible! Threw it in the trash.,340,DP_185
OD10554,CUST2389,Wok & Roll,Veg Spring Rolls (6 pcs),Chinese & Asian,2026-05-10 22:15:58,56,Indiranagar,Delivered,1,The food tasted stale and horrible! Threw it in the trash.,200,DP_198
OD10555,CUST2672,Wok & Roll,Veg Hakka Noodles,Chinese & Asian,2026-05-24 18:37:56,35,Malleshwaram,Delivered,4,Decent portion size and good taste. Recommended.,260,DP_127
OD10556,CUST2133,Royal Biryani House,Chicken Tikka Biryani,Biryani & Mughlai,2026-05-11 12:45:23,37,Malleshwaram,Delivered,4,Decent portion size and good taste. Recommended.,400,DP_192
OD10557,CUST3331,Spice Symphony,Paneer Butter Masala Meal,North Indian,2026-05-04 15:19:27,31,BTM Layout,Delivered,4,Decent portion size and good taste. Recommended.,350,DP_174
OD10558,CUST2174,Royal Biryani House,Chicken Dum Biryani,Biryani & Mughlai,2026-04-28 17:39:21,25,BTM Layout,Delivered,4,Satisfied with the delivery speed and quality.,370,DP_158
OD10559,CUST2650,Bella Italia,Farmhouse Veg Pizza,Italian,2026-05-17 08:57:05,30,Jayanagar,Delivered,3,Average food. Nothing special.,470,DP_165
OD10560,CUST2243,The Golden Dosa,Rava Kesari & Dosa Combo,South Indian,2026-05-18 14:19:47,53,Jayanagar,Delivered,2,The item delivered was incorrect and lukewarm.,180,DP_125
OD10561,CUST3113,Bella Italia,Margherita Pizza 10-inch,Italian,2026-05-22 23:25:52,35,Indiranagar,Delivered,5,"Perfect taste, clean packaging, and polite delivery partner.",420,DP_161
OD10562,CUST2430,Sweet Retreat,Red Velvet Pastry,Desserts,2026-05-11 14:05:20,57,Whitefield,Delivered,1,"Terrible experience, food was completely spilled inside the bag.",200,DP_155
OD10563,CUST2062,Burger Bistro,Crispy Chicken Burger,Fast Food,2026-05-20 01:51:42,23,Marathahalli,Delivered,5,Best meal ever. Highly recommended!,240,DP_144
OD10564,CUST3415,Cafe Daybreak,Hot Chocolate,Continental & Beverages,2026-04-28 21:09:21,41,BTM Layout,Delivered,3,Packaging could have been better. Average taste.,190,DP_149
OD10565,CUST2223,Burger Bistro,Loaded Nachos,Fast Food,2026-04-30 20:11:02,32,Malleshwaram,Delivered,2,Delivery took almost an hour. Unhappy.,700,DP_104
OD10566,CUST2422,Wok & Roll,Schezwan Noodles,Chinese & Asian,2026-05-08 18:10:20,24,BTM Layout,Delivered,5,"Perfect taste, clean packaging, and polite delivery partner.",250,DP_151
OD10567,CUST2141,The Salad Bowl,Quinoa Avocado Salad,Healthy & Salads,2026-05-23 20:30:10,45,Jayanagar,Delivered,4,"Tasty food, but could be a bit warmer.",350,DP_176
OD10568,CUST2913,The Golden Dosa,Onion Uttapam,South Indian,2026-05-26 19:31:29,28,Malleshwaram,Delivered,3,Packaging could have been better. Average taste.,160,DP_174
OD10569,CUST2711,Bella Italia,Farmhouse Veg Pizza,Italian,2026-05-02 21:46:27,43,Malleshwaram,Delivered,1,The food tasted stale and horrible! Threw it in the trash.,450,DP_150
OD10570,CUST2324,Bella Italia,Garlic Bread with Cheese,Italian,2026-05-20 21:58:31,64,BTM Layout,Delivered,2,Food was cold when it arrived.,170,DP_198
OD10571,CUST3034,Burger Bistro,Chicken Nuggets (9 pcs),Fast Food,2026-04-28 17:04:40,25,Malleshwaram,Delivered,3,Packaging could have been better. Average taste.,230,DP_149
OD10572,CUST2078,Spice Symphony,Dal Makhani with Jeera Rice,North Indian,2026-05-20 17:29:04,27,Koramangala,Delivered,2,"Too spicy, couldn't eat it. Disappointed.",310,DP_171
OD10573,CUST2965,Bella Italia,Chicken Alfredo Pasta,Italian,2026-05-02 13:34:47,35,BTM Layout,Delivered,4,"Tasty food, but could be a bit warmer.",380,DP_122
OD10574,CUST3464,Spice Symphony,Kadhai Paneer with Roti,North Indian,2026-05-22 18:42:45,36,Koramangala,Delivered,4,Good taste and neat packaging.,330,DP_150
OD10575,CUST2773,Wok & Roll,Chicken Fried Rice & Manchurian,Chinese & Asian,2026-04-27 16:00:21,35,Whitefield,Delivered,2,Food was cold when it arrived.,320,DP_188
OD10576,CUST3361,Royal Biryani House,Mutton Biryani,Biryani & Mughlai,2026-05-07 19:12:39,54,Whitefield,Delivered,3,Portion size was small for the price.,470,DP_170
OD10577,CUST2663,Royal Biryani House,Chicken Dum Biryani,Biryani & Mughlai,2026-05-03 17:04:42,30,Jayanagar,Delivered,3,Packaging could have been better. Average taste.,370,DP_184
OD10578,CUST2618,Tandoori Nights,Tandoori Roti Combo,North Indian,2026-05-22 23:54:36,46,HSR Layout,Delivered,2,The item delivered was incorrect and lukewarm.,560,DP_133
OD10579,CUST3421,Royal Biryani House,Veg Hyderabadi Biryani,Biryani & Mughlai,2026-05-18 18:21:01,,Malleshwaram,Cancelled,,Item out of stock at restaurant,320,DP_149
OD10580,CUST3312,Wok & Roll,Veg Spring Rolls (6 pcs),Chinese & Asian,2026-05-16 20:07:19,56,Whitefield,Delivered,1,Unprofessional delivery partner. Very bad experience.,180,DP_195
OD10581,CUST2414,Royal Biryani House,Egg Biryani,Biryani & Mughlai,2026-05-20 19:28:47,46,Marathahalli,Delivered,2,Taste was disappointing. Packaging was leaked.,280,DP_118
OD10582,CUST2850,Bella Italia,Margherita Pizza 10-inch,Italian,2026-05-03 19:58:58,70,Whitefield,Delivered,2,The item delivered was incorrect and lukewarm.,420,DP_188
OD10583,CUST2013,The Golden Dosa,Onion Uttapam,South Indian,2026-05-01 22:08:05,46,HSR Layout,Delivered,3,Packaging could have been better. Average taste.,160,DP_176
OD10584,CUST2638,Royal Biryani House,Mutton Biryani,Biryani & Mughlai,2026-05-06 13:28:40,60,Whitefield,Delivered,1,Missing items in my order and food was cold. Avoid this place!,480,DP_135
OD10585,CUST2774,Royal Biryani House,Egg Biryani,Biryani & Mughlai,2026-05-23 22:30:01,55,BTM Layout,Delivered,3,The food was decent but arrived a bit cold.,310,DP_155
OD10586,CUST2360,Bella Italia,Farmhouse Veg Pizza,Italian,2026-05-14 19:04:21,38,HSR Layout,Delivered,5,"Amazing food, super fast delivery!",470,DP_192
OD10587,CUST3026,Burger Bistro,Chicken Nuggets (9 pcs),Fast Food,2026-05-20 14:31:19,26,Koramangala,Delivered,4,"Tasty food, but could be a bit warmer.",240,DP_153
OD10588,CUST2894,Bella Italia,Veg Arrabiata Penne Pasta,Italian,2026-05-08 20:41:24,49,BTM Layout,Delivered,2,The item delivered was incorrect and lukewarm.,360,DP_195
OD10589,CUST3448,Spice Symphony,Paneer Butter Masala Meal,North Indian,2026-05-01 13:38:37,35,HSR Layout,Delivered,4,Good taste and neat packaging.,370,DP_102
OD10590,CUST3062,Wok & Roll,Chilli Chicken Gravy,Chinese & Asian,2026-05-06 18:34:42,27,BTM Layout,Delivered,4,"Tasty food, standard delivery. Satisfactory.",330,DP_176
OD10591,CUST2183,The Golden Dosa,Filter Coffee & Upma,South Indian,2026-05-05 20:59:47,58,BTM Layout,Delivered,1,Worst service! Delivered extremely late and completely cold.,150,DP_190
OD10592,CUST2199,The Golden Dosa,Onion Uttapam,South Indian,2026-05-02 12:11:45,37,HSR Layout,Delivered,3,"Food was okay, but delivery took some time.",170,DP_126
OD10593,CUST2412,Spice Symphony,Paneer Butter Masala Meal,North Indian,2026-05-25 21:28:40,33,Koramangala,Delivered,4,Overall great experience. Prompt service.,670,DP_182
OD10594,CUST2132,Burger Bistro,Classic Cheese Burger & Fries,Fast Food,2026-05-21 10:03:17,29,Indiranagar,Delivered,5,Outstanding quality! Will definitely order again.,290,DP_186
OD10595,CUST3070,Spice Symphony,Tandoori Chicken Half,North Indian,2026-05-12 20:38:27,80,Marathahalli,Delivered,1,Unprofessional delivery partner. Very bad experience.,420,DP_148
OD10596,CUST3363,The Salad Bowl,Greek Salad,Healthy & Salads,2026-05-22 10:29:55,37,BTM Layout,Delivered,5,"Delivered way before time, packaging was excellent!",270,DP_193
OD10597,CUST2573,Wok & Roll,Schezwan Noodles,Chinese & Asian,2026-05-18 12:40:52,55,Marathahalli,Delivered,1,Awful experience! Delayed by over an hour and no response.,280,DP_103
OD10598,CUST2667,Sweet Retreat,Red Velvet Pastry,Desserts,2026-05-22 08:27:59,37,Malleshwaram,Delivered,5,Outstanding quality! Will definitely order again.,200,DP_185
OD10599,CUST3459,Royal Biryani House,Chicken Tikka Biryani,Biryani & Mughlai,2026-05-22 09:53:43,26,Malleshwaram,Delivered,4,"Tasty food, but could be a bit warmer.",740,DP_122
OD10600,CUST2434,Royal Biryani House,Chicken Dum Biryani,Biryani & Mughlai,2026-05-26 14:24:49,36,Jayanagar,Delivered,2,The item delivered was incorrect and lukewarm.,350,DP_129
OD10601,CUST2253,Royal Biryani House,Chicken Tikka Biryani,Biryani & Mughlai,2026-05-19 14:14:59,48,Koramangala,Delivered,2,The item delivered was incorrect and lukewarm.,410,DP_183
OD10602,CUST2782,Cafe Daybreak,Paneer Tikka Sandwich,Continental & Beverages,2026-05-06 09:05:21,22,Whitefield,Delivered,5,"Extremely satisfied, delivered hot and fresh!",410,DP_196
OD10603,CUST2779,Tandoori Nights,Chicken Seekh Kebab,North Indian,2026-05-10 13:23:51,42,HSR Layout,Delivered,2,"Not worth the price, portion was very small.",340,DP_167
OD10604,CUST2648,Royal Biryani House,Veg Hyderabadi Biryani,Biryani & Mughlai,2026-05-01 19:09:47,40,Indiranagar,Delivered,3,Prompt delivery but taste was average.,610,DP_177
OD10605,CUST2980,Wok & Roll,Chilli Chicken Gravy,Chinese & Asian,2026-05-22 14:52:45,71,Whitefield,Delivered,1,Missing items in my order and food was cold. Avoid this place!,330,DP_194
OD10606,CUST3490,The Salad Bowl,High-Protein Chicken Salad,Healthy & Salads,2026-05-14 15:27:43,,Malleshwaram,Cancelled,,Delivery address was outside the delivery radius,900,DP_145
OD10607,CUST2801,The Golden Dosa,Filter Coffee & Upma,South Indian,2026-05-03 20:35:25,53,Koramangala,Delivered,2,"Not worth the price, portion was very small.",150,DP_117
OD10608,CUST3341,Royal Biryani House,Chicken Tikka Biryani,Biryani & Mughlai,2026-05-01 12:51:47,64,Whitefield,Delivered,1,Awful experience! Delayed by over an hour and no response.,410,DP_195
OD10609,CUST2303,The Salad Bowl,Greek Salad,Healthy & Salads,2026-04-30 14:30:11,36,Indiranagar,Delivered,2,The item delivered was incorrect and lukewarm.,260,DP_116
OD10610,CUST3480,The Salad Bowl,Quinoa Avocado Salad,Healthy & Salads,2026-05-06 20:11:41,55,BTM Layout,Delivered,2,The item delivered was incorrect and lukewarm.,350,DP_200
OD10611,CUST2783,Bella Italia,Farmhouse Veg Pizza,Italian,2026-04-30 18:42:58,33,Whitefield,Delivered,4,Overall great experience. Prompt service.,440,DP_103
OD10612,CUST3421,The Golden Dosa,Filter Coffee & Upma,South Indian,2026-05-19 16:36:08,,Koramangala,Cancelled,,Restaurant could not prepare food in time,160,DP_142
OD10613,CUST3462,Cafe Daybreak,Iced Latte,Continental & Beverages,2026-05-23 19:51:33,53,Malleshwaram,Delivered,3,The food was decent but arrived a bit cold.,180,DP_109
OD10614,CUST2241,Royal Biryani House,Chicken Tikka Biryani,Biryani & Mughlai,2026-05-22 13:02:08,53,Whitefield,Delivered,4,Good taste and neat packaging.,380,DP_184
OD10615,CUST3037,Bella Italia,Veg Arrabiata Penne Pasta,Italian,2026-05-18 00:19:02,21,Jayanagar,Delivered,5,"Perfect taste, clean packaging, and polite delivery partner.",960,DP_185
OD10616,CUST2641,Cafe Daybreak,Hot Chocolate,Continental & Beverages,2026-05-18 21:15:02,61,Whitefield,Delivered,1,The food tasted stale and horrible! Threw it in the trash.,200,DP_119
OD10617,CUST3212,Burger Bistro,Spicy Paneer Wrap,Fast Food,2026-05-05 13:41:57,43,HSR Layout,Delivered,2,The item delivered was incorrect and lukewarm.,230,DP_152
OD10618,CUST2294,Cafe Daybreak,Iced Latte,Continental & Beverages,2026-05-19 19:45:23,,HSR Layout,Cancelled,,Delivery partner could not be assigned due to heavy rain,200,DP_154
OD10619,CUST2648,The Salad Bowl,Greek Salad,Healthy & Salads,2026-04-30 18:43:35,23,BTM Layout,Delivered,5,"Extremely satisfied, delivered hot and fresh!",260,DP_109
OD10620,CUST2560,Royal Biryani House,Mutton Biryani,Biryani & Mughlai,2026-05-04 14:06:50,38,Koramangala,Delivered,3,Average food. Nothing special.,470,DP_123
OD10621,CUST3084,Burger Bistro,Loaded Nachos,Fast Food,2026-05-25 07:20:48,28,BTM Layout,Delivered,4,Decent portion size and good taste. Recommended.,480,DP_124
OD10622,CUST3130,Tandoori Nights,Tandoori Roti Combo,North Indian,2026-05-18 18:09:42,22,HSR Layout,Delivered,5,"Perfect taste, clean packaging, and polite delivery partner.",210,DP_119
OD10623,CUST3310,Burger Bistro,Crispy Chicken Burger,Fast Food,2026-05-02 17:22:51,36,Malleshwaram,Delivered,4,"Tasty food, standard delivery. Satisfactory.",260,DP_165
OD10624,CUST2469,Bella Italia,Margherita Pizza 10-inch,Italian,2026-05-24 09:05:04,28,Whitefield,Delivered,5,Best meal ever. Highly recommended!,810,DP_112
OD10625,CUST2022,The Salad Bowl,Fresh Fruit Bowl,Healthy & Salads,2026-05-13 20:43:56,39,Koramangala,Delivered,3,Average food. Nothing special.,390,DP_152
OD10626,CUST3463,The Salad Bowl,Fresh Fruit Bowl,Healthy & Salads,2026-05-18 22:52:56,,Indiranagar,Cancelled,,Delivery address was outside the delivery radius,210,DP_178
OD10627,CUST2346,Cafe Daybreak,Iced Latte,Continental & Beverages,2026-05-13 14:03:27,50,Malleshwaram,Delivered,3,The food was decent but arrived a bit cold.,200,DP_149
OD10628,CUST2512,Cafe Daybreak,Club Sandwich,Continental & Beverages,2026-05-03 00:40:36,36,BTM Layout,Delivered,3,Packaging could have been better. Average taste.,260,DP_128
OD10629,CUST2118,Burger Bistro,Classic Cheese Burger & Fries,Fast Food,2026-04-30 00:56:46,21,HSR Layout,Delivered,5,Outstanding quality! Will definitely order again.,280,DP_152
OD10630,CUST2174,Cafe Daybreak,Classic Cold Coffee,Continental & Beverages,2026-05-12 01:49:42,20,Jayanagar,Delivered,5,Best meal ever. Highly recommended!,350,DP_129
OD10631,CUST2374,Cafe Daybreak,Hot Chocolate,Continental & Beverages,2026-05-11 12:22:47,35,BTM Layout,Delivered,5,Outstanding quality! Will definitely order again.,220,DP_101
OD10632,CUST2809,The Salad Bowl,High-Protein Chicken Salad,Healthy & Salads,2026-05-12 22:17:07,54,BTM Layout,Delivered,2,Delivery took almost an hour. Unhappy.,610,DP_163
OD10633,CUST2819,Cafe Daybreak,Paneer Tikka Sandwich,Continental & Beverages,2026-05-01 12:32:00,85,Whitefield,Delivered,1,Missing items in my order and food was cold. Avoid this place!,210,DP_107
OD10634,CUST2984,Bella Italia,Veg Arrabiata Penne Pasta,Italian,2026-05-01 20:11:15,36,Jayanagar,Delivered,4,Satisfied with the delivery speed and quality.,360,DP_199
OD10635,CUST3447,The Golden Dosa,Filter Coffee & Upma,South Indian,2026-05-15 19:09:14,,Koramangala,Cancelled,,Delivery address was outside the delivery radius,140,DP_117
OD10636,CUST2079,Bella Italia,Chicken Alfredo Pasta,Italian,2026-05-03 09:03:24,28,BTM Layout,Delivered,4,Good taste and neat packaging.,770,DP_168
OD10637,CUST3045,The Salad Bowl,Caesar Salad,Healthy & Salads,2026-05-08 20:15:20,30,Indiranagar,Delivered,5,"Extremely satisfied, delivered hot and fresh!",280,DP_124
OD10638,CUST2967,Bella Italia,Garlic Bread with Cheese,Italian,2026-05-12 14:19:07,27,Koramangala,Delivered,4,Overall great experience. Prompt service.,180,DP_186
OD10639,CUST3207,Cafe Daybreak,Classic Cold Coffee,Continental & Beverages,2026-05-09 09:06:08,33,Koramangala,Delivered,4,Good taste and neat packaging.,190,DP_106
OD10640,CUST2154,Cafe Daybreak,Classic Cold Coffee,Continental & Beverages,2026-05-03 19:09:02,,HSR Layout,Cancelled,,Delivery address was outside the delivery radius,200,DP_125
OD10641,CUST3128,Bella Italia,Garlic Bread with Cheese,Italian,2026-05-19 11:27:04,33,Malleshwaram,Delivered,4,Good taste and neat packaging.,490,DP_154
OD10642,CUST2342,Tandoori Nights,Malai Kofta & Lachha Paratha,North Indian,2026-05-15 08:44:12,33,BTM Layout,Delivered,4,Satisfied with the delivery speed and quality.,360,DP_164
OD10643,CUST3152,The Salad Bowl,Greek Salad,Healthy & Salads,2026-05-02 19:37:44,49,Indiranagar,Delivered,3,The food was decent but arrived a bit cold.,260,DP_166
OD10644,CUST2550,Cafe Daybreak,Club Sandwich,Continental & Beverages,2026-05-06 07:09:56,22,Jayanagar,Delivered,5,Outstanding quality! Will definitely order again.,230,DP_118
OD10645,CUST2431,Cafe Daybreak,Club Sandwich,Continental & Beverages,2026-05-08 14:45:56,36,Jayanagar,Delivered,5,"Amazing food, super fast delivery!",250,DP_193
OD10646,CUST2729,Wok & Roll,Schezwan Noodles,Chinese & Asian,2026-05-24 20:49:37,61,Koramangala,Delivered,1,"Terrible experience, food was completely spilled inside the bag.",250,DP_193
OD10647,CUST2423,Sweet Retreat,Red Velvet Pastry,Desserts,2026-05-22 21:25:09,52,Malleshwaram,Delivered,3,Packaging could have been better. Average taste.,180,DP_130
OD10648,CUST2372,Sweet Retreat,Red Velvet Pastry,Desserts,2026-05-12 22:11:41,40,Jayanagar,Delivered,3,The food was decent but arrived a bit cold.,330,DP_103
OD10649,CUST3245,Wok & Roll,Veg Hakka Noodles,Chinese & Asian,2026-05-26 19:25:06,40,HSR Layout,Delivered,4,Good taste and neat packaging.,270,DP_194
OD10650,CUST2226,Spice Symphony,Butter Chicken & Naan,North Indian,2026-05-17 19:50:00,51,Koramangala,Delivered,3,Prompt delivery but taste was average.,370,DP_170
OD10651,CUST2910,Royal Biryani House,Veg Hyderabadi Biryani,Biryani & Mughlai,2026-05-14 20:40:34,44,Koramangala,Delivered,3,Prompt delivery but taste was average.,310,DP_103
OD10652,CUST2851,Royal Biryani House,Chicken Dum Biryani,Biryani & Mughlai,2026-05-09 12:41:18,56,Whitefield,Delivered,2,Food was cold when it arrived.,680,DP_188
OD10653,CUST2578,Burger Bistro,Classic Cheese Burger & Fries,Fast Food,2026-05-26 21:57:02,43,HSR Layout,Delivered,3,Packaging could have been better. Average taste.,260,DP_123
OD10654,CUST2308,Bella Italia,Garlic Bread with Cheese,Italian,2026-05-05 21:42:23,42,Jayanagar,Delivered,1,The food tasted stale and horrible! Threw it in the trash.,340,DP_192
OD10655,CUST3344,Royal Biryani House,Veg Hyderabadi Biryani,Biryani & Mughlai,2026-05-22 22:52:04,46,Koramangala,Delivered,1,The food tasted stale and horrible! Threw it in the trash.,330,DP_174
OD10656,CUST2789,Burger Bistro,Spicy Paneer Wrap,Fast Food,2026-05-10 19:40:21,47,HSR Layout,Delivered,2,"Not worth the price, portion was very small.",230,DP_184
OD10657,CUST3091,Cafe Daybreak,Iced Latte,Continental & Beverages,2026-05-21 20:47:14,35,Koramangala,Delivered,3,Portion size was small for the price.,210,DP_131
OD10658,CUST3144,Sweet Retreat,Red Velvet Pastry,Desserts,2026-05-08 21:55:49,47,HSR Layout,Delivered,2,Food was cold when it arrived.,320,DP_138
OD10659,CUST2283,The Golden Dosa,Idli Vada Combo,South Indian,2026-05-10 14:44:06,45,Koramangala,Delivered,4,"Tasty food, but could be a bit warmer.",120,DP_162
OD10660,CUST2158,Spice Symphony,Kadhai Paneer with Roti,North Indian,2026-05-02 18:08:47,27,Jayanagar,Delivered,4,Good taste and neat packaging.,670,DP_161
OD10661,CUST2588,The Golden Dosa,Idli Vada Combo,South Indian,2026-05-02 18:00:25,44,BTM Layout,Delivered,2,The item delivered was incorrect and lukewarm.,120,DP_188
OD10662,CUST2466,The Salad Bowl,Quinoa Avocado Salad,Healthy & Salads,2026-05-01 20:25:39,44,Indiranagar,Delivered,3,Portion size was small for the price.,340,DP_129
OD10663,CUST3337,The Salad Bowl,Greek Salad,Healthy & Salads,2026-05-03 13:06:04,55,Marathahalli,Delivered,3,Average food. Nothing special.,270,DP_178
OD10664,CUST2134,Wok & Roll,Veg Spring Rolls (6 pcs),Chinese & Asian,2026-05-03 19:02:15,45,Jayanagar,Delivered,2,Food was cold when it arrived.,200,DP_111
OD10665,CUST2099,Burger Bistro,Classic Cheese Burger & Fries,Fast Food,2026-05-21 13:25:32,,Whitefield,Cancelled,,Delivery address was outside the delivery radius,500,DP_141
OD10666,CUST3487,Burger Bistro,Crispy Chicken Burger,Fast Food,2026-05-25 20:06:32,44,HSR Layout,Delivered,1,Worst service! Delivered extremely late and completely cold.,230,DP_104
OD10667,CUST2595,Royal Biryani House,Mutton Biryani,Biryani & Mughlai,2026-04-29 22:14:56,61,Whitefield,Delivered,2,Taste was disappointing. Packaging was leaked.,470,DP_188
OD10668,CUST3058,Tandoori Nights,Butter Chicken Combo Meal,North Indian,2026-05-01 14:23:39,52,BTM Layout,Delivered,2,Food was cold when it arrived.,760,DP_106
OD10669,CUST2313,Tandoori Nights,Tandoori Roti Combo,North Indian,2026-05-24 13:55:51,42,Koramangala,Delivered,3,Average food. Nothing special.,200,DP_164
OD10670,CUST2574,Tandoori Nights,Malai Kofta & Lachha Paratha,North Indian,2026-05-21 17:30:16,27,Malleshwaram,Delivered,2,"Not worth the price, portion was very small.",350,DP_184
OD10671,CUST2082,Burger Bistro,Spicy Paneer Wrap,Fast Food,2026-05-13 21:20:23,45,Koramangala,Delivered,1,Awful experience! Delayed by over an hour and no response.,210,DP_188
OD10672,CUST2088,Tandoori Nights,Chicken Seekh Kebab,North Indian,2026-05-14 01:54:06,16,Jayanagar,Delivered,4,"Tasty food, but could be a bit warmer.",340,DP_149
OD10673,CUST2796,Sweet Retreat,Chocolate Lava Cake,Desserts,2026-05-25 21:06:05,40,HSR Layout,Delivered,5,"Extremely satisfied, delivered hot and fresh!",190,DP_194
OD10674,CUST2133,Burger Bistro,Spicy Paneer Wrap,Fast Food,2026-05-20 18:17:29,27,Indiranagar,Delivered,5,Outstanding quality! Will definitely order again.,590,DP_170
OD10675,CUST2656,Tandoori Nights,Chicken Seekh Kebab,North Indian,2026-05-22 14:27:30,49,Whitefield,Delivered,2,Food was cold when it arrived.,980,DP_107
OD10676,CUST2291,The Golden Dosa,Rava Kesari & Dosa Combo,South Indian,2026-05-11 21:33:13,38,Jayanagar,Delivered,3,Portion size was small for the price.,190,DP_124
OD10677,CUST2609,Royal Biryani House,Mutton Biryani,Biryani & Mughlai,2026-05-14 20:10:44,54,BTM Layout,Delivered,4,Decent portion size and good taste. Recommended.,500,DP_146
OD10678,CUST2407,The Golden Dosa,Filter Coffee & Upma,South Indian,2026-05-23 22:47:52,53,Marathahalli,Delivered,3,The food was decent but arrived a bit cold.,150,DP_102
OD10679,CUST2833,Bella Italia,Garlic Bread with Cheese,Italian,2026-05-24 11:28:40,26,Koramangala,Delivered,4,"Tasty food, but could be a bit warmer.",200,DP_105
OD10680,CUST3231,The Salad Bowl,Quinoa Avocado Salad,Healthy & Salads,2026-05-15 22:23:52,,Marathahalli,Cancelled,,Customer cancelled the order,350,DP_103
OD10681,CUST2629,Cafe Daybreak,Club Sandwich,Continental & Beverages,2026-05-08 14:34:27,53,Marathahalli,Delivered,2,"Too spicy, couldn't eat it. Disappointed.",260,DP_115
OD10682,CUST3112,The Salad Bowl,Greek Salad,Healthy & Salads,2026-05-19 19:59:57,44,Koramangala,Delivered,4,Satisfied with the delivery speed and quality.,280,DP_112
OD10683,CUST2213,Sweet Retreat,Kulfi Falooda,Desserts,2026-05-13 19:02:42,36,Jayanagar,Delivered,4,Good taste and neat packaging.,280,DP_154
OD10684,CUST2401,Sweet Retreat,Chocolate Lava Cake,Desserts,2026-05-23 19:50:47,48,BTM Layout,Delivered,2,Delivery took almost an hour. Unhappy.,190,DP_101
OD10685,CUST2850,Wok & Roll,Veg Hakka Noodles,Chinese & Asian,2026-04-27 12:23:53,40,Marathahalli,Delivered,2,"Too spicy, couldn't eat it. Disappointed.",490,DP_143
OD10686,CUST3263,The Salad Bowl,Caesar Salad,Healthy & Salads,2026-05-17 15:46:11,32,BTM Layout,Delivered,5,Outstanding quality! Will definitely order again.,530,DP_141
OD10687,CUST3033,The Golden Dosa,Filter Coffee & Upma,South Indian,2026-05-02 22:13:05,41,Koramangala,Delivered,2,Food was cold when it arrived.,150,DP_104
OD10688,CUST3172,The Salad Bowl,Caesar Salad,Healthy & Salads,2026-05-17 19:22:11,,Whitefield,Cancelled,,Delivery partner could not be assigned due to heavy rain,270,DP_184
OD10689,CUST2609,Wok & Roll,Veg Spring Rolls (6 pcs),Chinese & Asian,2026-05-18 07:05:59,15,HSR Layout,Delivered,5,"Amazing food, super fast delivery!",370,DP_181
OD10690,CUST2228,Sweet Retreat,Kulfi Falooda,Desserts,2026-05-25 12:04:31,39,Marathahalli,Delivered,5,"Amazing food, super fast delivery!",160,DP_127
OD10691,CUST2997,The Golden Dosa,Idli Vada Combo,South Indian,2026-05-17 21:51:10,33,HSR Layout,Delivered,5,"Extremely satisfied, delivered hot and fresh!",150,DP_139
OD10692,CUST2992,Tandoori Nights,Butter Chicken Combo Meal,North Indian,2026-05-05 22:12:38,35,Indiranagar,Delivered,5,"Extremely satisfied, delivered hot and fresh!",390,DP_169
OD10693,CUST2236,Wok & Roll,Veg Hakka Noodles,Chinese & Asian,2026-05-19 22:17:17,38,Malleshwaram,Delivered,4,Satisfied with the delivery speed and quality.,250,DP_126
OD10694,CUST3016,The Salad Bowl,Fresh Fruit Bowl,Healthy & Salads,2026-05-03 20:56:45,41,Jayanagar,Delivered,3,The food was decent but arrived a bit cold.,390,DP_151
OD10695,CUST3000,The Salad Bowl,Greek Salad,Healthy & Salads,2026-05-16 10:24:27,53,Whitefield,Delivered,2,"Not worth the price, portion was very small.",270,DP_173
OD10696,CUST2343,Spice Symphony,Kadhai Paneer with Roti,North Indian,2026-05-23 21:33:22,43,BTM Layout,Delivered,3,"Food was okay, but delivery took some time.",360,DP_104
OD10697,CUST2149,Wok & Roll,Schezwan Noodles,Chinese & Asian,2026-05-07 20:45:21,71,Whitefield,Delivered,1,Missing items in my order and food was cold. Avoid this place!,270,DP_160
OD10698,CUST2581,Tandoori Nights,Paneer Tikka,North Indian,2026-05-19 19:56:51,47,Koramangala,Delivered,3,Portion size was small for the price.,300,DP_174
OD10699,CUST2406,Wok & Roll,Veg Hakka Noodles,Chinese & Asian,2026-05-05 16:07:28,21,HSR Layout,Delivered,5,"Amazing food, super fast delivery!",490,DP_177
OD10700,CUST2584,Spice Symphony,Kadhai Paneer with Roti,North Indian,2026-05-23 22:02:57,41,Indiranagar,Delivered,2,"Not worth the price, portion was very small.",980,DP_144
OD10701,CUST3482,Bella Italia,Veg Arrabiata Penne Pasta,Italian,2026-05-14 20:31:39,38,Indiranagar,Delivered,4,Good taste and neat packaging.,350,DP_151
OD10702,CUST2766,Tandoori Nights,Chicken Seekh Kebab,North Indian,2026-05-01 10:20:55,24,BTM Layout,Delivered,4,Overall great experience. Prompt service.,330,DP_129
OD10703,CUST3101,Spice Symphony,Butter Chicken & Naan,North Indian,2026-05-06 08:21:44,29,BTM Layout,Delivered,5,Best meal ever. Highly recommended!,370,DP_135
OD10704,CUST2246,Royal Biryani House,Veg Hyderabadi Biryani,Biryani & Mughlai,2026-05-18 11:33:15,42,Malleshwaram,Delivered,3,The food was decent but arrived a bit cold.,610,DP_185
OD10705,CUST2989,Wok & Roll,Veg Hakka Noodles,Chinese & Asian,2026-05-08 19:55:15,54,Whitefield,Delivered,4,"Tasty food, but could be a bit warmer.",260,DP_189
OD10706,CUST2959,The Salad Bowl,Quinoa Avocado Salad,Healthy & Salads,2026-05-15 20:32:54,62,Marathahalli,Delivered,2,"Too spicy, couldn't eat it. Disappointed.",360,DP_198
OD10707,CUST2449,Burger Bistro,Chicken Nuggets (9 pcs),Fast Food,2026-05-03 08:27:10,27,Jayanagar,Delivered,3,The food was decent but arrived a bit cold.,600,DP_174
OD10708,CUST2226,Wok & Roll,Veg Hakka Noodles,Chinese & Asian,2026-05-12 20:28:22,34,Jayanagar,Delivered,5,Best meal ever. Highly recommended!,470,DP_116
OD10709,CUST3029,The Salad Bowl,Fresh Fruit Bowl,Healthy & Salads,2026-04-30 07:24:46,21,BTM Layout,Delivered,5,"Extremely satisfied, delivered hot and fresh!",230,DP_125
OD10710,CUST3085,Tandoori Nights,Tandoori Roti Combo,North Indian,2026-05-17 13:07:14,36,Koramangala,Delivered,5,Outstanding quality! Will definitely order again.,200,DP_107
OD10711,CUST3271,The Salad Bowl,Greek Salad,Healthy & Salads,2026-05-25 20:31:13,44,HSR Layout,Delivered,2,The item delivered was incorrect and lukewarm.,260,DP_127
OD10712,CUST2007,The Golden Dosa,Idli Vada Combo,South Indian,2026-05-24 21:15:10,45,Marathahalli,Delivered,3,Average food. Nothing special.,150,DP_188
OD10713,CUST3365,Sweet Retreat,Sizzling Brownie,Desserts,2026-05-25 08:43:48,,Indiranagar,Cancelled,,Customer cancelled the order,210,DP_177
OD10714,CUST2971,Tandoori Nights,Chicken Seekh Kebab,North Indian,2026-04-28 21:36:43,40,Jayanagar,Delivered,5,"Amazing food, super fast delivery!",340,DP_130
OD10715,CUST2205,Bella Italia,Veg Arrabiata Penne Pasta,Italian,2026-05-05 20:16:23,,Malleshwaram,Cancelled,,Customer cancelled the order,350,DP_102
OD10716,CUST2617,Burger Bistro,Loaded Nachos,Fast Food,2026-05-18 18:40:01,29,HSR Layout,Delivered,2,Delivery took almost an hour. Unhappy.,270,DP_153
OD10717,CUST3020,Spice Symphony,Paneer Butter Masala Meal,North Indian,2026-05-20 09:58:24,27,Koramangala,Delivered,3,Packaging could have been better. Average taste.,370,DP_136
OD10718,CUST3080,Royal Biryani House,Veg Hyderabadi Biryani,Biryani & Mughlai,2026-05-09 19:17:19,79,Whitefield,Delivered,2,"Not worth the price, portion was very small.",600,DP_106
OD10719,CUST3161,Burger Bistro,Spicy Paneer Wrap,Fast Food,2026-05-18 12:43:09,31,Jayanagar,Delivered,5,"Extremely satisfied, delivered hot and fresh!",200,DP_180
OD10720,CUST2032,Sweet Retreat,Chocolate Lava Cake,Desserts,2026-05-06 00:22:42,19,Indiranagar,Delivered,4,Decent portion size and good taste. Recommended.,160,DP_107
OD10721,CUST3363,Cafe Daybreak,Iced Latte,Continental & Beverages,2026-05-20 12:37:58,28,Koramangala,Delivered,4,"Tasty food, standard delivery. Satisfactory.",520,DP_138
OD10722,CUST3305,The Salad Bowl,Greek Salad,Healthy & Salads,2026-05-26 13:19:11,34,BTM Layout,Delivered,5,Outstanding quality! Will definitely order again.,250,DP_187
OD10723,CUST2853,Cafe Daybreak,Iced Latte,Continental & Beverages,2026-05-26 19:34:11,34,BTM Layout,Delivered,4,Decent portion size and good taste. Recommended.,180,DP_156
OD10724,CUST3404,Burger Bistro,Chicken Nuggets (9 pcs),Fast Food,2026-05-10 17:58:35,30,Indiranagar,Delivered,4,Overall great experience. Prompt service.,240,DP_199
OD10725,CUST2497,Tandoori Nights,Butter Chicken Combo Meal,North Indian,2026-05-24 15:25:42,42,Indiranagar,Delivered,4,Overall great experience. Prompt service.,400,DP_160
OD10726,CUST3331,The Golden Dosa,Rava Kesari & Dosa Combo,South Indian,2026-05-19 14:03:07,28,Indiranagar,Delivered,2,"Too spicy, couldn't eat it. Disappointed.",190,DP_190
OD10727,CUST2458,Royal Biryani House,Veg Hyderabadi Biryani,Biryani & Mughlai,2026-05-16 20:07:04,41,Indiranagar,Delivered,4,Good taste and neat packaging.,300,DP_120
OD10728,CUST3036,Sweet Retreat,Sizzling Brownie,Desserts,2026-05-12 23:52:15,23,Jayanagar,Delivered,5,"Amazing food, super fast delivery!",200,DP_179
OD10729,CUST2886,Royal Biryani House,Chicken Dum Biryani,Biryani & Mughlai,2026-05-20 20:12:30,41,Malleshwaram,Delivered,2,Delivery took almost an hour. Unhappy.,360,DP_138
OD10730,CUST3368,Bella Italia,Farmhouse Veg Pizza,Italian,2026-05-23 16:01:18,33,Malleshwaram,Delivered,5,"Perfect taste, clean packaging, and polite delivery partner.",440,DP_116
OD10731,CUST3333,Tandoori Nights,Tandoori Roti Combo,North Indian,2026-05-11 21:29:17,,Indiranagar,Cancelled,,Customer cancelled the order,220,DP_121
OD10732,CUST3026,Cafe Daybreak,Iced Latte,Continental & Beverages,2026-05-02 20:22:41,67,Marathahalli,Delivered,1,Missing items in my order and food was cold. Avoid this place!,210,DP_159
OD10733,CUST2140,Sweet Retreat,Sizzling Brownie,Desserts,2026-05-26 18:42:33,24,Jayanagar,Delivered,3,Portion size was small for the price.,570,DP_117
OD10734,CUST3198,Tandoori Nights,Tandoori Roti Combo,North Indian,2026-05-02 13:42:06,61,Malleshwaram,Delivered,1,Awful experience! Delayed by over an hour and no response.,200,DP_187
OD10735,CUST2485,The Golden Dosa,Idli Vada Combo,South Indian,2026-05-10 21:03:39,40,Jayanagar,Delivered,4,Good taste and neat packaging.,150,DP_115
OD10736,CUST2357,Burger Bistro,Classic Cheese Burger & Fries,Fast Food,2026-05-17 19:12:12,48,Jayanagar,Delivered,2,"Not worth the price, portion was very small.",290,DP_163
OD10737,CUST3083,Wok & Roll,Veg Hakka Noodles,Chinese & Asian,2026-05-22 11:00:23,31,BTM Layout,Delivered,4,"Tasty food, standard delivery. Satisfactory.",240,DP_173
OD10738,CUST3316,Cafe Daybreak,Paneer Tikka Sandwich,Continental & Beverages,2026-05-12 18:22:39,23,HSR Layout,Delivered,5,"Amazing food, super fast delivery!",220,DP_109
OD10739,CUST3166,The Golden Dosa,Idli Vada Combo,South Indian,2026-05-12 13:38:34,52,Marathahalli,Delivered,3,The food was decent but arrived a bit cold.,140,DP_103
OD10740,CUST2733,The Golden Dosa,Idli Vada Combo,South Indian,2026-05-04 21:59:39,34,Jayanagar,Delivered,3,Prompt delivery but taste was average.,320,DP_152
OD10741,CUST2965,Bella Italia,Margherita Pizza 10-inch,Italian,2026-05-07 21:03:08,77,Whitefield,Delivered,1,Worst service! Delivered extremely late and completely cold.,430,DP_171
OD10742,CUST2483,Sweet Retreat,Chocolate Lava Cake,Desserts,2026-04-29 22:38:47,39,Koramangala,Delivered,5,"Amazing food, super fast delivery!",300,DP_171
OD10743,CUST3018,Cafe Daybreak,Iced Latte,Continental & Beverages,2026-05-22 21:14:01,51,Indiranagar,Delivered,2,Taste was disappointing. Packaging was leaked.,210,DP_104
OD10744,CUST2988,Spice Symphony,Tandoori Chicken Half,North Indian,2026-05-10 19:07:28,47,Koramangala,Delivered,1,The food tasted stale and horrible! Threw it in the trash.,410,DP_179
OD10745,CUST2476,The Golden Dosa,Filter Coffee & Upma,South Indian,2026-05-25 21:34:36,48,Indiranagar,Delivered,4,"Tasty food, but could be a bit warmer.",160,DP_102
OD10746,CUST2899,Royal Biryani House,Veg Hyderabadi Biryani,Biryani & Mughlai,2026-05-25 13:18:08,39,BTM Layout,Delivered,5,"Delivered way before time, packaging was excellent!",320,DP_162
OD10747,CUST2422,Sweet Retreat,Gulab Jamun (4 pcs),Desserts,2026-05-06 22:49:35,45,Jayanagar,Delivered,3,Prompt delivery but taste was average.,230,DP_184
OD10748,CUST3032,The Golden Dosa,Masala Dosa with Sambar,South Indian,2026-05-16 18:05:13,31,HSR Layout,Delivered,5,"Extremely satisfied, delivered hot and fresh!",170,DP_167
OD10749,CUST3485,Royal Biryani House,Chicken Dum Biryani,Biryani & Mughlai,2026-05-11 22:01:31,40,Indiranagar,Delivered,3,Average food. Nothing special.,1040,DP_135
OD10750,CUST2123,Bella Italia,Garlic Bread with Cheese,Italian,2026-05-09 17:14:13,39,BTM Layout,Delivered,4,Good taste and neat packaging.,170,DP_124
OD10751,CUST3110,Burger Bistro,Classic Cheese Burger & Fries,Fast Food,2026-05-26 13:48:37,46,Whitefield,Delivered,2,"Not worth the price, portion was very small.",520,DP_197
OD10752,CUST3494,Spice Symphony,Butter Chicken & Naan,North Indian,2026-05-14 17:36:46,19,Jayanagar,Delivered,3,"Food was okay, but delivery took some time.",390,DP_121
OD10753,CUST2271,Spice Symphony,Dal Makhani with Jeera Rice,North Indian,2026-05-04 20:18:21,46,BTM Layout,Delivered,2,The item delivered was incorrect and lukewarm.,320,DP_105
OD10754,CUST3246,Spice Symphony,Butter Chicken & Naan,North Indian,2026-05-24 12:29:01,38,Malleshwaram,Delivered,3,"Food was okay, but delivery took some time.",390,DP_102
OD10755,CUST2837,Spice Symphony,Kadhai Paneer with Roti,North Indian,2026-05-14 13:04:28,40,HSR Layout,Delivered,4,"Tasty food, but could be a bit warmer.",660,DP_134
OD10756,CUST3291,Royal Biryani House,Mutton Biryani,Biryani & Mughlai,2026-05-17 07:43:32,23,Malleshwaram,Delivered,5,"Perfect taste, clean packaging, and polite delivery partner.",920,DP_175
OD10757,CUST2531,Bella Italia,Margherita Pizza 10-inch,Italian,2026-04-28 19:22:06,38,Koramangala,Delivered,5,"Extremely satisfied, delivered hot and fresh!",420,DP_165
OD10758,CUST3169,Burger Bistro,Chicken Nuggets (9 pcs),Fast Food,2026-05-01 06:38:50,37,Marathahalli,Delivered,2,Taste was disappointing. Packaging was leaked.,240,DP_143
OD10759,CUST2064,Royal Biryani House,Veg Hyderabadi Biryani,Biryani & Mughlai,2026-04-27 10:13:51,40,Marathahalli,Delivered,4,Decent portion size and good taste. Recommended.,310,DP_166
OD10760,CUST3460,Burger Bistro,Crispy Chicken Burger,Fast Food,2026-05-01 14:41:05,51,Koramangala,Delivered,2,Food was cold when it arrived.,230,DP_129
OD10761,CUST3244,Sweet Retreat,Kulfi Falooda,Desserts,2026-05-23 19:58:15,65,Marathahalli,Delivered,1,Worst service! Delivered extremely late and completely cold.,170,DP_132
OD10762,CUST3420,Wok & Roll,Chilli Chicken Gravy,Chinese & Asian,2026-05-08 19:04:58,63,Marathahalli,Delivered,1,"Terrible experience, food was completely spilled inside the bag.",330,DP_184
OD10763,CUST2257,Cafe Daybreak,Iced Latte,Continental & Beverages,2026-05-18 11:16:50,19,Jayanagar,Delivered,5,"Delivered way before time, packaging was excellent!",210,DP_144
OD10764,CUST2304,Tandoori Nights,Tandoori Roti Combo,North Indian,2026-05-25 17:10:07,31,BTM Layout,Delivered,3,The food was decent but arrived a bit cold.,210,DP_134
OD10765,CUST2207,Royal Biryani House,Chicken Dum Biryani,Biryani & Mughlai,2026-04-29 11:55:33,23,BTM Layout,Delivered,5,Outstanding quality! Will definitely order again.,680,DP_155
OD10766,CUST3459,Bella Italia,Margherita Pizza 10-inch,Italian,2026-05-16 10:46:02,44,Koramangala,Delivered,2,The item delivered was incorrect and lukewarm.,420,DP_195
OD10767,CUST2893,Bella Italia,Farmhouse Veg Pizza,Italian,2026-05-15 21:59:32,48,Koramangala,Delivered,3,Portion size was small for the price.,450,DP_120
OD10768,CUST2899,Royal Biryani House,Chicken Tikka Biryani,Biryani & Mughlai,2026-04-30 13:31:21,37,Indiranagar,Delivered,4,"Tasty food, but could be a bit warmer.",400,DP_173
OD10769,CUST2294,Spice Symphony,Paneer Butter Masala Meal,North Indian,2026-05-16 13:22:18,43,HSR Layout,Delivered,1,Unprofessional delivery partner. Very bad experience.,360,DP_116
OD10770,CUST2532,Tandoori Nights,Chicken Seekh Kebab,North Indian,2026-05-03 19:32:48,44,HSR Layout,Delivered,2,Food was cold when it arrived.,660,DP_104
OD10771,CUST2757,Wok & Roll,Schezwan Noodles,Chinese & Asian,2026-05-13 11:29:18,39,Koramangala,Delivered,5,Best meal ever. Highly recommended!,510,DP_192
OD10772,CUST3011,Bella Italia,Margherita Pizza 10-inch,Italian,2026-04-30 22:51:05,46,Whitefield,Delivered,3,Packaging could have been better. Average taste.,800,DP_194
OD10773,CUST3292,Cafe Daybreak,Club Sandwich,Continental & Beverages,2026-04-28 16:59:45,36,Marathahalli,Delivered,3,The food was decent but arrived a bit cold.,250,DP_125
OD10774,CUST2073,Spice Symphony,Paneer Butter Masala Meal,North Indian,2026-05-04 20:16:30,49,HSR Layout,Delivered,3,"Food was okay, but delivery took some time.",370,DP_163
OD10775,CUST3301,The Golden Dosa,Filter Coffee & Upma,South Indian,2026-04-29 18:39:13,22,HSR Layout,Delivered,5,"Perfect taste, clean packaging, and polite delivery partner.",250,DP_105
OD10776,CUST3196,Wok & Roll,Schezwan Noodles,Chinese & Asian,2026-05-23 13:18:42,49,Malleshwaram,Delivered,3,"Food was okay, but delivery took some time.",260,DP_163
OD10777,CUST2231,Bella Italia,Farmhouse Veg Pizza,Italian,2026-05-10 11:29:20,44,Koramangala,Delivered,2,"Not worth the price, portion was very small.",1300,DP_145
OD10778,CUST3002,Tandoori Nights,Tandoori Roti Combo,North Indian,2026-05-13 12:54:50,41,BTM Layout,Delivered,3,Packaging could have been better. Average taste.,200,DP_108
OD10779,CUST2906,The Salad Bowl,Greek Salad,Healthy & Salads,2026-05-20 12:40:52,36,Indiranagar,Delivered,3,Prompt delivery but taste was average.,250,DP_140
OD10780,CUST2423,The Golden Dosa,Filter Coffee & Upma,South Indian,2026-04-27 22:01:51,62,BTM Layout,Delivered,1,"Terrible experience, food was completely spilled inside the bag.",140,DP_112
OD10781,CUST2130,Spice Symphony,Kadhai Paneer with Roti,North Indian,2026-05-23 19:55:45,,Whitefield,Cancelled,,Delivery partner could not be assigned due to heavy rain,340,DP_138
OD10782,CUST2766,Burger Bistro,Chicken Nuggets (9 pcs),Fast Food,2026-04-28 21:48:33,44,Koramangala,Delivered,3,Average food. Nothing special.,220,DP_165
OD10783,CUST2472,Wok & Roll,Veg Hakka Noodles,Chinese & Asian,2026-05-09 20:08:52,36,Jayanagar,Delivered,4,Decent portion size and good taste. Recommended.,240,DP_111
OD10784,CUST3239,Royal Biryani House,Chicken Dum Biryani,Biryani & Mughlai,2026-05-16 21:50:20,51,BTM Layout,Delivered,3,Portion size was small for the price.,380,DP_166
OD10785,CUST3344,Tandoori Nights,Tandoori Roti Combo,North Indian,2026-05-10 19:30:18,74,Whitefield,Delivered,1,Awful experience! Delayed by over an hour and no response.,230,DP_149
OD10786,CUST2222,Sweet Retreat,Red Velvet Pastry,Desserts,2026-05-04 17:30:36,20,Koramangala,Delivered,4,Good taste and neat packaging.,170,DP_183
OD10787,CUST2196,Cafe Daybreak,Iced Latte,Continental & Beverages,2026-04-29 11:39:53,31,Malleshwaram,Delivered,4,Good taste and neat packaging.,210,DP_167
OD10788,CUST3011,Bella Italia,Farmhouse Veg Pizza,Italian,2026-04-28 14:36:38,40,BTM Layout,Delivered,4,Decent portion size and good taste. Recommended.,460,DP_101
OD10789,CUST3024,Burger Bistro,Crispy Chicken Burger,Fast Food,2026-05-24 20:46:05,52,Koramangala,Delivered,4,Decent portion size and good taste. Recommended.,260,DP_155
OD10790,CUST2249,Royal Biryani House,Mutton Biryani,Biryani & Mughlai,2026-05-10 18:40:51,35,Malleshwaram,Delivered,5,Best meal ever. Highly recommended!,470,DP_118
OD10791,CUST2603,Bella Italia,Garlic Bread with Cheese,Italian,2026-05-02 11:33:43,47,Whitefield,Delivered,3,Packaging could have been better. Average taste.,190,DP_179
OD10792,CUST2432,Burger Bistro,Crispy Chicken Burger,Fast Food,2026-05-10 12:30:04,43,Indiranagar,Delivered,2,Delivery took almost an hour. Unhappy.,260,DP_140
OD10793,CUST2194,Spice Symphony,Kadhai Paneer with Roti,North Indian,2026-05-17 19:14:22,44,Indiranagar,Delivered,3,Prompt delivery but taste was average.,340,DP_125
OD10794,CUST2826,Bella Italia,Garlic Bread with Cheese,Italian,2026-05-01 10:13:17,29,HSR Layout,Delivered,4,"Tasty food, standard delivery. Satisfactory.",180,DP_134
OD10795,CUST2785,Burger Bistro,Loaded Nachos,Fast Food,2026-05-20 21:42:58,,Malleshwaram,Cancelled,,Delivery partner could not be assigned due to heavy rain,260,DP_127
OD10796,CUST2006,Wok & Roll,Chicken Fried Rice & Manchurian,Chinese & Asian,2026-05-12 21:20:04,42,Indiranagar,Delivered,3,Portion size was small for the price.,320,DP_118
OD10797,CUST3025,The Golden Dosa,Idli Vada Combo,South Indian,2026-05-19 18:19:53,33,Marathahalli,Delivered,3,"Food was okay, but delivery took some time.",150,DP_168
OD10798,CUST3298,Bella Italia,Chicken Alfredo Pasta,Italian,2026-05-22 13:07:35,43,BTM Layout,Delivered,1,Awful experience! Delayed by over an hour and no response.,770,DP_184
OD10799,CUST2709,The Salad Bowl,Quinoa Avocado Salad,Healthy & Salads,2026-05-02 22:00:12,41,Malleshwaram,Delivered,3,Portion size was small for the price.,350,DP_147
OD10800,CUST2520,Cafe Daybreak,Club Sandwich,Continental & Beverages,2026-05-17 18:02:44,45,Jayanagar,Delivered,2,The item delivered was incorrect and lukewarm.,230,DP_136
OD10801,CUST2965,Tandoori Nights,Tandoori Roti Combo,North Indian,2026-05-17 20:51:06,46,Indiranagar,Delivered,3,"Food was okay, but delivery took some time.",230,DP_148
OD10802,CUST2170,The Salad Bowl,Caesar Salad,Healthy & Salads,2026-05-24 19:54:12,68,Indiranagar,Delivered,2,Taste was disappointing. Packaging was leaked.,260,DP_143
OD10803,CUST3479,Burger Bistro,Loaded Nachos,Fast Food,2026-05-18 20:04:12,33,HSR Layout,Delivered,5,"Delivered way before time, packaging was excellent!",270,DP_194
OD10804,CUST2407,Cafe Daybreak,Paneer Tikka Sandwich,Continental & Beverages,2026-05-14 14:21:29,34,Koramangala,Delivered,5,"Perfect taste, clean packaging, and polite delivery partner.",210,DP_173
OD10805,CUST2177,Royal Biryani House,Veg Hyderabadi Biryani,Biryani & Mughlai,2026-05-22 01:40:23,32,Malleshwaram,Delivered,4,"Tasty food, but could be a bit warmer.",300,DP_111
OD10806,CUST2272,Bella Italia,Margherita Pizza 10-inch,Italian,2026-05-01 19:26:14,54,Whitefield,Delivered,3,Average food. Nothing special.,420,DP_135
OD10807,CUST3004,Burger Bistro,Loaded Nachos,Fast Food,2026-05-18 21:02:53,50,BTM Layout,Delivered,2,Delivery took almost an hour. Unhappy.,270,DP_120
OD10808,CUST3324,Bella Italia,Chicken Alfredo Pasta,Italian,2026-05-21 12:13:29,24,Jayanagar,Delivered,5,"Extremely satisfied, delivered hot and fresh!",400,DP_105
OD10809,CUST2763,Tandoori Nights,Tandoori Roti Combo,North Indian,2026-04-30 19:55:57,40,Indiranagar,Delivered,4,Good taste and neat packaging.,200,DP_121
OD10810,CUST2384,Burger Bistro,Spicy Paneer Wrap,Fast Food,2026-05-11 21:29:37,51,BTM Layout,Delivered,3,Portion size was small for the price.,210,DP_194
OD10811,CUST3231,Burger Bistro,Chicken Nuggets (9 pcs),Fast Food,2026-05-26 21:48:59,51,Koramangala,Delivered,3,Average food. Nothing special.,230,DP_154
OD10812,CUST2336,Cafe Daybreak,Iced Latte,Continental & Beverages,2026-05-15 20:08:42,,Marathahalli,Cancelled,,Restaurant could not prepare food in time,350,DP_107
OD10813,CUST2634,Royal Biryani House,Veg Hyderabadi Biryani,Biryani & Mughlai,2026-05-18 12:56:11,24,Jayanagar,Delivered,5,"Amazing food, super fast delivery!",310,DP_140
OD10814,CUST3484,Wok & Roll,Chicken Fried Rice & Manchurian,Chinese & Asian,2026-05-02 14:30:35,54,BTM Layout,Delivered,2,Food was cold when it arrived.,330,DP_190
OD10815,CUST2794,Royal Biryani House,Veg Hyderabadi Biryani,Biryani & Mughlai,2026-05-07 21:52:43,47,BTM Layout,Delivered,3,The food was decent but arrived a bit cold.,310,DP_177
OD10816,CUST3202,Spice Symphony,Paneer Butter Masala Meal,North Indian,2026-05-08 14:32:52,42,Indiranagar,Delivered,4,"Tasty food, but could be a bit warmer.",670,DP_179
OD10817,CUST2091,Wok & Roll,Schezwan Noodles,Chinese & Asian,2026-05-02 16:18:19,43,BTM Layout,Delivered,1,Missing items in my order and food was cold. Avoid this place!,270,DP_187
OD10818,CUST2368,Royal Biryani House,Egg Biryani,Biryani & Mughlai,2026-04-29 14:46:06,34,BTM Layout,Delivered,4,"Tasty food, standard delivery. Satisfactory.",280,DP_102
OD10819,CUST2932,Spice Symphony,Tandoori Chicken Half,North Indian,2026-04-28 13:16:47,46,Koramangala,Delivered,2,The item delivered was incorrect and lukewarm.,430,DP_178
OD10820,CUST2687,Cafe Daybreak,Hot Chocolate,Continental & Beverages,2026-05-14 20:55:43,,Koramangala,Cancelled,,Restaurant could not prepare food in time,200,DP_120
OD10821,CUST2691,Tandoori Nights,Malai Kofta & Lachha Paratha,North Indian,2026-05-11 13:07:55,38,Malleshwaram,Delivered,4,Overall great experience. Prompt service.,380,DP_159
OD10822,CUST2872,Burger Bistro,Spicy Paneer Wrap,Fast Food,2026-05-02 13:26:01,31,Malleshwaram,Delivered,5,"Perfect taste, clean packaging, and polite delivery partner.",200,DP_142
OD10823,CUST2812,Wok & Roll,Chicken Fried Rice & Manchurian,Chinese & Asian,2026-05-01 19:27:57,56,Jayanagar,Delivered,1,Awful experience! Delayed by over an hour and no response.,310,DP_145
OD10824,CUST3073,Tandoori Nights,Tandoori Roti Combo,North Indian,2026-05-01 19:46:40,59,Koramangala,Delivered,1,Missing items in my order and food was cold. Avoid this place!,220,DP_149
OD10825,CUST2821,Spice Symphony,Paneer Butter Masala Meal,North Indian,2026-05-20 21:53:58,48,BTM Layout,Delivered,1,"Terrible experience, food was completely spilled inside the bag.",1000,DP_115
OD10826,CUST3053,Cafe Daybreak,Iced Latte,Continental & Beverages,2026-05-12 12:59:27,34,Jayanagar,Delivered,4,Decent portion size and good taste. Recommended.,180,DP_196
OD10827,CUST2817,Royal Biryani House,Veg Hyderabadi Biryani,Biryani & Mughlai,2026-05-22 16:08:17,30,Jayanagar,Delivered,5,"Perfect taste, clean packaging, and polite delivery partner.",330,DP_160
OD10828,CUST2665,Wok & Roll,Veg Hakka Noodles,Chinese & Asian,2026-05-17 19:34:24,40,Malleshwaram,Delivered,3,"Food was okay, but delivery took some time.",270,DP_172
OD10829,CUST2947,Sweet Retreat,Red Velvet Pastry,Desserts,2026-05-05 15:42:54,24,Koramangala,Delivered,5,Outstanding quality! Will definitely order again.,180,DP_181
OD10830,CUST3085,Burger Bistro,Spicy Paneer Wrap,Fast Food,2026-05-11 06:39:37,21,HSR Layout,Delivered,5,"Amazing food, super fast delivery!",220,DP_180
OD10831,CUST2582,Cafe Daybreak,Paneer Tikka Sandwich,Continental & Beverages,2026-05-01 14:54:07,36,Koramangala,Delivered,5,Outstanding quality! Will definitely order again.,620,DP_151
OD10832,CUST2822,Cafe Daybreak,Paneer Tikka Sandwich,Continental & Beverages,2026-05-16 13:49:23,51,Koramangala,Delivered,3,Packaging could have been better. Average taste.,220,DP_186
OD10833,CUST2587,Sweet Retreat,Red Velvet Pastry,Desserts,2026-04-27 19:21:48,49,Malleshwaram,Delivered,3,The food was decent but arrived a bit cold.,330,DP_184
OD10834,CUST2857,The Salad Bowl,Greek Salad,Healthy & Salads,2026-05-01 19:32:05,54,BTM Layout,Delivered,2,The item delivered was incorrect and lukewarm.,250,DP_103
OD10835,CUST2187,Burger Bistro,Classic Cheese Burger & Fries,Fast Food,2026-05-24 12:58:10,42,Malleshwaram,Delivered,2,"Too spicy, couldn't eat it. Disappointed.",290,DP_148
OD10836,CUST2661,Royal Biryani House,Veg Hyderabadi Biryani,Biryani & Mughlai,2026-05-11 17:43:38,27,Malleshwaram,Delivered,4,"Tasty food, standard delivery. Satisfactory.",300,DP_131
OD10837,CUST2228,Tandoori Nights,Malai Kofta & Lachha Paratha,North Indian,2026-05-20 22:00:47,48,Indiranagar,Delivered,1,Missing items in my order and food was cold. Avoid this place!,690,DP_188
OD10838,CUST2145,The Salad Bowl,High-Protein Chicken Salad,Healthy & Salads,2026-05-16 19:34:45,46,Indiranagar,Delivered,2,The item delivered was incorrect and lukewarm.,600,DP_157
OD10839,CUST2082,Burger Bistro,Chicken Nuggets (9 pcs),Fast Food,2026-04-30 10:54:16,18,Koramangala,Delivered,5,Outstanding quality! Will definitely order again.,240,DP_193
OD10840,CUST2498,Sweet Retreat,Red Velvet Pastry,Desserts,2026-04-29 17:45:31,26,Whitefield,Delivered,4,Overall great experience. Prompt service.,190,DP_197
OD10841,CUST2923,Bella Italia,Garlic Bread with Cheese,Italian,2026-05-01 18:01:14,35,Marathahalli,Delivered,4,Decent portion size and good taste. Recommended.,170,DP_173
OD10842,CUST3299,Bella Italia,Farmhouse Veg Pizza,Italian,2026-05-22 20:09:38,44,Jayanagar,Delivered,3,Portion size was small for the price.,460,DP_150
OD10843,CUST2304,Tandoori Nights,Chicken Seekh Kebab,North Indian,2026-05-25 12:22:41,43,HSR Layout,Delivered,3,Packaging could have been better. Average taste.,360,DP_176
OD10844,CUST3328,Royal Biryani House,Chicken Tikka Biryani,Biryani & Mughlai,2026-04-27 20:04:21,46,Whitefield,Delivered,2,The item delivered was incorrect and lukewarm.,410,DP_140
OD10845,CUST2245,Wok & Roll,Schezwan Noodles,Chinese & Asian,2026-05-24 21:50:33,53,Whitefield,Delivered,4,Overall great experience. Prompt service.,250,DP_195
OD10846,CUST3040,The Golden Dosa,Rava Kesari & Dosa Combo,South Indian,2026-04-28 17:33:15,,Whitefield,Cancelled,,Delivery partner could not be assigned due to heavy rain,170,DP_133
OD10847,CUST3413,Wok & Roll,Chicken Fried Rice & Manchurian,Chinese & Asian,2026-05-16 13:17:05,58,Whitefield,Delivered,2,"Too spicy, couldn't eat it. Disappointed.",340,DP_194
OD10848,CUST2500,Tandoori Nights,Butter Chicken Combo Meal,North Indian,2026-05-22 07:50:40,28,Koramangala,Delivered,4,Good taste and neat packaging.,380,DP_126
OD10849,CUST3111,Tandoori Nights,Paneer Tikka,North Indian,2026-05-15 16:57:07,31,Malleshwaram,Delivered,4,Satisfied with the delivery speed and quality.,320,DP_200
OD10850,CUST2002,Bella Italia,Farmhouse Veg Pizza,Italian,2026-05-07 18:32:18,26,Jayanagar,Delivered,5,"Perfect taste, clean packaging, and polite delivery partner.",470,DP_134
OD10851,CUST3150,Cafe Daybreak,Hot Chocolate,Continental & Beverages,2026-05-02 18:20:57,,Malleshwaram,Cancelled,,Delivery partner could not be assigned due to heavy rain,190,DP_164
OD10852,CUST2367,The Golden Dosa,Onion Uttapam,South Indian,2026-05-11 14:43:34,43,HSR Layout,Delivered,3,Prompt delivery but taste was average.,150,DP_125
OD10853,CUST2626,Burger Bistro,Loaded Nachos,Fast Food,2026-05-03 19:09:20,57,HSR Layout,Delivered,1,The food tasted stale and horrible! Threw it in the trash.,260,DP_125
OD10854,CUST2667,Cafe Daybreak,Paneer Tikka Sandwich,Continental & Beverages,2026-05-05 13:16:30,27,Jayanagar,Delivered,4,"Tasty food, standard delivery. Satisfactory.",240,DP_148
OD10855,CUST2646,Sweet Retreat,Gulab Jamun (4 pcs),Desserts,2026-04-27 20:25:03,67,BTM Layout,Delivered,1,Worst service! Delivered extremely late and completely cold.,150,DP_146
OD10856,CUST3443,Wok & Roll,Chicken Fried Rice & Manchurian,Chinese & Asian,2026-05-08 06:27:50,39,BTM Layout,Delivered,4,Satisfied with the delivery speed and quality.,330,DP_142
OD10857,CUST2562,The Golden Dosa,Masala Dosa with Sambar,South Indian,2026-05-20 19:02:49,51,BTM Layout,Delivered,1,"Terrible experience, food was completely spilled inside the bag.",160,DP_189
OD10858,CUST2769,Spice Symphony,Butter Chicken & Naan,North Indian,2026-05-08 17:18:07,30,Malleshwaram,Delivered,4,Satisfied with the delivery speed and quality.,390,DP_118
OD10859,CUST2311,Royal Biryani House,Chicken Tikka Biryani,Biryani & Mughlai,2026-05-11 13:36:34,33,Jayanagar,Delivered,5,"Amazing food, super fast delivery!",390,DP_172
OD10860,CUST3433,Burger Bistro,Spicy Paneer Wrap,Fast Food,2026-05-03 12:29:14,38,Malleshwaram,Delivered,4,Good taste and neat packaging.,410,DP_147
OD10861,CUST2288,The Golden Dosa,Onion Uttapam,South Indian,2026-05-23 18:58:32,68,Marathahalli,Delivered,1,Unprofessional delivery partner. Very bad experience.,180,DP_103
OD10862,CUST3104,Sweet Retreat,Gulab Jamun (4 pcs),Desserts,2026-05-15 09:35:49,23,Koramangala,Delivered,5,"Perfect taste, clean packaging, and polite delivery partner.",120,DP_169
OD10863,CUST2391,The Golden Dosa,Onion Uttapam,South Indian,2026-05-25 23:09:41,22,Marathahalli,Delivered,5,"Delivered way before time, packaging was excellent!",310,DP_110
OD10864,CUST3419,The Salad Bowl,Caesar Salad,Healthy & Salads,2026-05-23 15:00:14,37,Marathahalli,Delivered,4,Overall great experience. Prompt service.,280,DP_155
OD10865,CUST3091,Sweet Retreat,Red Velvet Pastry,Desserts,2026-05-19 21:09:12,34,HSR Layout,Delivered,4,Good taste and neat packaging.,190,DP_127
OD10866,CUST2261,Cafe Daybreak,Hot Chocolate,Continental & Beverages,2026-05-26 13:13:12,31,Jayanagar,Delivered,3,Portion size was small for the price.,550,DP_121
OD10867,CUST2056,Royal Biryani House,Egg Biryani,Biryani & Mughlai,2026-05-24 20:47:13,57,BTM Layout,Delivered,1,"Terrible experience, food was completely spilled inside the bag.",310,DP_107
OD10868,CUST2256,The Golden Dosa,Idli Vada Combo,South Indian,2026-05-03 11:31:47,37,Marathahalli,Delivered,2,Taste was disappointing. Packaging was leaked.,120,DP_196
OD10869,CUST2737,Sweet Retreat,Gulab Jamun (4 pcs),Desserts,2026-05-09 20:25:54,44,Koramangala,Delivered,2,Delivery took almost an hour. Unhappy.,150,DP_146
OD10870,CUST2470,The Golden Dosa,Onion Uttapam,South Indian,2026-05-05 20:57:20,,Indiranagar,Cancelled,,Delivery partner could not be assigned due to heavy rain,280,DP_119
OD10871,CUST2364,Tandoori Nights,Chicken Seekh Kebab,North Indian,2026-05-12 20:03:38,57,Whitefield,Delivered,1,The food tasted stale and horrible! Threw it in the trash.,340,DP_195
OD10872,CUST2859,Royal Biryani House,Mutton Biryani,Biryani & Mughlai,2026-05-22 20:23:56,44,Koramangala,Delivered,2,Delivery took almost an hour. Unhappy.,930,DP_121
OD10873,CUST3274,Burger Bistro,Classic Cheese Burger & Fries,Fast Food,2026-05-12 07:55:09,26,BTM Layout,Delivered,4,Decent portion size and good taste. Recommended.,280,DP_106
OD10874,CUST2348,Royal Biryani House,Chicken Dum Biryani,Biryani & Mughlai,2026-04-29 10:30:29,25,BTM Layout,Delivered,4,"Tasty food, standard delivery. Satisfactory.",360,DP_169
OD10875,CUST2002,Bella Italia,Farmhouse Veg Pizza,Italian,2026-05-18 19:39:42,47,Koramangala,Delivered,3,"Food was okay, but delivery took some time.",460,DP_162
OD10876,CUST2293,Wok & Roll,Veg Hakka Noodles,Chinese & Asian,2026-05-16 10:14:16,33,HSR Layout,Delivered,2,The item delivered was incorrect and lukewarm.,270,DP_194
OD10877,CUST3210,Cafe Daybreak,Classic Cold Coffee,Continental & Beverages,2026-05-01 14:23:42,45,HSR Layout,Delivered,2,"Too spicy, couldn't eat it. Disappointed.",190,DP_175
OD10878,CUST2030,Royal Biryani House,Chicken Dum Biryani,Biryani & Mughlai,2026-05-07 05:30:30,39,Marathahalli,Delivered,2,"Not worth the price, portion was very small.",690,DP_125
OD10879,CUST2926,Wok & Roll,Chilli Chicken Gravy,Chinese & Asian,2026-05-05 20:32:59,42,Marathahalli,Delivered,1,"Terrible experience, food was completely spilled inside the bag.",330,DP_144
OD10880,CUST2935,The Golden Dosa,Rava Kesari & Dosa Combo,South Indian,2026-05-08 16:01:34,34,HSR Layout,Delivered,5,"Perfect taste, clean packaging, and polite delivery partner.",190,DP_113
OD10881,CUST2606,Royal Biryani House,Veg Hyderabadi Biryani,Biryani & Mughlai,2026-04-29 22:32:11,42,BTM Layout,Delivered,3,Average food. Nothing special.,330,DP_166
OD10882,CUST2407,Burger Bistro,Loaded Nachos,Fast Food,2026-05-13 18:51:34,23,Marathahalli,Delivered,3,"Food was okay, but delivery took some time.",250,DP_170
OD10883,CUST2767,Royal Biryani House,Chicken Dum Biryani,Biryani & Mughlai,2026-05-21 20:34:39,47,BTM Layout,Delivered,1,Unprofessional delivery partner. Very bad experience.,360,DP_126
OD10884,CUST2799,Cafe Daybreak,Paneer Tikka Sandwich,Continental & Beverages,2026-05-20 22:00:04,42,Jayanagar,Delivered,1,"Terrible experience, food was completely spilled inside the bag.",430,DP_191
OD10885,CUST3217,The Golden Dosa,Masala Dosa with Sambar,South Indian,2026-05-23 12:51:15,55,BTM Layout,Delivered,3,Portion size was small for the price.,150,DP_121
OD10886,CUST2145,Wok & Roll,Schezwan Noodles,Chinese & Asian,2026-05-20 19:43:09,54,Whitefield,Delivered,3,The food was decent but arrived a bit cold.,280,DP_157
OD10887,CUST2241,Cafe Daybreak,Hot Chocolate,Continental & Beverages,2026-05-11 13:07:34,34,Malleshwaram,Delivered,3,Average food. Nothing special.,220,DP_120
OD10888,CUST2782,Bella Italia,Margherita Pizza 10-inch,Italian,2026-05-25 20:55:50,34,Malleshwaram,Delivered,5,"Perfect taste, clean packaging, and polite delivery partner.",430,DP_198
OD10889,CUST3236,Tandoori Nights,Malai Kofta & Lachha Paratha,North Indian,2026-05-10 16:40:06,40,Jayanagar,Delivered,4,Overall great experience. Prompt service.,380,DP_193
OD10890,CUST2860,Bella Italia,Veg Arrabiata Penne Pasta,Italian,2026-05-12 13:31:14,55,BTM Layout,Delivered,2,"Not worth the price, portion was very small.",330,DP_186
OD10891,CUST3149,Tandoori Nights,Butter Chicken Combo Meal,North Indian,2026-04-30 19:50:41,53,Koramangala,Delivered,3,Prompt delivery but taste was average.,410,DP_174
OD10892,CUST3378,Tandoori Nights,Tandoori Roti Combo,North Indian,2026-05-22 17:29:36,37,Indiranagar,Delivered,5,"Delivered way before time, packaging was excellent!",380,DP_152
OD10893,CUST2371,Spice Symphony,Dal Makhani with Jeera Rice,North Indian,2026-05-20 17:57:16,26,Marathahalli,Delivered,2,Delivery took almost an hour. Unhappy.,330,DP_188
OD10894,CUST2914,Spice Symphony,Dal Makhani with Jeera Rice,North Indian,2026-05-02 12:49:55,57,Marathahalli,Delivered,1,Unprofessional delivery partner. Very bad experience.,320,DP_195
OD10895,CUST2721,Tandoori Nights,Butter Chicken Combo Meal,North Indian,2026-05-06 10:46:05,27,BTM Layout,Delivered,5,Best meal ever. Highly recommended!,390,DP_141
OD10896,CUST2415,Bella Italia,Farmhouse Veg Pizza,Italian,2026-05-21 12:10:20,40,Indiranagar,Delivered,4,Decent portion size and good taste. Recommended.,470,DP_115
OD10897,CUST2607,Cafe Daybreak,Classic Cold Coffee,Continental & Beverages,2026-04-29 20:58:56,39,BTM Layout,Delivered,4,Satisfied with the delivery speed and quality.,170,DP_134
OD10898,CUST2213,Bella Italia,Garlic Bread with Cheese,Italian,2026-05-04 17:02:15,19,HSR Layout,Delivered,5,"Perfect taste, clean packaging, and polite delivery partner.",170,DP_186
OD10899,CUST2449,Wok & Roll,Chicken Fried Rice & Manchurian,Chinese & Asian,2026-05-06 13:01:54,32,Malleshwaram,Delivered,3,Prompt delivery but taste was average.,320,DP_157
OD10900,CUST2819,Tandoori Nights,Tandoori Roti Combo,North Indian,2026-05-05 16:23:57,32,Whitefield,Delivered,2,"Too spicy, couldn't eat it. Disappointed.",220,DP_141
OD10901,CUST2659,Wok & Roll,Veg Spring Rolls (6 pcs),Chinese & Asian,2026-05-22 23:45:30,,Marathahalli,Cancelled,,Item out of stock at restaurant,180,DP_114
OD10902,CUST2467,Burger Bistro,Loaded Nachos,Fast Food,2026-05-15 21:29:39,56,Malleshwaram,Delivered,2,Taste was disappointing. Packaging was leaked.,470,DP_164
OD10903,CUST2919,Cafe Daybreak,Club Sandwich,Continental & Beverages,2026-05-01 08:22:04,25,Jayanagar,Delivered,4,"Tasty food, standard delivery. Satisfactory.",470,DP_173
OD10904,CUST2274,The Salad Bowl,Quinoa Avocado Salad,Healthy & Salads,2026-05-18 13:14:36,51,BTM Layout,Delivered,1,Worst service! Delivered extremely late and completely cold.,360,DP_119
OD10905,CUST3459,Burger Bistro,Loaded Nachos,Fast Food,2026-05-13 16:10:46,40,Whitefield,Delivered,2,"Too spicy, couldn't eat it. Disappointed.",240,DP_132
OD10906,CUST2061,Sweet Retreat,Chocolate Lava Cake,Desserts,2026-05-15 20:43:24,63,BTM Layout,Delivered,2,Delivery took almost an hour. Unhappy.,160,DP_149
OD10907,CUST2728,Royal Biryani House,Egg Biryani,Biryani & Mughlai,2026-05-05 15:14:22,29,Koramangala,Delivered,4,Good taste and neat packaging.,570,DP_144
OD10908,CUST3242,Spice Symphony,Kadhai Paneer with Roti,North Indian,2026-04-27 22:33:00,37,Indiranagar,Delivered,3,Prompt delivery but taste was average.,350,DP_142
OD10909,CUST2768,The Golden Dosa,Idli Vada Combo,South Indian,2026-05-03 22:06:55,58,HSR Layout,Delivered,1,The food tasted stale and horrible! Threw it in the trash.,150,DP_177
OD10910,CUST3040,Royal Biryani House,Egg Biryani,Biryani & Mughlai,2026-05-25 22:07:51,31,Jayanagar,Delivered,4,"Tasty food, but could be a bit warmer.",280,DP_138
OD10911,CUST2205,Sweet Retreat,Red Velvet Pastry,Desserts,2026-05-26 20:53:24,45,Malleshwaram,Delivered,3,"Food was okay, but delivery took some time.",190,DP_115
OD10912,CUST2491,Sweet Retreat,Red Velvet Pastry,Desserts,2026-05-26 23:30:51,17,Koramangala,Delivered,5,"Delivered way before time, packaging was excellent!",170,DP_167
OD10913,CUST3154,Tandoori Nights,Butter Chicken Combo Meal,North Indian,2026-05-01 17:12:18,34,BTM Layout,Delivered,5,"Amazing food, super fast delivery!",390,DP_152
OD10914,CUST2659,Cafe Daybreak,Paneer Tikka Sandwich,Continental & Beverages,2026-05-22 20:49:43,56,Indiranagar,Delivered,1,"Terrible experience, food was completely spilled inside the bag.",230,DP_168
OD10915,CUST3170,Cafe Daybreak,Iced Latte,Continental & Beverages,2026-04-28 22:24:12,54,Marathahalli,Delivered,2,Taste was disappointing. Packaging was leaked.,180,DP_169
OD10916,CUST2366,Cafe Daybreak,Hot Chocolate,Continental & Beverages,2026-04-30 17:11:57,28,Whitefield,Delivered,5,Outstanding quality! Will definitely order again.,190,DP_192
OD10917,CUST3170,Tandoori Nights,Chicken Seekh Kebab,North Indian,2026-05-19 11:18:00,53,Whitefield,Delivered,3,"Food was okay, but delivery took some time.",360,DP_185
OD10918,CUST2799,Wok & Roll,Schezwan Noodles,Chinese & Asian,2026-05-01 19:39:42,50,Jayanagar,Delivered,1,Awful experience! Delayed by over an hour and no response.,510,DP_155
OD10919,CUST2559,The Salad Bowl,Caesar Salad,Healthy & Salads,2026-05-23 21:52:49,45,Malleshwaram,Delivered,2,"Too spicy, couldn't eat it. Disappointed.",290,DP_133
OD10920,CUST3358,Wok & Roll,Veg Hakka Noodles,Chinese & Asian,2026-05-22 18:11:34,55,Marathahalli,Delivered,2,The item delivered was incorrect and lukewarm.,240,DP_122
OD10921,CUST2816,Bella Italia,Garlic Bread with Cheese,Italian,2026-04-30 15:56:56,39,Whitefield,Delivered,5,"Delivered way before time, packaging was excellent!",190,DP_112
OD10922,CUST2074,Sweet Retreat,Sizzling Brownie,Desserts,2026-05-09 12:48:44,53,Koramangala,Delivered,3,Average food. Nothing special.,210,DP_131
OD10923,CUST3358,Cafe Daybreak,Iced Latte,Continental & Beverages,2026-04-27 22:21:55,37,Jayanagar,Delivered,4,Satisfied with the delivery speed and quality.,200,DP_123
OD10924,CUST2779,Royal Biryani House,Veg Hyderabadi Biryani,Biryani & Mughlai,2026-05-03 14:46:28,34,Indiranagar,Delivered,5,"Extremely satisfied, delivered hot and fresh!",310,DP_157
OD10925,CUST2117,The Golden Dosa,Masala Dosa with Sambar,South Indian,2026-05-02 20:20:23,44,Indiranagar,Delivered,4,Good taste and neat packaging.,140,DP_119
OD10926,CUST2794,Tandoori Nights,Chicken Seekh Kebab,North Indian,2026-04-29 06:52:58,25,Malleshwaram,Delivered,4,Satisfied with the delivery speed and quality.,640,DP_174
OD10927,CUST2921,Wok & Roll,Chilli Chicken Gravy,Chinese & Asian,2026-05-17 17:58:57,,HSR Layout,Cancelled,,Item out of stock at restaurant,320,DP_159
OD10928,CUST2738,Wok & Roll,Chicken Fried Rice & Manchurian,Chinese & Asian,2026-05-09 23:56:10,,Marathahalli,Cancelled,,Restaurant could not prepare food in time,320,DP_195
OD10929,CUST2885,Bella Italia,Chicken Alfredo Pasta,Italian,2026-05-14 21:25:08,63,Marathahalli,Delivered,1,Missing items in my order and food was cold. Avoid this place!,410,DP_127
OD10930,CUST2910,The Salad Bowl,Greek Salad,Healthy & Salads,2026-05-01 20:13:15,77,Whitefield,Delivered,1,"Terrible experience, food was completely spilled inside the bag.",270,DP_192
OD10931,CUST2745,Sweet Retreat,Kulfi Falooda,Desserts,2026-05-06 12:09:30,44,Koramangala,Delivered,2,Taste was disappointing. Packaging was leaked.,310,DP_170
OD10932,CUST2845,Spice Symphony,Paneer Butter Masala Meal,North Indian,2026-05-26 18:11:28,18,Indiranagar,Delivered,5,"Extremely satisfied, delivered hot and fresh!",350,DP_189
OD10933,CUST3394,Tandoori Nights,Paneer Tikka,North Indian,2026-05-07 18:55:47,23,HSR Layout,Delivered,4,Decent portion size and good taste. Recommended.,310,DP_198
OD10934,CUST3087,Spice Symphony,Butter Chicken & Naan,North Indian,2026-05-26 21:03:21,44,Koramangala,Delivered,1,Unprofessional delivery partner. Very bad experience.,370,DP_141
OD10935,CUST2136,Burger Bistro,Loaded Nachos,Fast Food,2026-05-19 12:19:06,32,HSR Layout,Delivered,3,Packaging could have been better. Average taste.,490,DP_120
OD10936,CUST2325,Cafe Daybreak,Classic Cold Coffee,Continental & Beverages,2026-05-25 13:07:42,25,HSR Layout,Delivered,4,Satisfied with the delivery speed and quality.,190,DP_157
OD10937,CUST2977,Royal Biryani House,Chicken Dum Biryani,Biryani & Mughlai,2026-05-15 19:28:57,64,Indiranagar,Delivered,1,Unprofessional delivery partner. Very bad experience.,370,DP_163
OD10938,CUST2142,Royal Biryani House,Mutton Biryani,Biryani & Mughlai,2026-04-30 23:50:42,28,Whitefield,Delivered,4,Good taste and neat packaging.,500,DP_182
OD10939,CUST2727,Tandoori Nights,Tandoori Roti Combo,North Indian,2026-05-08 21:12:32,,Jayanagar,Cancelled,,Restaurant could not prepare food in time,230,DP_167
OD10940,CUST3003,Burger Bistro,Crispy Chicken Burger,Fast Food,2026-05-05 17:27:21,46,Indiranagar,Delivered,2,The item delivered was incorrect and lukewarm.,240,DP_135
OD10941,CUST2165,Burger Bistro,Loaded Nachos,Fast Food,2026-04-27 13:12:57,29,Malleshwaram,Delivered,5,Best meal ever. Highly recommended!,240,DP_149
OD10942,CUST2688,Burger Bistro,Loaded Nachos,Fast Food,2026-05-07 11:22:46,17,Jayanagar,Delivered,5,Best meal ever. Highly recommended!,490,DP_171
OD10943,CUST3376,The Golden Dosa,Rava Kesari & Dosa Combo,South Indian,2026-05-01 21:06:15,41,Koramangala,Delivered,3,Average food. Nothing special.,320,DP_123
OD10944,CUST2155,Spice Symphony,Butter Chicken & Naan,North Indian,2026-05-16 08:37:40,41,Malleshwaram,Delivered,4,Good taste and neat packaging.,390,DP_181
OD10945,CUST2116,Royal Biryani House,Mutton Biryani,Biryani & Mughlai,2026-05-19 22:00:27,39,Whitefield,Delivered,4,"Tasty food, but could be a bit warmer.",920,DP_127
OD10946,CUST2975,Wok & Roll,Chilli Chicken Gravy,Chinese & Asian,2026-05-20 20:55:55,37,Indiranagar,Delivered,5,Outstanding quality! Will definitely order again.,310,DP_157
OD10947,CUST2540,Royal Biryani House,Chicken Tikka Biryani,Biryani & Mughlai,2026-05-19 20:12:11,41,Marathahalli,Delivered,2,Delivery took almost an hour. Unhappy.,390,DP_197
OD10948,CUST3232,The Salad Bowl,Fresh Fruit Bowl,Healthy & Salads,2026-05-23 14:15:33,49,Indiranagar,Delivered,4,Good taste and neat packaging.,210,DP_184
OD10949,CUST3012,Burger Bistro,Classic Cheese Burger & Fries,Fast Food,2026-05-21 21:28:00,45,Koramangala,Delivered,2,Food was cold when it arrived.,290,DP_141
OD10950,CUST3166,Bella Italia,Veg Arrabiata Penne Pasta,Italian,2026-05-06 20:20:34,53,Whitefield,Delivered,3,Packaging could have been better. Average taste.,360,DP_130
OD10951,CUST2946,Burger Bistro,Chicken Nuggets (9 pcs),Fast Food,2026-05-01 20:24:26,73,Indiranagar,Delivered,1,Missing items in my order and food was cold. Avoid this place!,240,DP_118
OD10952,CUST2749,Spice Symphony,Tandoori Chicken Half,North Indian,2026-05-02 12:01:25,38,Malleshwaram,Delivered,4,Overall great experience. Prompt service.,410,DP_120
OD10953,CUST3126,Bella Italia,Chicken Alfredo Pasta,Italian,2026-05-24 12:42:03,50,Marathahalli,Delivered,4,Decent portion size and good taste. Recommended.,410,DP_114
OD10954,CUST3013,Wok & Roll,Chilli Chicken Gravy,Chinese & Asian,2026-05-07 19:43:39,42,BTM Layout,Delivered,3,The food was decent but arrived a bit cold.,320,DP_179
OD10955,CUST2765,Royal Biryani House,Veg Hyderabadi Biryani,Biryani & Mughlai,2026-05-11 14:15:13,40,Marathahalli,Delivered,3,Packaging could have been better. Average taste.,330,DP_189
OD10956,CUST2575,Cafe Daybreak,Hot Chocolate,Continental & Beverages,2026-05-25 11:20:50,33,Whitefield,Delivered,3,"Food was okay, but delivery took some time.",210,DP_191
OD10957,CUST3001,Tandoori Nights,Tandoori Roti Combo,North Indian,2026-04-30 14:09:39,49,Marathahalli,Delivered,1,Awful experience! Delayed by over an hour and no response.,400,DP_111
OD10958,CUST2545,The Golden Dosa,Onion Uttapam,South Indian,2026-05-05 20:23:54,33,Indiranagar,Delivered,5,"Delivered way before time, packaging was excellent!",160,DP_161
OD10959,CUST2989,Cafe Daybreak,Iced Latte,Continental & Beverages,2026-05-07 19:34:12,51,Whitefield,Delivered,4,"Tasty food, but could be a bit warmer.",200,DP_177
OD10960,CUST3073,Cafe Daybreak,Hot Chocolate,Continental & Beverages,2026-05-23 21:19:16,47,Whitefield,Delivered,2,Food was cold when it arrived.,220,DP_119
OD10961,CUST2755,Sweet Retreat,Red Velvet Pastry,Desserts,2026-05-16 17:20:06,28,Jayanagar,Delivered,4,"Tasty food, but could be a bit warmer.",200,DP_159
OD10962,CUST3202,Royal Biryani House,Veg Hyderabadi Biryani,Biryani & Mughlai,2026-05-07 19:23:09,53,Marathahalli,Delivered,3,Portion size was small for the price.,860,DP_193
OD10963,CUST2811,Royal Biryani House,Veg Hyderabadi Biryani,Biryani & Mughlai,2026-05-07 19:36:02,40,Indiranagar,Delivered,3,"Food was okay, but delivery took some time.",300,DP_193
OD10964,CUST2311,The Golden Dosa,Filter Coffee & Upma,South Indian,2026-05-08 22:21:05,57,BTM Layout,Delivered,2,"Not worth the price, portion was very small.",140,DP_144
OD10965,CUST3315,The Salad Bowl,Quinoa Avocado Salad,Healthy & Salads,2026-05-11 12:48:58,24,Jayanagar,Delivered,5,"Amazing food, super fast delivery!",340,DP_130
OD10966,CUST3317,Wok & Roll,Chilli Chicken Gravy,Chinese & Asian,2026-05-01 22:08:32,67,Marathahalli,Delivered,1,Missing items in my order and food was cold. Avoid this place!,310,DP_142
OD10967,CUST2049,The Salad Bowl,Fresh Fruit Bowl,Healthy & Salads,2026-05-03 13:31:00,44,Marathahalli,Delivered,3,Average food. Nothing special.,210,DP_190
OD10968,CUST3286,Tandoori Nights,Malai Kofta & Lachha Paratha,North Indian,2026-05-02 21:48:38,39,Jayanagar,Delivered,4,Satisfied with the delivery speed and quality.,370,DP_143
OD10969,CUST2060,Sweet Retreat,Kulfi Falooda,Desserts,2026-04-30 07:51:06,37,Whitefield,Delivered,4,"Tasty food, standard delivery. Satisfactory.",440,DP_126
OD10970,CUST3381,Wok & Roll,Veg Spring Rolls (6 pcs),Chinese & Asian,2026-05-17 19:36:56,39,Jayanagar,Delivered,3,Portion size was small for the price.,360,DP_128
OD10971,CUST2423,Sweet Retreat,Sizzling Brownie,Desserts,2026-05-16 20:58:31,,Malleshwaram,Cancelled,,Item out of stock at restaurant,230,DP_172
OD10972,CUST2585,Wok & Roll,Veg Hakka Noodles,Chinese & Asian,2026-05-16 07:00:17,36,Indiranagar,Delivered,2,Food was cold when it arrived.,240,DP_139
OD10973,CUST2110,Burger Bistro,Crispy Chicken Burger,Fast Food,2026-05-08 08:26:41,40,Indiranagar,Delivered,5,"Extremely satisfied, delivered hot and fresh!",260,DP_139
OD10974,CUST2936,Wok & Roll,Veg Hakka Noodles,Chinese & Asian,2026-05-26 18:00:07,19,Koramangala,Delivered,4,"Tasty food, standard delivery. Satisfactory.",460,DP_193
OD10975,CUST3142,Bella Italia,Veg Arrabiata Penne Pasta,Italian,2026-05-19 12:04:25,34,BTM Layout,Delivered,4,"Tasty food, but could be a bit warmer.",360,DP_104
OD10976,CUST2028,Tandoori Nights,Chicken Seekh Kebab,North Indian,2026-05-20 18:51:17,39,Indiranagar,Delivered,5,"Perfect taste, clean packaging, and polite delivery partner.",350,DP_186
OD10977,CUST2918,Spice Symphony,Butter Chicken & Naan,North Indian,2026-05-19 18:14:45,20,Indiranagar,Delivered,5,Best meal ever. Highly recommended!,750,DP_137
OD10978,CUST3116,Royal Biryani House,Veg Hyderabadi Biryani,Biryani & Mughlai,2026-05-14 11:47:40,22,Marathahalli,Delivered,5,"Extremely satisfied, delivered hot and fresh!",320,DP_153
OD10979,CUST2599,Royal Biryani House,Egg Biryani,Biryani & Mughlai,2026-05-10 09:16:56,31,HSR Layout,Delivered,4,"Tasty food, standard delivery. Satisfactory.",310,DP_143
OD10980,CUST2337,Spice Symphony,Dal Makhani with Jeera Rice,North Indian,2026-05-14 19:47:10,48,HSR Layout,Delivered,3,Average food. Nothing special.,310,DP_127
OD10981,CUST3027,Cafe Daybreak,Club Sandwich,Continental & Beverages,2026-05-14 20:10:47,60,Whitefield,Delivered,1,Unprofessional delivery partner. Very bad experience.,230,DP_188
OD10982,CUST3124,The Salad Bowl,Fresh Fruit Bowl,Healthy & Salads,2026-05-08 20:44:48,62,Koramangala,Delivered,1,The food tasted stale and horrible! Threw it in the trash.,230,DP_129
OD10983,CUST3467,Spice Symphony,Kadhai Paneer with Roti,North Indian,2026-04-29 20:19:15,49,BTM Layout,Delivered,4,"Tasty food, but could be a bit warmer.",360,DP_139
OD10984,CUST2049,Spice Symphony,Butter Chicken & Naan,North Indian,2026-05-21 20:04:16,38,Malleshwaram,Delivered,5,"Delivered way before time, packaging was excellent!",380,DP_116
OD10985,CUST2615,Burger Bistro,Chicken Nuggets (9 pcs),Fast Food,2026-05-15 21:40:39,44,Indiranagar,Delivered,4,"Tasty food, standard delivery. Satisfactory.",230,DP_187
OD10986,CUST2970,The Salad Bowl,Fresh Fruit Bowl,Healthy & Salads,2026-05-16 21:43:31,38,Indiranagar,Delivered,4,Good taste and neat packaging.,230,DP_149
OD10987,CUST2503,The Golden Dosa,Onion Uttapam,South Indian,2026-05-12 07:19:35,24,Malleshwaram,Delivered,5,Outstanding quality! Will definitely order again.,170,DP_128
OD10988,CUST3216,Spice Symphony,Kadhai Paneer with Roti,North Indian,2026-05-19 19:51:59,37,Indiranagar,Delivered,4,Satisfied with the delivery speed and quality.,340,DP_133
OD10989,CUST2601,Royal Biryani House,Chicken Dum Biryani,Biryani & Mughlai,2026-05-18 12:53:04,46,Whitefield,Delivered,2,The item delivered was incorrect and lukewarm.,370,DP_162
OD10990,CUST2362,The Salad Bowl,Caesar Salad,Healthy & Salads,2026-05-18 19:31:14,29,Malleshwaram,Delivered,5,"Delivered way before time, packaging was excellent!",270,DP_190
OD10991,CUST3153,Spice Symphony,Tandoori Chicken Half,North Indian,2026-05-13 21:23:40,37,Koramangala,Delivered,4,Satisfied with the delivery speed and quality.,430,DP_154
OD10992,CUST2138,The Golden Dosa,Masala Dosa with Sambar,South Indian,2026-05-13 21:58:59,30,HSR Layout,Delivered,5,Outstanding quality! Will definitely order again.,160,DP_116
OD10993,CUST2914,Cafe Daybreak,Hot Chocolate,Continental & Beverages,2026-05-22 20:37:26,39,Koramangala,Delivered,5,"Perfect taste, clean packaging, and polite delivery partner.",220,DP_172
OD10994,CUST2801,Spice Symphony,Dal Makhani with Jeera Rice,North Indian,2026-05-18 13:33:00,34,Jayanagar,Delivered,3,"Food was okay, but delivery took some time.",300,DP_118
OD10995,CUST3360,Sweet Retreat,Sizzling Brownie,Desserts,2026-05-14 19:34:54,48,Koramangala,Delivered,4,Good taste and neat packaging.,200,DP_119
OD10996,CUST2979,Cafe Daybreak,Club Sandwich,Continental & Beverages,2026-05-10 21:23:14,38,Jayanagar,Delivered,4,Good taste and neat packaging.,240,DP_153
OD10997,CUST2395,Burger Bistro,Chicken Nuggets (9 pcs),Fast Food,2026-05-01 18:50:32,37,BTM Layout,Delivered,4,Satisfied with the delivery speed and quality.,220,DP_183
OD10998,CUST2154,The Salad Bowl,Fresh Fruit Bowl,Healthy & Salads,2026-05-19 21:09:49,37,Indiranagar,Delivered,4,Overall great experience. Prompt service.,200,DP_148
OD10999,CUST2622,Cafe Daybreak,Classic Cold Coffee,Continental & Beverages,2026-05-12 18:24:48,21,HSR Layout,Delivered,5,"Extremely satisfied, delivered hot and fresh!",190,DP_161
OD11000,CUST3092,Cafe Daybreak,Classic Cold Coffee,Continental & Beverages,2026-05-26 13:18:38,43,Whitefield,Delivered,3,Portion size was small for the price.,190,DP_141
OD11001,CUST2393,Burger Bistro,Loaded Nachos,Fast Food,2026-05-10 20:12:49,50,HSR Layout,Delivered,3,Prompt delivery but taste was average.,260,DP_199
OD11002,CUST3133,Burger Bistro,Crispy Chicken Burger,Fast Food,2026-05-20 21:40:15,75,Whitefield,Delivered,2,The item delivered was incorrect and lukewarm.,240,DP_177
OD11003,CUST3018,Burger Bistro,Crispy Chicken Burger,Fast Food,2026-05-11 19:09:16,42,Koramangala,Delivered,1,Worst service! Delivered extremely late and completely cold.,250,DP_133
OD11004,CUST2137,Wok & Roll,Schezwan Noodles,Chinese & Asian,2026-05-14 19:17:32,58,BTM Layout,Delivered,1,Missing items in my order and food was cold. Avoid this place!,510,DP_126
OD11005,CUST3220,The Golden Dosa,Onion Uttapam,South Indian,2026-05-02 11:48:51,32,Indiranagar,Delivered,4,Overall great experience. Prompt service.,170,DP_106
OD11006,CUST2261,The Golden Dosa,Onion Uttapam,South Indian,2026-05-07 22:46:17,31,Jayanagar,Delivered,4,Overall great experience. Prompt service.,150,DP_156
OD11007,CUST3132,Burger Bistro,Crispy Chicken Burger,Fast Food,2026-05-02 21:52:24,57,Whitefield,Delivered,1,Unprofessional delivery partner. Very bad experience.,250,DP_170
OD11008,CUST2996,The Golden Dosa,Masala Dosa with Sambar,South Indian,2026-05-11 19:57:11,39,Whitefield,Delivered,5,"Delivered way before time, packaging was excellent!",170,DP_136
OD11009,CUST3229,The Salad Bowl,Greek Salad,Healthy & Salads,2026-05-10 20:28:09,55,BTM Layout,Delivered,3,The food was decent but arrived a bit cold.,250,DP_179
OD11010,CUST3007,The Salad Bowl,Fresh Fruit Bowl,Healthy & Salads,2026-05-16 15:28:38,29,Whitefield,Delivered,4,Satisfied with the delivery speed and quality.,200,DP_148
OD11011,CUST2345,The Salad Bowl,Quinoa Avocado Salad,Healthy & Salads,2026-05-04 20:57:14,39,BTM Layout,Delivered,4,"Tasty food, standard delivery. Satisfactory.",360,DP_177
OD11012,CUST3429,The Golden Dosa,Onion Uttapam,South Indian,2026-05-08 14:01:31,46,BTM Layout,Delivered,3,Portion size was small for the price.,150,DP_193
OD11013,CUST2751,Bella Italia,Farmhouse Veg Pizza,Italian,2026-05-17 18:33:51,40,Whitefield,Delivered,5,"Perfect taste, clean packaging, and polite delivery partner.",450,DP_105
OD11014,CUST2326,The Golden Dosa,Filter Coffee & Upma,South Indian,2026-05-13 22:28:09,43,Jayanagar,Delivered,1,The food tasted stale and horrible! Threw it in the trash.,130,DP_119
OD11015,CUST2839,Bella Italia,Chicken Alfredo Pasta,Italian,2026-05-16 07:41:50,45,HSR Layout,Delivered,1,The food tasted stale and horrible! Threw it in the trash.,390,DP_137
OD11016,CUST2036,Wok & Roll,Veg Spring Rolls (6 pcs),Chinese & Asian,2026-05-05 21:11:34,51,Koramangala,Delivered,2,"Too spicy, couldn't eat it. Disappointed.",180,DP_200
OD11017,CUST3093,Royal Biryani House,Mutton Biryani,Biryani & Mughlai,2026-05-21 13:52:01,27,Indiranagar,Delivered,5,Outstanding quality! Will definitely order again.,490,DP_151
OD11018,CUST2496,Tandoori Nights,Malai Kofta & Lachha Paratha,North Indian,2026-05-11 12:07:45,46,Whitefield,Delivered,3,Average food. Nothing special.,370,DP_121
OD11019,CUST2589,Sweet Retreat,Kulfi Falooda,Desserts,2026-05-20 15:33:29,37,Marathahalli,Delivered,4,Overall great experience. Prompt service.,180,DP_178
OD11020,CUST3073,The Salad Bowl,Quinoa Avocado Salad,Healthy & Salads,2026-04-28 12:38:23,36,Jayanagar,Delivered,5,"Amazing food, super fast delivery!",370,DP_115
OD11021,CUST2645,Sweet Retreat,Red Velvet Pastry,Desserts,2026-05-17 20:28:55,54,HSR Layout,Delivered,4,"Tasty food, but could be a bit warmer.",180,DP_184
OD11022,CUST2900,Bella Italia,Farmhouse Veg Pizza,Italian,2026-05-03 17:26:03,40,Whitefield,Delivered,5,Best meal ever. Highly recommended!,470,DP_119
OD11023,CUST2792,The Salad Bowl,Caesar Salad,Healthy & Salads,2026-05-14 18:59:55,20,Malleshwaram,Delivered,5,"Delivered way before time, packaging was excellent!",280,DP_109
OD11024,CUST2340,Spice Symphony,Butter Chicken & Naan,North Indian,2026-05-13 12:33:23,39,Indiranagar,Delivered,4,Decent portion size and good taste. Recommended.,390,DP_158
OD11025,CUST2669,Bella Italia,Veg Arrabiata Penne Pasta,Italian,2026-05-21 18:48:32,27,Indiranagar,Delivered,4,Decent portion size and good taste. Recommended.,330,DP_186
OD11026,CUST2138,Royal Biryani House,Egg Biryani,Biryani & Mughlai,2026-05-17 13:09:48,62,Whitefield,Delivered,2,Delivery took almost an hour. Unhappy.,310,DP_112
OD11027,CUST2025,Royal Biryani House,Mutton Biryani,Biryani & Mughlai,2026-05-23 21:27:35,36,Jayanagar,Delivered,5,Best meal ever. Highly recommended!,480,DP_127
OD11028,CUST2136,Wok & Roll,Chilli Chicken Gravy,Chinese & Asian,2026-05-12 11:42:29,59,Marathahalli,Delivered,1,Unprofessional delivery partner. Very bad experience.,590,DP_179
OD11029,CUST3182,Cafe Daybreak,Classic Cold Coffee,Continental & Beverages,2026-05-07 18:42:43,35,Jayanagar,Delivered,5,"Amazing food, super fast delivery!",340,DP_177
OD11030,CUST2889,Sweet Retreat,Gulab Jamun (4 pcs),Desserts,2026-05-20 23:03:37,19,Jayanagar,Delivered,5,Outstanding quality! Will definitely order again.,140,DP_133
OD11031,CUST2510,Sweet Retreat,Red Velvet Pastry,Desserts,2026-05-09 16:21:19,40,Koramangala,Delivered,4,Overall great experience. Prompt service.,340,DP_132
OD11032,CUST2117,The Salad Bowl,Greek Salad,Healthy & Salads,2026-04-27 14:23:07,44,Jayanagar,Delivered,3,"Food was okay, but delivery took some time.",490,DP_131
OD11033,CUST2831,The Salad Bowl,Quinoa Avocado Salad,Healthy & Salads,2026-05-16 14:24:54,30,Koramangala,Delivered,4,Good taste and neat packaging.,350,DP_113
OD11034,CUST3429,Royal Biryani House,Chicken Dum Biryani,Biryani & Mughlai,2026-05-06 23:23:43,31,Marathahalli,Delivered,5,"Extremely satisfied, delivered hot and fresh!",360,DP_186
OD11035,CUST2677,The Golden Dosa,Masala Dosa with Sambar,South Indian,2026-05-16 00:59:12,,HSR Layout,Cancelled,,Delivery address was outside the delivery radius,380,DP_151
OD11036,CUST2221,Bella Italia,Garlic Bread with Cheese,Italian,2026-05-06 11:29:38,28,Jayanagar,Delivered,4,Satisfied with the delivery speed and quality.,170,DP_121
OD11037,CUST3243,Wok & Roll,Schezwan Noodles,Chinese & Asian,2026-05-19 18:28:22,28,Jayanagar,Delivered,4,"Tasty food, but could be a bit warmer.",270,DP_138
OD11038,CUST2634,Burger Bistro,Crispy Chicken Burger,Fast Food,2026-04-28 08:37:56,39,Koramangala,Delivered,5,"Perfect taste, clean packaging, and polite delivery partner.",240,DP_119
OD11039,CUST2151,Bella Italia,Veg Arrabiata Penne Pasta,Italian,2026-05-10 15:59:41,26,Jayanagar,Delivered,4,Satisfied with the delivery speed and quality.,340,DP_191
OD11040,CUST2393,Burger Bistro,Classic Cheese Burger & Fries,Fast Food,2026-05-23 18:42:25,39,Marathahalli,Delivered,4,"Tasty food, standard delivery. Satisfactory.",280,DP_158
OD11041,CUST2645,Tandoori Nights,Paneer Tikka,North Indian,2026-05-10 09:56:21,,HSR Layout,Cancelled,,Delivery partner could not be assigned due to heavy rain,310,DP_106
OD11042,CUST2492,Cafe Daybreak,Classic Cold Coffee,Continental & Beverages,2026-05-20 12:02:49,38,Indiranagar,Delivered,4,Good taste and neat packaging.,190,DP_181
OD11043,CUST2215,Sweet Retreat,Kulfi Falooda,Desserts,2026-05-18 21:47:32,57,Jayanagar,Delivered,1,"Terrible experience, food was completely spilled inside the bag.",160,DP_168
OD11044,CUST2403,The Salad Bowl,Caesar Salad,Healthy & Salads,2026-05-21 17:18:21,24,Indiranagar,Delivered,4,Satisfied with the delivery speed and quality.,280,DP_153
OD11045,CUST2855,Sweet Retreat,Kulfi Falooda,Desserts,2026-05-04 17:19:57,35,Indiranagar,Delivered,5,"Extremely satisfied, delivered hot and fresh!",170,DP_130
OD11046,CUST2009,Cafe Daybreak,Iced Latte,Continental & Beverages,2026-04-27 16:04:51,36,Jayanagar,Delivered,3,Average food. Nothing special.,210,DP_169
OD11047,CUST3028,Bella Italia,Garlic Bread with Cheese,Italian,2026-05-03 19:35:18,,Koramangala,Cancelled,,Delivery address was outside the delivery radius,200,DP_131
OD11048,CUST3149,Burger Bistro,Crispy Chicken Burger,Fast Food,2026-05-10 08:41:15,31,Malleshwaram,Delivered,4,"Tasty food, but could be a bit warmer.",240,DP_103
OD11049,CUST3347,Bella Italia,Veg Arrabiata Penne Pasta,Italian,2026-05-02 14:48:59,53,Jayanagar,Delivered,1,Worst service! Delivered extremely late and completely cold.,360,DP_140
OD11050,CUST2491,The Golden Dosa,Rava Kesari & Dosa Combo,South Indian,2026-05-07 11:49:53,16,Malleshwaram,Delivered,5,"Amazing food, super fast delivery!",470,DP_166
OD11051,CUST2730,The Golden Dosa,Rava Kesari & Dosa Combo,South Indian,2026-05-05 20:58:58,34,Koramangala,Delivered,4,"Tasty food, standard delivery. Satisfactory.",180,DP_109
OD11052,CUST3096,Wok & Roll,Chilli Chicken Gravy,Chinese & Asian,2026-05-24 15:48:27,39,Koramangala,Delivered,5,"Perfect taste, clean packaging, and polite delivery partner.",880,DP_166
OD11053,CUST2991,Tandoori Nights,Chicken Seekh Kebab,North Indian,2026-05-26 21:31:35,42,Malleshwaram,Delivered,1,Worst service! Delivered extremely late and completely cold.,960,DP_150
OD11054,CUST2928,Wok & Roll,Veg Hakka Noodles,Chinese & Asian,2026-05-26 14:21:26,,Indiranagar,Cancelled,,Delivery address was outside the delivery radius,240,DP_141
OD11055,CUST2175,Royal Biryani House,Chicken Dum Biryani,Biryani & Mughlai,2026-05-12 18:35:46,37,Marathahalli,Delivered,4,"Tasty food, standard delivery. Satisfactory.",350,DP_116
OD11056,CUST2650,Wok & Roll,Schezwan Noodles,Chinese & Asian,2026-05-24 10:19:42,50,HSR Layout,Delivered,3,Packaging could have been better. Average taste.,280,DP_190
OD11057,CUST2153,Cafe Daybreak,Hot Chocolate,Continental & Beverages,2026-05-10 06:18:20,32,HSR Layout,Delivered,4,Good taste and neat packaging.,210,DP_192
OD11058,CUST2743,The Golden Dosa,Masala Dosa with Sambar,South Indian,2026-04-30 12:13:37,29,Koramangala,Delivered,4,Decent portion size and good taste. Recommended.,400,DP_130
OD11059,CUST2164,Cafe Daybreak,Classic Cold Coffee,Continental & Beverages,2026-05-18 13:57:25,30,Indiranagar,Delivered,5,"Amazing food, super fast delivery!",340,DP_140
OD11060,CUST2281,The Golden Dosa,Masala Dosa with Sambar,South Indian,2026-05-12 07:51:23,18,BTM Layout,Delivered,5,"Delivered way before time, packaging was excellent!",260,DP_170
OD11061,CUST2508,The Golden Dosa,Rava Kesari & Dosa Combo,South Indian,2026-04-27 18:46:45,37,HSR Layout,Delivered,3,Prompt delivery but taste was average.,170,DP_122
OD11062,CUST2489,The Salad Bowl,Caesar Salad,Healthy & Salads,2026-05-20 20:12:31,50,Whitefield,Delivered,3,Prompt delivery but taste was average.,280,DP_108
OD11063,CUST2600,Burger Bistro,Crispy Chicken Burger,Fast Food,2026-05-06 13:39:54,36,Koramangala,Delivered,4,Good taste and neat packaging.,260,DP_191
OD11064,CUST2831,Tandoori Nights,Paneer Tikka,North Indian,2026-05-23 19:07:42,85,Whitefield,Delivered,1,Awful experience! Delayed by over an hour and no response.,310,DP_117
OD11065,CUST2148,The Salad Bowl,Quinoa Avocado Salad,Healthy & Salads,2026-05-15 00:13:45,,Koramangala,Cancelled,,Restaurant could not prepare food in time,1000,DP_190
OD11066,CUST2847,The Golden Dosa,Rava Kesari & Dosa Combo,South Indian,2026-05-17 20:55:23,65,Marathahalli,Delivered,1,Awful experience! Delayed by over an hour and no response.,180,DP_153
OD11067,CUST2299,Wok & Roll,Chilli Chicken Gravy,Chinese & Asian,2026-05-05 17:16:00,19,BTM Layout,Delivered,4,Good taste and neat packaging.,310,DP_160
OD11068,CUST2940,Cafe Daybreak,Hot Chocolate,Continental & Beverages,2026-05-01 13:11:27,46,Indiranagar,Delivered,2,"Not worth the price, portion was very small.",190,DP_161
OD11069,CUST2412,Bella Italia,Farmhouse Veg Pizza,Italian,2026-05-04 17:08:01,30,Whitefield,Delivered,2,Taste was disappointing. Packaging was leaked.,1300,DP_183
OD11070,CUST3044,Royal Biryani House,Chicken Dum Biryani,Biryani & Mughlai,2026-05-19 10:55:42,19,Jayanagar,Delivered,5,"Amazing food, super fast delivery!",370,DP_196
OD11071,CUST2495,Bella Italia,Veg Arrabiata Penne Pasta,Italian,2026-05-13 00:01:20,23,BTM Layout,Delivered,5,"Amazing food, super fast delivery!",650,DP_173
OD11072,CUST2628,The Salad Bowl,High-Protein Chicken Salad,Healthy & Salads,2026-05-17 15:53:38,40,Marathahalli,Delivered,3,Portion size was small for the price.,330,DP_113
OD11073,CUST2094,Burger Bistro,Spicy Paneer Wrap,Fast Food,2026-05-12 13:35:01,37,Koramangala,Delivered,3,"Food was okay, but delivery took some time.",210,DP_114
OD11074,CUST2957,The Salad Bowl,Fresh Fruit Bowl,Healthy & Salads,2026-05-14 17:08:14,28,Whitefield,Delivered,5,"Delivered way before time, packaging was excellent!",560,DP_128
OD11075,CUST2838,The Golden Dosa,Rava Kesari & Dosa Combo,South Indian,2026-04-29 14:15:39,48,Koramangala,Delivered,2,The item delivered was incorrect and lukewarm.,200,DP_112
OD11076,CUST2494,Spice Symphony,Tandoori Chicken Half,North Indian,2026-05-19 20:59:53,55,Malleshwaram,Delivered,4,Decent portion size and good taste. Recommended.,410,DP_128
OD11077,CUST3194,Wok & Roll,Veg Spring Rolls (6 pcs),Chinese & Asian,2026-05-26 14:28:35,57,HSR Layout,Delivered,1,Awful experience! Delayed by over an hour and no response.,210,DP_104
OD11078,CUST2564,Wok & Roll,Chicken Fried Rice & Manchurian,Chinese & Asian,2026-05-20 12:52:13,47,Whitefield,Delivered,3,Prompt delivery but taste was average.,610,DP_117
OD11079,CUST2276,Spice Symphony,Butter Chicken & Naan,North Indian,2026-05-21 21:19:53,50,BTM Layout,Delivered,3,Packaging could have been better. Average taste.,380,DP_120
OD11080,CUST2016,Royal Biryani House,Veg Hyderabadi Biryani,Biryani & Mughlai,2026-05-25 16:05:48,16,HSR Layout,Delivered,5,Outstanding quality! Will definitely order again.,310,DP_128
OD11081,CUST3433,Royal Biryani House,Veg Hyderabadi Biryani,Biryani & Mughlai,2026-05-02 21:38:34,62,Whitefield,Delivered,1,The food tasted stale and horrible! Threw it in the trash.,320,DP_158
OD11082,CUST2042,Wok & Roll,Chilli Chicken Gravy,Chinese & Asian,2026-05-24 19:50:44,44,HSR Layout,Delivered,3,The food was decent but arrived a bit cold.,330,DP_107
OD11083,CUST3190,Royal Biryani House,Chicken Dum Biryani,Biryani & Mughlai,2026-05-04 21:32:54,47,Koramangala,Delivered,2,Food was cold when it arrived.,360,DP_131
OD11084,CUST2532,Bella Italia,Veg Arrabiata Penne Pasta,Italian,2026-05-12 21:13:08,53,Whitefield,Delivered,2,Food was cold when it arrived.,340,DP_190
OD11085,CUST2865,Cafe Daybreak,Club Sandwich,Continental & Beverages,2026-05-18 13:54:21,40,Indiranagar,Delivered,4,"Tasty food, standard delivery. Satisfactory.",250,DP_105
OD11086,CUST2050,Spice Symphony,Butter Chicken & Naan,North Indian,2026-05-03 18:51:06,33,Malleshwaram,Delivered,4,Decent portion size and good taste. Recommended.,370,DP_169
OD11087,CUST2053,Royal Biryani House,Veg Hyderabadi Biryani,Biryani & Mughlai,2026-05-13 19:48:18,38,Jayanagar,Delivered,4,Decent portion size and good taste. Recommended.,300,DP_121
OD11088,CUST3106,Sweet Retreat,Gulab Jamun (4 pcs),Desserts,2026-05-23 20:32:39,43,Indiranagar,Delivered,3,Average food. Nothing special.,120,DP_141
OD11089,CUST3228,Spice Symphony,Butter Chicken & Naan,North Indian,2026-05-17 14:23:46,38,Jayanagar,Delivered,5,Outstanding quality! Will definitely order again.,380,DP_168
OD11090,CUST2552,Cafe Daybreak,Iced Latte,Continental & Beverages,2026-05-08 13:10:50,37,BTM Layout,Delivered,5,Best meal ever. Highly recommended!,520,DP_194
OD11091,CUST3234,Tandoori Nights,Butter Chicken Combo Meal,North Indian,2026-04-27 20:49:40,29,HSR Layout,Delivered,5,"Amazing food, super fast delivery!",400,DP_117
OD11092,CUST2803,Bella Italia,Garlic Bread with Cheese,Italian,2026-05-20 13:54:41,49,HSR Layout,Delivered,3,"Food was okay, but delivery took some time.",170,DP_171
OD11093,CUST2775,Wok & Roll,Veg Spring Rolls (6 pcs),Chinese & Asian,2026-05-01 20:09:44,52,BTM Layout,Delivered,2,The item delivered was incorrect and lukewarm.,210,DP_180
OD11094,CUST3497,Bella Italia,Farmhouse Veg Pizza,Italian,2026-05-10 20:08:23,44,BTM Layout,Delivered,1,Missing items in my order and food was cold. Avoid this place!,440,DP_128
OD11095,CUST2598,The Salad Bowl,Quinoa Avocado Salad,Healthy & Salads,2026-05-24 21:11:25,70,Whitefield,Delivered,2,"Too spicy, couldn't eat it. Disappointed.",360,DP_193
OD11096,CUST3494,Spice Symphony,Butter Chicken & Naan,North Indian,2026-05-05 21:32:36,31,Indiranagar,Delivered,4,Decent portion size and good taste. Recommended.,390,DP_199
OD11097,CUST3063,Royal Biryani House,Veg Hyderabadi Biryani,Biryani & Mughlai,2026-05-23 20:43:44,83,Marathahalli,Delivered,1,The food tasted stale and horrible! Threw it in the trash.,310,DP_105
OD11098,CUST2443,Wok & Roll,Schezwan Noodles,Chinese & Asian,2026-05-25 20:25:46,56,Whitefield,Delivered,1,Missing items in my order and food was cold. Avoid this place!,270,DP_119
OD11099,CUST3078,Sweet Retreat,Chocolate Lava Cake,Desserts,2026-04-29 19:12:31,60,Whitefield,Delivered,1,Missing items in my order and food was cold. Avoid this place!,170,DP_118
OD11100,CUST2072,The Golden Dosa,Masala Dosa with Sambar,South Indian,2026-05-07 23:06:29,32,BTM Layout,Delivered,4,Good taste and neat packaging.,290,DP_200
OD11101,CUST2022,Royal Biryani House,Mutton Biryani,Biryani & Mughlai,2026-05-07 20:07:35,36,HSR Layout,Delivered,4,Satisfied with the delivery speed and quality.,920,DP_177
OD11102,CUST3305,Sweet Retreat,Gulab Jamun (4 pcs),Desserts,2026-05-26 16:00:56,,Whitefield,Cancelled,,Customer cancelled the order,120,DP_151
OD11103,CUST3249,Burger Bistro,Crispy Chicken Burger,Fast Food,2026-04-29 21:55:33,37,Jayanagar,Delivered,4,Satisfied with the delivery speed and quality.,440,DP_114
OD11104,CUST2703,Spice Symphony,Kadhai Paneer with Roti,North Indian,2026-05-23 20:13:38,46,HSR Layout,Delivered,3,Average food. Nothing special.,360,DP_110
OD11105,CUST2523,Spice Symphony,Dal Makhani with Jeera Rice,North Indian,2026-04-28 21:40:01,52,Marathahalli,Delivered,1,Awful experience! Delayed by over an hour and no response.,330,DP_131
OD11106,CUST2095,Cafe Daybreak,Club Sandwich,Continental & Beverages,2026-05-24 06:02:12,26,Indiranagar,Delivered,3,Average food. Nothing special.,240,DP_167
OD11107,CUST2056,The Salad Bowl,Quinoa Avocado Salad,Healthy & Salads,2026-05-20 12:11:49,46,Whitefield,Delivered,3,Prompt delivery but taste was average.,340,DP_133
OD11108,CUST2376,The Salad Bowl,Fresh Fruit Bowl,Healthy & Salads,2026-05-14 19:09:39,61,Whitefield,Delivered,1,Worst service! Delivered extremely late and completely cold.,230,DP_168
OD11109,CUST2496,Bella Italia,Garlic Bread with Cheese,Italian,2026-05-07 13:30:55,27,HSR Layout,Delivered,4,"Tasty food, standard delivery. Satisfactory.",200,DP_153
OD11110,CUST2255,Spice Symphony,Butter Chicken & Naan,North Indian,2026-04-27 19:03:32,54,Marathahalli,Delivered,3,"Food was okay, but delivery took some time.",400,DP_173
OD11111,CUST2033,Sweet Retreat,Gulab Jamun (4 pcs),Desserts,2026-05-16 20:39:40,67,BTM Layout,Delivered,1,"Terrible experience, food was completely spilled inside the bag.",130,DP_199
OD11112,CUST3315,Tandoori Nights,Butter Chicken Combo Meal,North Indian,2026-05-13 13:34:50,41,Marathahalli,Delivered,2,Delivery took almost an hour. Unhappy.,410,DP_175
OD11113,CUST2044,Cafe Daybreak,Hot Chocolate,Continental & Beverages,2026-05-25 12:11:53,,Whitefield,Cancelled,,Delivery partner could not be assigned due to heavy rain,200,DP_138
OD11114,CUST2881,The Salad Bowl,Fresh Fruit Bowl,Healthy & Salads,2026-05-19 06:35:30,26,HSR Layout,Delivered,4,Good taste and neat packaging.,200,DP_151
OD11115,CUST3315,Sweet Retreat,Red Velvet Pastry,Desserts,2026-05-20 13:38:14,49,Marathahalli,Delivered,1,"Terrible experience, food was completely spilled inside the bag.",190,DP_186
OD11116,CUST2284,Cafe Daybreak,Club Sandwich,Continental & Beverages,2026-05-25 14:26:56,44,Koramangala,Delivered,2,"Too spicy, couldn't eat it. Disappointed.",460,DP_119
OD11117,CUST2832,Tandoori Nights,Malai Kofta & Lachha Paratha,North Indian,2026-05-05 09:35:24,24,BTM Layout,Delivered,4,"Tasty food, but could be a bit warmer.",360,DP_145
OD11118,CUST2031,Cafe Daybreak,Paneer Tikka Sandwich,Continental & Beverages,2026-05-18 21:49:12,42,Marathahalli,Delivered,3,Portion size was small for the price.,400,DP_174
OD11119,CUST2817,Cafe Daybreak,Iced Latte,Continental & Beverages,2026-05-05 19:02:54,37,Indiranagar,Delivered,4,Decent portion size and good taste. Recommended.,200,DP_122
OD11120,CUST2890,Tandoori Nights,Tandoori Roti Combo,North Indian,2026-04-28 11:48:24,22,Whitefield,Delivered,4,Overall great experience. Prompt service.,410,DP_110
OD11121,CUST2053,Spice Symphony,Butter Chicken & Naan,North Indian,2026-05-05 08:40:38,22,Koramangala,Delivered,5,Outstanding quality! Will definitely order again.,370,DP_195
OD11122,CUST3290,Cafe Daybreak,Iced Latte,Continental & Beverages,2026-05-17 11:46:23,36,Whitefield,Delivered,4,Satisfied with the delivery speed and quality.,370,DP_182
OD11123,CUST3227,Bella Italia,Farmhouse Veg Pizza,Italian,2026-05-20 15:55:26,17,HSR Layout,Delivered,5,"Amazing food, super fast delivery!",470,DP_177
OD11124,CUST3008,Sweet Retreat,Sizzling Brownie,Desserts,2026-05-26 19:49:49,38,Jayanagar,Delivered,5,Outstanding quality! Will definitely order again.,390,DP_103
OD11125,CUST2407,Wok & Roll,Chilli Chicken Gravy,Chinese & Asian,2026-05-07 14:59:10,,Whitefield,Cancelled,,Delivery address was outside the delivery radius,310,DP_145
OD11126,CUST2223,Sweet Retreat,Kulfi Falooda,Desserts,2026-05-24 23:58:10,31,Koramangala,Delivered,5,Best meal ever. Highly recommended!,310,DP_111
OD11127,CUST2488,Cafe Daybreak,Hot Chocolate,Continental & Beverages,2026-05-08 14:12:13,44,Malleshwaram,Delivered,4,"Tasty food, but could be a bit warmer.",220,DP_110
OD11128,CUST3186,Burger Bistro,Classic Cheese Burger & Fries,Fast Food,2026-04-28 22:06:27,28,Jayanagar,Delivered,4,Good taste and neat packaging.,290,DP_137
OD11129,CUST2816,Sweet Retreat,Kulfi Falooda,Desserts,2026-05-20 20:42:32,34,HSR Layout,Delivered,4,Satisfied with the delivery speed and quality.,160,DP_124
OD11130,CUST3207,Cafe Daybreak,Iced Latte,Continental & Beverages,2026-05-26 22:10:36,67,Marathahalli,Delivered,1,Missing items in my order and food was cold. Avoid this place!,190,DP_195
OD11131,CUST2479,The Salad Bowl,Quinoa Avocado Salad,Healthy & Salads,2026-05-24 18:34:43,29,Marathahalli,Delivered,4,"Tasty food, standard delivery. Satisfactory.",670,DP_153
OD11132,CUST2047,Sweet Retreat,Kulfi Falooda,Desserts,2026-05-26 23:29:30,38,Indiranagar,Delivered,5,Best meal ever. Highly recommended!,180,DP_152
OD11133,CUST3062,Royal Biryani House,Chicken Dum Biryani,Biryani & Mughlai,2026-05-01 09:53:10,34,HSR Layout,Delivered,5,Best meal ever. Highly recommended!,350,DP_129
OD11134,CUST3391,Burger Bistro,Classic Cheese Burger & Fries,Fast Food,2026-05-18 13:36:09,38,Koramangala,Delivered,4,Overall great experience. Prompt service.,290,DP_167
OD11135,CUST3163,The Salad Bowl,Greek Salad,Healthy & Salads,2026-05-14 20:17:15,50,BTM Layout,Delivered,2,Food was cold when it arrived.,250,DP_180
OD11136,CUST2325,Royal Biryani House,Chicken Dum Biryani,Biryani & Mughlai,2026-05-19 20:42:53,,BTM Layout,Cancelled,,Item out of stock at restaurant,680,DP_193
OD11137,CUST3468,Bella Italia,Garlic Bread with Cheese,Italian,2026-05-16 14:47:39,39,Koramangala,Delivered,4,Satisfied with the delivery speed and quality.,480,DP_183
OD11138,CUST2074,Sweet Retreat,Chocolate Lava Cake,Desserts,2026-05-14 15:24:30,65,Whitefield,Delivered,2,Taste was disappointing. Packaging was leaked.,170,DP_170
OD11139,CUST2926,Bella Italia,Farmhouse Veg Pizza,Italian,2026-05-18 22:31:39,42,Malleshwaram,Delivered,2,"Not worth the price, portion was very small.",440,DP_150
OD11140,CUST3036,Sweet Retreat,Red Velvet Pastry,Desserts,2026-05-15 12:47:02,52,Marathahalli,Delivered,2,"Too spicy, couldn't eat it. Disappointed.",330,DP_188
OD11141,CUST2756,Spice Symphony,Dal Makhani with Jeera Rice,North Indian,2026-05-09 14:39:21,27,Malleshwaram,Delivered,3,"Food was okay, but delivery took some time.",600,DP_173
OD11142,CUST2702,Burger Bistro,Spicy Paneer Wrap,Fast Food,2026-05-09 12:22:52,38,Jayanagar,Delivered,4,Overall great experience. Prompt service.,230,DP_124
OD11143,CUST2802,Wok & Roll,Chicken Fried Rice & Manchurian,Chinese & Asian,2026-05-02 13:43:43,59,Marathahalli,Delivered,1,Missing items in my order and food was cold. Avoid this place!,310,DP_124
OD11144,CUST2344,Tandoori Nights,Paneer Tikka,North Indian,2026-05-04 14:38:50,35,Marathahalli,Delivered,4,Overall great experience. Prompt service.,310,DP_114
OD11145,CUST2053,Sweet Retreat,Kulfi Falooda,Desserts,2026-05-14 14:39:20,42,Malleshwaram,Delivered,3,"Food was okay, but delivery took some time.",180,DP_199
OD11146,CUST2628,Tandoori Nights,Chicken Seekh Kebab,North Indian,2026-04-30 21:38:30,45,HSR Layout,Delivered,3,"Food was okay, but delivery took some time.",640,DP_107
OD11147,CUST2552,Spice Symphony,Butter Chicken & Naan,North Indian,2026-04-29 14:29:06,35,Marathahalli,Delivered,5,"Delivered way before time, packaging was excellent!",730,DP_142
OD11148,CUST2440,The Salad Bowl,Greek Salad,Healthy & Salads,2026-05-10 17:20:02,24,Indiranagar,Delivered,5,"Amazing food, super fast delivery!",250,DP_180
OD11149,CUST2581,The Golden Dosa,Masala Dosa with Sambar,South Indian,2026-05-16 18:07:44,25,Malleshwaram,Delivered,5,"Extremely satisfied, delivered hot and fresh!",150,DP_172
OD11150,CUST2266,Wok & Roll,Veg Spring Rolls (6 pcs),Chinese & Asian,2026-05-25 11:21:35,28,BTM Layout,Delivered,3,Prompt delivery but taste was average.,200,DP_154
OD11151,CUST3038,The Salad Bowl,Greek Salad,Healthy & Salads,2026-05-02 11:45:21,41,Marathahalli,Delivered,3,Prompt delivery but taste was average.,270,DP_195
OD11152,CUST2865,Burger Bistro,Spicy Paneer Wrap,Fast Food,2026-05-01 13:39:58,53,Koramangala,Delivered,1,Worst service! Delivered extremely late and completely cold.,220,DP_111
OD11153,CUST2081,Spice Symphony,Paneer Butter Masala Meal,North Indian,2026-05-15 19:14:04,71,Whitefield,Delivered,2,Food was cold when it arrived.,680,DP_117
OD11154,CUST2664,Burger Bistro,Chicken Nuggets (9 pcs),Fast Food,2026-05-10 19:11:43,48,Koramangala,Delivered,2,The item delivered was incorrect and lukewarm.,220,DP_137
OD11155,CUST3005,Royal Biryani House,Egg Biryani,Biryani & Mughlai,2026-05-25 19:28:46,38,Jayanagar,Delivered,5,"Delivered way before time, packaging was excellent!",810,DP_183
OD11156,CUST3442,Royal Biryani House,Veg Hyderabadi Biryani,Biryani & Mughlai,2026-05-22 21:45:34,39,Koramangala,Delivered,4,"Tasty food, standard delivery. Satisfactory.",300,DP_195
OD11157,CUST2015,Bella Italia,Garlic Bread with Cheese,Italian,2026-05-25 09:15:26,16,Jayanagar,Delivered,5,"Extremely satisfied, delivered hot and fresh!",200,DP_163
OD11158,CUST2050,Cafe Daybreak,Iced Latte,Continental & Beverages,2026-04-29 20:11:50,43,HSR Layout,Delivered,2,Delivery took almost an hour. Unhappy.,210,DP_145
OD11159,CUST3152,Bella Italia,Farmhouse Veg Pizza,Italian,2026-04-28 14:39:05,41,Malleshwaram,Delivered,3,Prompt delivery but taste was average.,450,DP_149
OD11160,CUST2373,Sweet Retreat,Chocolate Lava Cake,Desserts,2026-05-18 12:28:50,62,Whitefield,Delivered,1,Unprofessional delivery partner. Very bad experience.,170,DP_173
OD11161,CUST2373,Royal Biryani House,Mutton Biryani,Biryani & Mughlai,2026-05-25 12:06:46,39,BTM Layout,Delivered,5,"Delivered way before time, packaging was excellent!",480,DP_142
OD11162,CUST2295,Wok & Roll,Chicken Fried Rice & Manchurian,Chinese & Asian,2026-05-04 20:54:57,54,Whitefield,Delivered,4,"Tasty food, standard delivery. Satisfactory.",330,DP_141
OD11163,CUST3321,Sweet Retreat,Sizzling Brownie,Desserts,2026-04-27 19:16:55,43,Jayanagar,Delivered,2,"Too spicy, couldn't eat it. Disappointed.",230,DP_174
OD11164,CUST2916,Tandoori Nights,Butter Chicken Combo Meal,North Indian,2026-05-11 08:03:21,33,Whitefield,Delivered,4,Satisfied with the delivery speed and quality.,390,DP_186
OD11165,CUST3473,The Golden Dosa,Idli Vada Combo,South Indian,2026-05-14 22:33:15,44,HSR Layout,Delivered,4,Overall great experience. Prompt service.,140,DP_120
OD11166,CUST2814,Spice Symphony,Kadhai Paneer with Roti,North Indian,2026-05-05 20:31:38,48,Malleshwaram,Delivered,3,The food was decent but arrived a bit cold.,330,DP_167
OD11167,CUST2432,Burger Bistro,Loaded Nachos,Fast Food,2026-05-09 22:51:53,38,Indiranagar,Delivered,4,Good taste and neat packaging.,250,DP_126
OD11168,CUST3173,Tandoori Nights,Malai Kofta & Lachha Paratha,North Indian,2026-05-24 12:13:55,51,Koramangala,Delivered,2,Taste was disappointing. Packaging was leaked.,350,DP_103
OD11169,CUST2714,Spice Symphony,Butter Chicken & Naan,North Indian,2026-05-24 20:12:03,72,Whitefield,Delivered,1,Missing items in my order and food was cold. Avoid this place!,400,DP_101
OD11170,CUST2191,Tandoori Nights,Chicken Seekh Kebab,North Indian,2026-05-20 12:13:10,45,Koramangala,Delivered,2,"Too spicy, couldn't eat it. Disappointed.",330,DP_188
OD11171,CUST2110,The Golden Dosa,Filter Coffee & Upma,South Indian,2026-05-09 15:08:58,19,HSR Layout,Delivered,5,"Perfect taste, clean packaging, and polite delivery partner.",130,DP_106
OD11172,CUST3084,Sweet Retreat,Red Velvet Pastry,Desserts,2026-05-15 12:24:21,49,Whitefield,Delivered,2,Delivery took almost an hour. Unhappy.,180,DP_169
OD11173,CUST3067,The Golden Dosa,Idli Vada Combo,South Indian,2026-04-29 13:50:35,49,BTM Layout,Delivered,1,"Terrible experience, food was completely spilled inside the bag.",140,DP_181
OD11174,CUST3362,Burger Bistro,Crispy Chicken Burger,Fast Food,2026-04-27 21:37:12,63,Marathahalli,Delivered,2,The item delivered was incorrect and lukewarm.,250,DP_145
OD11175,CUST3342,Spice Symphony,Paneer Butter Masala Meal,North Indian,2026-05-19 19:52:01,38,Koramangala,Delivered,5,"Extremely satisfied, delivered hot and fresh!",360,DP_130
OD11176,CUST3126,Burger Bistro,Loaded Nachos,Fast Food,2026-05-01 12:01:16,44,Koramangala,Delivered,3,Average food. Nothing special.,260,DP_196
OD11177,CUST2866,The Golden Dosa,Rava Kesari & Dosa Combo,South Indian,2026-05-12 13:10:38,35,Indiranagar,Delivered,3,Average food. Nothing special.,200,DP_157
OD11178,CUST2845,Wok & Roll,Chicken Fried Rice & Manchurian,Chinese & Asian,2026-05-25 10:20:16,26,HSR Layout,Delivered,5,"Perfect taste, clean packaging, and polite delivery partner.",330,DP_188
OD11179,CUST2585,Spice Symphony,Paneer Butter Masala Meal,North Indian,2026-05-26 21:31:36,37,Malleshwaram,Delivered,4,Decent portion size and good taste. Recommended.,340,DP_148
OD11180,CUST3387,Burger Bistro,Spicy Paneer Wrap,Fast Food,2026-05-05 18:06:08,19,Jayanagar,Delivered,5,"Amazing food, super fast delivery!",210,DP_160
OD11181,CUST2243,Cafe Daybreak,Club Sandwich,Continental & Beverages,2026-05-20 20:35:14,46,Koramangala,Delivered,4,"Tasty food, but could be a bit warmer.",230,DP_158
OD11182,CUST2868,Cafe Daybreak,Club Sandwich,Continental & Beverages,2026-05-18 14:06:09,34,Indiranagar,Delivered,4,"Tasty food, but could be a bit warmer.",230,DP_193
OD11183,CUST3042,Spice Symphony,Tandoori Chicken Half,North Indian,2026-05-19 13:05:03,33,Jayanagar,Delivered,5,Best meal ever. Highly recommended!,410,DP_147
OD11184,CUST2359,The Golden Dosa,Idli Vada Combo,South Indian,2026-05-14 21:43:22,44,Malleshwaram,Delivered,3,"Food was okay, but delivery took some time.",150,DP_155
OD11185,CUST2247,Cafe Daybreak,Club Sandwich,Continental & Beverages,2026-05-02 21:58:28,41,Jayanagar,Delivered,2,Taste was disappointing. Packaging was leaked.,240,DP_156
OD11186,CUST2493,Royal Biryani House,Egg Biryani,Biryani & Mughlai,2026-05-09 16:06:19,,Marathahalli,Cancelled,,Item out of stock at restaurant,280,DP_181
OD11187,CUST2052,The Golden Dosa,Masala Dosa with Sambar,South Indian,2026-04-30 21:02:01,40,Jayanagar,Delivered,4,"Tasty food, standard delivery. Satisfactory.",170,DP_175
OD11188,CUST3153,Bella Italia,Garlic Bread with Cheese,Italian,2026-05-19 08:50:11,24,Indiranagar,Delivered,5,"Delivered way before time, packaging was excellent!",180,DP_133
OD11189,CUST2610,Tandoori Nights,Tandoori Roti Combo,North Indian,2026-05-13 23:40:14,24,Koramangala,Delivered,5,Best meal ever. Highly recommended!,410,DP_126
OD11190,CUST2783,Tandoori Nights,Butter Chicken Combo Meal,North Indian,2026-05-09 22:09:13,44,Malleshwaram,Delivered,3,"Food was okay, but delivery took some time.",380,DP_137
OD11191,CUST2661,The Salad Bowl,Quinoa Avocado Salad,Healthy & Salads,2026-05-26 10:39:28,31,Indiranagar,Delivered,5,Best meal ever. Highly recommended!,360,DP_109
OD11192,CUST3353,Royal Biryani House,Chicken Dum Biryani,Biryani & Mughlai,2026-05-23 21:54:10,41,Koramangala,Delivered,2,The item delivered was incorrect and lukewarm.,350,DP_112
OD11193,CUST3353,Bella Italia,Margherita Pizza 10-inch,Italian,2026-05-18 20:39:36,49,Malleshwaram,Delivered,1,Awful experience! Delayed by over an hour and no response.,780,DP_119
OD11194,CUST3101,Cafe Daybreak,Classic Cold Coffee,Continental & Beverages,2026-05-24 08:34:59,27,BTM Layout,Delivered,5,"Extremely satisfied, delivered hot and fresh!",470,DP_134
OD11195,CUST3069,Cafe Daybreak,Iced Latte,Continental & Beverages,2026-05-08 17:00:34,,HSR Layout,Cancelled,,Restaurant could not prepare food in time,210,DP_108
OD11196,CUST2532,Cafe Daybreak,Club Sandwich,Continental & Beverages,2026-04-29 21:11:53,51,Whitefield,Delivered,3,The food was decent but arrived a bit cold.,250,DP_149
OD11197,CUST3369,The Golden Dosa,Idli Vada Combo,South Indian,2026-05-15 13:10:38,55,BTM Layout,Delivered,3,The food was decent but arrived a bit cold.,150,DP_172
OD11198,CUST2978,Spice Symphony,Dal Makhani with Jeera Rice,North Indian,2026-04-30 13:50:05,39,BTM Layout,Delivered,3,The food was decent but arrived a bit cold.,320,DP_115
OD11199,CUST2509,Royal Biryani House,Egg Biryani,Biryani & Mughlai,2026-05-09 14:49:59,46,Malleshwaram,Delivered,4,Decent portion size and good taste. Recommended.,290,DP_175
OD11200,CUST2864,Bella Italia,Garlic Bread with Cheese,Italian,2026-05-26 19:01:17,33,Malleshwaram,Delivered,5,"Delivered way before time, packaging was excellent!",180,DP_166
OD11201,CUST2693,The Golden Dosa,Onion Uttapam,South Indian,2026-05-04 21:26:17,67,HSR Layout,Delivered,1,Unprofessional delivery partner. Very bad experience.,170,DP_101
OD11202,CUST3095,The Salad Bowl,Fresh Fruit Bowl,Healthy & Salads,2026-05-25 17:16:25,27,Malleshwaram,Delivered,4,Good taste and neat packaging.,210,DP_120
OD11203,CUST2871,Spice Symphony,Kadhai Paneer with Roti,North Indian,2026-05-03 23:07:37,70,Whitefield,Delivered,1,Awful experience! Delayed by over an hour and no response.,640,DP_146
OD11204,CUST2835,The Golden Dosa,Idli Vada Combo,South Indian,2026-05-07 12:15:02,30,Jayanagar,Delivered,4,"Tasty food, standard delivery. Satisfactory.",150,DP_142
OD11205,CUST2045,Royal Biryani House,Veg Hyderabadi Biryani,Biryani & Mughlai,2026-05-12 11:07:39,22,Koramangala,Delivered,4,"Tasty food, standard delivery. Satisfactory.",600,DP_155
OD11206,CUST2593,Bella Italia,Margherita Pizza 10-inch,Italian,2026-04-29 18:47:30,25,Koramangala,Delivered,5,"Delivered way before time, packaging was excellent!",430,DP_199
OD11207,CUST3174,Cafe Daybreak,Club Sandwich,Continental & Beverages,2026-05-11 21:09:06,36,Jayanagar,Delivered,3,Average food. Nothing special.,230,DP_111
OD11208,CUST2464,Burger Bistro,Loaded Nachos,Fast Food,2026-05-05 19:39:42,58,Whitefield,Delivered,1,Unprofessional delivery partner. Very bad experience.,270,DP_190
OD11209,CUST3038,The Salad Bowl,Fresh Fruit Bowl,Healthy & Salads,2026-05-15 13:20:51,31,Indiranagar,Delivered,4,Satisfied with the delivery speed and quality.,200,DP_115
OD11210,CUST2740,Wok & Roll,Chilli Chicken Gravy,Chinese & Asian,2026-04-29 18:27:43,28,Indiranagar,Delivered,4,Decent portion size and good taste. Recommended.,580,DP_130
OD11211,CUST2809,Wok & Roll,Chilli Chicken Gravy,Chinese & Asian,2026-05-17 11:32:37,,Jayanagar,Cancelled,,Customer cancelled the order,330,DP_142
OD11212,CUST3228,Spice Symphony,Tandoori Chicken Half,North Indian,2026-05-17 19:19:51,53,HSR Layout,Delivered,3,Packaging could have been better. Average taste.,400,DP_139
OD11213,CUST2769,Bella Italia,Garlic Bread with Cheese,Italian,2026-04-28 14:27:16,42,HSR Layout,Delivered,1,Missing items in my order and food was cold. Avoid this place!,200,DP_102
OD11214,CUST2908,Burger Bistro,Loaded Nachos,Fast Food,2026-05-06 20:14:12,37,Indiranagar,Delivered,4,Satisfied with the delivery speed and quality.,490,DP_155
OD11215,CUST2781,Royal Biryani House,Mutton Biryani,Biryani & Mughlai,2026-04-28 10:40:21,19,Marathahalli,Delivered,4,Satisfied with the delivery speed and quality.,490,DP_130
OD11216,CUST2329,Royal Biryani House,Chicken Dum Biryani,Biryani & Mughlai,2026-05-21 20:27:56,44,Malleshwaram,Delivered,4,Overall great experience. Prompt service.,370,DP_189
OD11217,CUST3256,The Golden Dosa,Onion Uttapam,South Indian,2026-05-19 23:05:23,25,Jayanagar,Delivered,4,Good taste and neat packaging.,150,DP_169
OD11218,CUST2013,Cafe Daybreak,Club Sandwich,Continental & Beverages,2026-05-12 23:08:12,26,Koramangala,Delivered,3,Packaging could have been better. Average taste.,260,DP_123
OD11219,CUST2028,Bella Italia,Farmhouse Veg Pizza,Italian,2026-05-24 12:51:27,44,Koramangala,Delivered,2,"Too spicy, couldn't eat it. Disappointed.",470,DP_119
OD11220,CUST2981,Burger Bistro,Crispy Chicken Burger,Fast Food,2026-05-14 07:35:22,30,HSR Layout,Delivered,5,Outstanding quality! Will definitely order again.,260,DP_148
OD11221,CUST2253,Cafe Daybreak,Iced Latte,Continental & Beverages,2026-05-21 23:17:03,21,Indiranagar,Delivered,5,"Extremely satisfied, delivered hot and fresh!",200,DP_187
OD11222,CUST3336,Sweet Retreat,Gulab Jamun (4 pcs),Desserts,2026-04-29 10:12:09,27,Malleshwaram,Delivered,4,"Tasty food, standard delivery. Satisfactory.",130,DP_137
OD11223,CUST3007,Tandoori Nights,Chicken Seekh Kebab,North Indian,2026-05-04 20:41:41,30,HSR Layout,Delivered,3,Prompt delivery but taste was average.,360,DP_163
OD11224,CUST2778,Royal Biryani House,Chicken Dum Biryani,Biryani & Mughlai,2026-05-17 19:51:54,61,Koramangala,Delivered,1,Awful experience! Delayed by over an hour and no response.,700,DP_178
OD11225,CUST3302,Wok & Roll,Veg Hakka Noodles,Chinese & Asian,2026-05-14 18:09:17,39,Whitefield,Delivered,5,"Amazing food, super fast delivery!",250,DP_143
OD11226,CUST3434,The Golden Dosa,Filter Coffee & Upma,South Indian,2026-05-13 13:57:04,33,BTM Layout,Delivered,3,Portion size was small for the price.,160,DP_145
OD11227,CUST2536,Bella Italia,Farmhouse Veg Pizza,Italian,2026-05-25 14:04:30,49,Whitefield,Delivered,2,The item delivered was incorrect and lukewarm.,450,DP_158
OD11228,CUST3372,Burger Bistro,Crispy Chicken Burger,Fast Food,2026-05-11 22:32:42,46,Jayanagar,Delivered,2,"Not worth the price, portion was very small.",230,DP_169
OD11229,CUST3201,Cafe Daybreak,Classic Cold Coffee,Continental & Beverages,2026-05-07 18:44:08,24,Malleshwaram,Delivered,5,"Extremely satisfied, delivered hot and fresh!",170,DP_114
OD11230,CUST2772,Wok & Roll,Veg Hakka Noodles,Chinese & Asian,2026-05-02 13:57:13,53,Whitefield,Delivered,2,"Too spicy, couldn't eat it. Disappointed.",490,DP_176
OD11231,CUST2231,Cafe Daybreak,Paneer Tikka Sandwich,Continental & Beverages,2026-05-15 12:11:33,40,Indiranagar,Delivered,5,"Amazing food, super fast delivery!",220,DP_192
OD11232,CUST2031,Royal Biryani House,Mutton Biryani,Biryani & Mughlai,2026-05-19 18:29:27,28,BTM Layout,Delivered,4,"Tasty food, standard delivery. Satisfactory.",470,DP_115
OD11233,CUST3223,Cafe Daybreak,Paneer Tikka Sandwich,Continental & Beverages,2026-04-29 21:12:23,47,BTM Layout,Delivered,3,Prompt delivery but taste was average.,210,DP_112
OD11234,CUST2593,Burger Bistro,Crispy Chicken Burger,Fast Food,2026-05-21 07:30:17,36,BTM Layout,Delivered,4,"Tasty food, but could be a bit warmer.",230,DP_197
OD11235,CUST2645,Bella Italia,Farmhouse Veg Pizza,Italian,2026-05-22 09:00:12,47,Indiranagar,Delivered,4,Overall great experience. Prompt service.,880,DP_159
OD11236,CUST2675,Tandoori Nights,Tandoori Roti Combo,North Indian,2026-05-25 20:27:27,36,BTM Layout,Delivered,3,Packaging could have been better. Average taste.,200,DP_155
OD11237,CUST2760,Bella Italia,Margherita Pizza 10-inch,Italian,2026-04-27 21:34:20,,Koramangala,Cancelled,,Item out of stock at restaurant,410,DP_152
OD11238,CUST3212,Bella Italia,Garlic Bread with Cheese,Italian,2026-05-14 20:27:26,51,Whitefield,Delivered,2,Taste was disappointing. Packaging was leaked.,170,DP_138
OD11239,CUST3274,The Salad Bowl,Quinoa Avocado Salad,Healthy & Salads,2026-05-13 13:27:35,47,Koramangala,Delivered,4,Good taste and neat packaging.,370,DP_161
OD11240,CUST2760,Tandoori Nights,Tandoori Roti Combo,North Indian,2026-05-15 17:24:01,26,Whitefield,Delivered,3,Portion size was small for the price.,230,DP_117
OD11241,CUST2931,Cafe Daybreak,Classic Cold Coffee,Continental & Beverages,2026-05-06 22:35:54,51,Indiranagar,Delivered,1,Missing items in my order and food was cold. Avoid this place!,180,DP_198
OD11242,CUST2740,Burger Bistro,Loaded Nachos,Fast Food,2026-05-11 13:05:42,34,HSR Layout,Delivered,4,Good taste and neat packaging.,240,DP_163
OD11243,CUST3110,Cafe Daybreak,Iced Latte,Continental & Beverages,2026-05-10 13:10:09,42,Malleshwaram,Delivered,2,Delivery took almost an hour. Unhappy.,210,DP_143
OD11244,CUST3477,Burger Bistro,Spicy Paneer Wrap,Fast Food,2026-05-08 20:23:31,46,Indiranagar,Delivered,2,"Too spicy, couldn't eat it. Disappointed.",380,DP_141
OD11245,CUST2752,Sweet Retreat,Chocolate Lava Cake,Desserts,2026-04-28 08:25:14,37,Marathahalli,Delivered,4,"Tasty food, but could be a bit warmer.",160,DP_153
OD11246,CUST2279,Bella Italia,Farmhouse Veg Pizza,Italian,2026-05-16 14:46:56,32,Jayanagar,Delivered,3,Prompt delivery but taste was average.,1290,DP_101
OD11247,CUST2375,Royal Biryani House,Veg Hyderabadi Biryani,Biryani & Mughlai,2026-05-10 08:59:34,33,Marathahalli,Delivered,4,Decent portion size and good taste. Recommended.,310,DP_101
OD11248,CUST3314,Spice Symphony,Butter Chicken & Naan,North Indian,2026-05-16 12:29:56,,Koramangala,Cancelled,,Restaurant could not prepare food in time,390,DP_185
OD11249,CUST2646,Royal Biryani House,Egg Biryani,Biryani & Mughlai,2026-05-04 22:55:50,49,Malleshwaram,Delivered,4,Satisfied with the delivery speed and quality.,280,DP_107
OD11250,CUST2146,The Salad Bowl,Fresh Fruit Bowl,Healthy & Salads,2026-05-12 13:44:53,39,Koramangala,Delivered,5,"Extremely satisfied, delivered hot and fresh!",200,DP_165
OD11251,CUST2465,Royal Biryani House,Chicken Tikka Biryani,Biryani & Mughlai,2026-05-15 12:54:26,68,Marathahalli,Delivered,1,Missing items in my order and food was cold. Avoid this place!,410,DP_117
OD11252,CUST2181,Tandoori Nights,Butter Chicken Combo Meal,North Indian,2026-05-06 21:05:13,39,Koramangala,Delivered,4,Decent portion size and good taste. Recommended.,770,DP_105
OD11253,CUST3360,Tandoori Nights,Tandoori Roti Combo,North Indian,2026-05-25 13:56:50,39,Marathahalli,Delivered,3,Packaging could have been better. Average taste.,210,DP_157
OD11254,CUST3086,Spice Symphony,Tandoori Chicken Half,North Indian,2026-05-10 17:37:35,50,Whitefield,Delivered,2,Taste was disappointing. Packaging was leaked.,810,DP_192
OD11255,CUST2622,Royal Biryani House,Veg Hyderabadi Biryani,Biryani & Mughlai,2026-05-22 21:54:19,49,BTM Layout,Delivered,3,Packaging could have been better. Average taste.,610,DP_118
OD11256,CUST2567,Spice Symphony,Tandoori Chicken Half,North Indian,2026-05-08 22:10:13,45,HSR Layout,Delivered,3,Portion size was small for the price.,420,DP_194
OD11257,CUST2220,Spice Symphony,Tandoori Chicken Half,North Indian,2026-05-18 23:06:56,50,Whitefield,Delivered,3,Prompt delivery but taste was average.,420,DP_113
OD11258,CUST2795,The Golden Dosa,Filter Coffee & Upma,South Indian,2026-05-22 13:28:43,46,BTM Layout,Delivered,3,Prompt delivery but taste was average.,350,DP_107
OD11259,CUST2760,Wok & Roll,Schezwan Noodles,Chinese & Asian,2026-04-29 20:00:57,34,Koramangala,Delivered,5,"Delivered way before time, packaging was excellent!",500,DP_186
OD11260,CUST2732,Spice Symphony,Butter Chicken & Naan,North Indian,2026-05-19 21:05:20,46,Koramangala,Delivered,3,The food was decent but arrived a bit cold.,400,DP_144
OD11261,CUST3406,Tandoori Nights,Malai Kofta & Lachha Paratha,North Indian,2026-05-06 07:53:31,29,Koramangala,Delivered,3,Packaging could have been better. Average taste.,370,DP_198
OD11262,CUST3219,Cafe Daybreak,Club Sandwich,Continental & Beverages,2026-05-26 13:48:53,31,Koramangala,Delivered,4,"Tasty food, but could be a bit warmer.",460,DP_107
OD11263,CUST2623,Spice Symphony,Paneer Butter Masala Meal,North Indian,2026-05-08 11:02:56,30,Whitefield,Delivered,4,"Tasty food, standard delivery. Satisfactory.",340,DP_155
OD11264,CUST3257,The Golden Dosa,Idli Vada Combo,South Indian,2026-05-16 21:34:22,65,Marathahalli,Delivered,1,Worst service! Delivered extremely late and completely cold.,340,DP_198
OD11265,CUST2741,The Salad Bowl,Caesar Salad,Healthy & Salads,2026-05-15 22:00:41,,Indiranagar,Cancelled,,Item out of stock at restaurant,290,DP_151
OD11266,CUST2878,Cafe Daybreak,Club Sandwich,Continental & Beverages,2026-05-12 13:49:44,49,Whitefield,Delivered,4,"Tasty food, but could be a bit warmer.",260,DP_162
OD11267,CUST3357,Wok & Roll,Veg Spring Rolls (6 pcs),Chinese & Asian,2026-05-08 21:01:00,51,BTM Layout,Delivered,4,"Tasty food, but could be a bit warmer.",360,DP_163
OD11268,CUST3297,Burger Bistro,Classic Cheese Burger & Fries,Fast Food,2026-05-07 13:57:25,,HSR Layout,Cancelled,,Restaurant could not prepare food in time,270,DP_137
OD11269,CUST2941,Cafe Daybreak,Hot Chocolate,Continental & Beverages,2026-05-18 22:44:49,44,HSR Layout,Delivered,1,Worst service! Delivered extremely late and completely cold.,190,DP_129
OD11270,CUST2032,Spice Symphony,Kadhai Paneer with Roti,North Indian,2026-04-28 14:00:40,34,BTM Layout,Delivered,3,Average food. Nothing special.,360,DP_166
OD11271,CUST2182,The Salad Bowl,Greek Salad,Healthy & Salads,2026-04-27 13:43:21,42,Malleshwaram,Delivered,2,"Too spicy, couldn't eat it. Disappointed.",260,DP_143
OD11272,CUST2180,Royal Biryani House,Chicken Tikka Biryani,Biryani & Mughlai,2026-05-09 07:53:15,42,BTM Layout,Delivered,1,The food tasted stale and horrible! Threw it in the trash.,410,DP_186
OD11273,CUST2938,Burger Bistro,Spicy Paneer Wrap,Fast Food,2026-05-11 21:44:38,36,HSR Layout,Delivered,5,Outstanding quality! Will definitely order again.,200,DP_101
OD11274,CUST2463,Cafe Daybreak,Club Sandwich,Continental & Beverages,2026-05-02 10:50:38,25,HSR Layout,Delivered,3,The food was decent but arrived a bit cold.,260,DP_109
OD11275,CUST2009,Burger Bistro,Loaded Nachos,Fast Food,2026-05-13 17:34:23,29,Marathahalli,Delivered,4,Overall great experience. Prompt service.,240,DP_171
OD11276,CUST3166,Sweet Retreat,Sizzling Brownie,Desserts,2026-05-13 07:03:48,28,Marathahalli,Delivered,3,Prompt delivery but taste was average.,200,DP_131
OD11277,CUST2443,The Golden Dosa,Filter Coffee & Upma,South Indian,2026-05-15 18:11:51,20,Jayanagar,Delivered,3,"Food was okay, but delivery took some time.",360,DP_143
OD11278,CUST2345,Sweet Retreat,Red Velvet Pastry,Desserts,2026-05-16 13:08:40,53,Whitefield,Delivered,3,Packaging could have been better. Average taste.,180,DP_118
OD11279,CUST2571,Wok & Roll,Chicken Fried Rice & Manchurian,Chinese & Asian,2026-05-08 19:45:12,42,Indiranagar,Delivered,2,Food was cold when it arrived.,600,DP_187
OD11280,CUST2568,Royal Biryani House,Mutton Biryani,Biryani & Mughlai,2026-05-12 14:59:08,34,Koramangala,Delivered,4,"Tasty food, but could be a bit warmer.",930,DP_132
OD11281,CUST3031,The Golden Dosa,Onion Uttapam,South Indian,2026-05-09 12:43:52,47,Indiranagar,Delivered,3,Prompt delivery but taste was average.,150,DP_145
OD11282,CUST2197,Tandoori Nights,Butter Chicken Combo Meal,North Indian,2026-05-17 12:38:05,54,BTM Layout,Delivered,1,Worst service! Delivered extremely late and completely cold.,380,DP_188
OD11283,CUST2326,Tandoori Nights,Butter Chicken Combo Meal,North Indian,2026-05-23 22:34:52,48,Jayanagar,Delivered,2,"Too spicy, couldn't eat it. Disappointed.",380,DP_109
OD11284,CUST2243,The Salad Bowl,Greek Salad,Healthy & Salads,2026-05-14 21:53:26,44,BTM Layout,Delivered,2,"Too spicy, couldn't eat it. Disappointed.",250,DP_159
OD11285,CUST2173,Tandoori Nights,Butter Chicken Combo Meal,North Indian,2026-05-06 19:49:48,35,Jayanagar,Delivered,4,"Tasty food, but could be a bit warmer.",760,DP_139
OD11286,CUST3403,Bella Italia,Garlic Bread with Cheese,Italian,2026-05-08 01:41:38,32,BTM Layout,Delivered,5,Outstanding quality! Will definitely order again.,180,DP_122
OD11287,CUST2889,The Golden Dosa,Masala Dosa with Sambar,South Indian,2026-05-22 15:08:58,40,Marathahalli,Delivered,5,"Perfect taste, clean packaging, and polite delivery partner.",150,DP_184
OD11288,CUST3055,Cafe Daybreak,Club Sandwich,Continental & Beverages,2026-05-16 22:39:06,65,BTM Layout,Delivered,1,Awful experience! Delayed by over an hour and no response.,260,DP_119
OD11289,CUST3231,Tandoori Nights,Tandoori Roti Combo,North Indian,2026-05-22 13:08:46,31,Jayanagar,Delivered,5,Outstanding quality! Will definitely order again.,210,DP_159
OD11290,CUST2534,Wok & Roll,Veg Hakka Noodles,Chinese & Asian,2026-05-19 21:54:42,52,Malleshwaram,Delivered,3,Packaging could have been better. Average taste.,470,DP_152
OD11291,CUST3491,The Salad Bowl,Fresh Fruit Bowl,Healthy & Salads,2026-05-11 15:45:57,35,Jayanagar,Delivered,3,Portion size was small for the price.,230,DP_193
OD11292,CUST2409,Burger Bistro,Crispy Chicken Burger,Fast Food,2026-05-05 15:59:46,,BTM Layout,Cancelled,,Delivery address was outside the delivery radius,260,DP_109
OD11293,CUST2428,Bella Italia,Chicken Alfredo Pasta,Italian,2026-04-27 19:58:00,50,Marathahalli,Delivered,3,Packaging could have been better. Average taste.,400,DP_180
OD11294,CUST3221,Royal Biryani House,Veg Hyderabadi Biryani,Biryani & Mughlai,2026-05-09 13:28:11,40,Koramangala,Delivered,4,"Tasty food, standard delivery. Satisfactory.",320,DP_131
OD11295,CUST3206,The Golden Dosa,Rava Kesari & Dosa Combo,South Indian,2026-05-06 07:42:16,51,Whitefield,Delivered,1,Worst service! Delivered extremely late and completely cold.,170,DP_132
OD11296,CUST2617,Burger Bistro,Spicy Paneer Wrap,Fast Food,2026-05-10 12:49:29,50,Whitefield,Delivered,2,Food was cold when it arrived.,200,DP_114
OD11297,CUST3016,Cafe Daybreak,Hot Chocolate,Continental & Beverages,2026-04-29 14:35:28,35,Koramangala,Delivered,4,"Tasty food, standard delivery. Satisfactory.",370,DP_172
OD11298,CUST2573,Royal Biryani House,Egg Biryani,Biryani & Mughlai,2026-05-24 20:56:43,41,Malleshwaram,Delivered,3,The food was decent but arrived a bit cold.,570,DP_107
OD11299,CUST3386,Spice Symphony,Kadhai Paneer with Roti,North Indian,2026-05-23 12:57:28,40,Malleshwaram,Delivered,4,"Tasty food, but could be a bit warmer.",350,DP_158
OD11300,CUST2959,Spice Symphony,Butter Chicken & Naan,North Indian,2026-04-28 22:40:44,74,Marathahalli,Delivered,2,Delivery took almost an hour. Unhappy.,370,DP_120
OD11301,CUST2667,Cafe Daybreak,Club Sandwich,Continental & Beverages,2026-05-18 12:08:04,33,Jayanagar,Delivered,3,Average food. Nothing special.,240,DP_124
OD11302,CUST2872,Spice Symphony,Kadhai Paneer with Roti,North Indian,2026-05-03 20:33:51,38,Koramangala,Delivered,4,Overall great experience. Prompt service.,330,DP_164
OD11303,CUST2719,Royal Biryani House,Chicken Tikka Biryani,Biryani & Mughlai,2026-04-27 19:11:36,39,Malleshwaram,Delivered,2,Delivery took almost an hour. Unhappy.,390,DP_132
OD11304,CUST3351,Wok & Roll,Chicken Fried Rice & Manchurian,Chinese & Asian,2026-05-21 21:14:44,62,Whitefield,Delivered,1,Missing items in my order and food was cold. Avoid this place!,320,DP_167
OD11305,CUST3416,Wok & Roll,Schezwan Noodles,Chinese & Asian,2026-04-29 18:02:30,17,BTM Layout,Delivered,5,"Delivered way before time, packaging was excellent!",260,DP_112
OD11306,CUST2384,The Salad Bowl,Fresh Fruit Bowl,Healthy & Salads,2026-05-22 12:54:12,39,BTM Layout,Delivered,4,Overall great experience. Prompt service.,200,DP_105
OD11307,CUST3321,Cafe Daybreak,Iced Latte,Continental & Beverages,2026-05-24 18:50:53,39,BTM Layout,Delivered,5,Best meal ever. Highly recommended!,350,DP_191
OD11308,CUST2980,Wok & Roll,Schezwan Noodles,Chinese & Asian,2026-05-03 23:13:44,21,HSR Layout,Delivered,4,Overall great experience. Prompt service.,270,DP_119
OD11309,CUST2520,Royal Biryani House,Veg Hyderabadi Biryani,Biryani & Mughlai,2026-05-18 23:40:55,37,HSR Layout,Delivered,4,Satisfied with the delivery speed and quality.,310,DP_123
OD11310,CUST2375,Tandoori Nights,Malai Kofta & Lachha Paratha,North Indian,2026-05-04 21:40:50,38,Malleshwaram,Delivered,5,Best meal ever. Highly recommended!,350,DP_132
OD11311,CUST3401,Sweet Retreat,Gulab Jamun (4 pcs),Desserts,2026-05-18 13:54:35,27,Jayanagar,Delivered,3,Average food. Nothing special.,130,DP_199
OD11312,CUST2451,The Salad Bowl,Quinoa Avocado Salad,Healthy & Salads,2026-05-06 20:14:36,38,Malleshwaram,Delivered,4,Satisfied with the delivery speed and quality.,340,DP_185
OD11313,CUST2093,Burger Bistro,Spicy Paneer Wrap,Fast Food,2026-05-26 19:04:23,46,Koramangala,Delivered,2,The item delivered was incorrect and lukewarm.,200,DP_155
OD11314,CUST2701,Burger Bistro,Chicken Nuggets (9 pcs),Fast Food,2026-05-09 19:13:37,71,Marathahalli,Delivered,2,Food was cold when it arrived.,210,DP_158
OD11315,CUST2281,Spice Symphony,Dal Makhani with Jeera Rice,North Indian,2026-04-29 19:41:31,52,Koramangala,Delivered,3,"Food was okay, but delivery took some time.",310,DP_118
OD11316,CUST3171,Wok & Roll,Chilli Chicken Gravy,Chinese & Asian,2026-05-15 19:25:02,39,Malleshwaram,Delivered,4,Good taste and neat packaging.,610,DP_128
OD11317,CUST3233,Royal Biryani House,Mutton Biryani,Biryani & Mughlai,2026-04-27 17:21:44,23,Malleshwaram,Delivered,5,"Perfect taste, clean packaging, and polite delivery partner.",500,DP_184
OD11318,CUST2426,Tandoori Nights,Malai Kofta & Lachha Paratha,North Indian,2026-05-09 14:12:01,41,Marathahalli,Delivered,4,Good taste and neat packaging.,350,DP_124
OD11319,CUST2721,Spice Symphony,Dal Makhani with Jeera Rice,North Indian,2026-05-06 19:29:51,25,Jayanagar,Delivered,4,Decent portion size and good taste. Recommended.,330,DP_162
OD11320,CUST2951,The Salad Bowl,High-Protein Chicken Salad,Healthy & Salads,2026-05-06 19:37:28,34,Jayanagar,Delivered,5,"Perfect taste, clean packaging, and polite delivery partner.",340,DP_112
OD11321,CUST2070,Bella Italia,Veg Arrabiata Penne Pasta,Italian,2026-05-07 20:30:12,64,Indiranagar,Delivered,1,"Terrible experience, food was completely spilled inside the bag.",360,DP_176
OD11322,CUST2382,Sweet Retreat,Sizzling Brownie,Desserts,2026-05-19 14:20:13,40,Indiranagar,Delivered,5,"Extremely satisfied, delivered hot and fresh!",220,DP_189
OD11323,CUST2226,Royal Biryani House,Chicken Tikka Biryani,Biryani & Mughlai,2026-05-10 13:05:54,53,Marathahalli,Delivered,3,The food was decent but arrived a bit cold.,410,DP_179
OD11324,CUST2891,Wok & Roll,Schezwan Noodles,Chinese & Asian,2026-05-26 13:14:19,37,Jayanagar,Delivered,4,Decent portion size and good taste. Recommended.,730,DP_110
OD11325,CUST3207,Wok & Roll,Veg Spring Rolls (6 pcs),Chinese & Asian,2026-05-11 13:36:56,25,Jayanagar,Delivered,4,"Tasty food, standard delivery. Satisfactory.",200,DP_153
OD11326,CUST3433,Cafe Daybreak,Iced Latte,Continental & Beverages,2026-05-13 16:38:46,38,Malleshwaram,Delivered,4,Decent portion size and good taste. Recommended.,180,DP_193
OD11327,CUST3316,Cafe Daybreak,Classic Cold Coffee,Continental & Beverages,2026-05-02 10:00:57,20,Malleshwaram,Delivered,5,"Amazing food, super fast delivery!",340,DP_117
OD11328,CUST2981,Burger Bistro,Spicy Paneer Wrap,Fast Food,2026-05-17 20:26:23,75,Marathahalli,Delivered,2,"Too spicy, couldn't eat it. Disappointed.",400,DP_161
OD11329,CUST2021,Spice Symphony,Dal Makhani with Jeera Rice,North Indian,2026-05-09 22:09:46,58,Whitefield,Delivered,1,Worst service! Delivered extremely late and completely cold.,330,DP_173
OD11330,CUST2280,The Golden Dosa,Idli Vada Combo,South Indian,2026-05-09 21:33:45,56,BTM Layout,Delivered,1,Worst service! Delivered extremely late and completely cold.,150,DP_125
OD11331,CUST3138,The Salad Bowl,Caesar Salad,Healthy & Salads,2026-05-05 20:35:19,60,Whitefield,Delivered,1,Worst service! Delivered extremely late and completely cold.,510,DP_134
OD11332,CUST2457,Cafe Daybreak,Classic Cold Coffee,Continental & Beverages,2026-05-02 12:26:10,47,HSR Layout,Delivered,3,Portion size was small for the price.,180,DP_105
OD11333,CUST2833,Wok & Roll,Veg Hakka Noodles,Chinese & Asian,2026-05-19 19:32:47,46,BTM Layout,Delivered,2,The item delivered was incorrect and lukewarm.,250,DP_170
OD11334,CUST2643,Royal Biryani House,Chicken Tikka Biryani,Biryani & Mughlai,2026-04-28 12:51:41,44,Koramangala,Delivered,3,Packaging could have been better. Average taste.,770,DP_183
OD11335,CUST2540,Wok & Roll,Veg Hakka Noodles,Chinese & Asian,2026-05-04 19:50:53,46,Marathahalli,Delivered,2,Delivery took almost an hour. Unhappy.,260,DP_107
OD11336,CUST2865,The Salad Bowl,High-Protein Chicken Salad,Healthy & Salads,2026-05-21 21:10:12,51,Whitefield,Delivered,3,"Food was okay, but delivery took some time.",330,DP_118
OD11337,CUST2034,Royal Biryani House,Veg Hyderabadi Biryani,Biryani & Mughlai,2026-05-25 01:01:14,29,Whitefield,Delivered,5,"Perfect taste, clean packaging, and polite delivery partner.",300,DP_133
OD11338,CUST2252,The Salad Bowl,Greek Salad,Healthy & Salads,2026-05-10 11:30:39,46,Marathahalli,Delivered,2,"Too spicy, couldn't eat it. Disappointed.",250,DP_197
OD11339,CUST2570,Burger Bistro,Crispy Chicken Burger,Fast Food,2026-05-20 19:49:16,30,Malleshwaram,Delivered,4,"Tasty food, but could be a bit warmer.",240,DP_122
OD11340,CUST2096,Royal Biryani House,Chicken Tikka Biryani,Biryani & Mughlai,2026-05-22 19:47:51,41,Indiranagar,Delivered,4,Good taste and neat packaging.,380,DP_112
OD11341,CUST2765,Spice Symphony,Tandoori Chicken Half,North Indian,2026-05-05 20:34:29,51,Koramangala,Delivered,3,Portion size was small for the price.,810,DP_161
OD11342,CUST2848,The Golden Dosa,Filter Coffee & Upma,South Indian,2026-04-28 15:40:34,53,Whitefield,Delivered,3,The food was decent but arrived a bit cold.,140,DP_169
OD11343,CUST2961,Royal Biryani House,Veg Hyderabadi Biryani,Biryani & Mughlai,2026-05-07 19:51:37,53,Marathahalli,Delivered,3,Prompt delivery but taste was average.,300,DP_150
OD11344,CUST3485,Royal Biryani House,Mutton Biryani,Biryani & Mughlai,2026-05-21 22:50:11,53,Koramangala,Delivered,4,Satisfied with the delivery speed and quality.,480,DP_117
OD11345,CUST3052,Spice Symphony,Paneer Butter Masala Meal,North Indian,2026-05-20 19:42:58,49,Koramangala,Delivered,3,The food was decent but arrived a bit cold.,370,DP_159
OD11346,CUST2074,Wok & Roll,Veg Spring Rolls (6 pcs),Chinese & Asian,2026-05-16 19:44:22,45,HSR Layout,Delivered,3,Packaging could have been better. Average taste.,180,DP_177
OD11347,CUST2795,Bella Italia,Chicken Alfredo Pasta,Italian,2026-04-27 14:18:09,32,HSR Layout,Delivered,5,"Extremely satisfied, delivered hot and fresh!",410,DP_115
OD11348,CUST3211,The Salad Bowl,Quinoa Avocado Salad,Healthy & Salads,2026-05-23 12:18:18,40,Jayanagar,Delivered,4,Decent portion size and good taste. Recommended.,660,DP_157
OD11349,CUST3228,Tandoori Nights,Malai Kofta & Lachha Paratha,North Indian,2026-05-02 01:23:39,35,BTM Layout,Delivered,4,Overall great experience. Prompt service.,380,DP_199
OD11350,CUST2389,Sweet Retreat,Sizzling Brownie,Desserts,2026-05-17 20:10:56,50,Marathahalli,Delivered,3,Portion size was small for the price.,210,DP_154
OD11351,CUST2350,Royal Biryani House,Veg Hyderabadi Biryani,Biryani & Mughlai,2026-05-25 15:34:05,17,HSR Layout,Delivered,5,"Perfect taste, clean packaging, and polite delivery partner.",300,DP_178
OD11352,CUST2323,Royal Biryani House,Chicken Tikka Biryani,Biryani & Mughlai,2026-05-24 22:49:26,64,Whitefield,Delivered,1,"Terrible experience, food was completely spilled inside the bag.",380,DP_106
OD11353,CUST2824,Wok & Roll,Chilli Chicken Gravy,Chinese & Asian,2026-05-02 21:46:18,45,HSR Layout,Delivered,3,Prompt delivery but taste was average.,310,DP_106
OD11354,CUST2056,Cafe Daybreak,Hot Chocolate,Continental & Beverages,2026-05-04 20:48:54,40,Indiranagar,Delivered,3,The food was decent but arrived a bit cold.,200,DP_106
OD11355,CUST2322,The Golden Dosa,Masala Dosa with Sambar,South Indian,2026-05-23 12:04:23,39,Jayanagar,Delivered,3,Prompt delivery but taste was average.,150,DP_166
OD11356,CUST2855,Cafe Daybreak,Paneer Tikka Sandwich,Continental & Beverages,2026-04-30 20:07:33,55,Marathahalli,Delivered,3,Portion size was small for the price.,610,DP_134
OD11357,CUST2274,Spice Symphony,Butter Chicken & Naan,North Indian,2026-05-13 21:31:28,45,Malleshwaram,Delivered,2,"Not worth the price, portion was very small.",380,DP_132
OD11358,CUST3307,The Salad Bowl,High-Protein Chicken Salad,Healthy & Salads,2026-05-21 20:38:27,43,HSR Layout,Delivered,2,The item delivered was incorrect and lukewarm.,630,DP_128
OD11359,CUST2894,Royal Biryani House,Mutton Biryani,Biryani & Mughlai,2026-05-19 08:18:10,21,Jayanagar,Delivered,5,"Perfect taste, clean packaging, and polite delivery partner.",480,DP_169
OD11360,CUST2995,Cafe Daybreak,Classic Cold Coffee,Continental & Beverages,2026-05-24 19:09:52,59,BTM Layout,Delivered,1,Awful experience! Delayed by over an hour and no response.,170,DP_176
OD11361,CUST2330,Cafe Daybreak,Iced Latte,Continental & Beverages,2026-05-25 16:26:01,15,HSR Layout,Delivered,5,Outstanding quality! Will definitely order again.,180,DP_191
OD11362,CUST2331,Cafe Daybreak,Hot Chocolate,Continental & Beverages,2026-04-30 00:40:02,24,Marathahalli,Delivered,5,Outstanding quality! Will definitely order again.,220,DP_123
OD11363,CUST3127,Spice Symphony,Dal Makhani with Jeera Rice,North Indian,2026-05-23 21:10:42,49,Indiranagar,Delivered,3,Packaging could have been better. Average taste.,310,DP_108
OD11364,CUST2500,Wok & Roll,Chicken Fried Rice & Manchurian,Chinese & Asian,2026-05-13 19:24:43,65,Whitefield,Delivered,1,"Terrible experience, food was completely spilled inside the bag.",610,DP_128
OD11365,CUST2689,The Golden Dosa,Filter Coffee & Upma,South Indian,2026-05-11 10:27:35,15,Jayanagar,Delivered,5,Outstanding quality! Will definitely order again.,270,DP_200
OD11366,CUST3360,Cafe Daybreak,Iced Latte,Continental & Beverages,2026-05-01 10:34:54,44,Whitefield,Delivered,2,Food was cold when it arrived.,190,DP_145
OD11367,CUST3083,Sweet Retreat,Gulab Jamun (4 pcs),Desserts,2026-05-25 18:24:06,27,Indiranagar,Delivered,4,Decent portion size and good taste. Recommended.,120,DP_155
OD11368,CUST2343,Spice Symphony,Kadhai Paneer with Roti,North Indian,2026-04-29 19:29:38,45,Malleshwaram,Delivered,2,Delivery took almost an hour. Unhappy.,350,DP_153
OD11369,CUST3216,The Salad Bowl,Fresh Fruit Bowl,Healthy & Salads,2026-05-06 14:31:11,43,Indiranagar,Delivered,3,The food was decent but arrived a bit cold.,390,DP_192
OD11370,CUST2818,Cafe Daybreak,Paneer Tikka Sandwich,Continental & Beverages,2026-04-30 11:28:13,21,Jayanagar,Delivered,4,"Tasty food, but could be a bit warmer.",230,DP_179
OD11371,CUST2704,Burger Bistro,Crispy Chicken Burger,Fast Food,2026-04-27 20:47:19,51,HSR Layout,Delivered,3,Packaging could have been better. Average taste.,260,DP_175
OD11372,CUST2293,Tandoori Nights,Tandoori Roti Combo,North Indian,2026-05-11 19:25:31,40,Indiranagar,Delivered,4,"Tasty food, standard delivery. Satisfactory.",220,DP_172
OD11373,CUST3393,Sweet Retreat,Gulab Jamun (4 pcs),Desserts,2026-04-29 22:12:51,38,Jayanagar,Delivered,3,Prompt delivery but taste was average.,140,DP_115
OD11374,CUST3291,Burger Bistro,Crispy Chicken Burger,Fast Food,2026-05-06 20:34:01,,Jayanagar,Cancelled,,Customer cancelled the order,230,DP_138
OD11375,CUST2021,Tandoori Nights,Paneer Tikka,North Indian,2026-05-07 22:07:53,55,Indiranagar,Delivered,4,Satisfied with the delivery speed and quality.,330,DP_121
OD11376,CUST2594,Cafe Daybreak,Classic Cold Coffee,Continental & Beverages,2026-05-02 13:53:16,39,Marathahalli,Delivered,4,Decent portion size and good taste. Recommended.,320,DP_167
OD11377,CUST2390,Spice Symphony,Dal Makhani with Jeera Rice,North Indian,2026-05-20 18:53:54,22,Koramangala,Delivered,4,Good taste and neat packaging.,310,DP_171
OD11378,CUST2306,Sweet Retreat,Gulab Jamun (4 pcs),Desserts,2026-04-28 20:46:24,51,BTM Layout,Delivered,3,Portion size was small for the price.,220,DP_114
OD11379,CUST2794,Bella Italia,Margherita Pizza 10-inch,Italian,2026-05-14 20:57:18,41,BTM Layout,Delivered,3,The food was decent but arrived a bit cold.,410,DP_158
OD11380,CUST2040,The Golden Dosa,Filter Coffee & Upma,South Indian,2026-05-22 07:07:40,33,Whitefield,Delivered,5,"Extremely satisfied, delivered hot and fresh!",160,DP_155
OD11381,CUST2621,Bella Italia,Chicken Alfredo Pasta,Italian,2026-05-05 20:27:35,49,BTM Layout,Delivered,3,"Food was okay, but delivery took some time.",380,DP_148
OD11382,CUST2240,Burger Bistro,Spicy Paneer Wrap,Fast Food,2026-05-01 13:27:49,44,HSR Layout,Delivered,3,"Food was okay, but delivery took some time.",230,DP_124
OD11383,CUST3301,Bella Italia,Farmhouse Veg Pizza,Italian,2026-05-12 21:19:34,41,Jayanagar,Delivered,3,Packaging could have been better. Average taste.,460,DP_188
OD11384,CUST2669,Royal Biryani House,Chicken Dum Biryani,Biryani & Mughlai,2026-05-07 01:53:05,26,HSR Layout,Delivered,5,Outstanding quality! Will definitely order again.,690,DP_137
OD11385,CUST3437,Tandoori Nights,Chicken Seekh Kebab,North Indian,2026-05-18 12:05:59,46,Koramangala,Delivered,2,"Too spicy, couldn't eat it. Disappointed.",340,DP_192
OD11386,CUST3298,Sweet Retreat,Sizzling Brownie,Desserts,2026-05-14 20:39:22,54,Marathahalli,Delivered,3,Prompt delivery but taste was average.,220,DP_192
OD11387,CUST3370,Bella Italia,Chicken Alfredo Pasta,Italian,2026-05-24 13:25:07,50,Marathahalli,Delivered,3,Average food. Nothing special.,400,DP_163
OD11388,CUST3084,Spice Symphony,Dal Makhani with Jeera Rice,North Indian,2026-05-11 13:30:14,46,Marathahalli,Delivered,3,Prompt delivery but taste was average.,300,DP_182
OD11389,CUST3499,Bella Italia,Margherita Pizza 10-inch,Italian,2026-05-15 13:51:36,37,Malleshwaram,Delivered,5,"Delivered way before time, packaging was excellent!",810,DP_126
OD11390,CUST3095,Spice Symphony,Paneer Butter Masala Meal,North Indian,2026-05-24 20:44:12,68,Whitefield,Delivered,2,"Not worth the price, portion was very small.",350,DP_183
OD11391,CUST3037,Cafe Daybreak,Iced Latte,Continental & Beverages,2026-05-02 18:30:12,37,Indiranagar,Delivered,4,Overall great experience. Prompt service.,340,DP_137
OD11392,CUST2372,The Golden Dosa,Onion Uttapam,South Indian,2026-05-18 12:20:46,49,Whitefield,Delivered,2,Food was cold when it arrived.,180,DP_162
OD11393,CUST2730,The Salad Bowl,Greek Salad,Healthy & Salads,2026-05-12 09:30:28,33,BTM Layout,Delivered,4,Good taste and neat packaging.,270,DP_121
OD11394,CUST2636,Wok & Roll,Chicken Fried Rice & Manchurian,Chinese & Asian,2026-05-15 13:24:40,35,BTM Layout,Delivered,5,"Delivered way before time, packaging was excellent!",610,DP_134
OD11395,CUST3220,Cafe Daybreak,Hot Chocolate,Continental & Beverages,2026-05-04 21:43:45,37,Marathahalli,Delivered,4,Decent portion size and good taste. Recommended.,190,DP_121
OD11396,CUST2595,Bella Italia,Chicken Alfredo Pasta,Italian,2026-05-13 20:19:39,39,Malleshwaram,Delivered,3,Portion size was small for the price.,410,DP_175
OD11397,CUST3005,Burger Bistro,Loaded Nachos,Fast Food,2026-05-20 10:37:03,16,HSR Layout,Delivered,5,"Perfect taste, clean packaging, and polite delivery partner.",250,DP_119
OD11398,CUST3104,Tandoori Nights,Chicken Seekh Kebab,North Indian,2026-05-03 19:58:55,47,Malleshwaram,Delivered,2,Delivery took almost an hour. Unhappy.,660,DP_111
OD11399,CUST2674,The Golden Dosa,Rava Kesari & Dosa Combo,South Indian,2026-05-21 21:33:25,35,Koramangala,Delivered,5,"Delivered way before time, packaging was excellent!",180,DP_111
OD11400,CUST2700,The Salad Bowl,Fresh Fruit Bowl,Healthy & Salads,2026-05-16 23:31:53,36,Koramangala,Delivered,5,"Delivered way before time, packaging was excellent!",200,DP_136
OD11401,CUST3345,Tandoori Nights,Paneer Tikka,North Indian,2026-04-28 14:09:35,40,BTM Layout,Delivered,4,Good taste and neat packaging.,610,DP_155
OD11402,CUST3287,Burger Bistro,Loaded Nachos,Fast Food,2026-05-11 22:00:49,50,Marathahalli,Delivered,2,Food was cold when it arrived.,240,DP_125
OD11403,CUST2250,Tandoori Nights,Paneer Tikka,North Indian,2026-05-24 19:54:36,47,Malleshwaram,Delivered,3,Packaging could have been better. Average taste.,300,DP_140
OD11404,CUST2087,Tandoori Nights,Chicken Seekh Kebab,North Indian,2026-05-22 10:32:45,29,Koramangala,Delivered,5,Outstanding quality! Will definitely order again.,350,DP_106
OD11405,CUST3464,Sweet Retreat,Red Velvet Pastry,Desserts,2026-05-22 20:31:13,51,BTM Layout,Delivered,2,Taste was disappointing. Packaging was leaked.,190,DP_197
OD11406,CUST3476,Tandoori Nights,Tandoori Roti Combo,North Indian,2026-05-22 19:45:00,54,Marathahalli,Delivered,1,Missing items in my order and food was cold. Avoid this place!,210,DP_170
OD11407,CUST3364,Wok & Roll,Veg Hakka Noodles,Chinese & Asian,2026-05-04 19:36:11,52,Marathahalli,Delivered,3,Packaging could have been better. Average taste.,270,DP_145
OD11408,CUST3391,Tandoori Nights,Chicken Seekh Kebab,North Indian,2026-05-02 17:54:10,39,BTM Layout,Delivered,5,Outstanding quality! Will definitely order again.,340,DP_199
OD11409,CUST2605,Royal Biryani House,Chicken Tikka Biryani,Biryani & Mughlai,2026-05-23 20:26:04,51,Indiranagar,Delivered,3,Prompt delivery but taste was average.,400,DP_114
OD11410,CUST3301,Bella Italia,Farmhouse Veg Pizza,Italian,2026-04-30 07:42:35,,Indiranagar,Cancelled,,Delivery address was outside the delivery radius,860,DP_118
OD11411,CUST2439,Spice Symphony,Dal Makhani with Jeera Rice,North Indian,2026-05-01 22:32:55,52,Koramangala,Delivered,2,Taste was disappointing. Packaging was leaked.,330,DP_134
OD11412,CUST2471,Tandoori Nights,Malai Kofta & Lachha Paratha,North Indian,2026-05-15 20:26:31,58,BTM Layout,Delivered,2,Taste was disappointing. Packaging was leaked.,350,DP_134
OD11413,CUST2570,Tandoori Nights,Butter Chicken Combo Meal,North Indian,2026-05-21 22:07:54,62,Whitefield,Delivered,1,Missing items in my order and food was cold. Avoid this place!,400,DP_199
OD11414,CUST2253,Sweet Retreat,Gulab Jamun (4 pcs),Desserts,2026-05-10 21:35:07,44,Koramangala,Delivered,1,"Terrible experience, food was completely spilled inside the bag.",220,DP_197
OD11415,CUST3032,Cafe Daybreak,Club Sandwich,Continental & Beverages,2026-05-11 19:22:32,46,Whitefield,Delivered,2,"Not worth the price, portion was very small.",240,DP_194
OD11416,CUST2029,Bella Italia,Margherita Pizza 10-inch,Italian,2026-05-16 21:22:12,48,BTM Layout,Delivered,3,"Food was okay, but delivery took some time.",400,DP_103
OD11417,CUST2081,Bella Italia,Margherita Pizza 10-inch,Italian,2026-05-04 21:39:02,46,Marathahalli,Delivered,2,Food was cold when it arrived.,410,DP_158
OD11418,CUST2041,Spice Symphony,Tandoori Chicken Half,North Indian,2026-05-03 12:23:49,51,Whitefield,Delivered,2,Delivery took almost an hour. Unhappy.,420,DP_171
OD11419,CUST2203,Royal Biryani House,Mutton Biryani,Biryani & Mughlai,2026-05-20 20:30:09,56,BTM Layout,Delivered,2,Delivery took almost an hour. Unhappy.,500,DP_133
OD11420,CUST2161,Sweet Retreat,Gulab Jamun (4 pcs),Desserts,2026-05-05 21:44:41,47,Whitefield,Delivered,2,Food was cold when it arrived.,130,DP_123
OD11421,CUST2073,Wok & Roll,Schezwan Noodles,Chinese & Asian,2026-05-09 12:30:00,43,HSR Layout,Delivered,1,Worst service! Delivered extremely late and completely cold.,280,DP_170
OD11422,CUST2066,Tandoori Nights,Malai Kofta & Lachha Paratha,North Indian,2026-05-22 16:08:04,31,Marathahalli,Delivered,4,Decent portion size and good taste. Recommended.,360,DP_126
OD11423,CUST2642,Spice Symphony,Butter Chicken & Naan,North Indian,2026-05-22 19:00:01,47,Malleshwaram,Delivered,2,The item delivered was incorrect and lukewarm.,380,DP_128
OD11424,CUST2925,Royal Biryani House,Mutton Biryani,Biryani & Mughlai,2026-05-09 19:47:32,53,Malleshwaram,Delivered,4,Overall great experience. Prompt service.,480,DP_110
OD11425,CUST2648,Bella Italia,Farmhouse Veg Pizza,Italian,2026-05-02 19:04:30,41,Indiranagar,Delivered,1,The food tasted stale and horrible! Threw it in the trash.,470,DP_159
OD11426,CUST2462,Bella Italia,Veg Arrabiata Penne Pasta,Italian,2026-05-01 09:25:00,34,HSR Layout,Delivered,5,"Amazing food, super fast delivery!",650,DP_144
OD11427,CUST2291,Spice Symphony,Kadhai Paneer with Roti,North Indian,2026-05-12 21:24:39,39,Indiranagar,Delivered,4,Overall great experience. Prompt service.,360,DP_127
OD11428,CUST2194,Wok & Roll,Chicken Fried Rice & Manchurian,Chinese & Asian,2026-05-16 21:46:35,46,Indiranagar,Delivered,3,Prompt delivery but taste was average.,310,DP_187
OD11429,CUST2719,The Golden Dosa,Onion Uttapam,South Indian,2026-05-18 10:59:34,29,Koramangala,Delivered,3,The food was decent but arrived a bit cold.,150,DP_122
OD11430,CUST2585,Tandoori Nights,Butter Chicken Combo Meal,North Indian,2026-05-10 20:58:32,75,BTM Layout,Delivered,1,"Terrible experience, food was completely spilled inside the bag.",760,DP_117
OD11431,CUST3077,Bella Italia,Veg Arrabiata Penne Pasta,Italian,2026-05-04 17:42:35,17,Koramangala,Delivered,5,"Delivered way before time, packaging was excellent!",330,DP_173
OD11432,CUST3162,Royal Biryani House,Chicken Dum Biryani,Biryani & Mughlai,2026-05-15 20:48:33,78,Whitefield,Delivered,1,The food tasted stale and horrible! Threw it in the trash.,350,DP_151
OD11433,CUST2571,Cafe Daybreak,Hot Chocolate,Continental & Beverages,2026-04-28 18:07:14,21,BTM Layout,Delivered,5,"Amazing food, super fast delivery!",210,DP_141
OD11434,CUST2345,The Golden Dosa,Idli Vada Combo,South Indian,2026-05-20 12:00:22,37,Marathahalli,Delivered,5,"Delivered way before time, packaging was excellent!",150,DP_101
OD11435,CUST3063,The Salad Bowl,Quinoa Avocado Salad,Healthy & Salads,2026-05-15 10:00:00,25,Koramangala,Delivered,5,"Delivered way before time, packaging was excellent!",370,DP_116
OD11436,CUST2190,The Salad Bowl,Fresh Fruit Bowl,Healthy & Salads,2026-05-01 20:12:59,64,Malleshwaram,Delivered,1,Missing items in my order and food was cold. Avoid this place!,210,DP_195
OD11437,CUST2019,Cafe Daybreak,Hot Chocolate,Continental & Beverages,2026-05-24 21:27:30,31,Jayanagar,Delivered,4,Decent portion size and good taste. Recommended.,190,DP_150
OD11438,CUST3055,Bella Italia,Chicken Alfredo Pasta,Italian,2026-05-20 21:28:05,36,Koramangala,Delivered,4,"Tasty food, standard delivery. Satisfactory.",380,DP_167
OD11439,CUST2757,Bella Italia,Veg Arrabiata Penne Pasta,Italian,2026-04-27 12:16:51,31,Indiranagar,Delivered,5,Best meal ever. Highly recommended!,350,DP_109
OD11440,CUST2842,Spice Symphony,Tandoori Chicken Half,North Indian,2026-05-25 20:55:25,33,BTM Layout,Delivered,4,Overall great experience. Prompt service.,420,DP_157
OD11441,CUST3319,Spice Symphony,Paneer Butter Masala Meal,North Indian,2026-05-01 21:41:14,46,Malleshwaram,Delivered,1,The food tasted stale and horrible! Threw it in the trash.,340,DP_177
OD11442,CUST2069,Cafe Daybreak,Hot Chocolate,Continental & Beverages,2026-05-19 14:08:29,50,Whitefield,Delivered,3,"Food was okay, but delivery took some time.",190,DP_146
OD11443,CUST2706,Sweet Retreat,Chocolate Lava Cake,Desserts,2026-04-30 23:35:08,29,Marathahalli,Delivered,4,Good taste and neat packaging.,160,DP_114
OD11444,CUST3287,Royal Biryani House,Veg Hyderabadi Biryani,Biryani & Mughlai,2026-05-24 21:07:56,48,Indiranagar,Delivered,3,Packaging could have been better. Average taste.,300,DP_108
OD11445,CUST2049,Spice Symphony,Butter Chicken & Naan,North Indian,2026-05-11 09:05:46,17,HSR Layout,Delivered,3,The food was decent but arrived a bit cold.,380,DP_126
OD11446,CUST2875,The Golden Dosa,Rava Kesari & Dosa Combo,South Indian,2026-05-05 22:45:23,44,Indiranagar,Delivered,3,The food was decent but arrived a bit cold.,170,DP_164
OD11447,CUST2530,Bella Italia,Farmhouse Veg Pizza,Italian,2026-05-25 11:28:26,26,Whitefield,Delivered,2,Food was cold when it arrived.,460,DP_182
OD11448,CUST3274,The Golden Dosa,Rava Kesari & Dosa Combo,South Indian,2026-05-20 20:13:46,39,Jayanagar,Delivered,5,Best meal ever. Highly recommended!,190,DP_163
OD11449,CUST2171,Sweet Retreat,Sizzling Brownie,Desserts,2026-05-21 10:43:08,17,Malleshwaram,Delivered,3,Prompt delivery but taste was average.,210,DP_186
OD11450,CUST2803,The Salad Bowl,Greek Salad,Healthy & Salads,2026-05-24 11:04:59,,Malleshwaram,Cancelled,,Item out of stock at restaurant,510,DP_153
OD11451,CUST2906,Cafe Daybreak,Hot Chocolate,Continental & Beverages,2026-05-23 08:10:37,26,Indiranagar,Delivered,4,Good taste and neat packaging.,210,DP_182
OD11452,CUST3046,Bella Italia,Garlic Bread with Cheese,Italian,2026-05-01 13:55:17,,Whitefield,Cancelled,,Restaurant could not prepare food in time,190,DP_140
OD11453,CUST2630,The Salad Bowl,Greek Salad,Healthy & Salads,2026-05-07 20:27:53,40,Jayanagar,Delivered,5,Outstanding quality! Will definitely order again.,250,DP_178
OD11454,CUST2036,The Salad Bowl,High-Protein Chicken Salad,Healthy & Salads,2026-04-30 20:39:31,50,Whitefield,Delivered,3,Average food. Nothing special.,600,DP_170
OD11455,CUST3370,The Salad Bowl,Quinoa Avocado Salad,Healthy & Salads,2026-05-22 13:55:55,38,HSR Layout,Delivered,2,"Not worth the price, portion was very small.",360,DP_193
OD11456,CUST2532,Spice Symphony,Dal Makhani with Jeera Rice,North Indian,2026-05-02 09:52:56,,Marathahalli,Cancelled,,Delivery partner could not be assigned due to heavy rain,580,DP_140
OD11457,CUST3345,Bella Italia,Margherita Pizza 10-inch,Italian,2026-04-27 11:25:03,34,Jayanagar,Delivered,4,"Tasty food, but could be a bit warmer.",790,DP_179
OD11458,CUST3018,Royal Biryani House,Chicken Dum Biryani,Biryani & Mughlai,2026-04-28 12:03:44,54,Whitefield,Delivered,2,Taste was disappointing. Packaging was leaked.,380,DP_114
OD11459,CUST2102,The Golden Dosa,Masala Dosa with Sambar,South Indian,2026-05-03 13:59:30,38,Koramangala,Delivered,4,"Tasty food, standard delivery. Satisfactory.",260,DP_131
OD11460,CUST3137,The Salad Bowl,Caesar Salad,Healthy & Salads,2026-05-21 15:59:09,33,Marathahalli,Delivered,4,Good taste and neat packaging.,260,DP_188
OD11461,CUST3479,Cafe Daybreak,Hot Chocolate,Continental & Beverages,2026-05-17 17:33:21,37,Marathahalli,Delivered,2,Delivery took almost an hour. Unhappy.,210,DP_102
OD11462,CUST2458,Burger Bistro,Loaded Nachos,Fast Food,2026-05-26 12:33:43,34,Malleshwaram,Delivered,4,Decent portion size and good taste. Recommended.,240,DP_167
OD11463,CUST2116,Wok & Roll,Chilli Chicken Gravy,Chinese & Asian,2026-04-27 19:32:07,32,Malleshwaram,Delivered,3,Prompt delivery but taste was average.,330,DP_120
OD11464,CUST3298,The Salad Bowl,High-Protein Chicken Salad,Healthy & Salads,2026-05-12 14:14:02,42,Malleshwaram,Delivered,4,Overall great experience. Prompt service.,310,DP_154
OD11465,CUST3121,Spice Symphony,Kadhai Paneer with Roti,North Indian,2026-05-13 06:10:41,26,Jayanagar,Delivered,4,"Tasty food, but could be a bit warmer.",350,DP_186
OD11466,CUST2437,The Salad Bowl,Quinoa Avocado Salad,Healthy & Salads,2026-04-28 20:24:38,44,BTM Layout,Delivered,2,Food was cold when it arrived.,340,DP_171
OD11467,CUST2797,Sweet Retreat,Gulab Jamun (4 pcs),Desserts,2026-05-24 23:59:23,29,HSR Layout,Delivered,3,Portion size was small for the price.,120,DP_112
OD11468,CUST2298,The Salad Bowl,Caesar Salad,Healthy & Salads,2026-05-08 07:52:41,28,Jayanagar,Delivered,4,Decent portion size and good taste. Recommended.,260,DP_121
OD11469,CUST3103,Wok & Roll,Veg Spring Rolls (6 pcs),Chinese & Asian,2026-05-04 06:19:58,23,Koramangala,Delivered,4,Good taste and neat packaging.,200,DP_195
OD11470,CUST2648,Wok & Roll,Veg Hakka Noodles,Chinese & Asian,2026-05-09 18:23:48,37,BTM Layout,Delivered,5,"Perfect taste, clean packaging, and polite delivery partner.",260,DP_190
OD11471,CUST3259,Burger Bistro,Crispy Chicken Burger,Fast Food,2026-05-07 06:07:56,19,Jayanagar,Delivered,3,Packaging could have been better. Average taste.,230,DP_164
OD11472,CUST3036,Tandoori Nights,Tandoori Roti Combo,North Indian,2026-05-04 19:20:47,50,Koramangala,Delivered,1,Unprofessional delivery partner. Very bad experience.,380,DP_118
OD11473,CUST2202,Royal Biryani House,Mutton Biryani,Biryani & Mughlai,2026-05-07 14:09:24,40,Indiranagar,Delivered,4,Good taste and neat packaging.,500,DP_198
OD11474,CUST2315,Bella Italia,Veg Arrabiata Penne Pasta,Italian,2026-05-10 20:29:09,39,Indiranagar,Delivered,5,"Delivered way before time, packaging was excellent!",350,DP_146
OD11475,CUST2950,The Golden Dosa,Rava Kesari & Dosa Combo,South Indian,2026-05-12 18:41:48,42,Whitefield,Delivered,3,Packaging could have been better. Average taste.,190,DP_162
OD11476,CUST2652,Bella Italia,Chicken Alfredo Pasta,Italian,2026-05-06 21:53:19,57,Marathahalli,Delivered,2,Taste was disappointing. Packaging was leaked.,390,DP_191
OD11477,CUST2354,Burger Bistro,Spicy Paneer Wrap,Fast Food,2026-05-09 23:57:28,52,HSR Layout,Delivered,3,Packaging could have been better. Average taste.,230,DP_172
OD11478,CUST2514,Royal Biryani House,Chicken Dum Biryani,Biryani & Mughlai,2026-05-01 18:04:55,37,Whitefield,Delivered,4,Overall great experience. Prompt service.,380,DP_144
OD11479,CUST3237,Royal Biryani House,Mutton Biryani,Biryani & Mughlai,2026-05-23 18:03:26,32,Indiranagar,Delivered,5,"Amazing food, super fast delivery!",950,DP_134
OD11480,CUST3422,Burger Bistro,Spicy Paneer Wrap,Fast Food,2026-05-22 06:33:53,33,HSR Layout,Delivered,2,Delivery took almost an hour. Unhappy.,220,DP_161
OD11481,CUST3221,Sweet Retreat,Sizzling Brownie,Desserts,2026-05-18 20:20:26,45,Malleshwaram,Delivered,1,Missing items in my order and food was cold. Avoid this place!,560,DP_108
OD11482,CUST3456,Burger Bistro,Spicy Paneer Wrap,Fast Food,2026-05-15 20:01:15,49,Jayanagar,Delivered,3,"Food was okay, but delivery took some time.",230,DP_119
OD11483,CUST2933,Wok & Roll,Chicken Fried Rice & Manchurian,Chinese & Asian,2026-05-17 12:06:06,56,Koramangala,Delivered,2,"Not worth the price, portion was very small.",320,DP_160
OD11484,CUST2219,The Salad Bowl,Quinoa Avocado Salad,Healthy & Salads,2026-05-25 19:07:18,39,Jayanagar,Delivered,5,Outstanding quality! Will definitely order again.,360,DP_171
OD11485,CUST2213,The Salad Bowl,Fresh Fruit Bowl,Healthy & Salads,2026-05-25 12:26:36,29,Indiranagar,Delivered,5,"Amazing food, super fast delivery!",210,DP_113
OD11486,CUST2125,The Salad Bowl,Fresh Fruit Bowl,Healthy & Salads,2026-05-25 21:01:58,50,Whitefield,Delivered,2,Delivery took almost an hour. Unhappy.,200,DP_111
OD11487,CUST3404,Spice Symphony,Butter Chicken & Naan,North Indian,2026-05-10 21:11:16,45,Jayanagar,Delivered,3,Prompt delivery but taste was average.,380,DP_149
OD11488,CUST2571,Sweet Retreat,Sizzling Brownie,Desserts,2026-05-15 06:25:48,39,Marathahalli,Delivered,4,Decent portion size and good taste. Recommended.,560,DP_134
OD11489,CUST3127,Burger Bistro,Classic Cheese Burger & Fries,Fast Food,2026-05-04 11:44:10,28,Malleshwaram,Delivered,5,"Delivered way before time, packaging was excellent!",270,DP_124
OD11490,CUST2242,The Salad Bowl,Quinoa Avocado Salad,Healthy & Salads,2026-05-21 19:27:03,46,HSR Layout,Delivered,2,"Too spicy, couldn't eat it. Disappointed.",340,DP_156
OD11491,CUST2930,Royal Biryani House,Chicken Tikka Biryani,Biryani & Mughlai,2026-05-15 18:39:47,,Marathahalli,Cancelled,,Delivery address was outside the delivery radius,400,DP_103
OD11492,CUST3481,Spice Symphony,Kadhai Paneer with Roti,North Indian,2026-04-27 16:31:23,19,BTM Layout,Delivered,5,"Perfect taste, clean packaging, and polite delivery partner.",670,DP_103
OD11493,CUST2212,Tandoori Nights,Paneer Tikka,North Indian,2026-04-29 21:49:52,34,Jayanagar,Delivered,4,Good taste and neat packaging.,310,DP_131
OD11494,CUST3198,Wok & Roll,Chicken Fried Rice & Manchurian,Chinese & Asian,2026-05-04 12:00:10,,Whitefield,Cancelled,,Restaurant could not prepare food in time,620,DP_146
OD11495,CUST2084,Royal Biryani House,Veg Hyderabadi Biryani,Biryani & Mughlai,2026-04-28 10:56:46,26,Whitefield,Delivered,4,Good taste and neat packaging.,600,DP_144
OD11496,CUST2463,The Salad Bowl,Fresh Fruit Bowl,Healthy & Salads,2026-05-03 19:48:49,54,Whitefield,Delivered,3,Packaging could have been better. Average taste.,220,DP_125
OD11497,CUST2271,Spice Symphony,Kadhai Paneer with Roti,North Indian,2026-05-23 22:17:48,38,Jayanagar,Delivered,5,"Delivered way before time, packaging was excellent!",340,DP_112
OD11498,CUST2805,Burger Bistro,Loaded Nachos,Fast Food,2026-04-30 11:31:25,,Whitefield,Cancelled,,Delivery address was outside the delivery radius,250,DP_110
OD11499,CUST2942,Bella Italia,Garlic Bread with Cheese,Italian,2026-04-27 14:38:49,35,Jayanagar,Delivered,5,"Amazing food, super fast delivery!",180,DP_183
OD11500,CUST3201,Royal Biryani House,Mutton Biryani,Biryani & Mughlai,2026-04-30 18:14:46,29,BTM Layout,Delivered,5,"Extremely satisfied, delivered hot and fresh!",470,DP_117
OD11501,CUST2310,Cafe Daybreak,Paneer Tikka Sandwich,Continental & Beverages,2026-05-01 20:56:39,46,BTM Layout,Delivered,2,The item delivered was incorrect and lukewarm.,210,DP_116
OD11502,CUST3092,Bella Italia,Veg Arrabiata Penne Pasta,Italian,2026-05-02 20:04:22,56,Whitefield,Delivered,1,The food tasted stale and horrible! Threw it in the trash.,660,DP_143
OD11503,CUST2206,Tandoori Nights,Chicken Seekh Kebab,North Indian,2026-05-11 18:37:29,23,HSR Layout,Delivered,5,"Perfect taste, clean packaging, and polite delivery partner.",330,DP_134
OD11504,CUST2515,Royal Biryani House,Mutton Biryani,Biryani & Mughlai,2026-05-05 19:43:20,31,Koramangala,Delivered,4,Satisfied with the delivery speed and quality.,1380,DP_176
OD11505,CUST2085,The Salad Bowl,Greek Salad,Healthy & Salads,2026-05-25 13:10:37,,BTM Layout,Cancelled,,Restaurant could not prepare food in time,260,DP_146
OD11506,CUST2734,Tandoori Nights,Chicken Seekh Kebab,North Indian,2026-05-18 13:27:17,38,Indiranagar,Delivered,4,"Tasty food, standard delivery. Satisfactory.",360,DP_167
OD11507,CUST3109,Royal Biryani House,Veg Hyderabadi Biryani,Biryani & Mughlai,2026-05-22 12:47:32,35,Jayanagar,Delivered,3,The food was decent but arrived a bit cold.,330,DP_151
OD11508,CUST2654,Burger Bistro,Classic Cheese Burger & Fries,Fast Food,2026-05-02 12:55:22,39,Indiranagar,Delivered,4,"Tasty food, standard delivery. Satisfactory.",290,DP_197
OD11509,CUST2831,Royal Biryani House,Veg Hyderabadi Biryani,Biryani & Mughlai,2026-05-21 13:11:41,43,Indiranagar,Delivered,3,Portion size was small for the price.,330,DP_112
OD11510,CUST2179,Bella Italia,Garlic Bread with Cheese,Italian,2026-05-16 20:26:25,40,HSR Layout,Delivered,5,"Extremely satisfied, delivered hot and fresh!",170,DP_189
OD11511,CUST2108,Tandoori Nights,Malai Kofta & Lachha Paratha,North Indian,2026-05-23 13:02:01,39,Whitefield,Delivered,5,Outstanding quality! Will definitely order again.,360,DP_179
OD11512,CUST3104,Tandoori Nights,Paneer Tikka,North Indian,2026-04-29 09:37:14,29,BTM Layout,Delivered,2,Taste was disappointing. Packaging was leaked.,320,DP_101
OD11513,CUST2295,Sweet Retreat,Sizzling Brownie,Desserts,2026-05-09 10:43:47,41,BTM Layout,Delivered,3,"Food was okay, but delivery took some time.",220,DP_108
OD11514,CUST3452,Cafe Daybreak,Hot Chocolate,Continental & Beverages,2026-05-02 12:27:05,41,Malleshwaram,Delivered,3,"Food was okay, but delivery took some time.",210,DP_155
OD11515,CUST2841,The Golden Dosa,Masala Dosa with Sambar,South Indian,2026-04-29 22:19:08,47,Whitefield,Delivered,1,Unprofessional delivery partner. Very bad experience.,160,DP_192
OD11516,CUST2239,Wok & Roll,Chilli Chicken Gravy,Chinese & Asian,2026-05-09 18:30:26,39,Indiranagar,Delivered,4,"Tasty food, but could be a bit warmer.",330,DP_155
OD11517,CUST3278,Spice Symphony,Dal Makhani with Jeera Rice,North Indian,2026-05-24 14:32:35,37,Malleshwaram,Delivered,4,Good taste and neat packaging.,580,DP_103
OD11518,CUST2346,Bella Italia,Garlic Bread with Cheese,Italian,2026-05-05 08:31:10,28,Whitefield,Delivered,5,Outstanding quality! Will definitely order again.,190,DP_135
OD11519,CUST3027,The Salad Bowl,Fresh Fruit Bowl,Healthy & Salads,2026-05-24 13:34:23,65,Whitefield,Delivered,2,The item delivered was incorrect and lukewarm.,200,DP_149
OD11520,CUST2958,Royal Biryani House,Mutton Biryani,Biryani & Mughlai,2026-04-27 23:00:38,36,Marathahalli,Delivered,4,Overall great experience. Prompt service.,490,DP_130
OD11521,CUST2987,Bella Italia,Chicken Alfredo Pasta,Italian,2026-05-21 19:01:53,42,Indiranagar,Delivered,4,"Tasty food, standard delivery. Satisfactory.",400,DP_175
OD11522,CUST2876,Spice Symphony,Dal Makhani with Jeera Rice,North Indian,2026-05-06 12:32:58,31,Jayanagar,Delivered,4,Good taste and neat packaging.,330,DP_136
OD11523,CUST3111,Sweet Retreat,Gulab Jamun (4 pcs),Desserts,2026-05-24 17:43:56,31,BTM Layout,Delivered,3,Average food. Nothing special.,240,DP_197
OD11524,CUST2754,Bella Italia,Margherita Pizza 10-inch,Italian,2026-05-01 17:59:44,33,HSR Layout,Delivered,4,Overall great experience. Prompt service.,400,DP_174
OD11525,CUST2084,Sweet Retreat,Kulfi Falooda,Desserts,2026-05-08 15:56:27,,Indiranagar,Cancelled,,Restaurant could not prepare food in time,170,DP_144
OD11526,CUST2467,Wok & Roll,Chilli Chicken Gravy,Chinese & Asian,2026-05-04 12:25:30,31,Malleshwaram,Delivered,4,Good taste and neat packaging.,330,DP_186
OD11527,CUST3123,Royal Biryani House,Mutton Biryani,Biryani & Mughlai,2026-05-24 18:36:41,22,Jayanagar,Delivered,5,"Perfect taste, clean packaging, and polite delivery partner.",500,DP_200
OD11528,CUST3039,The Salad Bowl,High-Protein Chicken Salad,Healthy & Salads,2026-05-22 21:24:30,60,Whitefield,Delivered,2,Taste was disappointing. Packaging was leaked.,330,DP_174
OD11529,CUST3421,Tandoori Nights,Butter Chicken Combo Meal,North Indian,2026-05-24 13:40:20,42,Indiranagar,Delivered,4,Satisfied with the delivery speed and quality.,410,DP_186
OD11530,CUST2121,Bella Italia,Garlic Bread with Cheese,Italian,2026-05-09 20:28:01,46,BTM Layout,Delivered,3,"Food was okay, but delivery took some time.",170,DP_151
OD11531,CUST3184,Spice Symphony,Tandoori Chicken Half,North Indian,2026-05-13 21:05:43,37,HSR Layout,Delivered,4,"Tasty food, but could be a bit warmer.",410,DP_163
OD11532,CUST2478,Sweet Retreat,Chocolate Lava Cake,Desserts,2026-05-23 21:39:16,47,HSR Layout,Delivered,2,Taste was disappointing. Packaging was leaked.,160,DP_152
OD11533,CUST3097,Wok & Roll,Veg Hakka Noodles,Chinese & Asian,2026-05-06 20:40:38,,Indiranagar,Cancelled,,Customer cancelled the order,250,DP_115
OD11534,CUST2735,Tandoori Nights,Butter Chicken Combo Meal,North Indian,2026-05-09 19:04:39,52,Marathahalli,Delivered,1,"Terrible experience, food was completely spilled inside the bag.",1130,DP_169
OD11535,CUST2333,Bella Italia,Chicken Alfredo Pasta,Italian,2026-05-04 21:44:09,50,Koramangala,Delivered,3,Average food. Nothing special.,400,DP_160
OD11536,CUST2792,The Salad Bowl,High-Protein Chicken Salad,Healthy & Salads,2026-05-17 18:55:48,38,Indiranagar,Delivered,4,"Tasty food, standard delivery. Satisfactory.",310,DP_114
OD11537,CUST3348,Royal Biryani House,Chicken Tikka Biryani,Biryani & Mughlai,2026-05-11 20:07:30,35,Indiranagar,Delivered,5,"Amazing food, super fast delivery!",380,DP_177
OD11538,CUST2417,Spice Symphony,Kadhai Paneer with Roti,North Indian,2026-05-25 21:54:04,35,Malleshwaram,Delivered,4,Satisfied with the delivery speed and quality.,330,DP_121
OD11539,CUST3127,Royal Biryani House,Veg Hyderabadi Biryani,Biryani & Mughlai,2026-04-27 20:01:29,47,HSR Layout,Delivered,3,Prompt delivery but taste was average.,600,DP_167
OD11540,CUST2377,Sweet Retreat,Gulab Jamun (4 pcs),Desserts,2026-05-10 22:43:07,51,BTM Layout,Delivered,4,Good taste and neat packaging.,150,DP_115
OD11541,CUST3087,Royal Biryani House,Chicken Dum Biryani,Biryani & Mughlai,2026-05-17 20:11:59,55,BTM Layout,Delivered,3,Prompt delivery but taste was average.,350,DP_125
OD11542,CUST2782,Royal Biryani House,Veg Hyderabadi Biryani,Biryani & Mughlai,2026-04-29 12:47:47,33,Jayanagar,Delivered,4,Overall great experience. Prompt service.,330,DP_185
OD11543,CUST2441,The Salad Bowl,Fresh Fruit Bowl,Healthy & Salads,2026-05-01 22:29:23,61,Whitefield,Delivered,1,Awful experience! Delayed by over an hour and no response.,200,DP_102
OD11544,CUST2121,Wok & Roll,Veg Spring Rolls (6 pcs),Chinese & Asian,2026-05-26 20:15:24,57,Marathahalli,Delivered,1,Awful experience! Delayed by over an hour and no response.,210,DP_118
OD11545,CUST2871,Bella Italia,Garlic Bread with Cheese,Italian,2026-05-21 22:43:01,68,Whitefield,Delivered,1,"Terrible experience, food was completely spilled inside the bag.",200,DP_152
OD11546,CUST2301,The Golden Dosa,Rava Kesari & Dosa Combo,South Indian,2026-05-04 18:17:45,,BTM Layout,Cancelled,,Delivery partner could not be assigned due to heavy rain,350,DP_153
OD11547,CUST2405,Royal Biryani House,Mutton Biryani,Biryani & Mughlai,2026-05-11 19:39:33,42,BTM Layout,Delivered,2,Taste was disappointing. Packaging was leaked.,500,DP_137
OD11548,CUST2993,Royal Biryani House,Mutton Biryani,Biryani & Mughlai,2026-05-13 15:10:26,22,HSR Layout,Delivered,5,Best meal ever. Highly recommended!,490,DP_102
OD11549,CUST3166,Tandoori Nights,Tandoori Roti Combo,North Indian,2026-05-15 21:38:42,55,HSR Layout,Delivered,2,The item delivered was incorrect and lukewarm.,220,DP_176
OD11550,CUST2978,The Salad Bowl,Fresh Fruit Bowl,Healthy & Salads,2026-05-02 14:49:27,34,Indiranagar,Delivered,5,"Extremely satisfied, delivered hot and fresh!",230,DP_139
OD11551,CUST3246,Wok & Roll,Veg Hakka Noodles,Chinese & Asian,2026-05-16 09:08:25,,Indiranagar,Cancelled,,Restaurant could not prepare food in time,250,DP_104
OD11552,CUST2137,Bella Italia,Veg Arrabiata Penne Pasta,Italian,2026-05-01 21:46:47,64,Koramangala,Delivered,1,Awful experience! Delayed by over an hour and no response.,360,DP_140
OD11553,CUST3156,The Golden Dosa,Idli Vada Combo,South Indian,2026-05-22 19:20:09,45,Malleshwaram,Delivered,2,"Not worth the price, portion was very small.",120,DP_117
OD11554,CUST2609,Royal Biryani House,Mutton Biryani,Biryani & Mughlai,2026-05-19 19:03:33,36,HSR Layout,Delivered,3,Packaging could have been better. Average taste.,470,DP_130
OD11555,CUST2877,Tandoori Nights,Chicken Seekh Kebab,North Indian,2026-05-16 15:58:36,36,Indiranagar,Delivered,5,"Amazing food, super fast delivery!",350,DP_184
OD11556,CUST2175,Sweet Retreat,Gulab Jamun (4 pcs),Desserts,2026-05-10 15:59:33,34,BTM Layout,Delivered,4,"Tasty food, standard delivery. Satisfactory.",120,DP_174
OD11557,CUST3315,Bella Italia,Margherita Pizza 10-inch,Italian,2026-04-30 20:20:14,40,Koramangala,Delivered,5,Best meal ever. Highly recommended!,420,DP_185
OD11558,CUST2199,Spice Symphony,Butter Chicken & Naan,North Indian,2026-05-02 08:22:03,57,Whitefield,Delivered,2,Delivery took almost an hour. Unhappy.,400,DP_154
OD11559,CUST3274,Tandoori Nights,Butter Chicken Combo Meal,North Indian,2026-05-03 12:02:12,34,Jayanagar,Delivered,4,Decent portion size and good taste. Recommended.,390,DP_194
OD11560,CUST3248,Spice Symphony,Dal Makhani with Jeera Rice,North Indian,2026-05-14 16:08:49,36,Whitefield,Delivered,3,The food was decent but arrived a bit cold.,300,DP_141
OD11561,CUST2964,The Salad Bowl,High-Protein Chicken Salad,Healthy & Salads,2026-05-17 07:58:44,62,Marathahalli,Delivered,2,Taste was disappointing. Packaging was leaked.,310,DP_112
OD11562,CUST3215,Burger Bistro,Classic Cheese Burger & Fries,Fast Food,2026-05-05 07:52:04,19,Marathahalli,Delivered,5,"Amazing food, super fast delivery!",290,DP_166
OD11563,CUST3493,The Golden Dosa,Rava Kesari & Dosa Combo,South Indian,2026-05-19 20:25:42,59,Marathahalli,Delivered,1,Awful experience! Delayed by over an hour and no response.,350,DP_132
OD11564,CUST3008,Sweet Retreat,Chocolate Lava Cake,Desserts,2026-05-25 21:00:45,30,Jayanagar,Delivered,2,"Too spicy, couldn't eat it. Disappointed.",160,DP_141
OD11565,CUST3238,Cafe Daybreak,Iced Latte,Continental & Beverages,2026-05-15 14:49:10,45,Indiranagar,Delivered,3,The food was decent but arrived a bit cold.,180,DP_131
OD11566,CUST2044,Sweet Retreat,Kulfi Falooda,Desserts,2026-05-02 19:21:05,63,BTM Layout,Delivered,1,Unprofessional delivery partner. Very bad experience.,160,DP_137
OD11567,CUST3477,The Salad Bowl,Quinoa Avocado Salad,Healthy & Salads,2026-05-11 13:54:01,41,Indiranagar,Delivered,2,Taste was disappointing. Packaging was leaked.,350,DP_198
OD11568,CUST3144,Sweet Retreat,Chocolate Lava Cake,Desserts,2026-05-19 11:44:39,,Koramangala,Cancelled,,Customer cancelled the order,160,DP_170
OD11569,CUST2456,The Golden Dosa,Masala Dosa with Sambar,South Indian,2026-05-09 10:21:34,21,Jayanagar,Delivered,4,"Tasty food, but could be a bit warmer.",150,DP_171
OD11570,CUST2382,The Golden Dosa,Masala Dosa with Sambar,South Indian,2026-05-11 20:43:10,36,HSR Layout,Delivered,4,Good taste and neat packaging.,170,DP_103
OD11571,CUST2975,Sweet Retreat,Gulab Jamun (4 pcs),Desserts,2026-05-20 20:50:03,32,HSR Layout,Delivered,5,Best meal ever. Highly recommended!,140,DP_182
OD11572,CUST2151,Tandoori Nights,Butter Chicken Combo Meal,North Indian,2026-05-10 21:31:51,46,BTM Layout,Delivered,2,Taste was disappointing. Packaging was leaked.,390,DP_153
OD11573,CUST2770,Spice Symphony,Dal Makhani with Jeera Rice,North Indian,2026-05-09 08:34:19,35,Indiranagar,Delivered,3,Average food. Nothing special.,300,DP_117
OD11574,CUST2443,The Salad Bowl,Fresh Fruit Bowl,Healthy & Salads,2026-04-28 15:02:25,29,BTM Layout,Delivered,4,"Tasty food, but could be a bit warmer.",220,DP_131
OD11575,CUST3497,Cafe Daybreak,Club Sandwich,Continental & Beverages,2026-04-27 19:37:07,36,Indiranagar,Delivered,2,Food was cold when it arrived.,260,DP_128
OD11576,CUST2486,Spice Symphony,Paneer Butter Masala Meal,North Indian,2026-05-07 12:12:49,35,Malleshwaram,Delivered,4,Good taste and neat packaging.,340,DP_197
OD11577,CUST3177,Royal Biryani House,Egg Biryani,Biryani & Mughlai,2026-05-24 22:22:58,54,Malleshwaram,Delivered,1,"Terrible experience, food was completely spilled inside the bag.",310,DP_138
OD11578,CUST2281,Spice Symphony,Dal Makhani with Jeera Rice,North Indian,2026-05-26 14:32:05,31,Koramangala,Delivered,4,Overall great experience. Prompt service.,320,DP_172
OD11579,CUST3289,Burger Bistro,Loaded Nachos,Fast Food,2026-05-09 23:10:55,36,HSR Layout,Delivered,4,Satisfied with the delivery speed and quality.,260,DP_177
OD11580,CUST2108,Burger Bistro,Chicken Nuggets (9 pcs),Fast Food,2026-05-10 10:26:53,,HSR Layout,Cancelled,,Item out of stock at restaurant,220,DP_140
OD11581,CUST2867,Spice Symphony,Tandoori Chicken Half,North Indian,2026-05-01 20:57:58,51,BTM Layout,Delivered,4,Decent portion size and good taste. Recommended.,430,DP_103
OD11582,CUST2748,Spice Symphony,Butter Chicken & Naan,North Indian,2026-04-29 17:43:46,29,Koramangala,Delivered,5,"Amazing food, super fast delivery!",380,DP_155
OD11583,CUST2711,Cafe Daybreak,Paneer Tikka Sandwich,Continental & Beverages,2026-05-05 13:13:15,44,Marathahalli,Delivered,3,Portion size was small for the price.,230,DP_140
OD11584,CUST3499,Burger Bistro,Crispy Chicken Burger,Fast Food,2026-05-26 18:03:20,34,Malleshwaram,Delivered,5,"Perfect taste, clean packaging, and polite delivery partner.",250,DP_116
OD11585,CUST3075,Tandoori Nights,Butter Chicken Combo Meal,North Indian,2026-05-09 19:27:21,62,BTM Layout,Delivered,1,Missing items in my order and food was cold. Avoid this place!,400,DP_116
OD11586,CUST2541,Cafe Daybreak,Paneer Tikka Sandwich,Continental & Beverages,2026-05-11 07:11:15,32,Malleshwaram,Delivered,4,"Tasty food, but could be a bit warmer.",210,DP_161
OD11587,CUST2013,The Golden Dosa,Filter Coffee & Upma,South Indian,2026-05-10 18:13:12,37,HSR Layout,Delivered,4,"Tasty food, but could be a bit warmer.",130,DP_189
OD11588,CUST3159,The Salad Bowl,High-Protein Chicken Salad,Healthy & Salads,2026-05-26 11:15:48,38,HSR Layout,Delivered,4,Decent portion size and good taste. Recommended.,320,DP_151
OD11589,CUST3216,Royal Biryani House,Veg Hyderabadi Biryani,Biryani & Mughlai,2026-05-16 22:10:14,44,Marathahalli,Delivered,3,Prompt delivery but taste was average.,330,DP_184
OD11590,CUST2193,Bella Italia,Margherita Pizza 10-inch,Italian,2026-05-22 12:17:18,39,HSR Layout,Delivered,4,Decent portion size and good taste. Recommended.,410,DP_128
OD11591,CUST2019,Sweet Retreat,Gulab Jamun (4 pcs),Desserts,2026-05-05 20:08:57,44,BTM Layout,Delivered,2,Taste was disappointing. Packaging was leaked.,220,DP_108
OD11592,CUST2143,Wok & Roll,Veg Spring Rolls (6 pcs),Chinese & Asian,2026-05-19 21:50:18,54,Whitefield,Delivered,2,The item delivered was incorrect and lukewarm.,500,DP_128
OD11593,CUST3485,Royal Biryani House,Mutton Biryani,Biryani & Mughlai,2026-05-03 22:26:56,47,Indiranagar,Delivered,2,Food was cold when it arrived.,500,DP_151
OD11594,CUST2425,Cafe Daybreak,Hot Chocolate,Continental & Beverages,2026-05-07 19:10:39,38,Jayanagar,Delivered,3,The food was decent but arrived a bit cold.,220,DP_118
OD11595,CUST2969,Bella Italia,Margherita Pizza 10-inch,Italian,2026-05-18 19:27:30,45,Marathahalli,Delivered,4,Decent portion size and good taste. Recommended.,430,DP_165
OD11596,CUST2005,The Salad Bowl,Quinoa Avocado Salad,Healthy & Salads,2026-05-09 12:32:42,76,Marathahalli,Delivered,1,Unprofessional delivery partner. Very bad experience.,340,DP_182
OD11597,CUST3175,Sweet Retreat,Gulab Jamun (4 pcs),Desserts,2026-05-03 10:59:13,36,Malleshwaram,Delivered,4,Good taste and neat packaging.,150,DP_196
OD11598,CUST2528,Tandoori Nights,Butter Chicken Combo Meal,North Indian,2026-04-27 21:38:44,71,Whitefield,Delivered,1,The food tasted stale and horrible! Threw it in the trash.,400,DP_119
OD11599,CUST2262,Royal Biryani House,Mutton Biryani,Biryani & Mughlai,2026-04-30 11:10:45,41,Koramangala,Delivered,3,Portion size was small for the price.,1390,DP_185
OD11600,CUST3152,Burger Bistro,Crispy Chicken Burger,Fast Food,2026-05-02 20:27:47,58,HSR Layout,Delivered,1,Awful experience! Delayed by over an hour and no response.,230,DP_118
OD11601,CUST2331,Burger Bistro,Chicken Nuggets (9 pcs),Fast Food,2026-05-13 20:33:09,44,HSR Layout,Delivered,2,Food was cold when it arrived.,240,DP_127
OD11602,CUST2676,Cafe Daybreak,Hot Chocolate,Continental & Beverages,2026-04-29 23:12:44,23,Jayanagar,Delivered,5,"Perfect taste, clean packaging, and polite delivery partner.",190,DP_174
OD11603,CUST3178,Tandoori Nights,Butter Chicken Combo Meal,North Indian,2026-05-21 20:32:27,45,Malleshwaram,Delivered,3,The food was decent but arrived a bit cold.,1120,DP_180
OD11604,CUST3110,Wok & Roll,Veg Hakka Noodles,Chinese & Asian,2026-05-09 20:03:53,39,Indiranagar,Delivered,5,"Amazing food, super fast delivery!",490,DP_174
OD11605,CUST2858,Burger Bistro,Spicy Paneer Wrap,Fast Food,2026-05-10 22:21:31,54,BTM Layout,Delivered,1,The food tasted stale and horrible! Threw it in the trash.,410,DP_142
OD11606,CUST2522,Sweet Retreat,Sizzling Brownie,Desserts,2026-05-13 17:33:50,32,BTM Layout,Delivered,4,Overall great experience. Prompt service.,200,DP_168
OD11607,CUST2147,The Salad Bowl,Greek Salad,Healthy & Salads,2026-05-02 21:55:19,63,Jayanagar,Delivered,2,"Too spicy, couldn't eat it. Disappointed.",270,DP_109
OD11608,CUST2413,Cafe Daybreak,Paneer Tikka Sandwich,Continental & Beverages,2026-05-21 13:20:52,35,Malleshwaram,Delivered,2,"Not worth the price, portion was very small.",430,DP_106
OD11609,CUST2398,Spice Symphony,Kadhai Paneer with Roti,North Indian,2026-05-03 18:26:03,42,HSR Layout,Delivered,2,The item delivered was incorrect and lukewarm.,350,DP_106
OD11610,CUST3096,Wok & Roll,Veg Hakka Noodles,Chinese & Asian,2026-05-03 13:37:00,52,BTM Layout,Delivered,1,"Terrible experience, food was completely spilled inside the bag.",700,DP_182
OD11611,CUST2998,Royal Biryani House,Veg Hyderabadi Biryani,Biryani & Mughlai,2026-04-30 12:24:39,25,Jayanagar,Delivered,5,Outstanding quality! Will definitely order again.,310,DP_168
OD11612,CUST2725,The Salad Bowl,Greek Salad,Healthy & Salads,2026-05-12 19:14:36,30,Jayanagar,Delivered,4,Decent portion size and good taste. Recommended.,250,DP_187
OD11613,CUST2093,Royal Biryani House,Egg Biryani,Biryani & Mughlai,2026-05-17 21:54:02,62,Whitefield,Delivered,1,Worst service! Delivered extremely late and completely cold.,300,DP_112
OD11614,CUST2960,Wok & Roll,Schezwan Noodles,Chinese & Asian,2026-05-20 17:29:30,19,Jayanagar,Delivered,5,"Amazing food, super fast delivery!",260,DP_169
OD11615,CUST3345,Bella Italia,Margherita Pizza 10-inch,Italian,2026-05-26 20:46:10,67,Whitefield,Delivered,2,Taste was disappointing. Packaging was leaked.,430,DP_101
OD11616,CUST2656,Cafe Daybreak,Paneer Tikka Sandwich,Continental & Beverages,2026-05-10 12:41:49,58,Whitefield,Delivered,1,"Terrible experience, food was completely spilled inside the bag.",230,DP_122
OD11617,CUST2574,Royal Biryani House,Egg Biryani,Biryani & Mughlai,2026-05-13 12:54:28,40,Whitefield,Delivered,3,"Food was okay, but delivery took some time.",310,DP_190
OD11618,CUST3346,The Golden Dosa,Rava Kesari & Dosa Combo,South Indian,2026-05-13 12:49:09,47,BTM Layout,Delivered,3,Prompt delivery but taste was average.,170,DP_147
OD11619,CUST3216,Spice Symphony,Tandoori Chicken Half,North Indian,2026-05-20 11:41:30,26,Koramangala,Delivered,4,"Tasty food, but could be a bit warmer.",790,DP_158
OD11620,CUST2351,Wok & Roll,Chilli Chicken Gravy,Chinese & Asian,2026-05-23 20:27:20,52,Jayanagar,Delivered,1,Unprofessional delivery partner. Very bad experience.,300,DP_192
OD11621,CUST2955,Sweet Retreat,Kulfi Falooda,Desserts,2026-05-22 17:31:20,62,Marathahalli,Delivered,1,"Terrible experience, food was completely spilled inside the bag.",170,DP_126
OD11622,CUST3108,Tandoori Nights,Chicken Seekh Kebab,North Indian,2026-04-29 14:04:20,27,Malleshwaram,Delivered,2,The item delivered was incorrect and lukewarm.,650,DP_178
OD11623,CUST3285,The Salad Bowl,Quinoa Avocado Salad,Healthy & Salads,2026-05-14 18:26:13,15,Indiranagar,Delivered,5,Outstanding quality! Will definitely order again.,350,DP_120
OD11624,CUST2488,Tandoori Nights,Tandoori Roti Combo,North Indian,2026-05-17 20:38:01,52,Marathahalli,Delivered,2,Taste was disappointing. Packaging was leaked.,210,DP_195
OD11625,CUST3072,The Salad Bowl,Caesar Salad,Healthy & Salads,2026-04-27 19:31:00,54,BTM Layout,Delivered,4,Satisfied with the delivery speed and quality.,270,DP_150
OD11626,CUST3201,Royal Biryani House,Mutton Biryani,Biryani & Mughlai,2026-05-01 15:38:57,39,Whitefield,Delivered,4,Satisfied with the delivery speed and quality.,480,DP_129
OD11627,CUST2095,Wok & Roll,Schezwan Noodles,Chinese & Asian,2026-05-13 19:55:33,51,Whitefield,Delivered,4,Satisfied with the delivery speed and quality.,280,DP_125
OD11628,CUST2906,Wok & Roll,Veg Hakka Noodles,Chinese & Asian,2026-05-07 14:02:43,42,Marathahalli,Delivered,2,Taste was disappointing. Packaging was leaked.,250,DP_157
OD11629,CUST2980,Tandoori Nights,Butter Chicken Combo Meal,North Indian,2026-05-19 21:16:02,40,Jayanagar,Delivered,2,Delivery took almost an hour. Unhappy.,390,DP_148
OD11630,CUST2131,Bella Italia,Farmhouse Veg Pizza,Italian,2026-05-26 13:41:50,41,Marathahalli,Delivered,3,Portion size was small for the price.,1280,DP_107
OD11631,CUST3286,The Salad Bowl,Fresh Fruit Bowl,Healthy & Salads,2026-05-11 21:28:39,29,Malleshwaram,Delivered,2,The item delivered was incorrect and lukewarm.,200,DP_169
OD11632,CUST2547,Burger Bistro,Chicken Nuggets (9 pcs),Fast Food,2026-05-12 19:18:01,68,Whitefield,Delivered,1,Worst service! Delivered extremely late and completely cold.,230,DP_199
OD11633,CUST2885,Wok & Roll,Chicken Fried Rice & Manchurian,Chinese & Asian,2026-05-12 18:13:55,37,Koramangala,Delivered,4,"Tasty food, standard delivery. Satisfactory.",340,DP_146
OD11634,CUST2329,Tandoori Nights,Paneer Tikka,North Indian,2026-05-09 22:49:47,46,Whitefield,Delivered,3,The food was decent but arrived a bit cold.,310,DP_191
OD11635,CUST3356,Bella Italia,Chicken Alfredo Pasta,Italian,2026-05-06 09:54:47,29,Marathahalli,Delivered,4,Decent portion size and good taste. Recommended.,1110,DP_109
OD11636,CUST2507,Tandoori Nights,Tandoori Roti Combo,North Indian,2026-05-26 12:18:50,43,BTM Layout,Delivered,2,Delivery took almost an hour. Unhappy.,200,DP_161
OD11637,CUST3295,Tandoori Nights,Malai Kofta & Lachha Paratha,North Indian,2026-05-12 13:59:59,34,Koramangala,Delivered,5,Outstanding quality! Will definitely order again.,350,DP_155
OD11638,CUST2340,The Golden Dosa,Filter Coffee & Upma,South Indian,2026-04-29 19:18:57,52,Koramangala,Delivered,2,"Not worth the price, portion was very small.",160,DP_130
OD11639,CUST3432,Spice Symphony,Kadhai Paneer with Roti,North Indian,2026-05-22 17:01:47,33,HSR Layout,Delivered,5,"Perfect taste, clean packaging, and polite delivery partner.",340,DP_176
OD11640,CUST2495,Wok & Roll,Veg Hakka Noodles,Chinese & Asian,2026-05-17 14:59:47,,Indiranagar,Cancelled,,Item out of stock at restaurant,490,DP_174
OD11641,CUST2788,Royal Biryani House,Chicken Dum Biryani,Biryani & Mughlai,2026-05-11 17:38:47,24,BTM Layout,Delivered,5,Outstanding quality! Will definitely order again.,360,DP_154
OD11642,CUST2642,The Salad Bowl,Quinoa Avocado Salad,Healthy & Salads,2026-05-24 21:08:43,67,Whitefield,Delivered,1,Awful experience! Delayed by over an hour and no response.,340,DP_135
OD11643,CUST2897,The Salad Bowl,Fresh Fruit Bowl,Healthy & Salads,2026-05-16 20:06:30,38,Malleshwaram,Delivered,5,Best meal ever. Highly recommended!,230,DP_179
OD11644,CUST2247,Bella Italia,Veg Arrabiata Penne Pasta,Italian,2026-05-21 21:04:29,45,Jayanagar,Delivered,4,Satisfied with the delivery speed and quality.,340,DP_151
OD11645,CUST2108,The Golden Dosa,Filter Coffee & Upma,South Indian,2026-05-09 12:36:37,61,Marathahalli,Delivered,1,Awful experience! Delayed by over an hour and no response.,160,DP_195
OD11646,CUST2375,Sweet Retreat,Sizzling Brownie,Desserts,2026-05-06 19:01:13,44,Marathahalli,Delivered,2,"Too spicy, couldn't eat it. Disappointed.",220,DP_101
OD11647,CUST2556,Bella Italia,Veg Arrabiata Penne Pasta,Italian,2026-05-02 19:34:14,43,Indiranagar,Delivered,1,Unprofessional delivery partner. Very bad experience.,670,DP_139
OD11648,CUST2775,The Golden Dosa,Rava Kesari & Dosa Combo,South Indian,2026-05-03 12:05:07,49,Jayanagar,Delivered,3,Average food. Nothing special.,190,DP_190
OD11649,CUST2275,Spice Symphony,Dal Makhani with Jeera Rice,North Indian,2026-05-11 18:27:27,19,Koramangala,Delivered,5,"Extremely satisfied, delivered hot and fresh!",320,DP_166
OD11650,CUST3029,Spice Symphony,Butter Chicken & Naan,North Indian,2026-04-29 13:37:05,,Marathahalli,Cancelled,,Restaurant could not prepare food in time,400,DP_112
OD11651,CUST2513,Wok & Roll,Chilli Chicken Gravy,Chinese & Asian,2026-04-30 22:00:31,38,Koramangala,Delivered,4,"Tasty food, standard delivery. Satisfactory.",330,DP_171
OD11652,CUST3075,Burger Bistro,Chicken Nuggets (9 pcs),Fast Food,2026-05-23 07:41:35,42,Indiranagar,Delivered,2,"Too spicy, couldn't eat it. Disappointed.",230,DP_119
OD11653,CUST3478,The Golden Dosa,Rava Kesari & Dosa Combo,South Indian,2026-05-03 05:02:03,31,HSR Layout,Delivered,4,Overall great experience. Prompt service.,330,DP_125
OD11654,CUST3326,Burger Bistro,Classic Cheese Burger & Fries,Fast Food,2026-05-20 09:18:50,22,HSR Layout,Delivered,5,"Extremely satisfied, delivered hot and fresh!",270,DP_104
OD11655,CUST2155,Bella Italia,Veg Arrabiata Penne Pasta,Italian,2026-05-24 15:57:15,39,Whitefield,Delivered,3,Portion size was small for the price.,340,DP_195
OD11656,CUST2077,Spice Symphony,Dal Makhani with Jeera Rice,North Indian,2026-05-02 07:24:08,33,Indiranagar,Delivered,5,Outstanding quality! Will definitely order again.,310,DP_113
OD11657,CUST2525,Cafe Daybreak,Hot Chocolate,Continental & Beverages,2026-05-17 12:11:33,49,BTM Layout,Delivered,2,Delivery took almost an hour. Unhappy.,190,DP_115
OD11658,CUST2844,Bella Italia,Veg Arrabiata Penne Pasta,Italian,2026-05-09 13:51:19,40,Malleshwaram,Delivered,4,Satisfied with the delivery speed and quality.,350,DP_155
OD11659,CUST2396,Bella Italia,Chicken Alfredo Pasta,Italian,2026-05-21 17:42:30,35,Whitefield,Delivered,4,Overall great experience. Prompt service.,400,DP_136
OD11660,CUST2364,Tandoori Nights,Tandoori Roti Combo,North Indian,2026-05-21 09:44:11,28,BTM Layout,Delivered,4,Good taste and neat packaging.,400,DP_152
OD11661,CUST2548,Sweet Retreat,Sizzling Brownie,Desserts,2026-05-24 19:03:39,44,BTM Layout,Delivered,1,The food tasted stale and horrible! Threw it in the trash.,580,DP_154
OD11662,CUST2511,The Salad Bowl,Fresh Fruit Bowl,Healthy & Salads,2026-05-11 20:17:59,49,BTM Layout,Delivered,3,Prompt delivery but taste was average.,210,DP_156
OD11663,CUST3189,The Salad Bowl,Quinoa Avocado Salad,Healthy & Salads,2026-05-01 13:56:58,47,BTM Layout,Delivered,3,"Food was okay, but delivery took some time.",360,DP_164
OD11664,CUST3313,Sweet Retreat,Sizzling Brownie,Desserts,2026-05-03 22:18:26,65,Marathahalli,Delivered,2,Food was cold when it arrived.,570,DP_165
OD11665,CUST2806,Cafe Daybreak,Iced Latte,Continental & Beverages,2026-05-04 19:48:56,41,Koramangala,Delivered,2,Taste was disappointing. Packaging was leaked.,210,DP_154
OD11666,CUST2171,The Golden Dosa,Onion Uttapam,South Indian,2026-04-29 06:01:31,23,Whitefield,Delivered,5,Outstanding quality! Will definitely order again.,290,DP_161
OD11667,CUST2009,The Golden Dosa,Rava Kesari & Dosa Combo,South Indian,2026-05-14 21:01:35,44,HSR Layout,Delivered,4,Good taste and neat packaging.,200,DP_150
OD11668,CUST2585,The Salad Bowl,Quinoa Avocado Salad,Healthy & Salads,2026-05-11 15:20:41,24,Jayanagar,Delivered,4,"Tasty food, but could be a bit warmer.",360,DP_119
OD11669,CUST2796,Bella Italia,Veg Arrabiata Penne Pasta,Italian,2026-05-03 19:29:08,40,Jayanagar,Delivered,4,"Tasty food, standard delivery. Satisfactory.",340,DP_102
OD11670,CUST2225,Royal Biryani House,Egg Biryani,Biryani & Mughlai,2026-05-15 17:39:26,24,Malleshwaram,Delivered,5,Outstanding quality! Will definitely order again.,310,DP_187
OD11671,CUST2674,Wok & Roll,Veg Spring Rolls (6 pcs),Chinese & Asian,2026-04-30 12:50:49,,Indiranagar,Cancelled,,Delivery address was outside the delivery radius,180,DP_115
OD11672,CUST3472,Wok & Roll,Veg Spring Rolls (6 pcs),Chinese & Asian,2026-04-29 12:14:17,38,Jayanagar,Delivered,4,"Tasty food, but could be a bit warmer.",180,DP_128
OD11673,CUST3405,Bella Italia,Garlic Bread with Cheese,Italian,2026-05-15 19:44:16,40,Koramangala,Delivered,5,"Amazing food, super fast delivery!",190,DP_194
OD11674,CUST2515,Cafe Daybreak,Club Sandwich,Continental & Beverages,2026-05-15 20:37:42,,Koramangala,Cancelled,,Restaurant could not prepare food in time,230,DP_199
OD11675,CUST2098,Bella Italia,Chicken Alfredo Pasta,Italian,2026-05-14 21:26:54,70,BTM Layout,Delivered,1,Worst service! Delivered extremely late and completely cold.,740,DP_116
OD11676,CUST3272,Tandoori Nights,Chicken Seekh Kebab,North Indian,2026-05-24 20:16:32,83,Marathahalli,Delivered,1,The food tasted stale and horrible! Threw it in the trash.,340,DP_139
OD11677,CUST2153,The Salad Bowl,Caesar Salad,Healthy & Salads,2026-05-26 19:13:58,43,BTM Layout,Delivered,4,"Tasty food, standard delivery. Satisfactory.",260,DP_108
OD11678,CUST2177,Sweet Retreat,Chocolate Lava Cake,Desserts,2026-04-30 19:19:59,38,Indiranagar,Delivered,5,"Delivered way before time, packaging was excellent!",170,DP_118
OD11679,CUST3138,The Golden Dosa,Rava Kesari & Dosa Combo,South Indian,2026-05-11 21:19:20,46,HSR Layout,Delivered,2,"Not worth the price, portion was very small.",180,DP_163
OD11680,CUST2976,Cafe Daybreak,Hot Chocolate,Continental & Beverages,2026-05-03 19:15:35,56,Koramangala,Delivered,2,"Not worth the price, portion was very small.",210,DP_105
OD11681,CUST2251,Tandoori Nights,Malai Kofta & Lachha Paratha,North Indian,2026-05-06 21:04:45,49,Whitefield,Delivered,3,The food was decent but arrived a bit cold.,360,DP_111
OD11682,CUST2888,Royal Biryani House,Egg Biryani,Biryani & Mughlai,2026-05-07 12:20:11,28,Malleshwaram,Delivered,4,Overall great experience. Prompt service.,300,DP_195
OD11683,CUST2997,The Golden Dosa,Onion Uttapam,South Indian,2026-05-26 21:27:24,42,Jayanagar,Delivered,4,Overall great experience. Prompt service.,170,DP_165
OD11684,CUST2218,Tandoori Nights,Malai Kofta & Lachha Paratha,North Indian,2026-05-26 15:23:23,45,Jayanagar,Delivered,3,The food was decent but arrived a bit cold.,370,DP_119
OD11685,CUST2177,Sweet Retreat,Red Velvet Pastry,Desserts,2026-05-08 15:01:16,28,BTM Layout,Delivered,5,"Perfect taste, clean packaging, and polite delivery partner.",180,DP_102
OD11686,CUST2563,The Golden Dosa,Idli Vada Combo,South Indian,2026-05-10 21:16:02,43,Malleshwaram,Delivered,2,"Not worth the price, portion was very small.",150,DP_200
OD11687,CUST2838,Cafe Daybreak,Classic Cold Coffee,Continental & Beverages,2026-05-22 20:31:08,,HSR Layout,Cancelled,,Delivery address was outside the delivery radius,190,DP_101
OD11688,CUST2835,Royal Biryani House,Mutton Biryani,Biryani & Mughlai,2026-05-24 20:10:08,58,Whitefield,Delivered,2,Food was cold when it arrived.,470,DP_119
OD11689,CUST3098,Bella Italia,Farmhouse Veg Pizza,Italian,2026-05-08 23:37:38,20,Jayanagar,Delivered,5,"Delivered way before time, packaging was excellent!",450,DP_105
OD11690,CUST2549,Sweet Retreat,Kulfi Falooda,Desserts,2026-05-22 10:07:59,46,Whitefield,Delivered,1,Unprofessional delivery partner. Very bad experience.,290,DP_145
OD11691,CUST2398,Burger Bistro,Chicken Nuggets (9 pcs),Fast Food,2026-05-13 19:59:52,32,Indiranagar,Delivered,3,Portion size was small for the price.,410,DP_156
OD11692,CUST3003,Cafe Daybreak,Club Sandwich,Continental & Beverages,2026-04-27 11:34:01,20,Koramangala,Delivered,5,"Perfect taste, clean packaging, and polite delivery partner.",260,DP_104
OD11693,CUST2675,Wok & Roll,Schezwan Noodles,Chinese & Asian,2026-05-01 20:32:48,49,Koramangala,Delivered,2,Delivery took almost an hour. Unhappy.,270,DP_184
OD11694,CUST3288,Royal Biryani House,Chicken Tikka Biryani,Biryani & Mughlai,2026-05-18 19:39:14,35,Indiranagar,Delivered,3,The food was decent but arrived a bit cold.,380,DP_150
OD11695,CUST3455,Spice Symphony,Paneer Butter Masala Meal,North Indian,2026-04-30 12:42:39,32,Malleshwaram,Delivered,5,"Extremely satisfied, delivered hot and fresh!",340,DP_133
OD11696,CUST3132,Burger Bistro,Spicy Paneer Wrap,Fast Food,2026-05-06 20:01:34,38,Jayanagar,Delivered,4,Satisfied with the delivery speed and quality.,400,DP_124
OD11697,CUST3161,Spice Symphony,Dal Makhani with Jeera Rice,North Indian,2026-05-22 19:00:24,45,Koramangala,Delivered,3,Packaging could have been better. Average taste.,310,DP_194
OD11698,CUST2560,Burger Bistro,Chicken Nuggets (9 pcs),Fast Food,2026-05-01 17:05:59,40,Whitefield,Delivered,3,Average food. Nothing special.,400,DP_154
OD11699,CUST2287,Burger Bistro,Crispy Chicken Burger,Fast Food,2026-05-20 15:39:10,21,BTM Layout,Delivered,4,Satisfied with the delivery speed and quality.,250,DP_138
OD11700,CUST2370,Burger Bistro,Classic Cheese Burger & Fries,Fast Food,2026-05-01 21:11:13,32,Jayanagar,Delivered,4,Overall great experience. Prompt service.,270,DP_166
OD11701,CUST2227,Burger Bistro,Spicy Paneer Wrap,Fast Food,2026-05-07 19:20:29,31,Jayanagar,Delivered,4,Satisfied with the delivery speed and quality.,230,DP_175
OD11702,CUST2031,Royal Biryani House,Veg Hyderabadi Biryani,Biryani & Mughlai,2026-05-21 12:42:09,46,Marathahalli,Delivered,1,Worst service! Delivered extremely late and completely cold.,330,DP_187
OD11703,CUST2660,Cafe Daybreak,Iced Latte,Continental & Beverages,2026-04-27 21:08:38,43,BTM Layout,Delivered,3,Average food. Nothing special.,190,DP_151
OD11704,CUST2995,Bella Italia,Chicken Alfredo Pasta,Italian,2026-04-29 15:34:59,21,HSR Layout,Delivered,5,Best meal ever. Highly recommended!,390,DP_116
OD11705,CUST2784,Tandoori Nights,Paneer Tikka,North Indian,2026-05-01 21:48:02,67,Whitefield,Delivered,1,Unprofessional delivery partner. Very bad experience.,300,DP_116
OD11706,CUST2016,Royal Biryani House,Mutton Biryani,Biryani & Mughlai,2026-04-28 10:15:41,28,Whitefield,Delivered,4,Satisfied with the delivery speed and quality.,470,DP_128
OD11707,CUST2174,Tandoori Nights,Chicken Seekh Kebab,North Indian,2026-05-15 19:27:06,55,BTM Layout,Delivered,2,The item delivered was incorrect and lukewarm.,330,DP_119
OD11708,CUST3009,The Golden Dosa,Filter Coffee & Upma,South Indian,2026-05-06 00:28:37,,HSR Layout,Cancelled,,Restaurant could not prepare food in time,150,DP_130
OD11709,CUST2586,Burger Bistro,Crispy Chicken Burger,Fast Food,2026-05-09 19:29:29,49,Koramangala,Delivered,3,"Food was okay, but delivery took some time.",240,DP_137
OD11710,CUST2910,Spice Symphony,Butter Chicken & Naan,North Indian,2026-05-16 20:06:58,77,Koramangala,Delivered,1,Unprofessional delivery partner. Very bad experience.,390,DP_186
OD11711,CUST2120,Burger Bistro,Crispy Chicken Burger,Fast Food,2026-04-27 20:10:35,46,Koramangala,Delivered,4,"Tasty food, standard delivery. Satisfactory.",260,DP_190
OD11712,CUST2152,Tandoori Nights,Chicken Seekh Kebab,North Indian,2026-04-30 15:40:35,21,Malleshwaram,Delivered,5,Best meal ever. Highly recommended!,340,DP_104
OD11713,CUST2419,Burger Bistro,Crispy Chicken Burger,Fast Food,2026-04-30 19:37:09,47,Koramangala,Delivered,3,Prompt delivery but taste was average.,240,DP_118
OD11714,CUST2753,The Salad Bowl,Quinoa Avocado Salad,Healthy & Salads,2026-05-24 12:19:12,41,Indiranagar,Delivered,2,"Too spicy, couldn't eat it. Disappointed.",660,DP_106
OD11715,CUST3167,Cafe Daybreak,Classic Cold Coffee,Continental & Beverages,2026-05-19 20:13:09,38,Jayanagar,Delivered,4,Satisfied with the delivery speed and quality.,330,DP_156
OD11716,CUST2779,Tandoori Nights,Paneer Tikka,North Indian,2026-05-14 20:06:31,56,Whitefield,Delivered,2,Delivery took almost an hour. Unhappy.,330,DP_188
OD11717,CUST2431,Cafe Daybreak,Iced Latte,Continental & Beverages,2026-05-18 21:52:24,57,Marathahalli,Delivered,2,"Not worth the price, portion was very small.",180,DP_121
OD11718,CUST2452,Burger Bistro,Classic Cheese Burger & Fries,Fast Food,2026-05-05 13:22:14,57,Whitefield,Delivered,1,Missing items in my order and food was cold. Avoid this place!,530,DP_163
OD11719,CUST3257,Sweet Retreat,Sizzling Brownie,Desserts,2026-05-15 16:10:17,22,Jayanagar,Delivered,5,Outstanding quality! Will definitely order again.,230,DP_191
OD11720,CUST2645,Spice Symphony,Tandoori Chicken Half,North Indian,2026-05-14 22:54:07,39,HSR Layout,Delivered,4,Satisfied with the delivery speed and quality.,430,DP_187
OD11721,CUST3457,Sweet Retreat,Red Velvet Pastry,Desserts,2026-05-19 06:28:37,42,Whitefield,Delivered,1,Worst service! Delivered extremely late and completely cold.,180,DP_133
OD11722,CUST2269,Tandoori Nights,Chicken Seekh Kebab,North Indian,2026-05-02 12:12:18,48,Malleshwaram,Delivered,1,Awful experience! Delayed by over an hour and no response.,350,DP_160
OD11723,CUST3162,Sweet Retreat,Red Velvet Pastry,Desserts,2026-04-28 17:13:14,19,HSR Layout,Delivered,5,Outstanding quality! Will definitely order again.,190,DP_112
OD11724,CUST2498,Wok & Roll,Chilli Chicken Gravy,Chinese & Asian,2026-05-26 19:45:17,57,Marathahalli,Delivered,1,Missing items in my order and food was cold. Avoid this place!,310,DP_109
OD11725,CUST2025,The Salad Bowl,Quinoa Avocado Salad,Healthy & Salads,2026-05-24 21:51:33,59,BTM Layout,Delivered,1,The food tasted stale and horrible! Threw it in the trash.,350,DP_126
OD11726,CUST2056,Spice Symphony,Kadhai Paneer with Roti,North Indian,2026-05-23 13:55:34,72,Whitefield,Delivered,1,Missing items in my order and food was cold. Avoid this place!,350,DP_127
OD11727,CUST2047,Cafe Daybreak,Iced Latte,Continental & Beverages,2026-05-20 19:44:13,51,BTM Layout,Delivered,3,Portion size was small for the price.,370,DP_102
OD11728,CUST2891,Tandoori Nights,Paneer Tikka,North Indian,2026-05-05 19:53:03,36,Koramangala,Delivered,4,Good taste and neat packaging.,320,DP_125
OD11729,CUST3155,Wok & Roll,Schezwan Noodles,Chinese & Asian,2026-05-25 14:25:07,35,Malleshwaram,Delivered,5,"Delivered way before time, packaging was excellent!",250,DP_145
OD11730,CUST3044,Tandoori Nights,Chicken Seekh Kebab,North Indian,2026-04-28 13:04:22,41,BTM Layout,Delivered,3,Portion size was small for the price.,330,DP_150
OD11731,CUST2392,Cafe Daybreak,Club Sandwich,Continental & Beverages,2026-05-11 13:32:03,44,Whitefield,Delivered,3,Portion size was small for the price.,240,DP_106
OD11732,CUST2782,Bella Italia,Farmhouse Veg Pizza,Italian,2026-04-28 09:59:38,27,Indiranagar,Delivered,4,Satisfied with the delivery speed and quality.,470,DP_120
OD11733,CUST3242,Cafe Daybreak,Classic Cold Coffee,Continental & Beverages,2026-04-30 17:06:23,31,BTM Layout,Delivered,4,Good taste and neat packaging.,180,DP_155
OD11734,CUST3165,Tandoori Nights,Tandoori Roti Combo,North Indian,2026-05-15 20:33:12,68,Whitefield,Delivered,1,Worst service! Delivered extremely late and completely cold.,410,DP_121
OD11735,CUST2682,Cafe Daybreak,Iced Latte,Continental & Beverages,2026-05-14 08:22:27,33,Marathahalli,Delivered,4,Overall great experience. Prompt service.,200,DP_157
OD11736,CUST2491,Wok & Roll,Veg Spring Rolls (6 pcs),Chinese & Asian,2026-05-09 15:09:06,36,Malleshwaram,Delivered,5,"Perfect taste, clean packaging, and polite delivery partner.",190,DP_200
OD11737,CUST2677,Cafe Daybreak,Hot Chocolate,Continental & Beverages,2026-05-16 21:00:52,62,Whitefield,Delivered,1,Missing items in my order and food was cold. Avoid this place!,390,DP_101
OD11738,CUST2367,Sweet Retreat,Sizzling Brownie,Desserts,2026-04-29 19:51:47,39,Indiranagar,Delivered,4,Overall great experience. Prompt service.,210,DP_122
OD11739,CUST2874,The Golden Dosa,Idli Vada Combo,South Indian,2026-05-26 01:58:36,31,Malleshwaram,Delivered,4,"Tasty food, but could be a bit warmer.",150,DP_117
OD11740,CUST3138,Royal Biryani House,Egg Biryani,Biryani & Mughlai,2026-05-20 22:07:07,32,Jayanagar,Delivered,4,Decent portion size and good taste. Recommended.,310,DP_118
OD11741,CUST2799,Wok & Roll,Veg Hakka Noodles,Chinese & Asian,2026-05-26 09:04:03,29,HSR Layout,Delivered,5,"Perfect taste, clean packaging, and polite delivery partner.",240,DP_192
OD11742,CUST2595,Sweet Retreat,Red Velvet Pastry,Desserts,2026-05-18 18:52:44,21,Malleshwaram,Delivered,4,"Tasty food, standard delivery. Satisfactory.",320,DP_161
OD11743,CUST2875,The Golden Dosa,Filter Coffee & Upma,South Indian,2026-05-08 20:27:22,63,BTM Layout,Delivered,1,Awful experience! Delayed by over an hour and no response.,160,DP_152
OD11744,CUST3396,The Salad Bowl,Fresh Fruit Bowl,Healthy & Salads,2026-05-05 05:39:45,35,Marathahalli,Delivered,3,"Food was okay, but delivery took some time.",390,DP_120
OD11745,CUST3382,The Salad Bowl,High-Protein Chicken Salad,Healthy & Salads,2026-05-19 12:53:05,55,Koramangala,Delivered,2,"Not worth the price, portion was very small.",340,DP_198
OD11746,CUST2044,Burger Bistro,Spicy Paneer Wrap,Fast Food,2026-05-21 10:31:50,22,Koramangala,Delivered,5,"Amazing food, super fast delivery!",210,DP_111
OD11747,CUST2142,The Salad Bowl,Quinoa Avocado Salad,Healthy & Salads,2026-05-01 15:35:36,54,Whitefield,Delivered,2,Taste was disappointing. Packaging was leaked.,340,DP_186
OD11748,CUST2417,Wok & Roll,Schezwan Noodles,Chinese & Asian,2026-05-25 09:11:06,19,Jayanagar,Delivered,5,"Extremely satisfied, delivered hot and fresh!",260,DP_174
OD11749,CUST2788,Wok & Roll,Veg Spring Rolls (6 pcs),Chinese & Asian,2026-05-18 21:51:09,35,Indiranagar,Delivered,3,Packaging could have been better. Average taste.,370,DP_127
OD11750,CUST2867,Burger Bistro,Crispy Chicken Burger,Fast Food,2026-05-14 14:54:56,33,HSR Layout,Delivered,5,"Amazing food, super fast delivery!",240,DP_193
OD11751,CUST3412,Royal Biryani House,Chicken Dum Biryani,Biryani & Mughlai,2026-05-18 20:50:01,46,Marathahalli,Delivered,3,"Food was okay, but delivery took some time.",350,DP_112
OD11752,CUST2294,Sweet Retreat,Chocolate Lava Cake,Desserts,2026-05-25 19:46:12,74,Whitefield,Delivered,1,Awful experience! Delayed by over an hour and no response.,170,DP_141
OD11753,CUST2412,Spice Symphony,Butter Chicken & Naan,North Indian,2026-05-15 07:52:38,46,Whitefield,Delivered,2,Delivery took almost an hour. Unhappy.,720,DP_109
OD11754,CUST3089,Spice Symphony,Paneer Butter Masala Meal,North Indian,2026-05-05 08:34:56,26,HSR Layout,Delivered,4,Good taste and neat packaging.,350,DP_180
OD11755,CUST2538,Wok & Roll,Chilli Chicken Gravy,Chinese & Asian,2026-05-10 15:34:58,31,Indiranagar,Delivered,5,"Perfect taste, clean packaging, and polite delivery partner.",300,DP_166
OD11756,CUST2879,Cafe Daybreak,Club Sandwich,Continental & Beverages,2026-05-25 20:16:49,55,Malleshwaram,Delivered,3,Average food. Nothing special.,250,DP_101
OD11757,CUST2075,Burger Bistro,Loaded Nachos,Fast Food,2026-05-16 16:59:12,50,Malleshwaram,Delivered,4,Decent portion size and good taste. Recommended.,470,DP_180
OD11758,CUST2256,Bella Italia,Chicken Alfredo Pasta,Italian,2026-05-10 20:22:41,53,Indiranagar,Delivered,3,The food was decent but arrived a bit cold.,390,DP_197
OD11759,CUST2202,Cafe Daybreak,Paneer Tikka Sandwich,Continental & Beverages,2026-05-14 21:13:26,74,Whitefield,Delivered,1,Worst service! Delivered extremely late and completely cold.,220,DP_156
OD11760,CUST2180,The Salad Bowl,Quinoa Avocado Salad,Healthy & Salads,2026-05-02 12:27:27,42,Malleshwaram,Delivered,3,Packaging could have been better. Average taste.,370,DP_166
OD11761,CUST2666,Royal Biryani House,Mutton Biryani,Biryani & Mughlai,2026-05-15 19:51:20,51,Koramangala,Delivered,3,Portion size was small for the price.,470,DP_118
OD11762,CUST3236,Sweet Retreat,Sizzling Brownie,Desserts,2026-05-08 22:34:01,53,Marathahalli,Delivered,4,Satisfied with the delivery speed and quality.,210,DP_104
OD11763,CUST2676,Sweet Retreat,Kulfi Falooda,Desserts,2026-05-01 19:55:22,,BTM Layout,Cancelled,,Restaurant could not prepare food in time,150,DP_145
OD11764,CUST3095,Cafe Daybreak,Paneer Tikka Sandwich,Continental & Beverages,2026-05-06 18:02:03,19,Marathahalli,Delivered,5,"Extremely satisfied, delivered hot and fresh!",210,DP_200
OD11765,CUST2553,Tandoori Nights,Paneer Tikka,North Indian,2026-05-25 18:40:29,18,Indiranagar,Delivered,4,Decent portion size and good taste. Recommended.,330,DP_181
OD11766,CUST2402,Spice Symphony,Butter Chicken & Naan,North Indian,2026-04-27 08:32:25,19,Indiranagar,Delivered,4,Good taste and neat packaging.,380,DP_164
OD11767,CUST2823,Tandoori Nights,Malai Kofta & Lachha Paratha,North Indian,2026-05-24 12:38:13,44,Koramangala,Delivered,4,Satisfied with the delivery speed and quality.,360,DP_182
OD11768,CUST3309,Wok & Roll,Veg Hakka Noodles,Chinese & Asian,2026-05-25 14:45:27,43,HSR Layout,Delivered,3,The food was decent but arrived a bit cold.,480,DP_134
OD11769,CUST3301,Bella Italia,Margherita Pizza 10-inch,Italian,2026-05-22 20:51:41,57,Jayanagar,Delivered,1,Missing items in my order and food was cold. Avoid this place!,420,DP_140
OD11770,CUST2524,Spice Symphony,Tandoori Chicken Half,North Indian,2026-05-08 19:16:23,56,Whitefield,Delivered,1,"Terrible experience, food was completely spilled inside the bag.",430,DP_133
OD11771,CUST3099,The Salad Bowl,High-Protein Chicken Salad,Healthy & Salads,2026-05-24 13:12:50,42,Jayanagar,Delivered,1,Awful experience! Delayed by over an hour and no response.,610,DP_172
OD11772,CUST2328,The Salad Bowl,Greek Salad,Healthy & Salads,2026-05-13 13:09:01,35,Malleshwaram,Delivered,4,Decent portion size and good taste. Recommended.,280,DP_161
OD11773,CUST2596,Wok & Roll,Chicken Fried Rice & Manchurian,Chinese & Asian,2026-05-16 19:42:53,46,Jayanagar,Delivered,4,Good taste and neat packaging.,340,DP_139
OD11774,CUST3483,Bella Italia,Veg Arrabiata Penne Pasta,Italian,2026-04-28 19:34:17,,BTM Layout,Cancelled,,Delivery partner could not be assigned due to heavy rain,350,DP_160
OD11775,CUST2017,Spice Symphony,Tandoori Chicken Half,North Indian,2026-05-21 19:12:36,41,Indiranagar,Delivered,2,"Too spicy, couldn't eat it. Disappointed.",410,DP_190
OD11776,CUST3209,Burger Bistro,Spicy Paneer Wrap,Fast Food,2026-05-18 00:35:59,21,Indiranagar,Delivered,5,"Extremely satisfied, delivered hot and fresh!",220,DP_109
OD11777,CUST2226,Burger Bistro,Classic Cheese Burger & Fries,Fast Food,2026-05-07 06:11:35,19,Koramangala,Delivered,4,"Tasty food, but could be a bit warmer.",260,DP_140
OD11778,CUST2951,Tandoori Nights,Malai Kofta & Lachha Paratha,North Indian,2026-05-21 18:54:53,27,Marathahalli,Delivered,4,Good taste and neat packaging.,360,DP_125
OD11779,CUST2229,Royal Biryani House,Mutton Biryani,Biryani & Mughlai,2026-05-24 12:22:11,50,Malleshwaram,Delivered,2,Delivery took almost an hour. Unhappy.,470,DP_134
OD11780,CUST2228,Spice Symphony,Kadhai Paneer with Roti,North Indian,2026-05-14 20:22:22,30,Jayanagar,Delivered,4,Good taste and neat packaging.,340,DP_144
OD11781,CUST3237,The Golden Dosa,Filter Coffee & Upma,South Indian,2026-05-18 21:19:22,63,Marathahalli,Delivered,1,Worst service! Delivered extremely late and completely cold.,130,DP_141
OD11782,CUST2856,Royal Biryani House,Egg Biryani,Biryani & Mughlai,2026-05-03 13:16:24,55,Koramangala,Delivered,3,Packaging could have been better. Average taste.,280,DP_118
OD11783,CUST3473,Royal Biryani House,Egg Biryani,Biryani & Mughlai,2026-05-10 06:16:33,40,Koramangala,Delivered,5,"Delivered way before time, packaging was excellent!",280,DP_166
OD11784,CUST2122,The Salad Bowl,Fresh Fruit Bowl,Healthy & Salads,2026-05-22 21:59:39,55,Marathahalli,Delivered,4,Overall great experience. Prompt service.,230,DP_110
OD11785,CUST3477,Tandoori Nights,Butter Chicken Combo Meal,North Indian,2026-05-19 20:28:14,46,Koramangala,Delivered,3,Prompt delivery but taste was average.,390,DP_123
OD11786,CUST3139,Cafe Daybreak,Club Sandwich,Continental & Beverages,2026-04-29 20:41:09,46,Indiranagar,Delivered,3,Portion size was small for the price.,250,DP_119
OD11787,CUST2095,Royal Biryani House,Chicken Tikka Biryani,Biryani & Mughlai,2026-05-05 11:23:49,27,Marathahalli,Delivered,4,Good taste and neat packaging.,390,DP_157
OD11788,CUST2226,Burger Bistro,Spicy Paneer Wrap,Fast Food,2026-05-03 21:33:54,74,Whitefield,Delivered,1,Worst service! Delivered extremely late and completely cold.,220,DP_183
OD11789,CUST2079,Royal Biryani House,Chicken Tikka Biryani,Biryani & Mughlai,2026-04-30 14:26:09,35,Koramangala,Delivered,4,Overall great experience. Prompt service.,380,DP_187
OD11790,CUST2132,Sweet Retreat,Red Velvet Pastry,Desserts,2026-05-01 20:05:47,53,Indiranagar,Delivered,3,Average food. Nothing special.,320,DP_194
OD11791,CUST3216,Cafe Daybreak,Iced Latte,Continental & Beverages,2026-05-11 12:29:27,35,Malleshwaram,Delivered,4,"Tasty food, standard delivery. Satisfactory.",180,DP_115
OD11792,CUST2925,Sweet Retreat,Chocolate Lava Cake,Desserts,2026-05-16 20:53:46,50,Koramangala,Delivered,3,Average food. Nothing special.,180,DP_148
OD11793,CUST2364,Spice Symphony,Paneer Butter Masala Meal,North Indian,2026-05-13 13:31:35,38,Indiranagar,Delivered,3,"Food was okay, but delivery took some time.",370,DP_128
OD11794,CUST3218,Burger Bistro,Loaded Nachos,Fast Food,2026-05-17 20:17:00,74,Whitefield,Delivered,1,Worst service! Delivered extremely late and completely cold.,270,DP_135
OD11795,CUST3099,Royal Biryani House,Mutton Biryani,Biryani & Mughlai,2026-05-25 13:35:42,27,HSR Layout,Delivered,4,Good taste and neat packaging.,470,DP_158
OD11796,CUST2500,Wok & Roll,Schezwan Noodles,Chinese & Asian,2026-05-02 12:06:15,45,HSR Layout,Delivered,2,"Too spicy, couldn't eat it. Disappointed.",250,DP_147
OD11797,CUST3404,The Golden Dosa,Onion Uttapam,South Indian,2026-05-23 01:34:36,61,Koramangala,Delivered,1,"Terrible experience, food was completely spilled inside the bag.",180,DP_184
OD11798,CUST2026,Sweet Retreat,Kulfi Falooda,Desserts,2026-05-10 18:02:02,21,Indiranagar,Delivered,5,"Amazing food, super fast delivery!",170,DP_146
OD11799,CUST2971,Spice Symphony,Tandoori Chicken Half,North Indian,2026-05-08 21:01:50,54,Marathahalli,Delivered,3,Average food. Nothing special.,410,DP_114
OD11800,CUST3197,The Golden Dosa,Filter Coffee & Upma,South Indian,2026-05-26 14:38:30,35,HSR Layout,Delivered,3,Prompt delivery but taste was average.,150,DP_179
OD11801,CUST2382,Sweet Retreat,Sizzling Brownie,Desserts,2026-05-20 20:07:44,40,BTM Layout,Delivered,4,Good taste and neat packaging.,210,DP_197
OD11802,CUST2276,The Salad Bowl,Greek Salad,Healthy & Salads,2026-04-27 14:31:13,38,Malleshwaram,Delivered,3,Average food. Nothing special.,510,DP_113
OD11803,CUST2340,Royal Biryani House,Mutton Biryani,Biryani & Mughlai,2026-04-29 13:50:25,41,BTM Layout,Delivered,3,Portion size was small for the price.,490,DP_123
OD11804,CUST3393,The Golden Dosa,Masala Dosa with Sambar,South Indian,2026-05-18 13:40:42,31,Koramangala,Delivered,5,Best meal ever. Highly recommended!,290,DP_148
OD11805,CUST3090,The Salad Bowl,Quinoa Avocado Salad,Healthy & Salads,2026-04-27 21:24:20,48,BTM Layout,Delivered,1,Worst service! Delivered extremely late and completely cold.,690,DP_169
OD11806,CUST2444,The Salad Bowl,Fresh Fruit Bowl,Healthy & Salads,2026-05-05 19:31:43,57,Whitefield,Delivered,2,Delivery took almost an hour. Unhappy.,210,DP_152
OD11807,CUST3181,Royal Biryani House,Mutton Biryani,Biryani & Mughlai,2026-05-02 18:03:24,32,Marathahalli,Delivered,3,Average food. Nothing special.,470,DP_177
OD11808,CUST2773,Royal Biryani House,Chicken Tikka Biryani,Biryani & Mughlai,2026-05-13 12:30:07,35,Whitefield,Delivered,4,Satisfied with the delivery speed and quality.,410,DP_103
OD11809,CUST3336,Spice Symphony,Tandoori Chicken Half,North Indian,2026-05-20 20:46:33,36,Jayanagar,Delivered,4,Decent portion size and good taste. Recommended.,430,DP_174
OD11810,CUST2117,Burger Bistro,Crispy Chicken Burger,Fast Food,2026-04-30 10:34:54,24,BTM Layout,Delivered,5,"Delivered way before time, packaging was excellent!",450,DP_143
OD11811,CUST3270,Cafe Daybreak,Club Sandwich,Continental & Beverages,2026-05-12 12:51:43,50,Marathahalli,Delivered,3,Average food. Nothing special.,650,DP_153
OD11812,CUST2345,Tandoori Nights,Tandoori Roti Combo,North Indian,2026-05-11 21:47:55,48,BTM Layout,Delivered,3,Packaging could have been better. Average taste.,580,DP_114
OD11813,CUST3149,Cafe Daybreak,Club Sandwich,Continental & Beverages,2026-05-19 20:41:37,37,Indiranagar,Delivered,5,Outstanding quality! Will definitely order again.,240,DP_151
OD11814,CUST3317,Spice Symphony,Tandoori Chicken Half,North Indian,2026-05-22 20:10:07,70,BTM Layout,Delivered,1,The food tasted stale and horrible! Threw it in the trash.,430,DP_129
OD11815,CUST2158,Sweet Retreat,Kulfi Falooda,Desserts,2026-04-28 20:02:19,44,Indiranagar,Delivered,3,Portion size was small for the price.,300,DP_132
OD11816,CUST2761,Cafe Daybreak,Hot Chocolate,Continental & Beverages,2026-05-25 22:55:15,63,Koramangala,Delivered,1,Awful experience! Delayed by over an hour and no response.,210,DP_120
OD11817,CUST2316,Royal Biryani House,Veg Hyderabadi Biryani,Biryani & Mughlai,2026-05-22 13:53:38,46,HSR Layout,Delivered,1,The food tasted stale and horrible! Threw it in the trash.,320,DP_142
OD11818,CUST2218,Royal Biryani House,Mutton Biryani,Biryani & Mughlai,2026-05-14 15:36:38,18,Jayanagar,Delivered,5,"Delivered way before time, packaging was excellent!",470,DP_146
OD11819,CUST2516,Burger Bistro,Crispy Chicken Burger,Fast Food,2026-04-28 19:00:57,41,Malleshwaram,Delivered,3,Prompt delivery but taste was average.,260,DP_177
OD11820,CUST2095,Tandoori Nights,Tandoori Roti Combo,North Indian,2026-05-22 19:29:08,42,Jayanagar,Delivered,3,The food was decent but arrived a bit cold.,220,DP_194
OD11821,CUST2386,Burger Bistro,Classic Cheese Burger & Fries,Fast Food,2026-05-03 12:39:30,56,Whitefield,Delivered,2,The item delivered was incorrect and lukewarm.,260,DP_155
OD11822,CUST2464,Bella Italia,Margherita Pizza 10-inch,Italian,2026-05-17 12:10:47,38,Jayanagar,Delivered,3,"Food was okay, but delivery took some time.",410,DP_113
OD11823,CUST2481,The Salad Bowl,High-Protein Chicken Salad,Healthy & Salads,2026-05-14 10:50:19,16,Jayanagar,Delivered,3,Portion size was small for the price.,310,DP_135
OD11824,CUST2319,Spice Symphony,Paneer Butter Masala Meal,North Indian,2026-05-21 14:44:38,37,Jayanagar,Delivered,3,Average food. Nothing special.,350,DP_157
OD11825,CUST3369,Cafe Daybreak,Paneer Tikka Sandwich,Continental & Beverages,2026-05-05 01:51:36,18,Jayanagar,Delivered,5,"Delivered way before time, packaging was excellent!",230,DP_114
OD11826,CUST3270,The Golden Dosa,Idli Vada Combo,South Indian,2026-05-17 11:53:20,30,Koramangala,Delivered,3,Packaging could have been better. Average taste.,140,DP_188
OD11827,CUST2156,The Golden Dosa,Masala Dosa with Sambar,South Indian,2026-05-16 13:47:36,43,HSR Layout,Delivered,2,"Not worth the price, portion was very small.",160,DP_105
OD11828,CUST3195,The Salad Bowl,Fresh Fruit Bowl,Healthy & Salads,2026-05-04 13:24:05,35,Jayanagar,Delivered,4,"Tasty food, but could be a bit warmer.",210,DP_112
OD11829,CUST3247,Spice Symphony,Kadhai Paneer with Roti,North Indian,2026-05-17 19:09:18,48,Indiranagar,Delivered,3,Packaging could have been better. Average taste.,350,DP_149
OD11830,CUST2392,Wok & Roll,Schezwan Noodles,Chinese & Asian,2026-05-05 12:23:06,,BTM Layout,Cancelled,,Item out of stock at restaurant,260,DP_156
OD11831,CUST2522,Spice Symphony,Kadhai Paneer with Roti,North Indian,2026-05-02 13:46:35,44,HSR Layout,Delivered,3,"Food was okay, but delivery took some time.",350,DP_150
OD11832,CUST2697,Spice Symphony,Kadhai Paneer with Roti,North Indian,2026-05-24 19:57:59,,Marathahalli,Cancelled,,Customer cancelled the order,650,DP_178
OD11833,CUST2983,Spice Symphony,Paneer Butter Masala Meal,North Indian,2026-05-03 14:06:53,35,Malleshwaram,Delivered,3,Prompt delivery but taste was average.,370,DP_152
OD11834,CUST2413,Spice Symphony,Butter Chicken & Naan,North Indian,2026-05-14 18:29:13,29,Jayanagar,Delivered,4,"Tasty food, standard delivery. Satisfactory.",390,DP_137
OD11835,CUST2773,Cafe Daybreak,Paneer Tikka Sandwich,Continental & Beverages,2026-05-10 20:29:44,45,Indiranagar,Delivered,2,Food was cold when it arrived.,230,DP_156
OD11836,CUST2166,Spice Symphony,Paneer Butter Masala Meal,North Indian,2026-05-19 22:28:06,50,Marathahalli,Delivered,2,Food was cold when it arrived.,360,DP_151
OD11837,CUST3337,Burger Bistro,Classic Cheese Burger & Fries,Fast Food,2026-05-18 09:31:42,32,Jayanagar,Delivered,4,"Tasty food, but could be a bit warmer.",290,DP_134
OD11838,CUST2582,Wok & Roll,Schezwan Noodles,Chinese & Asian,2026-05-07 06:59:17,19,Marathahalli,Delivered,4,Satisfied with the delivery speed and quality.,280,DP_198
OD11839,CUST3449,Tandoori Nights,Paneer Tikka,North Indian,2026-05-23 20:57:16,51,HSR Layout,Delivered,2,"Too spicy, couldn't eat it. Disappointed.",320,DP_172
OD11840,CUST2679,Sweet Retreat,Chocolate Lava Cake,Desserts,2026-05-07 07:55:43,35,Whitefield,Delivered,2,"Not worth the price, portion was very small.",160,DP_169
OD11841,CUST2354,The Salad Bowl,High-Protein Chicken Salad,Healthy & Salads,2026-05-21 20:33:41,38,Jayanagar,Delivered,3,The food was decent but arrived a bit cold.,310,DP_174
OD11842,CUST2790,Wok & Roll,Schezwan Noodles,Chinese & Asian,2026-05-23 09:49:05,33,HSR Layout,Delivered,5,"Delivered way before time, packaging was excellent!",260,DP_157
OD11843,CUST3329,Wok & Roll,Veg Hakka Noodles,Chinese & Asian,2026-05-24 21:31:29,68,Marathahalli,Delivered,1,Missing items in my order and food was cold. Avoid this place!,260,DP_168
OD11844,CUST2301,Spice Symphony,Paneer Butter Masala Meal,North Indian,2026-05-18 13:40:38,39,Jayanagar,Delivered,4,"Tasty food, but could be a bit warmer.",350,DP_152
OD11845,CUST2215,Cafe Daybreak,Club Sandwich,Continental & Beverages,2026-05-08 17:26:05,31,Malleshwaram,Delivered,5,"Amazing food, super fast delivery!",240,DP_192
OD11846,CUST2915,Bella Italia,Veg Arrabiata Penne Pasta,Italian,2026-05-10 12:26:56,44,HSR Layout,Delivered,2,Taste was disappointing. Packaging was leaked.,670,DP_150
OD11847,CUST3258,Cafe Daybreak,Classic Cold Coffee,Continental & Beverages,2026-05-12 22:54:23,38,Jayanagar,Delivered,5,"Delivered way before time, packaging was excellent!",200,DP_188
OD11848,CUST3460,Burger Bistro,Crispy Chicken Burger,Fast Food,2026-05-11 20:56:52,42,Indiranagar,Delivered,3,Prompt delivery but taste was average.,240,DP_197
OD11849,CUST2974,Bella Italia,Margherita Pizza 10-inch,Italian,2026-05-24 18:29:22,37,Koramangala,Delivered,5,"Amazing food, super fast delivery!",410,DP_140
OD11850,CUST2650,Sweet Retreat,Red Velvet Pastry,Desserts,2026-05-15 07:02:41,40,Indiranagar,Delivered,4,Overall great experience. Prompt service.,180,DP_174
OD11851,CUST2816,Burger Bistro,Loaded Nachos,Fast Food,2026-05-07 13:51:21,47,BTM Layout,Delivered,1,Awful experience! Delayed by over an hour and no response.,260,DP_147
OD11852,CUST2267,The Salad Bowl,Greek Salad,Healthy & Salads,2026-04-28 13:01:54,34,Koramangala,Delivered,4,"Tasty food, standard delivery. Satisfactory.",710,DP_109
OD11853,CUST2741,The Salad Bowl,Caesar Salad,Healthy & Salads,2026-04-29 09:06:43,29,Marathahalli,Delivered,4,Overall great experience. Prompt service.,290,DP_165
OD11854,CUST2823,The Salad Bowl,Caesar Salad,Healthy & Salads,2026-05-10 21:32:41,54,BTM Layout,Delivered,3,Prompt delivery but taste was average.,280,DP_166
OD11855,CUST2843,The Salad Bowl,Greek Salad,Healthy & Salads,2026-04-27 20:45:08,53,Marathahalli,Delivered,4,"Tasty food, standard delivery. Satisfactory.",260,DP_152
OD11856,CUST3268,The Golden Dosa,Rava Kesari & Dosa Combo,South Indian,2026-04-27 20:36:45,44,HSR Layout,Delivered,3,Packaging could have been better. Average taste.,180,DP_164
OD11857,CUST3394,Wok & Roll,Veg Spring Rolls (6 pcs),Chinese & Asian,2026-04-29 13:22:04,51,Whitefield,Delivered,3,Portion size was small for the price.,190,DP_112
OD11858,CUST2924,Wok & Roll,Chicken Fried Rice & Manchurian,Chinese & Asian,2026-05-20 20:21:10,38,Jayanagar,Delivered,5,"Extremely satisfied, delivered hot and fresh!",310,DP_159
OD11859,CUST3241,Bella Italia,Veg Arrabiata Penne Pasta,Italian,2026-05-04 20:30:41,64,Whitefield,Delivered,1,Missing items in my order and food was cold. Avoid this place!,340,DP_146
OD11860,CUST2848,Bella Italia,Farmhouse Veg Pizza,Italian,2026-05-03 21:04:32,58,Whitefield,Delivered,1,Missing items in my order and food was cold. Avoid this place!,440,DP_102
OD11861,CUST2652,Cafe Daybreak,Club Sandwich,Continental & Beverages,2026-05-19 11:35:38,37,Marathahalli,Delivered,5,"Delivered way before time, packaging was excellent!",250,DP_144
OD11862,CUST3071,Bella Italia,Margherita Pizza 10-inch,Italian,2026-05-22 18:56:55,38,Koramangala,Delivered,5,"Delivered way before time, packaging was excellent!",810,DP_149
OD11863,CUST2421,The Golden Dosa,Filter Coffee & Upma,South Indian,2026-05-19 20:46:03,51,Whitefield,Delivered,3,"Food was okay, but delivery took some time.",130,DP_169
OD11864,CUST3441,Tandoori Nights,Paneer Tikka,North Indian,2026-05-16 21:36:29,61,Whitefield,Delivered,1,The food tasted stale and horrible! Threw it in the trash.,310,DP_198
OD11865,CUST2968,Wok & Roll,Schezwan Noodles,Chinese & Asian,2026-05-09 09:15:05,36,Marathahalli,Delivered,5,"Amazing food, super fast delivery!",250,DP_183
OD11866,CUST2657,Wok & Roll,Veg Hakka Noodles,Chinese & Asian,2026-05-11 17:05:42,48,Koramangala,Delivered,2,Delivery took almost an hour. Unhappy.,260,DP_107
OD11867,CUST3258,Cafe Daybreak,Hot Chocolate,Continental & Beverages,2026-05-10 20:45:27,85,Whitefield,Delivered,1,"Terrible experience, food was completely spilled inside the bag.",210,DP_196
OD11868,CUST2377,Tandoori Nights,Butter Chicken Combo Meal,North Indian,2026-05-24 21:17:21,53,HSR Layout,Delivered,1,Worst service! Delivered extremely late and completely cold.,410,DP_108
OD11869,CUST2047,The Salad Bowl,Caesar Salad,Healthy & Salads,2026-05-09 20:05:01,,Indiranagar,Cancelled,,Item out of stock at restaurant,530,DP_197
OD11870,CUST3304,Royal Biryani House,Mutton Biryani,Biryani & Mughlai,2026-04-30 15:09:26,26,HSR Layout,Delivered,3,Portion size was small for the price.,480,DP_120
OD11871,CUST3307,The Salad Bowl,Quinoa Avocado Salad,Healthy & Salads,2026-05-15 20:09:01,65,Whitefield,Delivered,2,Taste was disappointing. Packaging was leaked.,370,DP_181
OD11872,CUST2472,Royal Biryani House,Veg Hyderabadi Biryani,Biryani & Mughlai,2026-05-11 07:12:10,36,HSR Layout,Delivered,4,Overall great experience. Prompt service.,310,DP_104
OD11873,CUST3145,Burger Bistro,Loaded Nachos,Fast Food,2026-05-03 19:07:09,66,Marathahalli,Delivered,1,Unprofessional delivery partner. Very bad experience.,250,DP_112
OD11874,CUST3387,Cafe Daybreak,Club Sandwich,Continental & Beverages,2026-05-13 15:51:24,23,Indiranagar,Delivered,4,"Tasty food, but could be a bit warmer.",240,DP_137
OD11875,CUST2537,Spice Symphony,Tandoori Chicken Half,North Indian,2026-05-05 17:51:25,33,Marathahalli,Delivered,5,"Amazing food, super fast delivery!",420,DP_106
OD11876,CUST3300,Cafe Daybreak,Classic Cold Coffee,Continental & Beverages,2026-05-19 13:02:06,43,BTM Layout,Delivered,4,Decent portion size and good taste. Recommended.,200,DP_143
OD11877,CUST3145,Sweet Retreat,Kulfi Falooda,Desserts,2026-05-09 14:44:58,49,Whitefield,Delivered,4,"Tasty food, but could be a bit warmer.",180,DP_110
OD11878,CUST3212,Spice Symphony,Butter Chicken & Naan,North Indian,2026-04-27 21:30:53,53,Jayanagar,Delivered,4,Decent portion size and good taste. Recommended.,1080,DP_186
OD11879,CUST3261,Spice Symphony,Paneer Butter Masala Meal,North Indian,2026-05-21 20:16:54,49,Marathahalli,Delivered,2,Delivery took almost an hour. Unhappy.,350,DP_194
OD11880,CUST2631,The Golden Dosa,Filter Coffee & Upma,South Indian,2026-05-22 19:03:23,58,Whitefield,Delivered,1,Awful experience! Delayed by over an hour and no response.,130,DP_140
OD11881,CUST2838,Sweet Retreat,Red Velvet Pastry,Desserts,2026-05-01 20:25:31,53,Indiranagar,Delivered,2,"Not worth the price, portion was very small.",190,DP_172
OD11882,CUST2680,The Salad Bowl,Quinoa Avocado Salad,Healthy & Salads,2026-05-18 22:34:42,44,HSR Layout,Delivered,1,Worst service! Delivered extremely late and completely cold.,350,DP_121
OD11883,CUST3080,Wok & Roll,Chicken Fried Rice & Manchurian,Chinese & Asian,2026-05-25 18:21:27,26,Jayanagar,Delivered,3,The food was decent but arrived a bit cold.,320,DP_188
OD11884,CUST3015,Cafe Daybreak,Club Sandwich,Continental & Beverages,2026-05-22 19:30:17,48,Jayanagar,Delivered,4,Overall great experience. Prompt service.,260,DP_174
OD11885,CUST3303,Wok & Roll,Veg Hakka Noodles,Chinese & Asian,2026-05-18 20:21:38,49,HSR Layout,Delivered,2,"Not worth the price, portion was very small.",480,DP_165
OD11886,CUST2567,The Golden Dosa,Masala Dosa with Sambar,South Indian,2026-05-09 20:59:10,,BTM Layout,Cancelled,,Customer cancelled the order,160,DP_157
OD11887,CUST2247,The Golden Dosa,Filter Coffee & Upma,South Indian,2026-05-04 13:26:22,58,Marathahalli,Delivered,1,Worst service! Delivered extremely late and completely cold.,160,DP_110
OD11888,CUST3253,The Salad Bowl,Greek Salad,Healthy & Salads,2026-05-20 01:51:03,36,Whitefield,Delivered,5,"Amazing food, super fast delivery!",280,DP_145
OD11889,CUST2812,Wok & Roll,Veg Hakka Noodles,Chinese & Asian,2026-05-17 19:11:59,46,Jayanagar,Delivered,2,"Too spicy, couldn't eat it. Disappointed.",260,DP_119
OD11890,CUST2626,Tandoori Nights,Paneer Tikka,North Indian,2026-05-15 19:49:16,54,BTM Layout,Delivered,1,Worst service! Delivered extremely late and completely cold.,330,DP_184
OD11891,CUST2563,Spice Symphony,Paneer Butter Masala Meal,North Indian,2026-04-29 21:21:55,57,Whitefield,Delivered,1,Missing items in my order and food was cold. Avoid this place!,360,DP_157
OD11892,CUST2820,Sweet Retreat,Chocolate Lava Cake,Desserts,2026-05-10 21:22:15,47,HSR Layout,Delivered,3,The food was decent but arrived a bit cold.,320,DP_151
OD11893,CUST2826,Royal Biryani House,Egg Biryani,Biryani & Mughlai,2026-05-09 22:54:50,38,Jayanagar,Delivered,5,"Delivered way before time, packaging was excellent!",300,DP_180
OD11894,CUST2715,The Salad Bowl,Greek Salad,Healthy & Salads,2026-05-08 20:10:05,70,Marathahalli,Delivered,1,Awful experience! Delayed by over an hour and no response.,260,DP_142
OD11895,CUST3019,Sweet Retreat,Gulab Jamun (4 pcs),Desserts,2026-05-02 15:26:16,40,Whitefield,Delivered,4,Overall great experience. Prompt service.,230,DP_178
OD11896,CUST2810,Spice Symphony,Tandoori Chicken Half,North Indian,2026-05-23 14:42:50,46,Koramangala,Delivered,3,"Food was okay, but delivery took some time.",400,DP_178
OD11897,CUST3173,Bella Italia,Veg Arrabiata Penne Pasta,Italian,2026-05-02 14:43:06,46,BTM Layout,Delivered,2,The item delivered was incorrect and lukewarm.,350,DP_136
OD11898,CUST3169,Sweet Retreat,Gulab Jamun (4 pcs),Desserts,2026-05-21 13:57:02,33,Malleshwaram,Delivered,4,"Tasty food, standard delivery. Satisfactory.",150,DP_103
OD11899,CUST3451,Wok & Roll,Schezwan Noodles,Chinese & Asian,2026-05-18 18:21:55,31,BTM Layout,Delivered,4,Decent portion size and good taste. Recommended.,280,DP_173
OD11900,CUST2545,Tandoori Nights,Chicken Seekh Kebab,North Indian,2026-04-30 14:23:37,24,Malleshwaram,Delivered,5,"Extremely satisfied, delivered hot and fresh!",340,DP_160
OD11901,CUST3318,Bella Italia,Farmhouse Veg Pizza,Italian,2026-05-16 22:15:42,53,Koramangala,Delivered,3,Portion size was small for the price.,450,DP_185
OD11902,CUST2960,Cafe Daybreak,Hot Chocolate,Continental & Beverages,2026-05-05 19:46:40,34,Malleshwaram,Delivered,3,Portion size was small for the price.,190,DP_140
OD11903,CUST2958,Wok & Roll,Veg Spring Rolls (6 pcs),Chinese & Asian,2026-05-01 19:23:22,54,Indiranagar,Delivered,2,"Not worth the price, portion was very small.",190,DP_200
OD11904,CUST2742,Cafe Daybreak,Club Sandwich,Continental & Beverages,2026-05-22 21:33:49,41,Jayanagar,Delivered,3,The food was decent but arrived a bit cold.,260,DP_181
OD11905,CUST3342,Bella Italia,Farmhouse Veg Pizza,Italian,2026-05-05 15:37:28,50,Koramangala,Delivered,2,"Not worth the price, portion was very small.",440,DP_133
OD11906,CUST3476,Wok & Roll,Schezwan Noodles,Chinese & Asian,2026-05-15 14:02:33,57,Whitefield,Delivered,1,The food tasted stale and horrible! Threw it in the trash.,270,DP_164
OD11907,CUST3247,The Salad Bowl,Caesar Salad,Healthy & Salads,2026-05-18 06:54:02,28,Koramangala,Delivered,4,Decent portion size and good taste. Recommended.,290,DP_157
OD11908,CUST3324,Bella Italia,Garlic Bread with Cheese,Italian,2026-05-02 22:20:20,53,Koramangala,Delivered,3,"Food was okay, but delivery took some time.",200,DP_151
OD11909,CUST3362,Cafe Daybreak,Classic Cold Coffee,Continental & Beverages,2026-05-08 23:50:27,33,Malleshwaram,Delivered,4,Good taste and neat packaging.,200,DP_131
OD11910,CUST3002,Spice Symphony,Tandoori Chicken Half,North Indian,2026-04-29 22:14:51,54,Marathahalli,Delivered,4,"Tasty food, but could be a bit warmer.",410,DP_114
OD11911,CUST2097,Tandoori Nights,Tandoori Roti Combo,North Indian,2026-05-17 13:39:14,54,BTM Layout,Delivered,2,Taste was disappointing. Packaging was leaked.,400,DP_152
OD11912,CUST2848,Sweet Retreat,Chocolate Lava Cake,Desserts,2026-04-27 12:49:54,30,Indiranagar,Delivered,5,"Extremely satisfied, delivered hot and fresh!",460,DP_186
OD11913,CUST3288,The Salad Bowl,High-Protein Chicken Salad,Healthy & Salads,2026-04-27 18:54:21,22,HSR Layout,Delivered,5,"Delivered way before time, packaging was excellent!",320,DP_186
OD11914,CUST2542,The Golden Dosa,Idli Vada Combo,South Indian,2026-05-15 10:51:08,33,HSR Layout,Delivered,4,"Tasty food, but could be a bit warmer.",250,DP_126
OD11915,CUST2661,Royal Biryani House,Egg Biryani,Biryani & Mughlai,2026-05-22 19:36:51,57,HSR Layout,Delivered,1,Unprofessional delivery partner. Very bad experience.,280,DP_143
OD11916,CUST2925,Bella Italia,Veg Arrabiata Penne Pasta,Italian,2026-05-02 14:52:20,32,Jayanagar,Delivered,4,"Tasty food, standard delivery. Satisfactory.",350,DP_137
OD11917,CUST3426,Burger Bistro,Classic Cheese Burger & Fries,Fast Food,2026-04-27 20:09:03,70,Whitefield,Delivered,2,Taste was disappointing. Packaging was leaked.,290,DP_171
OD11918,CUST2444,Sweet Retreat,Sizzling Brownie,Desserts,2026-05-25 13:31:05,33,Jayanagar,Delivered,3,Portion size was small for the price.,200,DP_149
OD11919,CUST3356,Cafe Daybreak,Iced Latte,Continental & Beverages,2026-04-28 21:07:11,48,Malleshwaram,Delivered,4,Good taste and neat packaging.,200,DP_122
OD11920,CUST3041,Sweet Retreat,Sizzling Brownie,Desserts,2026-04-28 20:00:26,36,Malleshwaram,Delivered,4,"Tasty food, but could be a bit warmer.",410,DP_156
OD11921,CUST3237,Burger Bistro,Classic Cheese Burger & Fries,Fast Food,2026-04-29 19:11:06,31,Malleshwaram,Delivered,3,Packaging could have been better. Average taste.,290,DP_119
OD11922,CUST3149,Spice Symphony,Dal Makhani with Jeera Rice,North Indian,2026-05-04 07:56:52,29,HSR Layout,Delivered,5,Best meal ever. Highly recommended!,330,DP_150
OD11923,CUST2526,Tandoori Nights,Tandoori Roti Combo,North Indian,2026-04-29 15:20:45,35,Whitefield,Delivered,4,Overall great experience. Prompt service.,200,DP_178
OD11924,CUST3166,Spice Symphony,Kadhai Paneer with Roti,North Indian,2026-05-04 13:21:52,42,Koramangala,Delivered,4,Good taste and neat packaging.,360,DP_191
OD11925,CUST2766,Cafe Daybreak,Classic Cold Coffee,Continental & Beverages,2026-05-01 19:29:00,,Malleshwaram,Cancelled,,Delivery partner could not be assigned due to heavy rain,200,DP_136
OD11926,CUST2242,Burger Bistro,Crispy Chicken Burger,Fast Food,2026-05-09 20:49:55,49,Marathahalli,Delivered,3,The food was decent but arrived a bit cold.,240,DP_122
OD11927,CUST2052,Cafe Daybreak,Classic Cold Coffee,Continental & Beverages,2026-05-01 21:59:38,77,Whitefield,Delivered,1,The food tasted stale and horrible! Threw it in the trash.,190,DP_126
OD11928,CUST3398,Tandoori Nights,Chicken Seekh Kebab,North Indian,2026-05-25 20:54:05,36,Malleshwaram,Delivered,5,"Perfect taste, clean packaging, and polite delivery partner.",350,DP_140
OD11929,CUST3446,Burger Bistro,Classic Cheese Burger & Fries,Fast Food,2026-05-06 07:51:48,25,Koramangala,Delivered,5,"Extremely satisfied, delivered hot and fresh!",270,DP_120
OD11930,CUST2753,Cafe Daybreak,Classic Cold Coffee,Continental & Beverages,2026-05-07 21:55:38,41,Malleshwaram,Delivered,3,Average food. Nothing special.,170,DP_113
OD11931,CUST2394,Spice Symphony,Dal Makhani with Jeera Rice,North Indian,2026-05-25 19:04:08,31,Jayanagar,Delivered,2,Delivery took almost an hour. Unhappy.,330,DP_190
OD11932,CUST3108,Wok & Roll,Veg Spring Rolls (6 pcs),Chinese & Asian,2026-05-09 19:07:48,56,Malleshwaram,Delivered,1,Worst service! Delivered extremely late and completely cold.,190,DP_198
OD11933,CUST2020,The Salad Bowl,High-Protein Chicken Salad,Healthy & Salads,2026-05-17 21:59:37,58,Malleshwaram,Delivered,1,Missing items in my order and food was cold. Avoid this place!,330,DP_187
OD11934,CUST2485,Spice Symphony,Paneer Butter Masala Meal,North Indian,2026-05-10 20:46:46,73,Malleshwaram,Delivered,1,Worst service! Delivered extremely late and completely cold.,360,DP_143
OD11935,CUST2619,Cafe Daybreak,Hot Chocolate,Continental & Beverages,2026-05-19 21:28:46,78,Whitefield,Delivered,1,Unprofessional delivery partner. Very bad experience.,360,DP_115
OD11936,CUST2593,Royal Biryani House,Egg Biryani,Biryani & Mughlai,2026-05-19 21:51:30,33,BTM Layout,Delivered,2,Taste was disappointing. Packaging was leaked.,300,DP_116
OD11937,CUST2969,The Salad Bowl,High-Protein Chicken Salad,Healthy & Salads,2026-05-20 14:21:29,40,HSR Layout,Delivered,4,Decent portion size and good taste. Recommended.,620,DP_166
OD11938,CUST2431,Bella Italia,Garlic Bread with Cheese,Italian,2026-05-15 01:32:16,47,BTM Layout,Delivered,4,Satisfied with the delivery speed and quality.,170,DP_168
OD11939,CUST2777,Tandoori Nights,Butter Chicken Combo Meal,North Indian,2026-05-13 11:26:50,29,Malleshwaram,Delivered,4,Satisfied with the delivery speed and quality.,410,DP_105
OD11940,CUST2935,Sweet Retreat,Kulfi Falooda,Desserts,2026-05-03 19:57:52,52,BTM Layout,Delivered,3,The food was decent but arrived a bit cold.,150,DP_119
OD11941,CUST2910,The Golden Dosa,Masala Dosa with Sambar,South Indian,2026-05-08 11:35:38,23,BTM Layout,Delivered,3,The food was decent but arrived a bit cold.,170,DP_123
OD11942,CUST2344,Bella Italia,Chicken Alfredo Pasta,Italian,2026-05-21 13:50:09,49,Whitefield,Delivered,3,Packaging could have been better. Average taste.,390,DP_179
OD11943,CUST3451,Spice Symphony,Tandoori Chicken Half,North Indian,2026-05-18 21:25:39,41,Marathahalli,Delivered,2,"Not worth the price, portion was very small.",420,DP_184
OD11944,CUST2662,Royal Biryani House,Chicken Tikka Biryani,Biryani & Mughlai,2026-05-04 18:53:03,38,Indiranagar,Delivered,5,"Delivered way before time, packaging was excellent!",390,DP_149
OD11945,CUST2689,Bella Italia,Garlic Bread with Cheese,Italian,2026-04-30 22:40:48,34,Indiranagar,Delivered,5,Outstanding quality! Will definitely order again.,190,DP_133
OD11946,CUST3085,Spice Symphony,Dal Makhani with Jeera Rice,North Indian,2026-05-06 22:23:21,41,Indiranagar,Delivered,2,"Not worth the price, portion was very small.",330,DP_162
OD11947,CUST3115,The Salad Bowl,Caesar Salad,Healthy & Salads,2026-05-15 22:10:07,53,Whitefield,Delivered,2,Delivery took almost an hour. Unhappy.,260,DP_110
OD11948,CUST3148,The Salad Bowl,Greek Salad,Healthy & Salads,2026-05-12 19:49:30,44,HSR Layout,Delivered,2,Delivery took almost an hour. Unhappy.,490,DP_167
OD11949,CUST2323,Bella Italia,Garlic Bread with Cheese,Italian,2026-05-23 10:58:42,26,BTM Layout,Delivered,5,Outstanding quality! Will definitely order again.,200,DP_140
OD11950,CUST3110,Cafe Daybreak,Classic Cold Coffee,Continental & Beverages,2026-04-29 20:11:33,42,Malleshwaram,Delivered,1,The food tasted stale and horrible! Threw it in the trash.,170,DP_140
OD11951,CUST3395,Royal Biryani House,Chicken Dum Biryani,Biryani & Mughlai,2026-05-08 22:04:25,45,Jayanagar,Delivered,2,Food was cold when it arrived.,380,DP_168
OD11952,CUST2552,The Salad Bowl,Greek Salad,Healthy & Salads,2026-05-20 06:06:22,26,HSR Layout,Delivered,4,Overall great experience. Prompt service.,280,DP_152
OD11953,CUST2350,Spice Symphony,Paneer Butter Masala Meal,North Indian,2026-05-14 21:21:18,78,Whitefield,Delivered,1,Missing items in my order and food was cold. Avoid this place!,690,DP_126
OD11954,CUST2291,Wok & Roll,Veg Spring Rolls (6 pcs),Chinese & Asian,2026-05-22 09:16:21,23,Malleshwaram,Delivered,5,"Extremely satisfied, delivered hot and fresh!",180,DP_177
OD11955,CUST3360,Cafe Daybreak,Hot Chocolate,Continental & Beverages,2026-05-11 01:23:02,23,Koramangala,Delivered,3,Packaging could have been better. Average taste.,190,DP_173
OD11956,CUST3371,Royal Biryani House,Chicken Dum Biryani,Biryani & Mughlai,2026-05-01 07:54:35,35,HSR Layout,Delivered,5,Outstanding quality! Will definitely order again.,370,DP_171
OD11957,CUST3158,Sweet Retreat,Chocolate Lava Cake,Desserts,2026-05-15 14:10:37,53,Koramangala,Delivered,4,"Tasty food, but could be a bit warmer.",310,DP_144
OD11958,CUST3238,Sweet Retreat,Chocolate Lava Cake,Desserts,2026-05-25 20:21:53,,Malleshwaram,Cancelled,,Restaurant could not prepare food in time,170,DP_139
OD11959,CUST2635,Royal Biryani House,Veg Hyderabadi Biryani,Biryani & Mughlai,2026-05-15 15:24:08,28,Marathahalli,Delivered,5,"Perfect taste, clean packaging, and polite delivery partner.",330,DP_177
OD11960,CUST3178,Sweet Retreat,Sizzling Brownie,Desserts,2026-05-11 18:56:48,17,Jayanagar,Delivered,5,"Extremely satisfied, delivered hot and fresh!",230,DP_139
OD11961,CUST2624,Tandoori Nights,Tandoori Roti Combo,North Indian,2026-05-24 14:30:07,71,Marathahalli,Delivered,1,Awful experience! Delayed by over an hour and no response.,210,DP_152
OD11962,CUST2089,Royal Biryani House,Chicken Tikka Biryani,Biryani & Mughlai,2026-05-04 13:34:41,29,Indiranagar,Delivered,4,Satisfied with the delivery speed and quality.,740,DP_183
OD11963,CUST2104,Spice Symphony,Butter Chicken & Naan,North Indian,2026-05-10 20:30:14,38,Malleshwaram,Delivered,4,"Tasty food, standard delivery. Satisfactory.",370,DP_154
OD11964,CUST2284,Royal Biryani House,Veg Hyderabadi Biryani,Biryani & Mughlai,2026-05-04 15:38:14,27,Indiranagar,Delivered,2,The item delivered was incorrect and lukewarm.,310,DP_177
OD11965,CUST2121,The Golden Dosa,Rava Kesari & Dosa Combo,South Indian,2026-05-19 10:29:11,30,HSR Layout,Delivered,5,"Extremely satisfied, delivered hot and fresh!",180,DP_151
OD11966,CUST2863,Tandoori Nights,Chicken Seekh Kebab,North Indian,2026-05-01 21:51:14,71,Whitefield,Delivered,1,The food tasted stale and horrible! Threw it in the trash.,640,DP_143
OD11967,CUST3179,Cafe Daybreak,Iced Latte,Continental & Beverages,2026-05-18 16:44:30,20,Malleshwaram,Delivered,5,Outstanding quality! Will definitely order again.,360,DP_111
OD11968,CUST2341,The Salad Bowl,Quinoa Avocado Salad,Healthy & Salads,2026-05-04 15:00:02,33,Whitefield,Delivered,4,"Tasty food, standard delivery. Satisfactory.",370,DP_119
OD11969,CUST3303,Spice Symphony,Tandoori Chicken Half,North Indian,2026-05-24 21:19:19,55,HSR Layout,Delivered,2,Delivery took almost an hour. Unhappy.,430,DP_158
OD11970,CUST2533,Spice Symphony,Dal Makhani with Jeera Rice,North Indian,2026-05-16 18:09:46,41,Indiranagar,Delivered,2,Delivery took almost an hour. Unhappy.,310,DP_195
OD11971,CUST3170,Wok & Roll,Veg Spring Rolls (6 pcs),Chinese & Asian,2026-05-09 19:17:20,82,Whitefield,Delivered,1,The food tasted stale and horrible! Threw it in the trash.,190,DP_195
OD11972,CUST3052,Sweet Retreat,Kulfi Falooda,Desserts,2026-05-04 21:52:32,44,Koramangala,Delivered,3,Portion size was small for the price.,170,DP_129
OD11973,CUST2510,Wok & Roll,Veg Hakka Noodles,Chinese & Asian,2026-04-30 21:09:18,37,Malleshwaram,Delivered,4,"Tasty food, standard delivery. Satisfactory.",250,DP_133
OD11974,CUST2940,Royal Biryani House,Chicken Dum Biryani,Biryani & Mughlai,2026-05-26 08:03:08,28,Whitefield,Delivered,5,"Perfect taste, clean packaging, and polite delivery partner.",370,DP_117
OD11975,CUST2184,Burger Bistro,Spicy Paneer Wrap,Fast Food,2026-05-15 22:17:40,48,Indiranagar,Delivered,3,Average food. Nothing special.,230,DP_135
OD11976,CUST2162,Tandoori Nights,Butter Chicken Combo Meal,North Indian,2026-05-01 14:32:51,45,Indiranagar,Delivered,2,The item delivered was incorrect and lukewarm.,400,DP_163
OD11977,CUST2708,Spice Symphony,Dal Makhani with Jeera Rice,North Indian,2026-05-06 19:16:59,49,Koramangala,Delivered,2,Delivery took almost an hour. Unhappy.,310,DP_179
OD11978,CUST2734,Sweet Retreat,Chocolate Lava Cake,Desserts,2026-05-04 12:32:40,33,HSR Layout,Delivered,4,Good taste and neat packaging.,330,DP_136
OD11979,CUST2841,Royal Biryani House,Chicken Dum Biryani,Biryani & Mughlai,2026-05-19 16:20:08,15,Indiranagar,Delivered,4,Overall great experience. Prompt service.,370,DP_200
OD11980,CUST2086,Bella Italia,Chicken Alfredo Pasta,Italian,2026-05-08 20:26:38,38,Malleshwaram,Delivered,4,Satisfied with the delivery speed and quality.,410,DP_159
OD11981,CUST2050,Cafe Daybreak,Club Sandwich,Continental & Beverages,2026-04-29 21:48:48,37,BTM Layout,Delivered,4,Satisfied with the delivery speed and quality.,230,DP_194
OD11982,CUST3052,Cafe Daybreak,Classic Cold Coffee,Continental & Beverages,2026-05-22 22:25:42,46,Koramangala,Delivered,2,The item delivered was incorrect and lukewarm.,180,DP_150
OD11983,CUST3098,Burger Bistro,Classic Cheese Burger & Fries,Fast Food,2026-05-26 19:22:40,42,Indiranagar,Delivered,3,Prompt delivery but taste was average.,280,DP_185
OD11984,CUST3099,Royal Biryani House,Egg Biryani,Biryani & Mughlai,2026-05-01 20:10:52,49,Indiranagar,Delivered,1,Unprofessional delivery partner. Very bad experience.,280,DP_193
OD11985,CUST2917,Royal Biryani House,Mutton Biryani,Biryani & Mughlai,2026-04-27 17:14:46,18,Indiranagar,Delivered,5,Best meal ever. Highly recommended!,490,DP_169
OD11986,CUST3066,Tandoori Nights,Butter Chicken Combo Meal,North Indian,2026-05-05 14:18:38,43,Whitefield,Delivered,3,Prompt delivery but taste was average.,400,DP_153
OD11987,CUST2073,The Salad Bowl,Greek Salad,Healthy & Salads,2026-04-29 21:21:48,34,Malleshwaram,Delivered,4,Overall great experience. Prompt service.,280,DP_113
OD11988,CUST3370,Tandoori Nights,Malai Kofta & Lachha Paratha,North Indian,2026-05-04 22:05:32,,Indiranagar,Cancelled,,Delivery address was outside the delivery radius,690,DP_181
OD11989,CUST2430,Tandoori Nights,Paneer Tikka,North Indian,2026-05-13 21:22:27,54,Marathahalli,Delivered,3,Packaging could have been better. Average taste.,300,DP_198
OD11990,CUST2988,Wok & Roll,Veg Hakka Noodles,Chinese & Asian,2026-05-19 19:06:37,34,HSR Layout,Delivered,4,"Tasty food, but could be a bit warmer.",240,DP_154
OD11991,CUST2026,The Golden Dosa,Idli Vada Combo,South Indian,2026-05-08 22:18:21,58,Marathahalli,Delivered,1,"Terrible experience, food was completely spilled inside the bag.",120,DP_104
OD11992,CUST3475,Spice Symphony,Kadhai Paneer with Roti,North Indian,2026-05-12 15:29:15,19,Malleshwaram,Delivered,5,"Amazing food, super fast delivery!",340,DP_118
OD11993,CUST2415,Bella Italia,Chicken Alfredo Pasta,Italian,2026-05-15 08:14:20,47,HSR Layout,Delivered,3,The food was decent but arrived a bit cold.,380,DP_179
OD11994,CUST2570,The Golden Dosa,Onion Uttapam,South Indian,2026-05-05 16:24:09,18,Malleshwaram,Delivered,5,Best meal ever. Highly recommended!,440,DP_189
OD11995,CUST2322,Royal Biryani House,Veg Hyderabadi Biryani,Biryani & Mughlai,2026-04-28 00:08:15,28,Indiranagar,Delivered,5,"Extremely satisfied, delivered hot and fresh!",320,DP_117
OD11996,CUST2783,Sweet Retreat,Sizzling Brownie,Desserts,2026-04-29 20:33:36,41,Indiranagar,Delivered,3,Prompt delivery but taste was average.,380,DP_134
OD11997,CUST2025,Burger Bistro,Classic Cheese Burger & Fries,Fast Food,2026-05-14 20:54:11,50,Whitefield,Delivered,3,Portion size was small for the price.,290,DP_175
OD11998,CUST2996,Tandoori Nights,Chicken Seekh Kebab,North Indian,2026-05-10 09:08:30,31,BTM Layout,Delivered,5,Outstanding quality! Will definitely order again.,360,DP_179
OD11999,CUST2328,Bella Italia,Garlic Bread with Cheese,Italian,2026-04-29 13:29:15,32,Malleshwaram,Delivered,3,Average food. Nothing special.,200,DP_110
OD12000,CUST3092,Spice Symphony,Paneer Butter Masala Meal,North Indian,2026-05-22 11:16:50,36,Koramangala,Delivered,4,Satisfied with the delivery speed and quality.,370,DP_178
OD12001,CUST2175,Spice Symphony,Dal Makhani with Jeera Rice,North Indian,2026-05-15 21:07:53,63,Koramangala,Delivered,1,Missing items in my order and food was cold. Avoid this place!,300,DP_175
OD12002,CUST3348,Tandoori Nights,Paneer Tikka,North Indian,2026-05-14 20:13:18,37,Koramangala,Delivered,5,"Amazing food, super fast delivery!",610,DP_106
OD12003,CUST3057,The Golden Dosa,Masala Dosa with Sambar,South Indian,2026-05-07 21:44:45,58,Whitefield,Delivered,1,Awful experience! Delayed by over an hour and no response.,260,DP_121
OD12004,CUST2005,Bella Italia,Veg Arrabiata Penne Pasta,Italian,2026-05-15 20:50:03,48,BTM Layout,Delivered,4,"Tasty food, but could be a bit warmer.",350,DP_159
OD12005,CUST2215,Bella Italia,Veg Arrabiata Penne Pasta,Italian,2026-05-12 11:48:09,45,Malleshwaram,Delivered,2,Food was cold when it arrived.,360,DP_142
OD12006,CUST2932,Bella Italia,Margherita Pizza 10-inch,Italian,2026-05-16 19:39:58,45,Malleshwaram,Delivered,2,"Not worth the price, portion was very small.",430,DP_101
OD12007,CUST3260,Bella Italia,Margherita Pizza 10-inch,Italian,2026-04-29 00:24:01,,Whitefield,Cancelled,,Delivery address was outside the delivery radius,430,DP_122
OD12008,CUST2924,Burger Bistro,Crispy Chicken Burger,Fast Food,2026-05-26 22:15:05,35,Indiranagar,Delivered,4,Overall great experience. Prompt service.,440,DP_111
OD12009,CUST2834,The Golden Dosa,Idli Vada Combo,South Indian,2026-05-26 13:03:17,37,Malleshwaram,Delivered,5,"Delivered way before time, packaging was excellent!",150,DP_138
OD12010,CUST2776,Tandoori Nights,Butter Chicken Combo Meal,North Indian,2026-05-11 05:41:15,40,BTM Layout,Delivered,3,Packaging could have been better. Average taste.,400,DP_114
OD12011,CUST2960,Spice Symphony,Butter Chicken & Naan,North Indian,2026-05-07 19:19:38,56,Whitefield,Delivered,2,Food was cold when it arrived.,380,DP_126
OD12012,CUST2906,The Golden Dosa,Filter Coffee & Upma,South Indian,2026-04-28 13:01:10,34,Koramangala,Delivered,2,Delivery took almost an hour. Unhappy.,160,DP_135
OD12013,CUST2685,Tandoori Nights,Tandoori Roti Combo,North Indian,2026-05-18 20:19:42,54,BTM Layout,Delivered,3,Average food. Nothing special.,210,DP_190
OD12014,CUST2984,Spice Symphony,Paneer Butter Masala Meal,North Indian,2026-04-27 21:48:03,44,Jayanagar,Delivered,3,Packaging could have been better. Average taste.,360,DP_180
OD12015,CUST2713,Wok & Roll,Chilli Chicken Gravy,Chinese & Asian,2026-05-11 13:29:13,29,Jayanagar,Delivered,4,"Tasty food, standard delivery. Satisfactory.",330,DP_198
OD12016,CUST2312,Wok & Roll,Veg Spring Rolls (6 pcs),Chinese & Asian,2026-05-18 13:39:09,41,Malleshwaram,Delivered,2,Delivery took almost an hour. Unhappy.,370,DP_185
OD12017,CUST3437,The Golden Dosa,Idli Vada Combo,South Indian,2026-05-25 20:58:38,37,BTM Layout,Delivered,4,"Tasty food, standard delivery. Satisfactory.",130,DP_157
OD12018,CUST2208,Sweet Retreat,Red Velvet Pastry,Desserts,2026-04-30 21:07:24,34,HSR Layout,Delivered,4,Decent portion size and good taste. Recommended.,350,DP_144
OD12019,CUST2385,Burger Bistro,Spicy Paneer Wrap,Fast Food,2026-05-15 19:38:28,49,Indiranagar,Delivered,4,"Tasty food, but could be a bit warmer.",230,DP_114
OD12020,CUST3228,Wok & Roll,Schezwan Noodles,Chinese & Asian,2026-04-30 20:25:25,35,HSR Layout,Delivered,3,Average food. Nothing special.,280,DP_147
OD12021,CUST2675,Spice Symphony,Kadhai Paneer with Roti,North Indian,2026-04-27 07:05:50,,Koramangala,Cancelled,,Restaurant could not prepare food in time,670,DP_186
OD12022,CUST2171,Burger Bistro,Chicken Nuggets (9 pcs),Fast Food,2026-05-11 12:16:50,33,Jayanagar,Delivered,5,Outstanding quality! Will definitely order again.,210,DP_199
OD12023,CUST2003,Spice Symphony,Kadhai Paneer with Roti,North Indian,2026-05-06 20:24:53,57,Indiranagar,Delivered,1,"Terrible experience, food was completely spilled inside the bag.",340,DP_198
OD12024,CUST2830,Sweet Retreat,Red Velvet Pastry,Desserts,2026-05-05 20:33:07,44,Malleshwaram,Delivered,1,Unprofessional delivery partner. Very bad experience.,180,DP_187
OD12025,CUST2650,The Salad Bowl,Caesar Salad,Healthy & Salads,2026-05-21 23:35:08,,HSR Layout,Cancelled,,Delivery address was outside the delivery radius,270,DP_103
OD12026,CUST2437,The Golden Dosa,Filter Coffee & Upma,South Indian,2026-04-30 18:04:40,23,Whitefield,Delivered,5,"Amazing food, super fast delivery!",160,DP_104
OD12027,CUST3414,The Salad Bowl,Fresh Fruit Bowl,Healthy & Salads,2026-05-17 19:04:26,37,Malleshwaram,Delivered,4,"Tasty food, standard delivery. Satisfactory.",210,DP_156
OD12028,CUST2139,Tandoori Nights,Paneer Tikka,North Indian,2026-05-25 19:56:56,34,BTM Layout,Delivered,4,Satisfied with the delivery speed and quality.,320,DP_159
OD12029,CUST3195,Bella Italia,Garlic Bread with Cheese,Italian,2026-05-02 22:20:11,48,BTM Layout,Delivered,3,"Food was okay, but delivery took some time.",340,DP_198
OD12030,CUST3290,The Salad Bowl,Fresh Fruit Bowl,Healthy & Salads,2026-05-25 11:19:50,21,Whitefield,Delivered,5,"Perfect taste, clean packaging, and polite delivery partner.",200,DP_129
OD12031,CUST3065,Spice Symphony,Dal Makhani with Jeera Rice,North Indian,2026-05-07 13:22:38,39,Indiranagar,Delivered,5,Best meal ever. Highly recommended!,330,DP_199
OD12032,CUST3087,Sweet Retreat,Kulfi Falooda,Desserts,2026-05-19 12:45:46,31,Jayanagar,Delivered,4,"Tasty food, standard delivery. Satisfactory.",170,DP_150
OD12033,CUST2813,The Salad Bowl,Caesar Salad,Healthy & Salads,2026-05-06 08:50:00,21,HSR Layout,Delivered,5,"Delivered way before time, packaging was excellent!",270,DP_180
OD12034,CUST3003,Sweet Retreat,Red Velvet Pastry,Desserts,2026-05-08 22:54:37,49,Marathahalli,Delivered,3,The food was decent but arrived a bit cold.,180,DP_198
OD12035,CUST2175,The Golden Dosa,Masala Dosa with Sambar,South Indian,2026-05-26 17:13:45,,BTM Layout,Cancelled,,Customer cancelled the order,150,DP_119
OD12036,CUST2805,Sweet Retreat,Sizzling Brownie,Desserts,2026-05-14 13:54:10,32,Whitefield,Delivered,4,"Tasty food, but could be a bit warmer.",210,DP_127
OD12037,CUST2066,Cafe Daybreak,Iced Latte,Continental & Beverages,2026-05-17 19:32:29,74,Whitefield,Delivered,1,"Terrible experience, food was completely spilled inside the bag.",190,DP_122
OD12038,CUST3075,Wok & Roll,Veg Hakka Noodles,Chinese & Asian,2026-05-10 23:48:58,23,Jayanagar,Delivered,5,"Amazing food, super fast delivery!",270,DP_170
OD12039,CUST2132,Tandoori Nights,Tandoori Roti Combo,North Indian,2026-05-12 13:43:04,41,BTM Layout,Delivered,2,"Too spicy, couldn't eat it. Disappointed.",400,DP_188
OD12040,CUST3289,The Salad Bowl,High-Protein Chicken Salad,Healthy & Salads,2026-04-29 20:01:01,45,Marathahalli,Delivered,3,Prompt delivery but taste was average.,330,DP_111
OD12041,CUST2525,Royal Biryani House,Mutton Biryani,Biryani & Mughlai,2026-04-28 05:26:00,17,Malleshwaram,Delivered,5,"Perfect taste, clean packaging, and polite delivery partner.",480,DP_118
OD12042,CUST3340,Cafe Daybreak,Iced Latte,Continental & Beverages,2026-05-18 11:52:40,20,Jayanagar,Delivered,5,"Amazing food, super fast delivery!",190,DP_126
OD12043,CUST2891,Tandoori Nights,Paneer Tikka,North Indian,2026-04-30 21:45:25,54,Whitefield,Delivered,2,"Not worth the price, portion was very small.",580,DP_116
OD12044,CUST3489,Bella Italia,Margherita Pizza 10-inch,Italian,2026-05-05 21:04:01,44,BTM Layout,Delivered,3,Average food. Nothing special.,400,DP_113
OD12045,CUST3405,Cafe Daybreak,Hot Chocolate,Continental & Beverages,2026-04-30 14:41:06,29,Malleshwaram,Delivered,4,"Tasty food, standard delivery. Satisfactory.",210,DP_153
OD12046,CUST2349,Cafe Daybreak,Club Sandwich,Continental & Beverages,2026-05-08 01:52:01,37,BTM Layout,Delivered,4,"Tasty food, but could be a bit warmer.",250,DP_179
OD12047,CUST2251,Burger Bistro,Crispy Chicken Burger,Fast Food,2026-05-04 20:08:42,43,Indiranagar,Delivered,3,Packaging could have been better. Average taste.,250,DP_142
OD12048,CUST3303,Bella Italia,Chicken Alfredo Pasta,Italian,2026-05-19 21:19:31,48,BTM Layout,Delivered,3,Average food. Nothing special.,400,DP_123
OD12049,CUST2179,The Golden Dosa,Rava Kesari & Dosa Combo,South Indian,2026-05-18 17:11:29,23,Malleshwaram,Delivered,5,"Amazing food, super fast delivery!",190,DP_191
OD12050,CUST2453,The Golden Dosa,Onion Uttapam,South Indian,2026-04-27 13:22:51,,Indiranagar,Cancelled,,Item out of stock at restaurant,150,DP_191
OD12051,CUST2965,The Golden Dosa,Filter Coffee & Upma,South Indian,2026-05-01 12:57:14,52,Marathahalli,Delivered,3,Portion size was small for the price.,150,DP_190
OD12052,CUST2723,Tandoori Nights,Tandoori Roti Combo,North Indian,2026-05-16 23:05:06,42,Whitefield,Delivered,3,Portion size was small for the price.,230,DP_158
OD12053,CUST2958,The Salad Bowl,Quinoa Avocado Salad,Healthy & Salads,2026-05-24 20:05:24,61,Indiranagar,Delivered,2,Food was cold when it arrived.,360,DP_171
OD12054,CUST2714,Royal Biryani House,Mutton Biryani,Biryani & Mughlai,2026-05-19 18:49:24,23,Indiranagar,Delivered,5,"Perfect taste, clean packaging, and polite delivery partner.",480,DP_101
OD12055,CUST2145,Royal Biryani House,Chicken Tikka Biryani,Biryani & Mughlai,2026-05-26 18:24:57,23,Koramangala,Delivered,5,"Delivered way before time, packaging was excellent!",390,DP_195
OD12056,CUST3238,Sweet Retreat,Kulfi Falooda,Desserts,2026-05-17 21:21:44,55,BTM Layout,Delivered,3,Prompt delivery but taste was average.,290,DP_107
OD12057,CUST3064,Burger Bistro,Crispy Chicken Burger,Fast Food,2026-04-30 19:49:16,56,Whitefield,Delivered,2,Taste was disappointing. Packaging was leaked.,260,DP_174
OD12058,CUST2018,Spice Symphony,Tandoori Chicken Half,North Indian,2026-05-16 21:46:41,48,Jayanagar,Delivered,3,Average food. Nothing special.,420,DP_136
OD12059,CUST2089,Sweet Retreat,Sizzling Brownie,Desserts,2026-05-01 14:49:59,62,Marathahalli,Delivered,1,"Terrible experience, food was completely spilled inside the bag.",210,DP_137
OD12060,CUST2224,The Salad Bowl,Caesar Salad,Healthy & Salads,2026-05-15 20:32:13,63,Marathahalli,Delivered,1,"Terrible experience, food was completely spilled inside the bag.",520,DP_181
OD12061,CUST2879,Burger Bistro,Loaded Nachos,Fast Food,2026-05-04 21:31:21,54,BTM Layout,Delivered,3,Portion size was small for the price.,490,DP_186
OD12062,CUST2447,Bella Italia,Margherita Pizza 10-inch,Italian,2026-05-11 19:06:51,44,Malleshwaram,Delivered,2,"Too spicy, couldn't eat it. Disappointed.",410,DP_160
OD12063,CUST2648,Spice Symphony,Butter Chicken & Naan,North Indian,2026-05-02 12:12:45,41,Marathahalli,Delivered,2,Delivery took almost an hour. Unhappy.,380,DP_137
OD12064,CUST2267,Cafe Daybreak,Hot Chocolate,Continental & Beverages,2026-05-04 09:08:59,20,BTM Layout,Delivered,5,"Perfect taste, clean packaging, and polite delivery partner.",190,DP_141
OD12065,CUST3375,Burger Bistro,Classic Cheese Burger & Fries,Fast Food,2026-05-16 20:12:08,50,HSR Layout,Delivered,3,Prompt delivery but taste was average.,290,DP_132
OD12066,CUST2676,Spice Symphony,Kadhai Paneer with Roti,North Indian,2026-05-08 20:02:58,38,HSR Layout,Delivered,5,Best meal ever. Highly recommended!,350,DP_105
OD12067,CUST2634,Bella Italia,Veg Arrabiata Penne Pasta,Italian,2026-04-30 20:06:35,65,Whitefield,Delivered,2,The item delivered was incorrect and lukewarm.,360,DP_185
OD12068,CUST3500,Spice Symphony,Tandoori Chicken Half,North Indian,2026-04-30 21:10:55,42,HSR Layout,Delivered,2,Delivery took almost an hour. Unhappy.,430,DP_170
OD12069,CUST2791,Bella Italia,Veg Arrabiata Penne Pasta,Italian,2026-04-27 22:23:23,53,Marathahalli,Delivered,1,The food tasted stale and horrible! Threw it in the trash.,350,DP_144
OD12070,CUST3446,Burger Bistro,Chicken Nuggets (9 pcs),Fast Food,2026-05-14 19:43:19,54,Whitefield,Delivered,1,The food tasted stale and horrible! Threw it in the trash.,240,DP_130
OD12071,CUST3181,Tandoori Nights,Chicken Seekh Kebab,North Indian,2026-05-13 12:47:52,60,Whitefield,Delivered,1,The food tasted stale and horrible! Threw it in the trash.,360,DP_152
OD12072,CUST2869,Tandoori Nights,Chicken Seekh Kebab,North Indian,2026-05-15 17:21:43,31,Indiranagar,Delivered,5,"Perfect taste, clean packaging, and polite delivery partner.",340,DP_152
OD12073,CUST2947,Spice Symphony,Butter Chicken & Naan,North Indian,2026-04-28 12:54:13,30,Jayanagar,Delivered,4,"Tasty food, but could be a bit warmer.",1070,DP_140
OD12074,CUST2235,The Salad Bowl,Quinoa Avocado Salad,Healthy & Salads,2026-05-21 20:14:37,41,Koramangala,Delivered,3,The food was decent but arrived a bit cold.,350,DP_195
OD12075,CUST3249,Royal Biryani House,Chicken Dum Biryani,Biryani & Mughlai,2026-05-12 09:11:58,32,BTM Layout,Delivered,4,"Tasty food, but could be a bit warmer.",370,DP_106
OD12076,CUST3047,Wok & Roll,Chilli Chicken Gravy,Chinese & Asian,2026-05-21 07:18:39,33,Marathahalli,Delivered,3,"Food was okay, but delivery took some time.",320,DP_163
OD12077,CUST3122,Royal Biryani House,Chicken Dum Biryani,Biryani & Mughlai,2026-05-18 18:44:47,17,Indiranagar,Delivered,5,"Amazing food, super fast delivery!",360,DP_111
OD12078,CUST2597,Bella Italia,Farmhouse Veg Pizza,Italian,2026-05-07 11:56:17,20,Malleshwaram,Delivered,5,"Perfect taste, clean packaging, and polite delivery partner.",460,DP_153
OD12079,CUST2040,The Salad Bowl,High-Protein Chicken Salad,Healthy & Salads,2026-05-07 12:29:13,34,Malleshwaram,Delivered,4,Decent portion size and good taste. Recommended.,330,DP_171
OD12080,CUST2535,Spice Symphony,Tandoori Chicken Half,North Indian,2026-05-12 18:49:55,16,Indiranagar,Delivered,5,"Delivered way before time, packaging was excellent!",420,DP_156
OD12081,CUST3243,Sweet Retreat,Red Velvet Pastry,Desserts,2026-04-28 20:08:32,45,HSR Layout,Delivered,2,Delivery took almost an hour. Unhappy.,180,DP_152
OD12082,CUST2245,Sweet Retreat,Chocolate Lava Cake,Desserts,2026-04-29 19:27:02,57,Marathahalli,Delivered,2,"Too spicy, couldn't eat it. Disappointed.",170,DP_150
OD12083,CUST2153,The Salad Bowl,Greek Salad,Healthy & Salads,2026-05-15 21:40:04,,HSR Layout,Cancelled,,Item out of stock at restaurant,280,DP_160
OD12084,CUST3073,Wok & Roll,Veg Hakka Noodles,Chinese & Asian,2026-05-18 14:23:43,44,Jayanagar,Delivered,4,Decent portion size and good taste. Recommended.,480,DP_111
OD12085,CUST2176,Tandoori Nights,Butter Chicken Combo Meal,North Indian,2026-04-27 22:07:30,45,Indiranagar,Delivered,1,Worst service! Delivered extremely late and completely cold.,380,DP_189
OD12086,CUST2752,Royal Biryani House,Chicken Dum Biryani,Biryani & Mughlai,2026-04-28 18:18:03,17,Jayanagar,Delivered,5,"Extremely satisfied, delivered hot and fresh!",350,DP_129
OD12087,CUST3500,Sweet Retreat,Kulfi Falooda,Desserts,2026-05-06 15:42:03,20,Marathahalli,Delivered,4,Good taste and neat packaging.,160,DP_109
OD12088,CUST2105,Sweet Retreat,Chocolate Lava Cake,Desserts,2026-05-08 06:11:00,32,Marathahalli,Delivered,4,"Tasty food, but could be a bit warmer.",330,DP_107
OD12089,CUST3406,Wok & Roll,Veg Spring Rolls (6 pcs),Chinese & Asian,2026-05-18 12:57:56,39,Malleshwaram,Delivered,4,"Tasty food, standard delivery. Satisfactory.",180,DP_147
OD12090,CUST3340,Burger Bistro,Crispy Chicken Burger,Fast Food,2026-05-24 20:28:47,47,Jayanagar,Delivered,2,The item delivered was incorrect and lukewarm.,470,DP_133
OD12091,CUST3261,Bella Italia,Chicken Alfredo Pasta,Italian,2026-04-30 14:46:13,28,Malleshwaram,Delivered,3,"Food was okay, but delivery took some time.",380,DP_138
OD12092,CUST2489,Sweet Retreat,Kulfi Falooda,Desserts,2026-05-22 20:47:36,50,Malleshwaram,Delivered,4,Decent portion size and good taste. Recommended.,180,DP_149
OD12093,CUST2656,Burger Bistro,Chicken Nuggets (9 pcs),Fast Food,2026-05-18 07:23:33,24,Jayanagar,Delivered,5,"Extremely satisfied, delivered hot and fresh!",240,DP_179
OD12094,CUST2559,Tandoori Nights,Butter Chicken Combo Meal,North Indian,2026-05-23 20:32:25,48,HSR Layout,Delivered,3,Average food. Nothing special.,380,DP_137
OD12095,CUST3157,Tandoori Nights,Butter Chicken Combo Meal,North Indian,2026-05-08 20:20:09,51,Malleshwaram,Delivered,4,Good taste and neat packaging.,390,DP_195
OD12096,CUST3436,Cafe Daybreak,Hot Chocolate,Continental & Beverages,2026-05-05 15:27:57,,Marathahalli,Cancelled,,Delivery partner could not be assigned due to heavy rain,360,DP_177
OD12097,CUST2340,The Golden Dosa,Idli Vada Combo,South Indian,2026-05-18 12:52:42,37,Malleshwaram,Delivered,4,Decent portion size and good taste. Recommended.,150,DP_193
OD12098,CUST2018,Spice Symphony,Paneer Butter Masala Meal,North Indian,2026-05-08 19:31:42,46,HSR Layout,Delivered,3,Prompt delivery but taste was average.,370,DP_102
OD12099,CUST3059,Sweet Retreat,Kulfi Falooda,Desserts,2026-05-24 20:18:30,,Jayanagar,Cancelled,,Item out of stock at restaurant,290,DP_178
OD12100,CUST2574,Sweet Retreat,Gulab Jamun (4 pcs),Desserts,2026-05-04 22:06:30,34,Jayanagar,Delivered,4,Satisfied with the delivery speed and quality.,140,DP_188
OD12101,CUST2376,Sweet Retreat,Gulab Jamun (4 pcs),Desserts,2026-05-01 19:57:11,64,BTM Layout,Delivered,1,Missing items in my order and food was cold. Avoid this place!,140,DP_158
OD12102,CUST2964,Burger Bistro,Spicy Paneer Wrap,Fast Food,2026-05-21 13:04:15,29,Jayanagar,Delivered,4,"Tasty food, standard delivery. Satisfactory.",220,DP_101
OD12103,CUST2437,The Salad Bowl,Caesar Salad,Healthy & Salads,2026-05-11 14:04:44,44,Whitefield,Delivered,4,"Tasty food, but could be a bit warmer.",290,DP_133
OD12104,CUST2571,Cafe Daybreak,Hot Chocolate,Continental & Beverages,2026-05-10 20:42:22,48,BTM Layout,Delivered,3,The food was decent but arrived a bit cold.,220,DP_116
OD12105,CUST2271,Wok & Roll,Veg Hakka Noodles,Chinese & Asian,2026-05-10 14:16:33,36,Indiranagar,Delivered,4,Satisfied with the delivery speed and quality.,710,DP_141
OD12106,CUST3302,Bella Italia,Chicken Alfredo Pasta,Italian,2026-05-18 12:56:58,37,Malleshwaram,Delivered,5,"Extremely satisfied, delivered hot and fresh!",390,DP_109
OD12107,CUST2936,Burger Bistro,Chicken Nuggets (9 pcs),Fast Food,2026-04-30 11:04:13,28,Indiranagar,Delivered,4,Satisfied with the delivery speed and quality.,210,DP_163
OD12108,CUST3106,Spice Symphony,Tandoori Chicken Half,North Indian,2026-05-06 14:55:32,45,Marathahalli,Delivered,3,The food was decent but arrived a bit cold.,420,DP_166
OD12109,CUST2608,The Golden Dosa,Filter Coffee & Upma,South Indian,2026-05-14 20:11:21,40,HSR Layout,Delivered,4,Satisfied with the delivery speed and quality.,250,DP_110
OD12110,CUST3197,Spice Symphony,Dal Makhani with Jeera Rice,North Indian,2026-05-26 20:33:48,50,Jayanagar,Delivered,1,"Terrible experience, food was completely spilled inside the bag.",600,DP_123
OD12111,CUST2587,Sweet Retreat,Chocolate Lava Cake,Desserts,2026-05-18 12:43:10,37,Malleshwaram,Delivered,5,"Amazing food, super fast delivery!",160,DP_112
OD12112,CUST2426,The Salad Bowl,Greek Salad,Healthy & Salads,2026-05-11 22:47:30,52,BTM Layout,Delivered,2,"Too spicy, couldn't eat it. Disappointed.",270,DP_118
OD12113,CUST2966,Royal Biryani House,Chicken Tikka Biryani,Biryani & Mughlai,2026-05-20 13:00:32,,Malleshwaram,Cancelled,,Item out of stock at restaurant,410,DP_158
OD12114,CUST2464,Bella Italia,Farmhouse Veg Pizza,Italian,2026-05-18 19:52:14,44,Jayanagar,Delivered,2,The item delivered was incorrect and lukewarm.,1280,DP_182
OD12115,CUST3443,Burger Bistro,Chicken Nuggets (9 pcs),Fast Food,2026-05-17 11:51:54,28,Malleshwaram,Delivered,5,"Extremely satisfied, delivered hot and fresh!",240,DP_164
OD12116,CUST3087,Burger Bistro,Loaded Nachos,Fast Food,2026-05-21 17:47:40,24,HSR Layout,Delivered,4,Satisfied with the delivery speed and quality.,240,DP_122
OD12117,CUST2047,Bella Italia,Chicken Alfredo Pasta,Italian,2026-05-01 14:21:18,63,BTM Layout,Delivered,1,Awful experience! Delayed by over an hour and no response.,380,DP_167
OD12118,CUST2080,Bella Italia,Margherita Pizza 10-inch,Italian,2026-05-14 21:04:23,,BTM Layout,Cancelled,,Customer cancelled the order,430,DP_182
OD12119,CUST2819,Sweet Retreat,Red Velvet Pastry,Desserts,2026-04-27 13:17:32,37,Jayanagar,Delivered,5,Outstanding quality! Will definitely order again.,190,DP_196
OD12120,CUST3458,Royal Biryani House,Chicken Tikka Biryani,Biryani & Mughlai,2026-05-16 14:34:29,34,Malleshwaram,Delivered,4,Overall great experience. Prompt service.,750,DP_104
OD12121,CUST3194,Tandoori Nights,Malai Kofta & Lachha Paratha,North Indian,2026-05-12 15:40:35,19,Marathahalli,Delivered,4,Good taste and neat packaging.,1040,DP_127
OD12122,CUST2462,Wok & Roll,Veg Spring Rolls (6 pcs),Chinese & Asian,2026-05-13 18:55:48,26,BTM Layout,Delivered,4,Decent portion size and good taste. Recommended.,180,DP_119
OD12123,CUST3280,Spice Symphony,Dal Makhani with Jeera Rice,North Indian,2026-05-18 06:07:23,30,Whitefield,Delivered,3,Portion size was small for the price.,580,DP_127
OD12124,CUST2827,Sweet Retreat,Chocolate Lava Cake,Desserts,2026-05-13 20:04:20,48,BTM Layout,Delivered,3,The food was decent but arrived a bit cold.,190,DP_147
OD12125,CUST3191,Bella Italia,Veg Arrabiata Penne Pasta,Italian,2026-05-16 19:23:01,63,Marathahalli,Delivered,1,Worst service! Delivered extremely late and completely cold.,970,DP_142
OD12126,CUST2908,The Golden Dosa,Rava Kesari & Dosa Combo,South Indian,2026-05-14 13:22:10,50,Marathahalli,Delivered,1,Missing items in my order and food was cold. Avoid this place!,190,DP_117
OD12127,CUST3370,Cafe Daybreak,Classic Cold Coffee,Continental & Beverages,2026-05-07 09:04:39,25,HSR Layout,Delivered,4,Overall great experience. Prompt service.,170,DP_112
OD12128,CUST3456,Bella Italia,Veg Arrabiata Penne Pasta,Italian,2026-05-22 20:30:40,57,BTM Layout,Delivered,1,"Terrible experience, food was completely spilled inside the bag.",340,DP_198
OD12129,CUST2290,Bella Italia,Margherita Pizza 10-inch,Italian,2026-05-04 12:59:05,32,HSR Layout,Delivered,4,Decent portion size and good taste. Recommended.,420,DP_195
OD12130,CUST2411,The Salad Bowl,Quinoa Avocado Salad,Healthy & Salads,2026-04-29 12:45:05,36,Indiranagar,Delivered,4,Decent portion size and good taste. Recommended.,340,DP_147
OD12131,CUST3164,Spice Symphony,Butter Chicken & Naan,North Indian,2026-05-05 09:51:58,28,Whitefield,Delivered,5,"Delivered way before time, packaging was excellent!",400,DP_120
OD12132,CUST3218,The Golden Dosa,Masala Dosa with Sambar,South Indian,2026-05-20 22:16:51,40,Marathahalli,Delivered,4,Decent portion size and good taste. Recommended.,160,DP_161
OD12133,CUST2886,Royal Biryani House,Egg Biryani,Biryani & Mughlai,2026-05-12 13:52:08,28,Koramangala,Delivered,5,"Amazing food, super fast delivery!",310,DP_199
OD12134,CUST3426,Wok & Roll,Veg Spring Rolls (6 pcs),Chinese & Asian,2026-05-06 19:19:35,54,Indiranagar,Delivered,4,Decent portion size and good taste. Recommended.,190,DP_121
OD12135,CUST3321,Cafe Daybreak,Club Sandwich,Continental & Beverages,2026-05-08 12:07:52,40,Koramangala,Delivered,5,"Extremely satisfied, delivered hot and fresh!",260,DP_187
OD12136,CUST2804,Cafe Daybreak,Iced Latte,Continental & Beverages,2026-05-10 21:40:25,42,Malleshwaram,Delivered,1,The food tasted stale and horrible! Threw it in the trash.,190,DP_107
OD12137,CUST3415,Cafe Daybreak,Classic Cold Coffee,Continental & Beverages,2026-05-22 20:18:02,54,Marathahalli,Delivered,4,"Tasty food, but could be a bit warmer.",170,DP_104
OD12138,CUST2558,Bella Italia,Garlic Bread with Cheese,Italian,2026-04-29 13:33:30,,BTM Layout,Cancelled,,Restaurant could not prepare food in time,170,DP_145
OD12139,CUST3466,Sweet Retreat,Sizzling Brownie,Desserts,2026-05-24 20:09:14,50,Koramangala,Delivered,2,The item delivered was incorrect and lukewarm.,210,DP_149
OD12140,CUST3019,Cafe Daybreak,Club Sandwich,Continental & Beverages,2026-05-25 20:28:54,48,Indiranagar,Delivered,1,The food tasted stale and horrible! Threw it in the trash.,230,DP_125
OD12141,CUST2124,The Salad Bowl,Greek Salad,Healthy & Salads,2026-05-16 19:25:58,65,BTM Layout,Delivered,2,"Too spicy, couldn't eat it. Disappointed.",480,DP_151
OD12142,CUST2447,Sweet Retreat,Chocolate Lava Cake,Desserts,2026-05-07 18:00:50,27,Indiranagar,Delivered,5,"Perfect taste, clean packaging, and polite delivery partner.",160,DP_175
OD12143,CUST2100,Cafe Daybreak,Paneer Tikka Sandwich,Continental & Beverages,2026-05-03 21:51:48,56,BTM Layout,Delivered,1,Awful experience! Delayed by over an hour and no response.,220,DP_144
OD12144,CUST3078,Cafe Daybreak,Iced Latte,Continental & Beverages,2026-05-07 19:00:53,42,Malleshwaram,Delivered,3,Prompt delivery but taste was average.,190,DP_124
OD12145,CUST3419,Royal Biryani House,Veg Hyderabadi Biryani,Biryani & Mughlai,2026-05-08 13:55:07,70,Whitefield,Delivered,1,Unprofessional delivery partner. Very bad experience.,320,DP_180
OD12146,CUST3064,Royal Biryani House,Mutton Biryani,Biryani & Mughlai,2026-05-12 12:56:36,36,Whitefield,Delivered,4,Satisfied with the delivery speed and quality.,480,DP_119
OD12147,CUST2523,Sweet Retreat,Gulab Jamun (4 pcs),Desserts,2026-05-22 13:27:47,37,Malleshwaram,Delivered,4,"Tasty food, but could be a bit warmer.",150,DP_192
OD12148,CUST2080,The Salad Bowl,Quinoa Avocado Salad,Healthy & Salads,2026-05-02 19:30:25,43,Indiranagar,Delivered,4,"Tasty food, standard delivery. Satisfactory.",360,DP_116
OD12149,CUST2552,Bella Italia,Margherita Pizza 10-inch,Italian,2026-05-19 13:13:44,34,BTM Layout,Delivered,5,"Extremely satisfied, delivered hot and fresh!",410,DP_109
OD12150,CUST2792,Spice Symphony,Paneer Butter Masala Meal,North Indian,2026-05-16 12:47:47,40,Indiranagar,Delivered,4,Overall great experience. Prompt service.,660,DP_143
OD12151,CUST2360,The Salad Bowl,Fresh Fruit Bowl,Healthy & Salads,2026-05-05 22:49:54,77,Whitefield,Delivered,1,The food tasted stale and horrible! Threw it in the trash.,590,DP_164
OD12152,CUST2595,Bella Italia,Veg Arrabiata Penne Pasta,Italian,2026-05-08 20:50:27,34,Indiranagar,Delivered,2,The item delivered was incorrect and lukewarm.,350,DP_102
OD12153,CUST2282,Royal Biryani House,Egg Biryani,Biryani & Mughlai,2026-05-09 20:30:58,,Jayanagar,Cancelled,,Delivery partner could not be assigned due to heavy rain,290,DP_188
OD12154,CUST3415,The Golden Dosa,Onion Uttapam,South Indian,2026-05-13 13:23:42,35,Indiranagar,Delivered,4,"Tasty food, but could be a bit warmer.",160,DP_175
OD12155,CUST2530,Spice Symphony,Kadhai Paneer with Roti,North Indian,2026-05-26 14:34:07,41,Koramangala,Delivered,2,Food was cold when it arrived.,360,DP_125
OD12156,CUST2493,Bella Italia,Garlic Bread with Cheese,Italian,2026-05-20 22:52:29,44,Indiranagar,Delivered,3,Prompt delivery but taste was average.,190,DP_102
OD12157,CUST2678,Tandoori Nights,Malai Kofta & Lachha Paratha,North Indian,2026-05-02 19:22:16,50,Jayanagar,Delivered,3,Average food. Nothing special.,680,DP_179
OD12158,CUST3427,Sweet Retreat,Gulab Jamun (4 pcs),Desserts,2026-05-02 18:00:07,34,BTM Layout,Delivered,4,Overall great experience. Prompt service.,230,DP_196
OD12159,CUST2627,Sweet Retreat,Kulfi Falooda,Desserts,2026-05-07 19:14:20,45,Koramangala,Delivered,2,"Not worth the price, portion was very small.",170,DP_153
OD12160,CUST2571,Cafe Daybreak,Classic Cold Coffee,Continental & Beverages,2026-05-18 21:03:05,62,Malleshwaram,Delivered,2,The item delivered was incorrect and lukewarm.,170,DP_102
OD12161,CUST3459,Tandoori Nights,Malai Kofta & Lachha Paratha,North Indian,2026-04-29 20:15:02,38,Jayanagar,Delivered,5,"Extremely satisfied, delivered hot and fresh!",370,DP_200
OD12162,CUST2356,Wok & Roll,Schezwan Noodles,Chinese & Asian,2026-05-25 21:34:12,54,Whitefield,Delivered,3,Portion size was small for the price.,260,DP_162
OD12163,CUST2831,Sweet Retreat,Kulfi Falooda,Desserts,2026-04-28 21:26:56,53,Marathahalli,Delivered,2,Food was cold when it arrived.,410,DP_149
OD12164,CUST2170,Burger Bistro,Loaded Nachos,Fast Food,2026-05-24 23:29:02,27,Jayanagar,Delivered,4,Good taste and neat packaging.,240,DP_110
OD12165,CUST2854,The Golden Dosa,Masala Dosa with Sambar,South Indian,2026-05-09 20:05:06,81,Whitefield,Delivered,1,Awful experience! Delayed by over an hour and no response.,170,DP_108
OD12166,CUST2619,Sweet Retreat,Red Velvet Pastry,Desserts,2026-05-02 13:46:42,,Malleshwaram,Cancelled,,Item out of stock at restaurant,490,DP_138
OD12167,CUST3382,Sweet Retreat,Sizzling Brownie,Desserts,2026-05-25 11:09:21,42,Whitefield,Delivered,3,The food was decent but arrived a bit cold.,230,DP_123
OD12168,CUST3490,Cafe Daybreak,Club Sandwich,Continental & Beverages,2026-05-09 18:37:03,40,BTM Layout,Delivered,5,Best meal ever. Highly recommended!,240,DP_186
OD12169,CUST2739,Wok & Roll,Veg Spring Rolls (6 pcs),Chinese & Asian,2026-05-10 13:48:52,39,HSR Layout,Delivered,2,"Not worth the price, portion was very small.",520,DP_114
OD12170,CUST2020,Tandoori Nights,Chicken Seekh Kebab,North Indian,2026-05-21 08:40:32,35,BTM Layout,Delivered,4,Decent portion size and good taste. Recommended.,340,DP_192
OD12171,CUST2461,Royal Biryani House,Chicken Dum Biryani,Biryani & Mughlai,2026-05-25 21:15:17,37,Jayanagar,Delivered,4,"Tasty food, standard delivery. Satisfactory.",350,DP_177
OD12172,CUST2624,Cafe Daybreak,Paneer Tikka Sandwich,Continental & Beverages,2026-05-08 07:30:51,38,Jayanagar,Delivered,4,Satisfied with the delivery speed and quality.,410,DP_187
OD12173,CUST2273,The Salad Bowl,Greek Salad,Healthy & Salads,2026-05-16 18:32:06,29,Malleshwaram,Delivered,4,Good taste and neat packaging.,270,DP_176
OD12174,CUST2397,Bella Italia,Veg Arrabiata Penne Pasta,Italian,2026-05-10 22:25:39,57,Whitefield,Delivered,1,Unprofessional delivery partner. Very bad experience.,340,DP_108
OD12175,CUST2352,Burger Bistro,Chicken Nuggets (9 pcs),Fast Food,2026-05-19 20:29:48,41,Jayanagar,Delivered,3,Average food. Nothing special.,210,DP_200
OD12176,CUST2887,Cafe Daybreak,Hot Chocolate,Continental & Beverages,2026-05-09 20:23:07,54,HSR Layout,Delivered,2,Taste was disappointing. Packaging was leaked.,200,DP_144
OD12177,CUST2051,Spice Symphony,Dal Makhani with Jeera Rice,North Indian,2026-05-26 20:38:59,50,Whitefield,Delivered,3,Portion size was small for the price.,590,DP_125
OD12178,CUST2266,Royal Biryani House,Chicken Tikka Biryani,Biryani & Mughlai,2026-05-21 18:29:08,35,Whitefield,Delivered,5,"Delivered way before time, packaging was excellent!",770,DP_164
OD12179,CUST2426,The Golden Dosa,Masala Dosa with Sambar,South Indian,2026-05-23 20:44:45,51,Indiranagar,Delivered,3,Average food. Nothing special.,150,DP_101
OD12180,CUST2419,Sweet Retreat,Chocolate Lava Cake,Desserts,2026-05-21 12:07:40,44,Whitefield,Delivered,2,Food was cold when it arrived.,170,DP_169
OD12181,CUST2262,Burger Bistro,Chicken Nuggets (9 pcs),Fast Food,2026-05-04 17:37:33,32,Marathahalli,Delivered,4,Satisfied with the delivery speed and quality.,400,DP_197
OD12182,CUST3171,The Salad Bowl,Fresh Fruit Bowl,Healthy & Salads,2026-05-24 20:19:19,47,HSR Layout,Delivered,2,"Not worth the price, portion was very small.",230,DP_113
OD12183,CUST2593,Spice Symphony,Dal Makhani with Jeera Rice,North Indian,2026-05-11 12:38:27,45,Marathahalli,Delivered,4,Decent portion size and good taste. Recommended.,310,DP_179
OD12184,CUST2438,Tandoori Nights,Chicken Seekh Kebab,North Indian,2026-05-16 18:58:43,30,Whitefield,Delivered,5,Outstanding quality! Will definitely order again.,360,DP_187
OD12185,CUST2194,Tandoori Nights,Butter Chicken Combo Meal,North Indian,2026-05-22 14:05:43,,Indiranagar,Cancelled,,Customer cancelled the order,410,DP_117
OD12186,CUST2024,The Salad Bowl,Greek Salad,Healthy & Salads,2026-05-21 07:41:29,30,Whitefield,Delivered,5,"Extremely satisfied, delivered hot and fresh!",280,DP_139
OD12187,CUST3164,Tandoori Nights,Butter Chicken Combo Meal,North Indian,2026-05-08 20:05:56,45,Indiranagar,Delivered,1,Missing items in my order and food was cold. Avoid this place!,390,DP_130
OD12188,CUST2346,Royal Biryani House,Chicken Dum Biryani,Biryani & Mughlai,2026-05-18 17:13:36,27,BTM Layout,Delivered,4,Decent portion size and good taste. Recommended.,380,DP_130
OD12189,CUST2592,Spice Symphony,Paneer Butter Masala Meal,North Indian,2026-05-20 13:23:27,40,Marathahalli,Delivered,4,Good taste and neat packaging.,360,DP_126
OD12190,CUST2110,Royal Biryani House,Chicken Dum Biryani,Biryani & Mughlai,2026-05-11 22:24:42,44,BTM Layout,Delivered,3,Packaging could have been better. Average taste.,360,DP_129
OD12191,CUST2420,Royal Biryani House,Mutton Biryani,Biryani & Mughlai,2026-05-13 17:36:13,27,Koramangala,Delivered,4,Decent portion size and good taste. Recommended.,930,DP_155
OD12192,CUST2254,Spice Symphony,Kadhai Paneer with Roti,North Indian,2026-05-20 06:28:13,19,HSR Layout,Delivered,4,Decent portion size and good taste. Recommended.,360,DP_153
OD12193,CUST3170,Wok & Roll,Chilli Chicken Gravy,Chinese & Asian,2026-05-05 09:27:50,25,Indiranagar,Delivered,5,"Amazing food, super fast delivery!",320,DP_179
OD12194,CUST2850,Bella Italia,Veg Arrabiata Penne Pasta,Italian,2026-05-08 20:52:15,46,Jayanagar,Delivered,3,"Food was okay, but delivery took some time.",330,DP_154
OD12195,CUST3411,Wok & Roll,Veg Spring Rolls (6 pcs),Chinese & Asian,2026-05-22 21:45:20,46,HSR Layout,Delivered,3,Average food. Nothing special.,180,DP_165
OD12196,CUST3133,Wok & Roll,Chilli Chicken Gravy,Chinese & Asian,2026-05-11 09:33:59,26,Whitefield,Delivered,5,"Amazing food, super fast delivery!",320,DP_157
OD12197,CUST3242,The Salad Bowl,Fresh Fruit Bowl,Healthy & Salads,2026-05-09 12:20:03,37,HSR Layout,Delivered,4,"Tasty food, standard delivery. Satisfactory.",210,DP_131
OD12198,CUST2339,Bella Italia,Chicken Alfredo Pasta,Italian,2026-05-13 15:21:11,30,Koramangala,Delivered,4,Good taste and neat packaging.,390,DP_124
OD12199,CUST2482,Cafe Daybreak,Paneer Tikka Sandwich,Continental & Beverages,2026-05-24 13:39:18,34,BTM Layout,Delivered,4,Satisfied with the delivery speed and quality.,210,DP_155
OD12200,CUST2566,Sweet Retreat,Sizzling Brownie,Desserts,2026-05-25 09:05:11,28,HSR Layout,Delivered,2,"Too spicy, couldn't eat it. Disappointed.",200,DP_115
OD12201,CUST3489,Tandoori Nights,Tandoori Roti Combo,North Indian,2026-05-10 20:45:59,53,Koramangala,Delivered,2,Food was cold when it arrived.,220,DP_182
OD12202,CUST2643,Cafe Daybreak,Classic Cold Coffee,Continental & Beverages,2026-05-24 19:45:45,44,BTM Layout,Delivered,4,Good taste and neat packaging.,180,DP_101
OD12203,CUST2343,Tandoori Nights,Malai Kofta & Lachha Paratha,North Indian,2026-05-13 05:56:56,22,Indiranagar,Delivered,4,Satisfied with the delivery speed and quality.,380,DP_109
OD12204,CUST2194,Cafe Daybreak,Club Sandwich,Continental & Beverages,2026-05-26 20:05:38,42,Jayanagar,Delivered,1,Awful experience! Delayed by over an hour and no response.,440,DP_178
OD12205,CUST3483,Burger Bistro,Classic Cheese Burger & Fries,Fast Food,2026-04-30 20:47:51,57,Whitefield,Delivered,1,Awful experience! Delayed by over an hour and no response.,520,DP_174
OD12206,CUST3009,The Golden Dosa,Onion Uttapam,South Indian,2026-05-16 22:38:54,62,Whitefield,Delivered,1,Awful experience! Delayed by over an hour and no response.,150,DP_191
OD12207,CUST2208,Tandoori Nights,Tandoori Roti Combo,North Indian,2026-05-01 08:12:17,26,Marathahalli,Delivered,3,Portion size was small for the price.,210,DP_121
OD12208,CUST2085,Spice Symphony,Paneer Butter Masala Meal,North Indian,2026-05-12 18:33:35,28,Marathahalli,Delivered,5,"Amazing food, super fast delivery!",340,DP_150
OD12209,CUST2796,The Salad Bowl,Caesar Salad,Healthy & Salads,2026-05-22 22:08:46,39,Indiranagar,Delivered,3,Average food. Nothing special.,270,DP_184
OD12210,CUST2880,Burger Bistro,Chicken Nuggets (9 pcs),Fast Food,2026-05-14 16:53:41,28,Koramangala,Delivered,4,"Tasty food, but could be a bit warmer.",220,DP_170
OD12211,CUST3369,Wok & Roll,Veg Spring Rolls (6 pcs),Chinese & Asian,2026-05-02 14:37:55,39,Malleshwaram,Delivered,5,"Amazing food, super fast delivery!",350,DP_175
OD12212,CUST2583,Burger Bistro,Loaded Nachos,Fast Food,2026-05-25 19:24:40,55,Koramangala,Delivered,4,Overall great experience. Prompt service.,240,DP_174
OD12213,CUST2736,Spice Symphony,Dal Makhani with Jeera Rice,North Indian,2026-04-28 21:50:27,39,Indiranagar,Delivered,4,"Tasty food, standard delivery. Satisfactory.",300,DP_167
OD12214,CUST3141,Spice Symphony,Dal Makhani with Jeera Rice,North Indian,2026-05-25 19:04:44,36,Malleshwaram,Delivered,4,"Tasty food, but could be a bit warmer.",330,DP_114
OD12215,CUST2560,The Salad Bowl,Fresh Fruit Bowl,Healthy & Salads,2026-05-08 06:25:00,37,Marathahalli,Delivered,4,Satisfied with the delivery speed and quality.,220,DP_165
OD12216,CUST2538,Burger Bistro,Chicken Nuggets (9 pcs),Fast Food,2026-05-17 19:53:22,40,Indiranagar,Delivered,5,"Delivered way before time, packaging was excellent!",220,DP_163
OD12217,CUST3348,Spice Symphony,Dal Makhani with Jeera Rice,North Indian,2026-05-17 17:27:11,41,Marathahalli,Delivered,2,Taste was disappointing. Packaging was leaked.,330,DP_125
OD12218,CUST2176,Tandoori Nights,Malai Kofta & Lachha Paratha,North Indian,2026-05-24 22:31:08,65,BTM Layout,Delivered,1,Worst service! Delivered extremely late and completely cold.,350,DP_116
OD12219,CUST2276,The Salad Bowl,Quinoa Avocado Salad,Healthy & Salads,2026-04-29 11:24:24,,HSR Layout,Cancelled,,Item out of stock at restaurant,370,DP_199
OD12220,CUST2818,The Salad Bowl,Caesar Salad,Healthy & Salads,2026-05-01 13:25:56,42,BTM Layout,Delivered,3,Packaging could have been better. Average taste.,280,DP_162
OD12221,CUST3006,Bella Italia,Margherita Pizza 10-inch,Italian,2026-05-12 22:13:05,34,HSR Layout,Delivered,5,Outstanding quality! Will definitely order again.,420,DP_142
OD12222,CUST2700,The Salad Bowl,Caesar Salad,Healthy & Salads,2026-05-13 21:19:38,41,BTM Layout,Delivered,1,Worst service! Delivered extremely late and completely cold.,280,DP_109
OD12223,CUST2696,Royal Biryani House,Chicken Dum Biryani,Biryani & Mughlai,2026-05-21 09:46:07,19,Jayanagar,Delivered,5,"Delivered way before time, packaging was excellent!",360,DP_148
OD12224,CUST2471,Bella Italia,Chicken Alfredo Pasta,Italian,2026-05-19 11:38:05,30,HSR Layout,Delivered,3,"Food was okay, but delivery took some time.",390,DP_175
OD12225,CUST3486,The Golden Dosa,Rava Kesari & Dosa Combo,South Indian,2026-04-27 21:34:59,34,Malleshwaram,Delivered,3,"Food was okay, but delivery took some time.",320,DP_166
OD12226,CUST3395,Sweet Retreat,Sizzling Brownie,Desserts,2026-05-06 07:09:06,25,Koramangala,Delivered,5,Best meal ever. Highly recommended!,210,DP_155
OD12227,CUST3276,Tandoori Nights,Butter Chicken Combo Meal,North Indian,2026-04-28 20:36:24,36,HSR Layout,Delivered,4,Decent portion size and good taste. Recommended.,380,DP_140
OD12228,CUST2892,Wok & Roll,Schezwan Noodles,Chinese & Asian,2026-05-06 20:55:22,35,HSR Layout,Delivered,2,"Too spicy, couldn't eat it. Disappointed.",280,DP_154
OD12229,CUST2401,Sweet Retreat,Red Velvet Pastry,Desserts,2026-05-01 19:12:20,51,Koramangala,Delivered,3,"Food was okay, but delivery took some time.",190,DP_109
OD12230,CUST2516,Burger Bistro,Spicy Paneer Wrap,Fast Food,2026-05-12 12:16:28,51,BTM Layout,Delivered,2,Taste was disappointing. Packaging was leaked.,210,DP_161
OD12231,CUST2264,Cafe Daybreak,Classic Cold Coffee,Continental & Beverages,2026-05-19 21:28:05,46,HSR Layout,Delivered,4,"Tasty food, but could be a bit warmer.",490,DP_108
OD12232,CUST3468,The Salad Bowl,Fresh Fruit Bowl,Healthy & Salads,2026-05-21 20:08:25,49,HSR Layout,Delivered,2,The item delivered was incorrect and lukewarm.,210,DP_113
OD12233,CUST2169,Bella Italia,Veg Arrabiata Penne Pasta,Italian,2026-05-09 09:59:18,55,Marathahalli,Delivered,3,Packaging could have been better. Average taste.,330,DP_119
OD12234,CUST2639,Bella Italia,Chicken Alfredo Pasta,Italian,2026-04-30 20:23:14,70,Whitefield,Delivered,2,"Not worth the price, portion was very small.",410,DP_132
OD12235,CUST3261,Sweet Retreat,Chocolate Lava Cake,Desserts,2026-05-22 19:14:18,53,Jayanagar,Delivered,2,Delivery took almost an hour. Unhappy.,160,DP_177
OD12236,CUST3130,The Salad Bowl,Caesar Salad,Healthy & Salads,2026-05-12 18:03:45,21,HSR Layout,Delivered,5,"Delivered way before time, packaging was excellent!",260,DP_115
OD12237,CUST2523,Wok & Roll,Chilli Chicken Gravy,Chinese & Asian,2026-05-12 21:37:55,31,Indiranagar,Delivered,5,"Delivered way before time, packaging was excellent!",310,DP_127
OD12238,CUST2659,Bella Italia,Garlic Bread with Cheese,Italian,2026-05-11 12:07:19,53,Whitefield,Delivered,3,Packaging could have been better. Average taste.,200,DP_151
OD12239,CUST2524,Spice Symphony,Tandoori Chicken Half,North Indian,2026-05-24 23:48:22,28,BTM Layout,Delivered,4,"Tasty food, but could be a bit warmer.",430,DP_102
OD12240,CUST3126,Royal Biryani House,Chicken Dum Biryani,Biryani & Mughlai,2026-05-17 19:07:37,64,Whitefield,Delivered,1,Missing items in my order and food was cold. Avoid this place!,690,DP_165
OD12241,CUST2274,The Salad Bowl,High-Protein Chicken Salad,Healthy & Salads,2026-05-03 21:58:19,61,Marathahalli,Delivered,2,"Not worth the price, portion was very small.",320,DP_183
OD12242,CUST2822,The Salad Bowl,Caesar Salad,Healthy & Salads,2026-04-30 12:16:41,,Jayanagar,Cancelled,,Customer cancelled the order,520,DP_127
OD12243,CUST3068,Bella Italia,Garlic Bread with Cheese,Italian,2026-05-13 20:55:51,57,BTM Layout,Delivered,2,Food was cold when it arrived.,320,DP_145
OD12244,CUST2797,Wok & Roll,Chilli Chicken Gravy,Chinese & Asian,2026-05-19 06:35:45,26,Whitefield,Delivered,4,Good taste and neat packaging.,300,DP_149
OD12245,CUST3412,The Salad Bowl,High-Protein Chicken Salad,Healthy & Salads,2026-05-23 19:40:45,48,Marathahalli,Delivered,3,"Food was okay, but delivery took some time.",330,DP_174
OD12246,CUST2214,Wok & Roll,Chilli Chicken Gravy,Chinese & Asian,2026-05-12 12:25:29,42,BTM Layout,Delivered,2,Delivery took almost an hour. Unhappy.,330,DP_167
OD12247,CUST3145,The Salad Bowl,Caesar Salad,Healthy & Salads,2026-05-05 23:04:37,41,Marathahalli,Delivered,2,Taste was disappointing. Packaging was leaked.,280,DP_129
OD12248,CUST3337,Cafe Daybreak,Hot Chocolate,Continental & Beverages,2026-05-03 12:38:00,32,Malleshwaram,Delivered,5,Outstanding quality! Will definitely order again.,220,DP_152
OD12249,CUST3249,The Golden Dosa,Rava Kesari & Dosa Combo,South Indian,2026-05-02 20:26:16,57,Malleshwaram,Delivered,1,Worst service! Delivered extremely late and completely cold.,170,DP_180
OD12250,CUST2006,Cafe Daybreak,Paneer Tikka Sandwich,Continental & Beverages,2026-05-26 21:52:29,70,Indiranagar,Delivered,1,"Terrible experience, food was completely spilled inside the bag.",240,DP_140
OD12251,CUST2184,Burger Bistro,Chicken Nuggets (9 pcs),Fast Food,2026-05-16 22:24:29,54,Whitefield,Delivered,3,Average food. Nothing special.,210,DP_150
OD12252,CUST2372,Wok & Roll,Chilli Chicken Gravy,Chinese & Asian,2026-05-02 07:32:51,62,BTM Layout,Delivered,1,Unprofessional delivery partner. Very bad experience.,320,DP_173
OD12253,CUST3271,Sweet Retreat,Chocolate Lava Cake,Desserts,2026-05-18 17:12:10,15,Malleshwaram,Delivered,5,"Extremely satisfied, delivered hot and fresh!",180,DP_160
OD12254,CUST3389,Tandoori Nights,Chicken Seekh Kebab,North Indian,2026-05-03 19:11:46,66,BTM Layout,Delivered,1,"Terrible experience, food was completely spilled inside the bag.",670,DP_101
OD12255,CUST3409,Cafe Daybreak,Classic Cold Coffee,Continental & Beverages,2026-05-21 18:43:38,20,Malleshwaram,Delivered,3,Packaging could have been better. Average taste.,170,DP_126
OD12256,CUST3211,Bella Italia,Chicken Alfredo Pasta,Italian,2026-05-10 13:56:31,,Indiranagar,Cancelled,,Delivery address was outside the delivery radius,750,DP_122
OD12257,CUST2412,Royal Biryani House,Egg Biryani,Biryani & Mughlai,2026-05-25 20:55:22,49,BTM Layout,Delivered,2,"Not worth the price, portion was very small.",310,DP_134
OD12258,CUST2789,Tandoori Nights,Malai Kofta & Lachha Paratha,North Indian,2026-05-20 08:22:53,,Whitefield,Cancelled,,Delivery address was outside the delivery radius,700,DP_136
OD12259,CUST2518,Burger Bistro,Classic Cheese Burger & Fries,Fast Food,2026-05-21 14:28:31,34,HSR Layout,Delivered,5,"Perfect taste, clean packaging, and polite delivery partner.",270,DP_177
OD12260,CUST3074,Tandoori Nights,Tandoori Roti Combo,North Indian,2026-05-05 14:01:15,32,Malleshwaram,Delivered,4,Good taste and neat packaging.,210,DP_145
OD12261,CUST2768,Wok & Roll,Veg Spring Rolls (6 pcs),Chinese & Asian,2026-05-15 12:46:38,68,Koramangala,Delivered,1,Awful experience! Delayed by over an hour and no response.,200,DP_132
OD12262,CUST2567,Spice Symphony,Tandoori Chicken Half,North Indian,2026-05-22 21:05:22,46,Indiranagar,Delivered,2,Food was cold when it arrived.,410,DP_193
OD12263,CUST2644,The Golden Dosa,Masala Dosa with Sambar,South Indian,2026-05-13 13:34:28,46,BTM Layout,Delivered,3,The food was decent but arrived a bit cold.,270,DP_127
OD12264,CUST2875,Bella Italia,Farmhouse Veg Pizza,Italian,2026-05-24 21:08:57,59,Malleshwaram,Delivered,1,The food tasted stale and horrible! Threw it in the trash.,860,DP_126
OD12265,CUST2110,Tandoori Nights,Malai Kofta & Lachha Paratha,North Indian,2026-04-29 06:40:31,31,BTM Layout,Delivered,5,"Delivered way before time, packaging was excellent!",680,DP_106
OD12266,CUST2672,The Golden Dosa,Onion Uttapam,South Indian,2026-05-11 18:40:30,53,Whitefield,Delivered,1,Worst service! Delivered extremely late and completely cold.,170,DP_167
OD12267,CUST2875,The Golden Dosa,Rava Kesari & Dosa Combo,South Indian,2026-05-17 14:45:30,46,Whitefield,Delivered,3,Packaging could have been better. Average taste.,190,DP_144
OD12268,CUST2060,The Salad Bowl,Fresh Fruit Bowl,Healthy & Salads,2026-04-28 18:40:54,26,Koramangala,Delivered,3,Packaging could have been better. Average taste.,230,DP_121
OD12269,CUST2195,Wok & Roll,Veg Spring Rolls (6 pcs),Chinese & Asian,2026-05-05 14:41:37,35,Jayanagar,Delivered,5,Best meal ever. Highly recommended!,190,DP_187
OD12270,CUST3026,Sweet Retreat,Chocolate Lava Cake,Desserts,2026-04-29 20:40:51,49,BTM Layout,Delivered,2,Delivery took almost an hour. Unhappy.,160,DP_183
OD12271,CUST2084,Sweet Retreat,Chocolate Lava Cake,Desserts,2026-05-18 19:28:33,28,Jayanagar,Delivered,4,Overall great experience. Prompt service.,450,DP_166
OD12272,CUST2948,Wok & Roll,Chilli Chicken Gravy,Chinese & Asian,2026-05-19 20:55:18,34,Jayanagar,Delivered,5,"Amazing food, super fast delivery!",600,DP_180
OD12273,CUST2388,The Golden Dosa,Onion Uttapam,South Indian,2026-05-22 15:16:15,38,Koramangala,Delivered,4,Overall great experience. Prompt service.,160,DP_155
OD12274,CUST2535,Bella Italia,Margherita Pizza 10-inch,Italian,2026-05-15 12:12:11,,Indiranagar,Cancelled,,Customer cancelled the order,420,DP_160
OD12275,CUST2893,Spice Symphony,Dal Makhani with Jeera Rice,North Indian,2026-05-08 12:53:58,47,Indiranagar,Delivered,4,Decent portion size and good taste. Recommended.,300,DP_117
OD12276,CUST2339,Wok & Roll,Schezwan Noodles,Chinese & Asian,2026-04-27 23:01:28,26,Koramangala,Delivered,3,"Food was okay, but delivery took some time.",510,DP_146
OD12277,CUST3399,Sweet Retreat,Red Velvet Pastry,Desserts,2026-05-24 22:38:22,60,Whitefield,Delivered,2,Food was cold when it arrived.,320,DP_112
OD12278,CUST3361,Cafe Daybreak,Iced Latte,Continental & Beverages,2026-05-01 21:03:19,57,Koramangala,Delivered,2,Delivery took almost an hour. Unhappy.,210,DP_189
OD12279,CUST2609,Cafe Daybreak,Hot Chocolate,Continental & Beverages,2026-05-08 17:52:31,29,Malleshwaram,Delivered,4,"Tasty food, standard delivery. Satisfactory.",200,DP_127
OD12280,CUST3393,Burger Bistro,Crispy Chicken Burger,Fast Food,2026-04-29 19:31:09,51,Whitefield,Delivered,3,"Food was okay, but delivery took some time.",230,DP_198
OD12281,CUST3202,Burger Bistro,Classic Cheese Burger & Fries,Fast Food,2026-05-08 19:43:26,48,Koramangala,Delivered,1,Worst service! Delivered extremely late and completely cold.,270,DP_144
OD12282,CUST3178,The Salad Bowl,Fresh Fruit Bowl,Healthy & Salads,2026-05-13 17:06:43,42,Marathahalli,Delivered,3,Prompt delivery but taste was average.,220,DP_102
OD12283,CUST2577,Tandoori Nights,Chicken Seekh Kebab,North Indian,2026-05-13 19:41:16,39,Jayanagar,Delivered,3,Average food. Nothing special.,660,DP_153
OD12284,CUST2909,The Salad Bowl,Fresh Fruit Bowl,Healthy & Salads,2026-05-16 20:49:59,75,Whitefield,Delivered,1,Awful experience! Delayed by over an hour and no response.,400,DP_148
OD12285,CUST2275,Royal Biryani House,Egg Biryani,Biryani & Mughlai,2026-05-21 21:40:31,46,Malleshwaram,Delivered,3,The food was decent but arrived a bit cold.,300,DP_135
OD12286,CUST2241,Royal Biryani House,Mutton Biryani,Biryani & Mughlai,2026-05-20 19:51:15,43,Malleshwaram,Delivered,3,The food was decent but arrived a bit cold.,480,DP_177
OD12287,CUST2584,Burger Bistro,Spicy Paneer Wrap,Fast Food,2026-05-06 19:47:26,39,Malleshwaram,Delivered,5,"Perfect taste, clean packaging, and polite delivery partner.",220,DP_134
OD12288,CUST3155,Burger Bistro,Chicken Nuggets (9 pcs),Fast Food,2026-05-07 14:14:21,42,Indiranagar,Delivered,3,The food was decent but arrived a bit cold.,240,DP_122
OD12289,CUST2043,The Salad Bowl,High-Protein Chicken Salad,Healthy & Salads,2026-05-01 18:43:30,36,BTM Layout,Delivered,3,Average food. Nothing special.,320,DP_147
OD12290,CUST3421,Wok & Roll,Schezwan Noodles,Chinese & Asian,2026-05-06 22:21:35,51,Whitefield,Delivered,3,Portion size was small for the price.,250,DP_138
OD12291,CUST2892,Royal Biryani House,Chicken Dum Biryani,Biryani & Mughlai,2026-05-22 22:42:30,55,BTM Layout,Delivered,3,The food was decent but arrived a bit cold.,360,DP_154
OD12292,CUST3189,The Golden Dosa,Masala Dosa with Sambar,South Indian,2026-04-29 18:23:58,28,Marathahalli,Delivered,4,Good taste and neat packaging.,140,DP_188
OD12293,CUST3282,Tandoori Nights,Tandoori Roti Combo,North Indian,2026-05-09 21:49:39,78,Whitefield,Delivered,1,"Terrible experience, food was completely spilled inside the bag.",210,DP_109
OD12294,CUST3037,Cafe Daybreak,Hot Chocolate,Continental & Beverages,2026-04-28 14:50:48,,Whitefield,Cancelled,,Restaurant could not prepare food in time,190,DP_177
OD12295,CUST2191,The Golden Dosa,Rava Kesari & Dosa Combo,South Indian,2026-05-09 13:02:39,72,Whitefield,Delivered,1,Missing items in my order and food was cold. Avoid this place!,330,DP_188
OD12296,CUST3204,Spice Symphony,Paneer Butter Masala Meal,North Indian,2026-05-17 17:10:41,31,Koramangala,Delivered,5,Best meal ever. Highly recommended!,670,DP_172
OD12297,CUST3065,The Golden Dosa,Onion Uttapam,South Indian,2026-05-20 21:56:53,36,HSR Layout,Delivered,4,Good taste and neat packaging.,180,DP_195
OD12298,CUST2381,Bella Italia,Chicken Alfredo Pasta,Italian,2026-05-12 13:46:52,31,BTM Layout,Delivered,4,"Tasty food, but could be a bit warmer.",410,DP_140
OD12299,CUST3402,Royal Biryani House,Egg Biryani,Biryani & Mughlai,2026-05-11 19:41:20,50,Koramangala,Delivered,2,Delivery took almost an hour. Unhappy.,310,DP_188
OD12300,CUST2559,Tandoori Nights,Butter Chicken Combo Meal,North Indian,2026-05-18 09:59:16,43,BTM Layout,Delivered,2,The item delivered was incorrect and lukewarm.,410,DP_179
OD12301,CUST2686,Wok & Roll,Veg Hakka Noodles,Chinese & Asian,2026-05-09 13:09:12,37,Jayanagar,Delivered,3,Packaging could have been better. Average taste.,480,DP_102
OD12302,CUST2550,Tandoori Nights,Tandoori Roti Combo,North Indian,2026-04-30 20:34:11,,HSR Layout,Cancelled,,Delivery partner could not be assigned due to heavy rain,200,DP_174
OD12303,CUST2498,Royal Biryani House,Veg Hyderabadi Biryani,Biryani & Mughlai,2026-05-25 07:29:13,36,Whitefield,Delivered,5,Best meal ever. Highly recommended!,330,DP_163
OD12304,CUST3384,The Golden Dosa,Idli Vada Combo,South Indian,2026-05-19 21:33:20,40,Malleshwaram,Delivered,4,Overall great experience. Prompt service.,150,DP_165
OD12305,CUST3197,The Salad Bowl,High-Protein Chicken Salad,Healthy & Salads,2026-05-17 21:58:50,57,Marathahalli,Delivered,1,Worst service! Delivered extremely late and completely cold.,340,DP_159
OD12306,CUST2270,The Salad Bowl,Greek Salad,Healthy & Salads,2026-05-16 13:26:58,53,Whitefield,Delivered,3,Packaging could have been better. Average taste.,270,DP_122
OD12307,CUST2728,Wok & Roll,Schezwan Noodles,Chinese & Asian,2026-05-06 12:43:32,44,BTM Layout,Delivered,1,The food tasted stale and horrible! Threw it in the trash.,260,DP_157
OD12308,CUST2104,Wok & Roll,Schezwan Noodles,Chinese & Asian,2026-05-13 14:42:01,37,Marathahalli,Delivered,5,"Delivered way before time, packaging was excellent!",250,DP_153
OD12309,CUST2655,Spice Symphony,Kadhai Paneer with Roti,North Indian,2026-05-26 12:11:45,,Malleshwaram,Cancelled,,Delivery address was outside the delivery radius,350,DP_155
OD12310,CUST3455,Wok & Roll,Chicken Fried Rice & Manchurian,Chinese & Asian,2026-05-01 12:35:06,34,Indiranagar,Delivered,4,"Tasty food, but could be a bit warmer.",600,DP_152
OD12311,CUST3236,The Golden Dosa,Filter Coffee & Upma,South Indian,2026-05-17 20:58:18,55,BTM Layout,Delivered,4,Good taste and neat packaging.,160,DP_147
OD12312,CUST3441,Royal Biryani House,Veg Hyderabadi Biryani,Biryani & Mughlai,2026-04-30 20:13:20,43,Whitefield,Delivered,3,The food was decent but arrived a bit cold.,330,DP_106
OD12313,CUST3474,Burger Bistro,Classic Cheese Burger & Fries,Fast Food,2026-05-16 20:57:56,53,HSR Layout,Delivered,2,"Too spicy, couldn't eat it. Disappointed.",290,DP_114
OD12314,CUST2942,The Golden Dosa,Rava Kesari & Dosa Combo,South Indian,2026-05-01 07:15:05,,HSR Layout,Cancelled,,Customer cancelled the order,480,DP_157
OD12315,CUST2510,The Golden Dosa,Idli Vada Combo,South Indian,2026-05-24 07:14:12,33,BTM Layout,Delivered,5,Outstanding quality! Will definitely order again.,150,DP_112
OD12316,CUST2514,Sweet Retreat,Gulab Jamun (4 pcs),Desserts,2026-05-01 21:43:15,44,BTM Layout,Delivered,3,Average food. Nothing special.,130,DP_181
OD12317,CUST2016,Burger Bistro,Chicken Nuggets (9 pcs),Fast Food,2026-04-27 13:04:49,33,Koramangala,Delivered,4,"Tasty food, standard delivery. Satisfactory.",210,DP_123
OD12318,CUST3227,Wok & Roll,Chicken Fried Rice & Manchurian,Chinese & Asian,2026-05-03 19:14:48,68,Whitefield,Delivered,1,Awful experience! Delayed by over an hour and no response.,910,DP_103
OD12319,CUST2655,The Golden Dosa,Onion Uttapam,South Indian,2026-05-15 13:09:55,40,Koramangala,Delivered,5,"Perfect taste, clean packaging, and polite delivery partner.",150,DP_191
OD12320,CUST2543,The Salad Bowl,Fresh Fruit Bowl,Healthy & Salads,2026-05-15 06:46:02,30,Jayanagar,Delivered,5,"Delivered way before time, packaging was excellent!",220,DP_109
OD12321,CUST2068,Burger Bistro,Classic Cheese Burger & Fries,Fast Food,2026-05-09 20:46:15,50,Whitefield,Delivered,2,Delivery took almost an hour. Unhappy.,270,DP_154
OD12322,CUST3434,Bella Italia,Chicken Alfredo Pasta,Italian,2026-05-23 19:18:07,62,BTM Layout,Delivered,2,The item delivered was incorrect and lukewarm.,380,DP_199
OD12323,CUST2301,The Golden Dosa,Onion Uttapam,South Indian,2026-04-30 21:21:45,47,HSR Layout,Delivered,1,Awful experience! Delayed by over an hour and no response.,170,DP_171
OD12324,CUST3158,Sweet Retreat,Chocolate Lava Cake,Desserts,2026-04-30 17:38:28,26,Marathahalli,Delivered,4,"Tasty food, standard delivery. Satisfactory.",180,DP_105
OD12325,CUST2485,Tandoori Nights,Paneer Tikka,North Indian,2026-05-18 14:23:57,,Koramangala,Cancelled,,Delivery address was outside the delivery radius,300,DP_200
OD12326,CUST3243,Cafe Daybreak,Iced Latte,Continental & Beverages,2026-05-03 23:24:18,35,Malleshwaram,Delivered,5,"Extremely satisfied, delivered hot and fresh!",180,DP_104
OD12327,CUST3443,Bella Italia,Veg Arrabiata Penne Pasta,Italian,2026-05-26 21:29:01,45,Malleshwaram,Delivered,3,"Food was okay, but delivery took some time.",660,DP_149
OD12328,CUST2026,Sweet Retreat,Kulfi Falooda,Desserts,2026-05-17 22:11:28,52,Koramangala,Delivered,4,"Tasty food, standard delivery. Satisfactory.",300,DP_175
OD12329,CUST3347,The Salad Bowl,Caesar Salad,Healthy & Salads,2026-05-24 06:07:01,43,Whitefield,Delivered,4,Overall great experience. Prompt service.,290,DP_156
OD12330,CUST3171,Spice Symphony,Kadhai Paneer with Roti,North Indian,2026-05-24 12:08:31,49,BTM Layout,Delivered,2,The item delivered was incorrect and lukewarm.,360,DP_186
OD12331,CUST3414,Cafe Daybreak,Paneer Tikka Sandwich,Continental & Beverages,2026-05-22 07:17:42,35,Malleshwaram,Delivered,3,Average food. Nothing special.,240,DP_118
OD12332,CUST2216,Tandoori Nights,Malai Kofta & Lachha Paratha,North Indian,2026-04-27 22:28:12,49,Marathahalli,Delivered,2,Food was cold when it arrived.,380,DP_177
OD12333,CUST3215,Royal Biryani House,Mutton Biryani,Biryani & Mughlai,2026-05-08 15:54:59,,Malleshwaram,Cancelled,,Item out of stock at restaurant,470,DP_137
OD12334,CUST3373,Tandoori Nights,Paneer Tikka,North Indian,2026-04-30 16:47:17,25,BTM Layout,Delivered,4,Decent portion size and good taste. Recommended.,300,DP_182
OD12335,CUST2268,The Golden Dosa,Onion Uttapam,South Indian,2026-05-06 18:38:15,31,Marathahalli,Delivered,3,The food was decent but arrived a bit cold.,170,DP_179
OD12336,CUST3127,Bella Italia,Chicken Alfredo Pasta,Italian,2026-05-15 19:48:07,34,HSR Layout,Delivered,5,Best meal ever. Highly recommended!,400,DP_145
OD12337,CUST2521,The Salad Bowl,Fresh Fruit Bowl,Healthy & Salads,2026-04-30 19:36:26,49,Whitefield,Delivered,3,Average food. Nothing special.,230,DP_127
OD12338,CUST2503,Cafe Daybreak,Paneer Tikka Sandwich,Continental & Beverages,2026-05-09 18:32:51,24,Malleshwaram,Delivered,5,Best meal ever. Highly recommended!,210,DP_148
OD12339,CUST3413,Royal Biryani House,Chicken Dum Biryani,Biryani & Mughlai,2026-05-12 13:32:07,36,Koramangala,Delivered,3,Prompt delivery but taste was average.,370,DP_124
OD12340,CUST2404,Bella Italia,Veg Arrabiata Penne Pasta,Italian,2026-05-02 20:08:37,75,Whitefield,Delivered,1,Worst service! Delivered extremely late and completely cold.,340,DP_111
OD12341,CUST2501,Tandoori Nights,Malai Kofta & Lachha Paratha,North Indian,2026-05-21 19:03:20,62,Marathahalli,Delivered,1,"Terrible experience, food was completely spilled inside the bag.",380,DP_162
OD12342,CUST2162,Sweet Retreat,Gulab Jamun (4 pcs),Desserts,2026-05-03 13:20:13,46,Marathahalli,Delivered,3,Average food. Nothing special.,130,DP_132
OD12343,CUST3204,Royal Biryani House,Egg Biryani,Biryani & Mughlai,2026-05-20 20:24:37,80,Marathahalli,Delivered,2,Taste was disappointing. Packaging was leaked.,300,DP_158
OD12344,CUST2526,Wok & Roll,Chicken Fried Rice & Manchurian,Chinese & Asian,2026-05-25 21:29:00,42,Marathahalli,Delivered,3,Prompt delivery but taste was average.,340,DP_142
OD12345,CUST3318,Bella Italia,Veg Arrabiata Penne Pasta,Italian,2026-04-29 05:09:54,26,Malleshwaram,Delivered,5,Outstanding quality! Will definitely order again.,640,DP_200
OD12346,CUST2715,Bella Italia,Garlic Bread with Cheese,Italian,2026-05-13 20:32:34,52,BTM Layout,Delivered,1,Awful experience! Delayed by over an hour and no response.,170,DP_179
OD12347,CUST3201,Wok & Roll,Schezwan Noodles,Chinese & Asian,2026-05-06 20:56:40,41,Koramangala,Delivered,4,"Tasty food, but could be a bit warmer.",270,DP_113
OD12348,CUST2614,Sweet Retreat,Gulab Jamun (4 pcs),Desserts,2026-05-23 15:53:59,30,HSR Layout,Delivered,5,"Extremely satisfied, delivered hot and fresh!",120,DP_150
OD12349,CUST2582,The Salad Bowl,Quinoa Avocado Salad,Healthy & Salads,2026-05-23 13:45:16,,BTM Layout,Cancelled,,Delivery partner could not be assigned due to heavy rain,350,DP_180
OD12350,CUST2296,Wok & Roll,Veg Spring Rolls (6 pcs),Chinese & Asian,2026-04-29 20:15:42,35,Jayanagar,Delivered,5,"Delivered way before time, packaging was excellent!",210,DP_130
OD12351,CUST2698,Bella Italia,Farmhouse Veg Pizza,Italian,2026-05-22 20:59:36,56,Koramangala,Delivered,2,"Too spicy, couldn't eat it. Disappointed.",440,DP_107
OD12352,CUST2153,Bella Italia,Margherita Pizza 10-inch,Italian,2026-05-02 13:06:31,55,Marathahalli,Delivered,3,Portion size was small for the price.,400,DP_152
OD12353,CUST3361,The Golden Dosa,Filter Coffee & Upma,South Indian,2026-05-03 12:12:27,44,BTM Layout,Delivered,1,"Terrible experience, food was completely spilled inside the bag.",150,DP_147
OD12354,CUST2138,Burger Bistro,Chicken Nuggets (9 pcs),Fast Food,2026-05-11 19:06:42,54,Marathahalli,Delivered,4,Overall great experience. Prompt service.,230,DP_194
OD12355,CUST2364,Bella Italia,Garlic Bread with Cheese,Italian,2026-05-24 11:43:06,29,Jayanagar,Delivered,5,"Extremely satisfied, delivered hot and fresh!",170,DP_121
OD12356,CUST2015,The Golden Dosa,Idli Vada Combo,South Indian,2026-05-09 21:37:12,56,Koramangala,Delivered,2,Food was cold when it arrived.,240,DP_137
OD12357,CUST2333,Spice Symphony,Butter Chicken & Naan,North Indian,2026-05-16 21:41:19,50,Jayanagar,Delivered,2,Taste was disappointing. Packaging was leaked.,370,DP_156
OD12358,CUST2152,Cafe Daybreak,Iced Latte,Continental & Beverages,2026-05-09 17:42:20,28,Koramangala,Delivered,4,Overall great experience. Prompt service.,180,DP_154
OD12359,CUST2392,Royal Biryani House,Chicken Dum Biryani,Biryani & Mughlai,2026-04-30 12:33:20,30,HSR Layout,Delivered,3,"Food was okay, but delivery took some time.",350,DP_128
OD12360,CUST2483,Bella Italia,Chicken Alfredo Pasta,Italian,2026-05-01 21:56:47,47,Jayanagar,Delivered,2,"Too spicy, couldn't eat it. Disappointed.",380,DP_151
OD12361,CUST2021,Royal Biryani House,Veg Hyderabadi Biryani,Biryani & Mughlai,2026-05-14 16:51:02,21,Malleshwaram,Delivered,4,Decent portion size and good taste. Recommended.,320,DP_161
OD12362,CUST3499,Wok & Roll,Veg Spring Rolls (6 pcs),Chinese & Asian,2026-05-26 21:45:25,40,Malleshwaram,Delivered,3,Packaging could have been better. Average taste.,210,DP_139
OD12363,CUST2997,Royal Biryani House,Chicken Dum Biryani,Biryani & Mughlai,2026-05-06 21:03:01,67,Whitefield,Delivered,1,Worst service! Delivered extremely late and completely cold.,370,DP_128
OD12364,CUST2039,Tandoori Nights,Tandoori Roti Combo,North Indian,2026-05-11 20:08:22,36,Jayanagar,Delivered,5,"Perfect taste, clean packaging, and polite delivery partner.",570,DP_124
OD12365,CUST3365,Cafe Daybreak,Classic Cold Coffee,Continental & Beverages,2026-05-24 16:46:48,43,Whitefield,Delivered,3,The food was decent but arrived a bit cold.,180,DP_175
OD12366,CUST2212,Cafe Daybreak,Iced Latte,Continental & Beverages,2026-05-17 12:42:40,54,HSR Layout,Delivered,3,The food was decent but arrived a bit cold.,190,DP_200
OD12367,CUST2082,Bella Italia,Chicken Alfredo Pasta,Italian,2026-05-26 17:41:14,26,Koramangala,Delivered,4,Good taste and neat packaging.,390,DP_167
OD12368,CUST2166,The Salad Bowl,Fresh Fruit Bowl,Healthy & Salads,2026-05-07 13:45:29,50,Indiranagar,Delivered,1,Worst service! Delivered extremely late and completely cold.,200,DP_145
OD12369,CUST3016,Sweet Retreat,Gulab Jamun (4 pcs),Desserts,2026-05-18 19:39:50,50,BTM Layout,Delivered,2,The item delivered was incorrect and lukewarm.,140,DP_126
OD12370,CUST2850,Royal Biryani House,Chicken Dum Biryani,Biryani & Mughlai,2026-05-26 19:04:39,34,Jayanagar,Delivered,5,"Extremely satisfied, delivered hot and fresh!",350,DP_171
OD12371,CUST3194,Burger Bistro,Spicy Paneer Wrap,Fast Food,2026-05-20 14:04:22,36,Jayanagar,Delivered,4,Good taste and neat packaging.,210,DP_113
OD12372,CUST3442,The Golden Dosa,Masala Dosa with Sambar,South Indian,2026-04-30 20:55:51,49,BTM Layout,Delivered,4,Overall great experience. Prompt service.,170,DP_130
OD12373,CUST2063,Bella Italia,Margherita Pizza 10-inch,Italian,2026-05-25 11:15:16,34,HSR Layout,Delivered,3,Packaging could have been better. Average taste.,430,DP_154
OD12374,CUST2081,Wok & Roll,Chicken Fried Rice & Manchurian,Chinese & Asian,2026-04-29 17:56:50,39,Whitefield,Delivered,4,"Tasty food, standard delivery. Satisfactory.",310,DP_146
OD12375,CUST2656,Royal Biryani House,Chicken Dum Biryani,Biryani & Mughlai,2026-05-07 22:27:15,29,Malleshwaram,Delivered,3,"Food was okay, but delivery took some time.",360,DP_128
OD12376,CUST2489,The Golden Dosa,Masala Dosa with Sambar,South Indian,2026-05-04 07:27:46,24,Marathahalli,Delivered,5,Outstanding quality! Will definitely order again.,410,DP_175
OD12377,CUST3091,The Golden Dosa,Filter Coffee & Upma,South Indian,2026-05-06 19:23:45,29,Koramangala,Delivered,4,Overall great experience. Prompt service.,250,DP_187
OD12378,CUST2156,Bella Italia,Margherita Pizza 10-inch,Italian,2026-05-13 13:27:04,43,BTM Layout,Delivered,2,The item delivered was incorrect and lukewarm.,430,DP_182
OD12379,CUST2393,Royal Biryani House,Chicken Dum Biryani,Biryani & Mughlai,2026-05-24 01:42:08,25,Indiranagar,Delivered,5,"Perfect taste, clean packaging, and polite delivery partner.",380,DP_136
OD12380,CUST2420,Bella Italia,Veg Arrabiata Penne Pasta,Italian,2026-04-29 21:51:01,26,Jayanagar,Delivered,5,Outstanding quality! Will definitely order again.,330,DP_151
OD12381,CUST2250,Wok & Roll,Schezwan Noodles,Chinese & Asian,2026-05-01 07:30:48,31,HSR Layout,Delivered,4,Overall great experience. Prompt service.,280,DP_188
OD12382,CUST2867,Sweet Retreat,Red Velvet Pastry,Desserts,2026-05-21 08:33:51,33,Malleshwaram,Delivered,3,Packaging could have been better. Average taste.,200,DP_192
OD12383,CUST2868,Sweet Retreat,Sizzling Brownie,Desserts,2026-05-12 17:04:08,32,Whitefield,Delivered,2,"Too spicy, couldn't eat it. Disappointed.",380,DP_178
OD12384,CUST3259,Sweet Retreat,Red Velvet Pastry,Desserts,2026-05-05 14:37:16,65,Marathahalli,Delivered,1,Worst service! Delivered extremely late and completely cold.,200,DP_144
OD12385,CUST3322,Sweet Retreat,Red Velvet Pastry,Desserts,2026-05-15 20:49:19,51,Indiranagar,Delivered,3,Portion size was small for the price.,170,DP_132
OD12386,CUST3045,Burger Bistro,Loaded Nachos,Fast Food,2026-05-14 19:15:42,33,BTM Layout,Delivered,5,"Extremely satisfied, delivered hot and fresh!",240,DP_193
OD12387,CUST3231,Wok & Roll,Chicken Fried Rice & Manchurian,Chinese & Asian,2026-05-15 13:01:26,61,Whitefield,Delivered,1,Awful experience! Delayed by over an hour and no response.,340,DP_167
OD12388,CUST2959,The Golden Dosa,Rava Kesari & Dosa Combo,South Indian,2026-05-18 21:22:43,45,Marathahalli,Delivered,3,Average food. Nothing special.,190,DP_193
OD12389,CUST2922,Cafe Daybreak,Classic Cold Coffee,Continental & Beverages,2026-05-13 21:34:51,63,HSR Layout,Delivered,1,Worst service! Delivered extremely late and completely cold.,200,DP_183
OD12390,CUST2080,Sweet Retreat,Red Velvet Pastry,Desserts,2026-04-27 20:39:19,34,Malleshwaram,Delivered,5,"Amazing food, super fast delivery!",170,DP_198
OD12391,CUST3410,Sweet Retreat,Gulab Jamun (4 pcs),Desserts,2026-05-05 09:56:01,19,Jayanagar,Delivered,5,Best meal ever. Highly recommended!,120,DP_171
OD12392,CUST2527,Bella Italia,Chicken Alfredo Pasta,Italian,2026-05-06 21:31:03,38,Jayanagar,Delivered,5,"Amazing food, super fast delivery!",1110,DP_173
OD12393,CUST2241,Cafe Daybreak,Paneer Tikka Sandwich,Continental & Beverages,2026-05-02 14:49:03,31,Jayanagar,Delivered,5,Best meal ever. Highly recommended!,210,DP_185
OD12394,CUST3351,The Salad Bowl,Fresh Fruit Bowl,Healthy & Salads,2026-05-05 19:51:43,45,Indiranagar,Delivered,3,"Food was okay, but delivery took some time.",230,DP_197
OD12395,CUST3052,The Golden Dosa,Onion Uttapam,South Indian,2026-05-23 19:18:29,52,Indiranagar,Delivered,1,The food tasted stale and horrible! Threw it in the trash.,160,DP_137
OD12396,CUST2122,The Golden Dosa,Filter Coffee & Upma,South Indian,2026-05-04 09:16:59,33,Marathahalli,Delivered,5,"Amazing food, super fast delivery!",150,DP_189
OD12397,CUST2341,Sweet Retreat,Gulab Jamun (4 pcs),Desserts,2026-05-04 13:57:48,28,Malleshwaram,Delivered,4,"Tasty food, standard delivery. Satisfactory.",150,DP_135
OD12398,CUST2961,Bella Italia,Margherita Pizza 10-inch,Italian,2026-05-01 13:56:41,34,HSR Layout,Delivered,4,Good taste and neat packaging.,1180,DP_127
OD12399,CUST3213,Spice Symphony,Paneer Butter Masala Meal,North Indian,2026-05-04 20:41:37,54,Whitefield,Delivered,4,Good taste and neat packaging.,340,DP_107
OD12400,CUST3383,Bella Italia,Veg Arrabiata Penne Pasta,Italian,2026-05-11 20:15:47,50,Marathahalli,Delivered,3,Packaging could have been better. Average taste.,360,DP_126
OD12401,CUST2246,The Golden Dosa,Onion Uttapam,South Indian,2026-05-16 19:39:19,37,Jayanagar,Delivered,3,Portion size was small for the price.,170,DP_195
OD12402,CUST2645,Wok & Roll,Chilli Chicken Gravy,Chinese & Asian,2026-05-01 15:08:46,35,Marathahalli,Delivered,4,"Tasty food, standard delivery. Satisfactory.",320,DP_108
OD12403,CUST2637,Spice Symphony,Paneer Butter Masala Meal,North Indian,2026-05-14 14:14:52,46,Marathahalli,Delivered,2,The item delivered was incorrect and lukewarm.,350,DP_166
OD12404,CUST2683,Royal Biryani House,Chicken Tikka Biryani,Biryani & Mughlai,2026-05-22 18:02:55,29,Malleshwaram,Delivered,3,The food was decent but arrived a bit cold.,400,DP_192
OD12405,CUST2924,Wok & Roll,Schezwan Noodles,Chinese & Asian,2026-05-08 12:45:44,44,Malleshwaram,Delivered,1,"Terrible experience, food was completely spilled inside the bag.",270,DP_164
OD12406,CUST2800,Bella Italia,Garlic Bread with Cheese,Italian,2026-05-22 07:27:00,32,BTM Layout,Delivered,4,"Tasty food, but could be a bit warmer.",190,DP_173
OD12407,CUST3376,Sweet Retreat,Gulab Jamun (4 pcs),Desserts,2026-05-15 13:56:52,63,Marathahalli,Delivered,2,Food was cold when it arrived.,230,DP_184
OD12408,CUST2046,Bella Italia,Margherita Pizza 10-inch,Italian,2026-05-08 20:38:27,48,Indiranagar,Delivered,1,The food tasted stale and horrible! Threw it in the trash.,420,DP_112
OD12409,CUST2290,Bella Italia,Farmhouse Veg Pizza,Italian,2026-05-01 14:57:50,44,Koramangala,Delivered,3,Average food. Nothing special.,450,DP_191
OD12410,CUST2446,Royal Biryani House,Veg Hyderabadi Biryani,Biryani & Mughlai,2026-05-19 20:19:15,34,Jayanagar,Delivered,4,"Tasty food, standard delivery. Satisfactory.",310,DP_135
OD12411,CUST2498,The Salad Bowl,Caesar Salad,Healthy & Salads,2026-05-05 19:46:16,59,Marathahalli,Delivered,1,Missing items in my order and food was cold. Avoid this place!,290,DP_140
OD12412,CUST3039,The Golden Dosa,Idli Vada Combo,South Indian,2026-05-12 20:18:43,40,HSR Layout,Delivered,5,Outstanding quality! Will definitely order again.,130,DP_157
OD12413,CUST3399,Bella Italia,Margherita Pizza 10-inch,Italian,2026-05-18 21:30:24,46,Koramangala,Delivered,2,Delivery took almost an hour. Unhappy.,410,DP_160
OD12414,CUST2083,Bella Italia,Farmhouse Veg Pizza,Italian,2026-05-02 19:14:32,49,Koramangala,Delivered,2,"Too spicy, couldn't eat it. Disappointed.",460,DP_116
OD12415,CUST3090,Tandoori Nights,Paneer Tikka,North Indian,2026-05-07 19:10:50,47,HSR Layout,Delivered,2,"Too spicy, couldn't eat it. Disappointed.",320,DP_157
OD12416,CUST2423,Tandoori Nights,Paneer Tikka,North Indian,2026-05-21 13:40:56,41,Malleshwaram,Delivered,2,"Too spicy, couldn't eat it. Disappointed.",320,DP_125
OD12417,CUST3246,The Salad Bowl,Fresh Fruit Bowl,Healthy & Salads,2026-04-27 11:00:31,17,Malleshwaram,Delivered,5,"Perfect taste, clean packaging, and polite delivery partner.",220,DP_197
OD12418,CUST3284,Bella Italia,Garlic Bread with Cheese,Italian,2026-05-26 21:13:55,,Malleshwaram,Cancelled,,Customer cancelled the order,200,DP_109
OD12419,CUST2731,Sweet Retreat,Red Velvet Pastry,Desserts,2026-04-27 19:35:12,40,Koramangala,Delivered,3,Portion size was small for the price.,170,DP_172
OD12420,CUST2106,Sweet Retreat,Kulfi Falooda,Desserts,2026-05-24 21:14:06,56,HSR Layout,Delivered,1,"Terrible experience, food was completely spilled inside the bag.",160,DP_179
OD12421,CUST2697,Spice Symphony,Paneer Butter Masala Meal,North Indian,2026-05-08 19:53:57,38,Indiranagar,Delivered,5,Outstanding quality! Will definitely order again.,370,DP_168
OD12422,CUST2354,Spice Symphony,Kadhai Paneer with Roti,North Indian,2026-05-02 22:07:33,38,Jayanagar,Delivered,4,"Tasty food, but could be a bit warmer.",360,DP_145
OD12423,CUST2481,Wok & Roll,Veg Hakka Noodles,Chinese & Asian,2026-04-30 17:28:50,17,Indiranagar,Delivered,4,Decent portion size and good taste. Recommended.,490,DP_126
OD12424,CUST3077,Cafe Daybreak,Club Sandwich,Continental & Beverages,2026-05-06 22:29:21,43,Indiranagar,Delivered,3,Average food. Nothing special.,230,DP_122
OD12425,CUST2097,Sweet Retreat,Kulfi Falooda,Desserts,2026-05-08 18:50:31,55,Marathahalli,Delivered,4,Overall great experience. Prompt service.,180,DP_144
OD12426,CUST3178,The Golden Dosa,Rava Kesari & Dosa Combo,South Indian,2026-05-26 17:57:15,27,BTM Layout,Delivered,4,Satisfied with the delivery speed and quality.,190,DP_153
OD12427,CUST2365,Cafe Daybreak,Paneer Tikka Sandwich,Continental & Beverages,2026-04-30 13:44:08,38,Indiranagar,Delivered,5,"Perfect taste, clean packaging, and polite delivery partner.",590,DP_140
OD12428,CUST2664,Spice Symphony,Dal Makhani with Jeera Rice,North Indian,2026-05-25 15:42:12,26,Jayanagar,Delivered,4,Overall great experience. Prompt service.,590,DP_178
OD12429,CUST2219,The Salad Bowl,Greek Salad,Healthy & Salads,2026-05-25 20:43:56,46,BTM Layout,Delivered,3,Prompt delivery but taste was average.,250,DP_173
OD12430,CUST2155,The Golden Dosa,Masala Dosa with Sambar,South Indian,2026-05-01 23:18:05,28,Malleshwaram,Delivered,3,"Food was okay, but delivery took some time.",170,DP_180
OD12431,CUST2931,Sweet Retreat,Chocolate Lava Cake,Desserts,2026-05-03 21:07:27,58,Jayanagar,Delivered,1,The food tasted stale and horrible! Threw it in the trash.,170,DP_146
OD12432,CUST2899,Cafe Daybreak,Club Sandwich,Continental & Beverages,2026-05-12 19:12:24,67,Marathahalli,Delivered,1,"Terrible experience, food was completely spilled inside the bag.",230,DP_109
OD12433,CUST2366,The Salad Bowl,Fresh Fruit Bowl,Healthy & Salads,2026-05-21 20:14:42,42,HSR Layout,Delivered,4,Overall great experience. Prompt service.,200,DP_161
OD12434,CUST2798,Sweet Retreat,Red Velvet Pastry,Desserts,2026-04-27 06:49:21,28,Malleshwaram,Delivered,5,"Delivered way before time, packaging was excellent!",480,DP_185
OD12435,CUST2236,Burger Bistro,Crispy Chicken Burger,Fast Food,2026-05-21 15:01:00,27,Indiranagar,Delivered,5,"Perfect taste, clean packaging, and polite delivery partner.",250,DP_143
OD12436,CUST3241,Spice Symphony,Paneer Butter Masala Meal,North Indian,2026-05-26 22:52:40,46,BTM Layout,Delivered,2,"Not worth the price, portion was very small.",360,DP_144
OD12437,CUST3500,Cafe Daybreak,Hot Chocolate,Continental & Beverages,2026-05-22 17:01:47,24,Malleshwaram,Delivered,5,Best meal ever. Highly recommended!,220,DP_106
OD12438,CUST2204,Bella Italia,Chicken Alfredo Pasta,Italian,2026-04-28 20:46:37,55,Koramangala,Delivered,3,Portion size was small for the price.,410,DP_194
OD12439,CUST2404,The Salad Bowl,Fresh Fruit Bowl,Healthy & Salads,2026-05-26 20:27:11,50,Koramangala,Delivered,2,The item delivered was incorrect and lukewarm.,230,DP_146
OD12440,CUST2666,Bella Italia,Veg Arrabiata Penne Pasta,Italian,2026-05-13 12:48:34,28,Malleshwaram,Delivered,4,"Tasty food, but could be a bit warmer.",670,DP_140
OD12441,CUST3286,The Golden Dosa,Rava Kesari & Dosa Combo,South Indian,2026-05-03 20:43:36,46,HSR Layout,Delivered,3,Prompt delivery but taste was average.,200,DP_111
OD12442,CUST3074,Royal Biryani House,Chicken Dum Biryani,Biryani & Mughlai,2026-05-19 21:13:55,39,HSR Layout,Delivered,5,"Delivered way before time, packaging was excellent!",350,DP_185
OD12443,CUST2530,Burger Bistro,Chicken Nuggets (9 pcs),Fast Food,2026-05-23 21:17:07,53,Malleshwaram,Delivered,3,Prompt delivery but taste was average.,240,DP_184
OD12444,CUST3207,Wok & Roll,Veg Spring Rolls (6 pcs),Chinese & Asian,2026-05-23 20:23:28,73,BTM Layout,Delivered,1,Unprofessional delivery partner. Very bad experience.,180,DP_163
OD12445,CUST2971,The Salad Bowl,Greek Salad,Healthy & Salads,2026-05-09 07:22:08,38,Indiranagar,Delivered,5,Best meal ever. Highly recommended!,270,DP_165
OD12446,CUST2637,Burger Bistro,Spicy Paneer Wrap,Fast Food,2026-04-28 13:39:34,52,Malleshwaram,Delivered,3,Portion size was small for the price.,380,DP_168
OD12447,CUST2565,Royal Biryani House,Mutton Biryani,Biryani & Mughlai,2026-05-14 14:02:26,50,HSR Layout,Delivered,3,Prompt delivery but taste was average.,470,DP_177
OD12448,CUST2885,Bella Italia,Margherita Pizza 10-inch,Italian,2026-05-10 21:27:12,37,Indiranagar,Delivered,5,"Delivered way before time, packaging was excellent!",430,DP_132
OD12449,CUST3427,Wok & Roll,Veg Spring Rolls (6 pcs),Chinese & Asian,2026-04-27 21:06:58,45,Koramangala,Delivered,3,Prompt delivery but taste was average.,350,DP_166
OD12450,CUST3090,Burger Bistro,Spicy Paneer Wrap,Fast Food,2026-05-19 13:09:36,33,BTM Layout,Delivered,4,Satisfied with the delivery speed and quality.,220,DP_114
OD12451,CUST2519,Burger Bistro,Chicken Nuggets (9 pcs),Fast Food,2026-05-26 17:36:56,32,Whitefield,Delivered,3,The food was decent but arrived a bit cold.,220,DP_184
OD12452,CUST2495,Burger Bistro,Spicy Paneer Wrap,Fast Food,2026-05-10 22:15:42,84,Whitefield,Delivered,1,Missing items in my order and food was cold. Avoid this place!,590,DP_170
OD12453,CUST3361,Bella Italia,Margherita Pizza 10-inch,Italian,2026-05-18 15:02:44,31,Koramangala,Delivered,2,The item delivered was incorrect and lukewarm.,410,DP_177
OD12454,CUST2886,Royal Biryani House,Veg Hyderabadi Biryani,Biryani & Mughlai,2026-05-10 20:10:37,78,Whitefield,Delivered,1,Unprofessional delivery partner. Very bad experience.,600,DP_151
OD12455,CUST2240,Sweet Retreat,Kulfi Falooda,Desserts,2026-05-20 21:56:03,64,Koramangala,Delivered,1,Missing items in my order and food was cold. Avoid this place!,180,DP_101
OD12456,CUST2158,Tandoori Nights,Chicken Seekh Kebab,North Indian,2026-05-20 20:08:53,45,Indiranagar,Delivered,4,"Tasty food, but could be a bit warmer.",350,DP_125
OD12457,CUST2255,Burger Bistro,Classic Cheese Burger & Fries,Fast Food,2026-05-20 20:10:52,35,Jayanagar,Delivered,5,"Amazing food, super fast delivery!",280,DP_193
OD12458,CUST2801,Burger Bistro,Chicken Nuggets (9 pcs),Fast Food,2026-05-18 14:33:09,34,Jayanagar,Delivered,5,"Perfect taste, clean packaging, and polite delivery partner.",220,DP_125
OD12459,CUST3103,The Golden Dosa,Rava Kesari & Dosa Combo,South Indian,2026-05-07 13:54:38,44,Jayanagar,Delivered,4,Overall great experience. Prompt service.,170,DP_109
OD12460,CUST3084,Bella Italia,Chicken Alfredo Pasta,Italian,2026-05-05 14:48:47,68,Whitefield,Delivered,1,"Terrible experience, food was completely spilled inside the bag.",400,DP_195
OD12461,CUST3311,Tandoori Nights,Butter Chicken Combo Meal,North Indian,2026-05-05 00:59:50,35,Whitefield,Delivered,5,Best meal ever. Highly recommended!,380,DP_112
OD12462,CUST2198,Cafe Daybreak,Iced Latte,Continental & Beverages,2026-05-04 22:08:48,47,Malleshwaram,Delivered,3,Portion size was small for the price.,200,DP_161
OD12463,CUST2527,Sweet Retreat,Sizzling Brownie,Desserts,2026-05-12 22:21:20,30,Jayanagar,Delivered,5,Best meal ever. Highly recommended!,210,DP_172
OD12464,CUST2833,The Salad Bowl,Caesar Salad,Healthy & Salads,2026-05-22 20:47:55,50,HSR Layout,Delivered,2,Food was cold when it arrived.,270,DP_178
OD12465,CUST2709,Spice Symphony,Butter Chicken & Naan,North Indian,2026-05-04 19:36:03,55,BTM Layout,Delivered,2,Taste was disappointing. Packaging was leaked.,390,DP_121
OD12466,CUST3319,Burger Bistro,Loaded Nachos,Fast Food,2026-05-12 12:45:56,35,Koramangala,Delivered,3,The food was decent but arrived a bit cold.,260,DP_117
OD12467,CUST3230,The Golden Dosa,Idli Vada Combo,South Indian,2026-05-15 20:23:20,37,Malleshwaram,Delivered,4,Satisfied with the delivery speed and quality.,340,DP_186
OD12468,CUST3380,Royal Biryani House,Mutton Biryani,Biryani & Mughlai,2026-05-20 20:38:05,47,Indiranagar,Delivered,3,Portion size was small for the price.,500,DP_101
OD12469,CUST2442,The Salad Bowl,High-Protein Chicken Salad,Healthy & Salads,2026-05-20 20:51:50,36,BTM Layout,Delivered,4,"Tasty food, standard delivery. Satisfactory.",320,DP_176
OD12470,CUST2016,Spice Symphony,Tandoori Chicken Half,North Indian,2026-05-11 15:32:15,28,Marathahalli,Delivered,3,Prompt delivery but taste was average.,410,DP_121
OD12471,CUST2914,Cafe Daybreak,Hot Chocolate,Continental & Beverages,2026-05-26 12:34:48,29,Marathahalli,Delivered,5,"Amazing food, super fast delivery!",190,DP_128
OD12472,CUST3364,The Salad Bowl,Quinoa Avocado Salad,Healthy & Salads,2026-05-20 21:41:30,37,Malleshwaram,Delivered,4,Satisfied with the delivery speed and quality.,350,DP_143
OD12473,CUST2340,Cafe Daybreak,Hot Chocolate,Continental & Beverages,2026-05-05 20:40:13,65,Whitefield,Delivered,1,Awful experience! Delayed by over an hour and no response.,530,DP_124
OD12474,CUST2847,Cafe Daybreak,Hot Chocolate,Continental & Beverages,2026-05-20 15:12:21,22,Koramangala,Delivered,5,"Amazing food, super fast delivery!",360,DP_160
OD12475,CUST3055,Burger Bistro,Classic Cheese Burger & Fries,Fast Food,2026-05-18 15:45:52,27,Marathahalli,Delivered,4,Good taste and neat packaging.,290,DP_175
OD12476,CUST3312,Wok & Roll,Chicken Fried Rice & Manchurian,Chinese & Asian,2026-05-15 21:47:17,31,Jayanagar,Delivered,5,Outstanding quality! Will definitely order again.,330,DP_182
OD12477,CUST2668,The Golden Dosa,Rava Kesari & Dosa Combo,South Indian,2026-05-17 14:46:12,38,Malleshwaram,Delivered,5,"Amazing food, super fast delivery!",200,DP_183
OD12478,CUST2584,Royal Biryani House,Egg Biryani,Biryani & Mughlai,2026-05-24 18:34:04,30,Whitefield,Delivered,5,"Amazing food, super fast delivery!",280,DP_163
OD12479,CUST3270,Wok & Roll,Schezwan Noodles,Chinese & Asian,2026-05-18 12:09:10,36,Marathahalli,Delivered,3,Prompt delivery but taste was average.,260,DP_105
OD12480,CUST2534,Spice Symphony,Tandoori Chicken Half,North Indian,2026-04-28 21:29:34,64,Whitefield,Delivered,1,Awful experience! Delayed by over an hour and no response.,800,DP_185
OD12481,CUST3278,Spice Symphony,Butter Chicken & Naan,North Indian,2026-05-06 13:27:25,34,BTM Layout,Delivered,4,Good taste and neat packaging.,1100,DP_178
OD12482,CUST3393,Tandoori Nights,Malai Kofta & Lachha Paratha,North Indian,2026-05-25 20:22:57,37,Indiranagar,Delivered,5,"Perfect taste, clean packaging, and polite delivery partner.",380,DP_168
OD12483,CUST2875,Royal Biryani House,Chicken Tikka Biryani,Biryani & Mughlai,2026-05-15 20:09:13,48,HSR Layout,Delivered,1,Awful experience! Delayed by over an hour and no response.,390,DP_142
OD12484,CUST2846,Cafe Daybreak,Classic Cold Coffee,Continental & Beverages,2026-05-20 20:29:11,,Whitefield,Cancelled,,Delivery partner could not be assigned due to heavy rain,200,DP_200
OD12485,CUST2519,Bella Italia,Farmhouse Veg Pizza,Italian,2026-04-30 22:19:38,63,BTM Layout,Delivered,1,Missing items in my order and food was cold. Avoid this place!,440,DP_112
OD12486,CUST2346,Cafe Daybreak,Classic Cold Coffee,Continental & Beverages,2026-05-16 22:17:16,47,Jayanagar,Delivered,1,"Terrible experience, food was completely spilled inside the bag.",200,DP_103
OD12487,CUST3449,Burger Bistro,Chicken Nuggets (9 pcs),Fast Food,2026-05-05 07:35:34,35,Whitefield,Delivered,5,Outstanding quality! Will definitely order again.,410,DP_190
OD12488,CUST3116,Spice Symphony,Butter Chicken & Naan,North Indian,2026-05-10 19:51:08,68,Whitefield,Delivered,1,Worst service! Delivered extremely late and completely cold.,380,DP_164
OD12489,CUST2187,Royal Biryani House,Mutton Biryani,Biryani & Mughlai,2026-05-03 09:48:23,21,HSR Layout,Delivered,5,Outstanding quality! Will definitely order again.,920,DP_104
OD12490,CUST2443,The Golden Dosa,Idli Vada Combo,South Indian,2026-05-18 12:04:18,33,Indiranagar,Delivered,4,"Tasty food, but could be a bit warmer.",150,DP_176
OD12491,CUST2501,The Golden Dosa,Filter Coffee & Upma,South Indian,2026-04-28 21:11:39,39,Marathahalli,Delivered,4,Satisfied with the delivery speed and quality.,160,DP_178
OD12492,CUST3302,Burger Bistro,Chicken Nuggets (9 pcs),Fast Food,2026-04-27 20:41:37,47,Koramangala,Delivered,1,The food tasted stale and horrible! Threw it in the trash.,400,DP_160
OD12493,CUST2603,Bella Italia,Garlic Bread with Cheese,Italian,2026-05-13 21:30:07,53,Marathahalli,Delivered,3,Prompt delivery but taste was average.,180,DP_110
OD12494,CUST2237,The Golden Dosa,Onion Uttapam,South Indian,2026-05-19 19:00:08,47,Malleshwaram,Delivered,2,Food was cold when it arrived.,410,DP_119
OD12495,CUST2096,Tandoori Nights,Paneer Tikka,North Indian,2026-05-14 22:12:18,47,Koramangala,Delivered,3,The food was decent but arrived a bit cold.,300,DP_123
OD12496,CUST2026,Spice Symphony,Dal Makhani with Jeera Rice,North Indian,2026-05-19 08:14:08,33,Marathahalli,Delivered,5,Outstanding quality! Will definitely order again.,590,DP_124
OD12497,CUST3343,Spice Symphony,Paneer Butter Masala Meal,North Indian,2026-05-11 19:46:18,43,HSR Layout,Delivered,3,The food was decent but arrived a bit cold.,340,DP_168
OD12498,CUST2055,The Golden Dosa,Masala Dosa with Sambar,South Indian,2026-05-10 23:29:50,23,BTM Layout,Delivered,5,Outstanding quality! Will definitely order again.,140,DP_195
OD12499,CUST3039,The Salad Bowl,High-Protein Chicken Salad,Healthy & Salads,2026-05-21 05:10:02,20,Jayanagar,Delivered,4,Overall great experience. Prompt service.,340,DP_111
OD12500,CUST2428,Spice Symphony,Dal Makhani with Jeera Rice,North Indian,2026-05-03 08:33:17,36,Koramangala,Delivered,5,"Extremely satisfied, delivered hot and fresh!",580,DP_108
OD12501,CUST2006,Cafe Daybreak,Hot Chocolate,Continental & Beverages,2026-05-10 22:28:03,67,Whitefield,Delivered,1,Awful experience! Delayed by over an hour and no response.,200,DP_164
OD12502,CUST2015,Cafe Daybreak,Iced Latte,Continental & Beverages,2026-05-18 13:02:21,39,Whitefield,Delivered,3,Packaging could have been better. Average taste.,530,DP_142
OD12503,CUST2343,Sweet Retreat,Kulfi Falooda,Desserts,2026-05-01 19:36:01,47,Koramangala,Delivered,4,"Tasty food, but could be a bit warmer.",420,DP_189
OD12504,CUST2130,Wok & Roll,Schezwan Noodles,Chinese & Asian,2026-05-14 06:56:39,15,Indiranagar,Delivered,5,"Extremely satisfied, delivered hot and fresh!",260,DP_147
OD12505,CUST2132,The Golden Dosa,Onion Uttapam,South Indian,2026-05-12 20:46:05,43,Malleshwaram,Delivered,3,Packaging could have been better. Average taste.,170,DP_107
OD12506,CUST3161,The Salad Bowl,Fresh Fruit Bowl,Healthy & Salads,2026-04-29 12:50:50,28,Jayanagar,Delivered,5,"Perfect taste, clean packaging, and polite delivery partner.",210,DP_108
OD12507,CUST2165,Wok & Roll,Veg Spring Rolls (6 pcs),Chinese & Asian,2026-05-26 11:48:54,24,Jayanagar,Delivered,4,Satisfied with the delivery speed and quality.,500,DP_143
OD12508,CUST2952,Sweet Retreat,Sizzling Brownie,Desserts,2026-05-15 15:01:06,34,Malleshwaram,Delivered,4,Overall great experience. Prompt service.,400,DP_105
OD12509,CUST2679,The Golden Dosa,Onion Uttapam,South Indian,2026-04-28 11:09:42,21,Whitefield,Delivered,3,"Food was okay, but delivery took some time.",310,DP_172
OD12510,CUST2626,Sweet Retreat,Kulfi Falooda,Desserts,2026-05-01 14:12:46,44,HSR Layout,Delivered,2,Taste was disappointing. Packaging was leaked.,310,DP_108
OD12511,CUST2972,Wok & Roll,Schezwan Noodles,Chinese & Asian,2026-05-11 22:39:38,65,Whitefield,Delivered,1,Awful experience! Delayed by over an hour and no response.,280,DP_128
OD12512,CUST2033,Royal Biryani House,Veg Hyderabadi Biryani,Biryani & Mughlai,2026-05-09 20:12:45,41,Jayanagar,Delivered,2,"Too spicy, couldn't eat it. Disappointed.",310,DP_199
OD12513,CUST3200,Cafe Daybreak,Iced Latte,Continental & Beverages,2026-05-08 11:15:38,38,Koramangala,Delivered,4,"Tasty food, but could be a bit warmer.",210,DP_171
OD12514,CUST2970,Wok & Roll,Schezwan Noodles,Chinese & Asian,2026-05-24 13:00:24,48,HSR Layout,Delivered,3,Average food. Nothing special.,720,DP_108
OD12515,CUST2239,Bella Italia,Chicken Alfredo Pasta,Italian,2026-05-05 21:21:11,46,BTM Layout,Delivered,2,"Not worth the price, portion was very small.",410,DP_128
OD12516,CUST2373,Wok & Roll,Chicken Fried Rice & Manchurian,Chinese & Asian,2026-05-05 14:51:45,40,Koramangala,Delivered,3,"Food was okay, but delivery took some time.",310,DP_195
OD12517,CUST2173,The Golden Dosa,Masala Dosa with Sambar,South Indian,2026-05-05 13:36:21,34,Malleshwaram,Delivered,5,"Delivered way before time, packaging was excellent!",160,DP_183
OD12518,CUST3089,Bella Italia,Chicken Alfredo Pasta,Italian,2026-05-13 10:23:04,16,HSR Layout,Delivered,4,Overall great experience. Prompt service.,760,DP_180
OD12519,CUST3006,Tandoori Nights,Paneer Tikka,North Indian,2026-05-15 19:32:28,47,HSR Layout,Delivered,1,"Terrible experience, food was completely spilled inside the bag.",610,DP_133
OD12520,CUST3082,Sweet Retreat,Gulab Jamun (4 pcs),Desserts,2026-05-24 00:29:20,31,Koramangala,Delivered,5,"Extremely satisfied, delivered hot and fresh!",120,DP_134
OD12521,CUST2984,Tandoori Nights,Paneer Tikka,North Indian,2026-05-11 21:35:10,57,Jayanagar,Delivered,2,Taste was disappointing. Packaging was leaked.,590,DP_142
OD12522,CUST2188,Royal Biryani House,Veg Hyderabadi Biryani,Biryani & Mughlai,2026-05-04 20:34:40,44,BTM Layout,Delivered,1,Awful experience! Delayed by over an hour and no response.,320,DP_122
OD12523,CUST2146,Bella Italia,Farmhouse Veg Pizza,Italian,2026-05-15 15:46:01,39,BTM Layout,Delivered,4,Overall great experience. Prompt service.,470,DP_177
OD12524,CUST3244,The Golden Dosa,Idli Vada Combo,South Indian,2026-05-12 19:44:40,32,Indiranagar,Delivered,3,Portion size was small for the price.,120,DP_150
OD12525,CUST2897,The Golden Dosa,Rava Kesari & Dosa Combo,South Indian,2026-05-02 13:08:46,58,Whitefield,Delivered,1,The food tasted stale and horrible! Threw it in the trash.,170,DP_111
OD12526,CUST2985,Royal Biryani House,Chicken Tikka Biryani,Biryani & Mughlai,2026-05-24 18:14:40,21,HSR Layout,Delivered,4,Overall great experience. Prompt service.,770,DP_115
OD12527,CUST3438,Tandoori Nights,Butter Chicken Combo Meal,North Indian,2026-05-11 19:48:24,33,Malleshwaram,Delivered,5,"Amazing food, super fast delivery!",400,DP_165
OD12528,CUST2586,The Golden Dosa,Rava Kesari & Dosa Combo,South Indian,2026-04-27 19:14:53,48,Malleshwaram,Delivered,4,Overall great experience. Prompt service.,330,DP_122
OD12529,CUST3186,Burger Bistro,Crispy Chicken Burger,Fast Food,2026-05-19 21:17:29,52,Marathahalli,Delivered,2,"Not worth the price, portion was very small.",250,DP_185
OD12530,CUST3439,Tandoori Nights,Butter Chicken Combo Meal,North Indian,2026-05-07 18:36:30,30,Whitefield,Delivered,4,"Tasty food, standard delivery. Satisfactory.",390,DP_150
OD12531,CUST3282,The Golden Dosa,Masala Dosa with Sambar,South Indian,2026-05-20 20:06:20,34,Indiranagar,Delivered,2,Delivery took almost an hour. Unhappy.,150,DP_199
OD12532,CUST2889,Spice Symphony,Paneer Butter Masala Meal,North Indian,2026-05-09 16:00:54,31,BTM Layout,Delivered,3,Packaging could have been better. Average taste.,370,DP_128
OD12533,CUST2036,Sweet Retreat,Gulab Jamun (4 pcs),Desserts,2026-04-29 18:08:24,17,HSR Layout,Delivered,4,Overall great experience. Prompt service.,230,DP_185
OD12534,CUST2213,Cafe Daybreak,Club Sandwich,Continental & Beverages,2026-05-08 19:03:32,62,Marathahalli,Delivered,1,The food tasted stale and horrible! Threw it in the trash.,450,DP_178
OD12535,CUST2567,Wok & Roll,Chilli Chicken Gravy,Chinese & Asian,2026-05-11 20:26:58,57,Marathahalli,Delivered,1,Unprofessional delivery partner. Very bad experience.,320,DP_200
OD12536,CUST3148,Burger Bistro,Crispy Chicken Burger,Fast Food,2026-05-07 22:47:35,45,Jayanagar,Delivered,4,"Tasty food, standard delivery. Satisfactory.",240,DP_154
OD12537,CUST3008,Burger Bistro,Crispy Chicken Burger,Fast Food,2026-05-17 21:39:17,47,BTM Layout,Delivered,2,Taste was disappointing. Packaging was leaked.,470,DP_142
OD12538,CUST3155,Tandoori Nights,Chicken Seekh Kebab,North Indian,2026-05-07 13:28:00,28,Indiranagar,Delivered,4,"Tasty food, but could be a bit warmer.",340,DP_172
OD12539,CUST2580,Royal Biryani House,Egg Biryani,Biryani & Mughlai,2026-05-07 12:44:34,48,Marathahalli,Delivered,2,"Not worth the price, portion was very small.",300,DP_109
OD12540,CUST2769,Wok & Roll,Schezwan Noodles,Chinese & Asian,2026-05-06 11:27:47,19,HSR Layout,Delivered,5,"Amazing food, super fast delivery!",270,DP_103
OD12541,CUST2815,Wok & Roll,Chicken Fried Rice & Manchurian,Chinese & Asian,2026-05-13 19:33:31,51,Whitefield,Delivered,3,Portion size was small for the price.,340,DP_158
OD12542,CUST3236,Wok & Roll,Chicken Fried Rice & Manchurian,Chinese & Asian,2026-05-19 22:04:30,33,Koramangala,Delivered,3,The food was decent but arrived a bit cold.,310,DP_150
OD12543,CUST2474,Spice Symphony,Kadhai Paneer with Roti,North Indian,2026-05-13 19:15:26,44,BTM Layout,Delivered,2,"Too spicy, couldn't eat it. Disappointed.",660,DP_107
OD12544,CUST2179,Wok & Roll,Chilli Chicken Gravy,Chinese & Asian,2026-05-18 21:02:37,56,Whitefield,Delivered,1,Missing items in my order and food was cold. Avoid this place!,580,DP_154
OD12545,CUST2932,Wok & Roll,Chilli Chicken Gravy,Chinese & Asian,2026-05-08 14:21:39,41,Indiranagar,Delivered,2,"Too spicy, couldn't eat it. Disappointed.",330,DP_127
OD12546,CUST2734,The Golden Dosa,Masala Dosa with Sambar,South Indian,2026-05-03 19:23:13,68,Whitefield,Delivered,1,Awful experience! Delayed by over an hour and no response.,270,DP_107
OD12547,CUST2169,Wok & Roll,Schezwan Noodles,Chinese & Asian,2026-05-17 18:21:47,20,Indiranagar,Delivered,5,Outstanding quality! Will definitely order again.,250,DP_160
OD12548,CUST2866,Spice Symphony,Tandoori Chicken Half,North Indian,2026-04-30 20:19:19,40,Malleshwaram,Delivered,3,Packaging could have been better. Average taste.,400,DP_156
OD12549,CUST2586,Cafe Daybreak,Iced Latte,Continental & Beverages,2026-05-11 20:53:57,29,Malleshwaram,Delivered,5,"Delivered way before time, packaging was excellent!",200,DP_132
OD12550,CUST2671,Sweet Retreat,Red Velvet Pastry,Desserts,2026-05-20 20:23:32,49,Whitefield,Delivered,2,Taste was disappointing. Packaging was leaked.,170,DP_159
OD12551,CUST2542,Cafe Daybreak,Classic Cold Coffee,Continental & Beverages,2026-05-25 21:37:19,62,Marathahalli,Delivered,1,Worst service! Delivered extremely late and completely cold.,170,DP_111
OD12552,CUST3448,Tandoori Nights,Malai Kofta & Lachha Paratha,North Indian,2026-05-06 23:27:16,29,Marathahalli,Delivered,5,"Extremely satisfied, delivered hot and fresh!",380,DP_119
OD12553,CUST2149,Burger Bistro,Crispy Chicken Burger,Fast Food,2026-05-25 21:33:24,,Malleshwaram,Cancelled,,Customer cancelled the order,240,DP_169
OD12554,CUST2677,Bella Italia,Farmhouse Veg Pizza,Italian,2026-05-12 20:38:43,49,Marathahalli,Delivered,3,Packaging could have been better. Average taste.,860,DP_198
OD12555,CUST2090,Tandoori Nights,Paneer Tikka,North Indian,2026-05-07 21:47:08,43,Indiranagar,Delivered,3,The food was decent but arrived a bit cold.,310,DP_108
OD12556,CUST2067,Sweet Retreat,Red Velvet Pastry,Desserts,2026-05-04 10:06:14,24,Jayanagar,Delivered,5,"Perfect taste, clean packaging, and polite delivery partner.",200,DP_102
OD12557,CUST2180,The Salad Bowl,High-Protein Chicken Salad,Healthy & Salads,2026-05-12 14:41:11,57,Whitefield,Delivered,1,Unprofessional delivery partner. Very bad experience.,330,DP_117
OD12558,CUST2185,Burger Bistro,Classic Cheese Burger & Fries,Fast Food,2026-05-13 08:22:47,26,Malleshwaram,Delivered,3,The food was decent but arrived a bit cold.,290,DP_115
OD12559,CUST2853,The Golden Dosa,Onion Uttapam,South Indian,2026-05-15 13:59:47,,Whitefield,Cancelled,,Customer cancelled the order,170,DP_150
OD12560,CUST2835,Spice Symphony,Dal Makhani with Jeera Rice,North Indian,2026-05-19 16:55:58,19,Koramangala,Delivered,5,Outstanding quality! Will definitely order again.,320,DP_129
OD12561,CUST2384,Royal Biryani House,Veg Hyderabadi Biryani,Biryani & Mughlai,2026-05-08 15:25:04,37,HSR Layout,Delivered,4,"Tasty food, standard delivery. Satisfactory.",580,DP_111
OD12562,CUST2639,Cafe Daybreak,Paneer Tikka Sandwich,Continental & Beverages,2026-05-15 20:32:40,57,BTM Layout,Delivered,2,"Too spicy, couldn't eat it. Disappointed.",230,DP_195
OD12563,CUST3014,Spice Symphony,Dal Makhani with Jeera Rice,North Indian,2026-05-23 23:11:48,39,Marathahalli,Delivered,5,"Amazing food, super fast delivery!",330,DP_173
OD12564,CUST2247,Royal Biryani House,Egg Biryani,Biryani & Mughlai,2026-05-09 12:06:48,52,Koramangala,Delivered,2,Food was cold when it arrived.,280,DP_174
OD12565,CUST3074,Burger Bistro,Spicy Paneer Wrap,Fast Food,2026-05-22 12:12:00,50,BTM Layout,Delivered,2,"Not worth the price, portion was very small.",230,DP_125
OD12566,CUST2932,Burger Bistro,Chicken Nuggets (9 pcs),Fast Food,2026-05-16 18:51:04,18,Indiranagar,Delivered,5,Best meal ever. Highly recommended!,230,DP_139
OD12567,CUST2417,Spice Symphony,Paneer Butter Masala Meal,North Indian,2026-05-02 20:19:55,55,BTM Layout,Delivered,3,Portion size was small for the price.,360,DP_127
OD12568,CUST2847,The Golden Dosa,Masala Dosa with Sambar,South Indian,2026-05-04 21:34:00,54,BTM Layout,Delivered,2,"Not worth the price, portion was very small.",150,DP_187
OD12569,CUST2285,The Golden Dosa,Filter Coffee & Upma,South Indian,2026-04-30 20:10:32,47,Koramangala,Delivered,1,Awful experience! Delayed by over an hour and no response.,130,DP_160
OD12570,CUST2802,The Salad Bowl,Greek Salad,Healthy & Salads,2026-05-16 13:11:32,51,Koramangala,Delivered,3,Prompt delivery but taste was average.,280,DP_184
OD12571,CUST2574,Burger Bistro,Classic Cheese Burger & Fries,Fast Food,2026-05-19 12:42:38,37,Jayanagar,Delivered,5,"Perfect taste, clean packaging, and polite delivery partner.",290,DP_104
OD12572,CUST3411,Wok & Roll,Veg Hakka Noodles,Chinese & Asian,2026-05-20 14:54:44,34,Malleshwaram,Delivered,5,"Perfect taste, clean packaging, and polite delivery partner.",250,DP_189
OD12573,CUST2702,Spice Symphony,Paneer Butter Masala Meal,North Indian,2026-05-14 08:50:04,34,HSR Layout,Delivered,5,"Extremely satisfied, delivered hot and fresh!",370,DP_190
OD12574,CUST3276,Bella Italia,Garlic Bread with Cheese,Italian,2026-05-20 19:32:15,40,HSR Layout,Delivered,5,Best meal ever. Highly recommended!,190,DP_101
OD12575,CUST2905,Sweet Retreat,Sizzling Brownie,Desserts,2026-05-20 09:54:22,28,Malleshwaram,Delivered,4,"Tasty food, but could be a bit warmer.",200,DP_153
OD12576,CUST2275,The Salad Bowl,Caesar Salad,Healthy & Salads,2026-05-19 22:42:52,40,Indiranagar,Delivered,5,"Extremely satisfied, delivered hot and fresh!",520,DP_117
OD12577,CUST2389,Bella Italia,Veg Arrabiata Penne Pasta,Italian,2026-04-29 20:15:58,48,BTM Layout,Delivered,2,Food was cold when it arrived.,360,DP_144
OD12578,CUST3449,Tandoori Nights,Chicken Seekh Kebab,North Indian,2026-05-20 17:12:09,36,Whitefield,Delivered,4,Overall great experience. Prompt service.,350,DP_173
OD12579,CUST3211,Wok & Roll,Chilli Chicken Gravy,Chinese & Asian,2026-05-06 09:40:29,21,Indiranagar,Delivered,4,"Tasty food, standard delivery. Satisfactory.",580,DP_154
OD12580,CUST2471,The Salad Bowl,Caesar Salad,Healthy & Salads,2026-05-26 17:00:42,39,HSR Layout,Delivered,3,The food was decent but arrived a bit cold.,290,DP_104
OD12581,CUST2440,Cafe Daybreak,Classic Cold Coffee,Continental & Beverages,2026-05-21 21:39:27,41,BTM Layout,Delivered,1,The food tasted stale and horrible! Threw it in the trash.,170,DP_162
OD12582,CUST3325,Sweet Retreat,Red Velvet Pastry,Desserts,2026-05-25 14:26:30,34,Indiranagar,Delivered,4,Overall great experience. Prompt service.,190,DP_159
OD12583,CUST2831,Burger Bistro,Chicken Nuggets (9 pcs),Fast Food,2026-05-12 18:20:16,20,BTM Layout,Delivered,5,"Extremely satisfied, delivered hot and fresh!",410,DP_158
OD12584,CUST3487,Tandoori Nights,Chicken Seekh Kebab,North Indian,2026-05-10 21:41:34,48,Malleshwaram,Delivered,2,Taste was disappointing. Packaging was leaked.,350,DP_196
OD12585,CUST2879,Cafe Daybreak,Club Sandwich,Continental & Beverages,2026-04-30 11:37:51,39,HSR Layout,Delivered,5,"Extremely satisfied, delivered hot and fresh!",240,DP_155
OD12586,CUST3015,Cafe Daybreak,Club Sandwich,Continental & Beverages,2026-05-06 05:05:49,19,Jayanagar,Delivered,5,Best meal ever. Highly recommended!,250,DP_150
OD12587,CUST2027,Spice Symphony,Butter Chicken & Naan,North Indian,2026-05-26 07:13:33,,Marathahalli,Cancelled,,Delivery address was outside the delivery radius,370,DP_133
OD12588,CUST2904,Wok & Roll,Schezwan Noodles,Chinese & Asian,2026-05-09 20:14:52,44,Indiranagar,Delivered,2,Delivery took almost an hour. Unhappy.,270,DP_171
OD12589,CUST3179,The Salad Bowl,Greek Salad,Healthy & Salads,2026-05-03 22:22:18,54,HSR Layout,Delivered,2,Delivery took almost an hour. Unhappy.,260,DP_185
OD12590,CUST3291,The Golden Dosa,Masala Dosa with Sambar,South Indian,2026-05-08 19:55:47,40,Indiranagar,Delivered,5,"Delivered way before time, packaging was excellent!",140,DP_174
OD12591,CUST2919,Tandoori Nights,Butter Chicken Combo Meal,North Indian,2026-05-04 20:08:15,40,Malleshwaram,Delivered,4,"Tasty food, standard delivery. Satisfactory.",380,DP_187
OD12592,CUST2794,Royal Biryani House,Chicken Tikka Biryani,Biryani & Mughlai,2026-05-23 08:12:49,29,Jayanagar,Delivered,3,Packaging could have been better. Average taste.,400,DP_103
OD12593,CUST3127,Wok & Roll,Veg Spring Rolls (6 pcs),Chinese & Asian,2026-05-17 12:33:06,47,Whitefield,Delivered,1,Missing items in my order and food was cold. Avoid this place!,200,DP_153
OD12594,CUST3446,Spice Symphony,Paneer Butter Masala Meal,North Indian,2026-05-02 21:30:07,57,Marathahalli,Delivered,1,Worst service! Delivered extremely late and completely cold.,370,DP_140
OD12595,CUST2160,Sweet Retreat,Kulfi Falooda,Desserts,2026-05-11 15:28:31,40,Koramangala,Delivered,4,"Tasty food, standard delivery. Satisfactory.",170,DP_176
OD12596,CUST3145,Cafe Daybreak,Classic Cold Coffee,Continental & Beverages,2026-04-28 21:33:28,40,Marathahalli,Delivered,4,"Tasty food, but could be a bit warmer.",170,DP_157
OD12597,CUST2488,Spice Symphony,Paneer Butter Masala Meal,North Indian,2026-05-13 18:38:55,28,HSR Layout,Delivered,4,"Tasty food, but could be a bit warmer.",370,DP_135
OD12598,CUST2775,Burger Bistro,Spicy Paneer Wrap,Fast Food,2026-05-26 15:36:53,21,BTM Layout,Delivered,5,"Perfect taste, clean packaging, and polite delivery partner.",230,DP_162
OD12599,CUST2634,Burger Bistro,Crispy Chicken Burger,Fast Food,2026-05-20 13:51:19,32,HSR Layout,Delivered,3,Prompt delivery but taste was average.,240,DP_142
OD12600,CUST2100,The Golden Dosa,Filter Coffee & Upma,South Indian,2026-04-30 21:20:47,37,BTM Layout,Delivered,5,"Extremely satisfied, delivered hot and fresh!",130,DP_161
OD12601,CUST2942,The Salad Bowl,High-Protein Chicken Salad,Healthy & Salads,2026-05-17 14:42:26,,Indiranagar,Cancelled,,Item out of stock at restaurant,340,DP_178
OD12602,CUST2415,Cafe Daybreak,Iced Latte,Continental & Beverages,2026-05-07 20:11:48,41,Malleshwaram,Delivered,1,Unprofessional delivery partner. Very bad experience.,510,DP_141
OD12603,CUST2705,The Salad Bowl,Quinoa Avocado Salad,Healthy & Salads,2026-05-15 12:19:39,54,Marathahalli,Delivered,4,Overall great experience. Prompt service.,350,DP_118
OD12604,CUST3480,Sweet Retreat,Kulfi Falooda,Desserts,2026-05-14 19:52:40,64,Whitefield,Delivered,1,Missing items in my order and food was cold. Avoid this place!,290,DP_122
OD12605,CUST2182,The Salad Bowl,Caesar Salad,Healthy & Salads,2026-05-19 22:32:58,43,BTM Layout,Delivered,2,"Too spicy, couldn't eat it. Disappointed.",290,DP_175
OD12606,CUST2442,Sweet Retreat,Chocolate Lava Cake,Desserts,2026-05-05 18:48:28,24,HSR Layout,Delivered,3,"Food was okay, but delivery took some time.",180,DP_153
OD12607,CUST2252,Tandoori Nights,Paneer Tikka,North Indian,2026-05-22 20:11:59,61,Whitefield,Delivered,1,"Terrible experience, food was completely spilled inside the bag.",320,DP_118
OD12608,CUST2514,The Golden Dosa,Filter Coffee & Upma,South Indian,2026-04-29 21:39:10,49,Marathahalli,Delivered,2,Food was cold when it arrived.,150,DP_169
OD12609,CUST2476,Burger Bistro,Chicken Nuggets (9 pcs),Fast Food,2026-05-02 18:27:30,51,Whitefield,Delivered,4,Satisfied with the delivery speed and quality.,220,DP_142
OD12610,CUST3187,Cafe Daybreak,Paneer Tikka Sandwich,Continental & Beverages,2026-05-22 18:45:27,29,HSR Layout,Delivered,4,Good taste and neat packaging.,210,DP_112
OD12611,CUST3075,The Salad Bowl,Quinoa Avocado Salad,Healthy & Salads,2026-05-07 15:40:13,19,Jayanagar,Delivered,5,"Delivered way before time, packaging was excellent!",690,DP_157
OD12612,CUST2359,Wok & Roll,Veg Hakka Noodles,Chinese & Asian,2026-05-02 18:50:41,26,Jayanagar,Delivered,5,Outstanding quality! Will definitely order again.,260,DP_151
OD12613,CUST2500,Spice Symphony,Kadhai Paneer with Roti,North Indian,2026-05-02 20:57:09,43,Indiranagar,Delivered,2,Delivery took almost an hour. Unhappy.,330,DP_131
OD12614,CUST3368,Sweet Retreat,Gulab Jamun (4 pcs),Desserts,2026-05-04 13:41:45,50,Whitefield,Delivered,4,"Tasty food, standard delivery. Satisfactory.",120,DP_188
OD12615,CUST2201,The Salad Bowl,Greek Salad,Healthy & Salads,2026-05-21 22:33:17,41,Marathahalli,Delivered,4,"Tasty food, standard delivery. Satisfactory.",280,DP_141
OD12616,CUST2679,Sweet Retreat,Kulfi Falooda,Desserts,2026-05-25 19:04:48,38,Koramangala,Delivered,4,Good taste and neat packaging.,310,DP_182
OD12617,CUST2784,The Salad Bowl,Caesar Salad,Healthy & Salads,2026-05-09 21:18:26,42,Indiranagar,Delivered,3,Prompt delivery but taste was average.,260,DP_182
OD12618,CUST3299,Tandoori Nights,Chicken Seekh Kebab,North Indian,2026-05-01 21:17:04,53,Indiranagar,Delivered,3,Packaging could have been better. Average taste.,670,DP_154
OD12619,CUST2453,Royal Biryani House,Chicken Dum Biryani,Biryani & Mughlai,2026-05-26 20:09:57,61,Whitefield,Delivered,1,Unprofessional delivery partner. Very bad experience.,350,DP_200
OD12620,CUST2029,Sweet Retreat,Chocolate Lava Cake,Desserts,2026-05-21 12:33:23,46,Indiranagar,Delivered,2,The item delivered was incorrect and lukewarm.,300,DP_122
OD12621,CUST2063,The Salad Bowl,Greek Salad,Healthy & Salads,2026-05-04 22:42:12,44,Koramangala,Delivered,2,Delivery took almost an hour. Unhappy.,270,DP_164
OD12622,CUST2731,Bella Italia,Margherita Pizza 10-inch,Italian,2026-05-21 19:10:00,47,HSR Layout,Delivered,2,"Too spicy, couldn't eat it. Disappointed.",410,DP_165
OD12623,CUST2098,Cafe Daybreak,Classic Cold Coffee,Continental & Beverages,2026-05-24 17:25:35,33,Indiranagar,Delivered,4,Overall great experience. Prompt service.,340,DP_116
OD12624,CUST2094,Burger Bistro,Classic Cheese Burger & Fries,Fast Food,2026-05-01 13:58:38,,Koramangala,Cancelled,,Item out of stock at restaurant,270,DP_130
OD12625,CUST2605,Wok & Roll,Veg Hakka Noodles,Chinese & Asian,2026-05-20 20:31:16,48,BTM Layout,Delivered,2,Delivery took almost an hour. Unhappy.,250,DP_120
OD12626,CUST2606,Spice Symphony,Paneer Butter Masala Meal,North Indian,2026-05-03 19:37:17,45,HSR Layout,Delivered,1,"Terrible experience, food was completely spilled inside the bag.",370,DP_194
OD12627,CUST2842,Bella Italia,Margherita Pizza 10-inch,Italian,2026-05-23 11:41:02,36,Marathahalli,Delivered,5,"Perfect taste, clean packaging, and polite delivery partner.",430,DP_103
OD12628,CUST3047,Sweet Retreat,Chocolate Lava Cake,Desserts,2026-04-30 19:58:13,30,Malleshwaram,Delivered,5,"Extremely satisfied, delivered hot and fresh!",160,DP_163
OD12629,CUST2592,Bella Italia,Farmhouse Veg Pizza,Italian,2026-05-19 08:07:31,15,Jayanagar,Delivered,5,"Extremely satisfied, delivered hot and fresh!",450,DP_192
OD12630,CUST2808,Cafe Daybreak,Classic Cold Coffee,Continental & Beverages,2026-05-26 18:13:30,18,Jayanagar,Delivered,5,"Amazing food, super fast delivery!",200,DP_200
OD12631,CUST2907,Royal Biryani House,Mutton Biryani,Biryani & Mughlai,2026-05-24 21:30:16,42,Koramangala,Delivered,3,Prompt delivery but taste was average.,470,DP_119
OD12632,CUST3217,Wok & Roll,Veg Spring Rolls (6 pcs),Chinese & Asian,2026-05-01 20:43:37,42,Jayanagar,Delivered,4,Good taste and neat packaging.,200,DP_101
OD12633,CUST2281,The Salad Bowl,Fresh Fruit Bowl,Healthy & Salads,2026-05-11 14:44:58,51,BTM Layout,Delivered,1,The food tasted stale and horrible! Threw it in the trash.,220,DP_154
OD12634,CUST3365,The Golden Dosa,Onion Uttapam,South Indian,2026-05-11 13:16:53,34,Koramangala,Delivered,3,"Food was okay, but delivery took some time.",180,DP_132
OD12635,CUST3249,Cafe Daybreak,Iced Latte,Continental & Beverages,2026-05-16 20:22:15,61,Marathahalli,Delivered,1,Unprofessional delivery partner. Very bad experience.,190,DP_118
OD12636,CUST2386,Royal Biryani House,Chicken Tikka Biryani,Biryani & Mughlai,2026-05-06 20:01:05,49,Koramangala,Delivered,2,"Not worth the price, portion was very small.",770,DP_133
OD12637,CUST2674,Bella Italia,Farmhouse Veg Pizza,Italian,2026-04-28 13:37:39,36,Indiranagar,Delivered,4,Overall great experience. Prompt service.,470,DP_174
OD12638,CUST2798,Burger Bistro,Loaded Nachos,Fast Food,2026-05-09 09:59:02,44,Whitefield,Delivered,3,Packaging could have been better. Average taste.,270,DP_199
OD12639,CUST3109,Tandoori Nights,Chicken Seekh Kebab,North Indian,2026-04-30 20:31:56,59,Marathahalli,Delivered,1,Missing items in my order and food was cold. Avoid this place!,640,DP_155
OD12640,CUST3462,Royal Biryani House,Chicken Dum Biryani,Biryani & Mughlai,2026-05-22 08:46:27,33,Koramangala,Delivered,4,Overall great experience. Prompt service.,710,DP_150
OD12641,CUST2144,The Golden Dosa,Masala Dosa with Sambar,South Indian,2026-05-14 21:26:28,47,Koramangala,Delivered,2,Taste was disappointing. Packaging was leaked.,160,DP_119
OD12642,CUST2137,Cafe Daybreak,Iced Latte,Continental & Beverages,2026-05-12 20:39:41,42,Marathahalli,Delivered,2,Food was cold when it arrived.,340,DP_184
OD12643,CUST3280,The Salad Bowl,Caesar Salad,Healthy & Salads,2026-05-19 14:35:49,49,Marathahalli,Delivered,4,Overall great experience. Prompt service.,280,DP_148
OD12644,CUST2440,Sweet Retreat,Sizzling Brownie,Desserts,2026-05-09 22:01:31,60,Koramangala,Delivered,1,Worst service! Delivered extremely late and completely cold.,220,DP_156
OD12645,CUST2555,Bella Italia,Margherita Pizza 10-inch,Italian,2026-05-11 14:02:09,51,Whitefield,Delivered,3,Average food. Nothing special.,420,DP_200
OD12646,CUST2911,Tandoori Nights,Tandoori Roti Combo,North Indian,2026-05-02 12:35:32,57,Marathahalli,Delivered,1,Unprofessional delivery partner. Very bad experience.,230,DP_196
OD12647,CUST2530,Tandoori Nights,Tandoori Roti Combo,North Indian,2026-05-08 11:54:41,27,Malleshwaram,Delivered,3,Portion size was small for the price.,210,DP_189
OD12648,CUST2565,Sweet Retreat,Gulab Jamun (4 pcs),Desserts,2026-05-19 23:42:46,44,Whitefield,Delivered,1,Awful experience! Delayed by over an hour and no response.,150,DP_186
OD12649,CUST2661,Wok & Roll,Veg Spring Rolls (6 pcs),Chinese & Asian,2026-05-19 19:50:27,36,Malleshwaram,Delivered,4,Good taste and neat packaging.,190,DP_159
OD12650,CUST3301,The Golden Dosa,Onion Uttapam,South Indian,2026-05-05 08:59:10,35,Marathahalli,Delivered,5,Outstanding quality! Will definitely order again.,160,DP_149
OD12651,CUST2204,The Salad Bowl,Greek Salad,Healthy & Salads,2026-05-12 20:00:28,69,Koramangala,Delivered,1,Missing items in my order and food was cold. Avoid this place!,510,DP_120
OD12652,CUST2211,Sweet Retreat,Sizzling Brownie,Desserts,2026-05-24 20:18:11,48,Malleshwaram,Delivered,3,Prompt delivery but taste was average.,220,DP_121
OD12653,CUST3289,The Golden Dosa,Onion Uttapam,South Indian,2026-05-01 22:10:54,41,Malleshwaram,Delivered,4,"Tasty food, standard delivery. Satisfactory.",310,DP_105
OD12654,CUST2476,Tandoori Nights,Chicken Seekh Kebab,North Indian,2026-05-05 21:08:21,,BTM Layout,Cancelled,,Customer cancelled the order,350,DP_107
OD12655,CUST2787,Sweet Retreat,Kulfi Falooda,Desserts,2026-05-10 19:25:44,50,Koramangala,Delivered,3,Average food. Nothing special.,150,DP_141
OD12656,CUST2487,Bella Italia,Margherita Pizza 10-inch,Italian,2026-05-24 11:50:49,30,Indiranagar,Delivered,4,Overall great experience. Prompt service.,430,DP_192
OD12657,CUST2587,Spice Symphony,Dal Makhani with Jeera Rice,North Indian,2026-05-17 22:07:44,48,BTM Layout,Delivered,3,Prompt delivery but taste was average.,310,DP_173
OD12658,CUST2890,The Golden Dosa,Onion Uttapam,South Indian,2026-05-25 08:33:02,23,Marathahalli,Delivered,5,Best meal ever. Highly recommended!,150,DP_158
OD12659,CUST3143,Cafe Daybreak,Paneer Tikka Sandwich,Continental & Beverages,2026-05-01 15:20:07,23,Indiranagar,Delivered,3,Average food. Nothing special.,230,DP_157
OD12660,CUST2746,Royal Biryani House,Chicken Tikka Biryani,Biryani & Mughlai,2026-05-14 18:51:17,20,Jayanagar,Delivered,5,"Perfect taste, clean packaging, and polite delivery partner.",740,DP_112
OD12661,CUST3202,Tandoori Nights,Butter Chicken Combo Meal,North Indian,2026-05-07 19:38:09,43,BTM Layout,Delivered,3,"Food was okay, but delivery took some time.",390,DP_132
OD12662,CUST2686,Burger Bistro,Classic Cheese Burger & Fries,Fast Food,2026-05-15 21:28:44,71,Marathahalli,Delivered,1,"Terrible experience, food was completely spilled inside the bag.",290,DP_110
OD12663,CUST2686,Wok & Roll,Veg Hakka Noodles,Chinese & Asian,2026-05-03 13:55:16,48,Marathahalli,Delivered,3,The food was decent but arrived a bit cold.,470,DP_168
OD12664,CUST2327,The Golden Dosa,Idli Vada Combo,South Indian,2026-05-09 13:24:04,62,Marathahalli,Delivered,1,The food tasted stale and horrible! Threw it in the trash.,250,DP_120
OD12665,CUST3383,Bella Italia,Farmhouse Veg Pizza,Italian,2026-04-27 10:33:44,,Koramangala,Cancelled,,Item out of stock at restaurant,440,DP_122
OD12666,CUST3476,Sweet Retreat,Chocolate Lava Cake,Desserts,2026-05-23 19:56:42,44,Jayanagar,Delivered,1,"Terrible experience, food was completely spilled inside the bag.",180,DP_132
OD12667,CUST2226,Sweet Retreat,Kulfi Falooda,Desserts,2026-04-27 14:34:51,36,Indiranagar,Delivered,5,Outstanding quality! Will definitely order again.,150,DP_143
OD12668,CUST2444,Bella Italia,Margherita Pizza 10-inch,Italian,2026-05-20 10:46:57,41,Indiranagar,Delivered,2,Delivery took almost an hour. Unhappy.,400,DP_144
OD12669,CUST3314,Cafe Daybreak,Paneer Tikka Sandwich,Continental & Beverages,2026-04-30 20:04:06,48,BTM Layout,Delivered,4,"Tasty food, but could be a bit warmer.",400,DP_190
OD12670,CUST3304,The Golden Dosa,Idli Vada Combo,South Indian,2026-05-11 21:49:16,36,HSR Layout,Delivered,4,Overall great experience. Prompt service.,240,DP_165
OD12671,CUST3160,Cafe Daybreak,Iced Latte,Continental & Beverages,2026-05-23 21:39:32,49,Jayanagar,Delivered,3,Prompt delivery but taste was average.,190,DP_175
OD12672,CUST2305,Spice Symphony,Paneer Butter Masala Meal,North Indian,2026-05-08 16:43:22,37,Malleshwaram,Delivered,4,Satisfied with the delivery speed and quality.,360,DP_192
OD12673,CUST3050,The Golden Dosa,Idli Vada Combo,South Indian,2026-05-06 13:32:36,39,BTM Layout,Delivered,4,Decent portion size and good taste. Recommended.,140,DP_138
OD12674,CUST2790,Royal Biryani House,Chicken Tikka Biryani,Biryani & Mughlai,2026-05-01 20:54:14,43,Indiranagar,Delivered,4,"Tasty food, but could be a bit warmer.",750,DP_161
OD12675,CUST2847,The Golden Dosa,Idli Vada Combo,South Indian,2026-05-26 20:31:16,44,Marathahalli,Delivered,4,Overall great experience. Prompt service.,140,DP_170
OD12676,CUST3033,Wok & Roll,Veg Spring Rolls (6 pcs),Chinese & Asian,2026-05-08 13:52:59,45,Jayanagar,Delivered,1,Worst service! Delivered extremely late and completely cold.,180,DP_119
OD12677,CUST3208,Royal Biryani House,Chicken Dum Biryani,Biryani & Mughlai,2026-05-16 12:23:42,47,BTM Layout,Delivered,3,"Food was okay, but delivery took some time.",380,DP_119
OD12678,CUST2170,Royal Biryani House,Egg Biryani,Biryani & Mughlai,2026-05-03 19:38:45,61,Marathahalli,Delivered,1,The food tasted stale and horrible! Threw it in the trash.,300,DP_144
OD12679,CUST3053,Spice Symphony,Butter Chicken & Naan,North Indian,2026-04-27 16:36:18,28,Marathahalli,Delivered,4,Decent portion size and good taste. Recommended.,750,DP_103
OD12680,CUST2587,Bella Italia,Farmhouse Veg Pizza,Italian,2026-05-05 09:56:53,17,Jayanagar,Delivered,5,Outstanding quality! Will definitely order again.,460,DP_190
OD12681,CUST2382,Wok & Roll,Veg Hakka Noodles,Chinese & Asian,2026-05-20 16:29:54,21,Indiranagar,Delivered,3,Portion size was small for the price.,490,DP_155
OD12682,CUST2964,Sweet Retreat,Red Velvet Pastry,Desserts,2026-05-24 08:00:35,42,Whitefield,Delivered,2,"Too spicy, couldn't eat it. Disappointed.",170,DP_166
OD12683,CUST2808,Spice Symphony,Butter Chicken & Naan,North Indian,2026-05-12 20:48:22,61,Whitefield,Delivered,1,"Terrible experience, food was completely spilled inside the bag.",400,DP_125
OD12684,CUST2463,Tandoori Nights,Paneer Tikka,North Indian,2026-05-21 18:28:49,23,HSR Layout,Delivered,5,"Extremely satisfied, delivered hot and fresh!",310,DP_159
OD12685,CUST2099,Royal Biryani House,Chicken Dum Biryani,Biryani & Mughlai,2026-04-30 22:18:33,33,Jayanagar,Delivered,5,Outstanding quality! Will definitely order again.,370,DP_156
OD12686,CUST3193,The Salad Bowl,Fresh Fruit Bowl,Healthy & Salads,2026-05-22 05:47:50,24,Jayanagar,Delivered,5,"Delivered way before time, packaging was excellent!",220,DP_160
OD12687,CUST2638,Sweet Retreat,Sizzling Brownie,Desserts,2026-05-20 21:43:37,36,HSR Layout,Delivered,4,"Tasty food, but could be a bit warmer.",230,DP_168
OD12688,CUST2650,Bella Italia,Farmhouse Veg Pizza,Italian,2026-05-19 19:37:18,50,BTM Layout,Delivered,2,Food was cold when it arrived.,470,DP_196
OD12689,CUST3065,Tandoori Nights,Butter Chicken Combo Meal,North Indian,2026-05-20 21:55:14,61,Marathahalli,Delivered,1,"Terrible experience, food was completely spilled inside the bag.",390,DP_180
OD12690,CUST2277,The Golden Dosa,Masala Dosa with Sambar,South Indian,2026-05-02 13:40:21,46,Indiranagar,Delivered,3,Packaging could have been better. Average taste.,160,DP_112
OD12691,CUST2282,The Salad Bowl,Quinoa Avocado Salad,Healthy & Salads,2026-05-08 13:36:39,41,Malleshwaram,Delivered,2,"Too spicy, couldn't eat it. Disappointed.",370,DP_187
OD12692,CUST2042,Spice Symphony,Kadhai Paneer with Roti,North Indian,2026-04-27 09:16:11,24,BTM Layout,Delivered,5,"Extremely satisfied, delivered hot and fresh!",330,DP_186
OD12693,CUST2176,Burger Bistro,Chicken Nuggets (9 pcs),Fast Food,2026-05-24 19:48:48,54,Indiranagar,Delivered,2,The item delivered was incorrect and lukewarm.,230,DP_173
OD12694,CUST2029,Cafe Daybreak,Club Sandwich,Continental & Beverages,2026-05-08 18:30:57,23,HSR Layout,Delivered,5,"Perfect taste, clean packaging, and polite delivery partner.",250,DP_135
OD12695,CUST2601,Tandoori Nights,Tandoori Roti Combo,North Indian,2026-05-23 18:54:02,33,Marathahalli,Delivered,5,"Extremely satisfied, delivered hot and fresh!",210,DP_115
OD12696,CUST2131,Royal Biryani House,Mutton Biryani,Biryani & Mughlai,2026-05-04 14:27:29,48,Marathahalli,Delivered,3,The food was decent but arrived a bit cold.,940,DP_187
OD12697,CUST2267,The Salad Bowl,High-Protein Chicken Salad,Healthy & Salads,2026-05-03 20:00:19,35,Malleshwaram,Delivered,4,"Tasty food, standard delivery. Satisfactory.",340,DP_177
OD12698,CUST3405,Royal Biryani House,Chicken Tikka Biryani,Biryani & Mughlai,2026-05-18 23:38:02,21,Malleshwaram,Delivered,5,Best meal ever. Highly recommended!,410,DP_134
OD12699,CUST3238,Sweet Retreat,Gulab Jamun (4 pcs),Desserts,2026-05-21 22:18:49,54,Whitefield,Delivered,2,The item delivered was incorrect and lukewarm.,120,DP_148
OD12700,CUST2104,Wok & Roll,Chicken Fried Rice & Manchurian,Chinese & Asian,2026-05-24 21:23:45,57,HSR Layout,Delivered,1,Missing items in my order and food was cold. Avoid this place!,320,DP_147
OD12701,CUST2424,Burger Bistro,Classic Cheese Burger & Fries,Fast Food,2026-05-18 18:33:44,33,Whitefield,Delivered,4,Satisfied with the delivery speed and quality.,260,DP_184
OD12702,CUST2549,The Salad Bowl,Caesar Salad,Healthy & Salads,2026-05-16 20:50:38,68,Whitefield,Delivered,1,The food tasted stale and horrible! Threw it in the trash.,290,DP_185
OD12703,CUST2904,Burger Bistro,Chicken Nuggets (9 pcs),Fast Food,2026-05-24 20:37:20,66,Koramangala,Delivered,1,Worst service! Delivered extremely late and completely cold.,230,DP_181
OD12704,CUST2127,The Salad Bowl,Quinoa Avocado Salad,Healthy & Salads,2026-04-28 14:04:24,39,Jayanagar,Delivered,2,The item delivered was incorrect and lukewarm.,340,DP_108
OD12705,CUST3328,Spice Symphony,Dal Makhani with Jeera Rice,North Indian,2026-05-20 20:48:55,70,Whitefield,Delivered,1,Awful experience! Delayed by over an hour and no response.,580,DP_189
OD12706,CUST2505,Tandoori Nights,Tandoori Roti Combo,North Indian,2026-05-17 21:48:51,71,Marathahalli,Delivered,1,Worst service! Delivered extremely late and completely cold.,210,DP_175
OD12707,CUST2686,Burger Bistro,Spicy Paneer Wrap,Fast Food,2026-05-02 20:58:38,59,BTM Layout,Delivered,1,The food tasted stale and horrible! Threw it in the trash.,200,DP_178
OD12708,CUST2980,Spice Symphony,Butter Chicken & Naan,North Indian,2026-05-19 21:13:08,44,BTM Layout,Delivered,3,Average food. Nothing special.,380,DP_166
OD12709,CUST2321,The Golden Dosa,Idli Vada Combo,South Indian,2026-05-12 18:44:08,20,Koramangala,Delivered,5,"Extremely satisfied, delivered hot and fresh!",140,DP_168
OD12710,CUST2130,Tandoori Nights,Malai Kofta & Lachha Paratha,North Indian,2026-05-18 23:23:21,18,HSR Layout,Delivered,5,Outstanding quality! Will definitely order again.,350,DP_120
OD12711,CUST3415,Cafe Daybreak,Hot Chocolate,Continental & Beverages,2026-05-25 17:00:50,17,HSR Layout,Delivered,4,"Tasty food, but could be a bit warmer.",190,DP_199
OD12712,CUST3246,Wok & Roll,Chicken Fried Rice & Manchurian,Chinese & Asian,2026-05-11 18:31:06,23,Marathahalli,Delivered,4,"Tasty food, standard delivery. Satisfactory.",320,DP_193
OD12713,CUST2840,Bella Italia,Farmhouse Veg Pizza,Italian,2026-05-06 21:31:17,48,BTM Layout,Delivered,3,"Food was okay, but delivery took some time.",890,DP_136
OD12714,CUST3065,Wok & Roll,Veg Hakka Noodles,Chinese & Asian,2026-05-08 20:03:33,,Indiranagar,Cancelled,,Delivery address was outside the delivery radius,240,DP_170
OD12715,CUST2648,The Salad Bowl,High-Protein Chicken Salad,Healthy & Salads,2026-05-20 20:34:07,35,Indiranagar,Delivered,4,"Tasty food, standard delivery. Satisfactory.",620,DP_141
OD12716,CUST3139,The Salad Bowl,Greek Salad,Healthy & Salads,2026-05-10 08:13:28,36,BTM Layout,Delivered,5,"Extremely satisfied, delivered hot and fresh!",270,DP_149
OD12717,CUST2497,Wok & Roll,Chicken Fried Rice & Manchurian,Chinese & Asian,2026-05-20 19:14:12,42,Malleshwaram,Delivered,1,Awful experience! Delayed by over an hour and no response.,340,DP_174
OD12718,CUST2882,Royal Biryani House,Chicken Tikka Biryani,Biryani & Mughlai,2026-05-02 12:18:13,35,Malleshwaram,Delivered,5,"Delivered way before time, packaging was excellent!",380,DP_132
OD12719,CUST2594,Spice Symphony,Dal Makhani with Jeera Rice,North Indian,2026-05-01 20:01:39,47,Malleshwaram,Delivered,3,Prompt delivery but taste was average.,580,DP_183
OD12720,CUST2997,Sweet Retreat,Red Velvet Pastry,Desserts,2026-05-15 19:47:59,53,Marathahalli,Delivered,3,The food was decent but arrived a bit cold.,500,DP_175
OD12721,CUST2475,The Salad Bowl,Greek Salad,Healthy & Salads,2026-05-13 14:28:51,46,Jayanagar,Delivered,1,Missing items in my order and food was cold. Avoid this place!,280,DP_165
OD12722,CUST2239,Wok & Roll,Veg Hakka Noodles,Chinese & Asian,2026-05-05 22:46:38,,BTM Layout,Cancelled,,Delivery address was outside the delivery radius,260,DP_109
OD12723,CUST2498,Tandoori Nights,Malai Kofta & Lachha Paratha,North Indian,2026-05-12 18:15:28,17,HSR Layout,Delivered,5,Best meal ever. Highly recommended!,380,DP_111
OD12724,CUST2911,Burger Bistro,Chicken Nuggets (9 pcs),Fast Food,2026-05-26 19:59:35,39,Malleshwaram,Delivered,4,"Tasty food, but could be a bit warmer.",400,DP_143
OD12725,CUST2260,Royal Biryani House,Chicken Tikka Biryani,Biryani & Mughlai,2026-05-07 19:20:18,45,Marathahalli,Delivered,3,Portion size was small for the price.,380,DP_195
OD12726,CUST2583,Spice Symphony,Dal Makhani with Jeera Rice,North Indian,2026-05-05 13:11:18,49,BTM Layout,Delivered,4,Decent portion size and good taste. Recommended.,300,DP_117
OD12727,CUST2480,Wok & Roll,Veg Hakka Noodles,Chinese & Asian,2026-05-03 14:50:12,49,Marathahalli,Delivered,1,The food tasted stale and horrible! Threw it in the trash.,270,DP_179
OD12728,CUST3032,Royal Biryani House,Chicken Dum Biryani,Biryani & Mughlai,2026-05-14 18:40:20,30,Malleshwaram,Delivered,5,"Perfect taste, clean packaging, and polite delivery partner.",350,DP_165
OD12729,CUST2976,Wok & Roll,Chilli Chicken Gravy,Chinese & Asian,2026-05-15 22:29:14,77,Whitefield,Delivered,1,"Terrible experience, food was completely spilled inside the bag.",610,DP_156
OD12730,CUST3022,Cafe Daybreak,Hot Chocolate,Continental & Beverages,2026-05-21 07:41:18,23,Jayanagar,Delivered,5,"Delivered way before time, packaging was excellent!",360,DP_147
OD12731,CUST2819,Royal Biryani House,Chicken Tikka Biryani,Biryani & Mughlai,2026-04-27 22:39:14,36,HSR Layout,Delivered,4,"Tasty food, but could be a bit warmer.",740,DP_189
OD12732,CUST2708,Bella Italia,Farmhouse Veg Pizza,Italian,2026-05-18 08:22:27,16,Malleshwaram,Delivered,5,"Delivered way before time, packaging was excellent!",460,DP_116
OD12733,CUST3129,Sweet Retreat,Red Velvet Pastry,Desserts,2026-05-19 21:50:54,35,Malleshwaram,Delivered,5,Best meal ever. Highly recommended!,190,DP_186
OD12734,CUST2675,Burger Bistro,Crispy Chicken Burger,Fast Food,2026-05-20 15:39:40,21,Malleshwaram,Delivered,4,Overall great experience. Prompt service.,230,DP_119
OD12735,CUST2069,Sweet Retreat,Chocolate Lava Cake,Desserts,2026-05-10 19:28:11,45,Koramangala,Delivered,2,Taste was disappointing. Packaging was leaked.,170,DP_200
OD12736,CUST2922,Spice Symphony,Paneer Butter Masala Meal,North Indian,2026-05-15 21:35:49,47,HSR Layout,Delivered,3,Average food. Nothing special.,360,DP_115
OD12737,CUST2982,Wok & Roll,Veg Hakka Noodles,Chinese & Asian,2026-05-15 07:33:23,39,Whitefield,Delivered,4,Satisfied with the delivery speed and quality.,490,DP_105
OD12738,CUST3057,The Golden Dosa,Onion Uttapam,South Indian,2026-05-10 14:26:02,49,BTM Layout,Delivered,3,"Food was okay, but delivery took some time.",160,DP_161
OD12739,CUST2670,Bella Italia,Margherita Pizza 10-inch,Italian,2026-05-21 19:56:28,54,Malleshwaram,Delivered,3,"Food was okay, but delivery took some time.",800,DP_185
OD12740,CUST2673,Cafe Daybreak,Classic Cold Coffee,Continental & Beverages,2026-05-14 21:51:20,35,Malleshwaram,Delivered,5,"Extremely satisfied, delivered hot and fresh!",170,DP_120
OD12741,CUST2968,Royal Biryani House,Chicken Dum Biryani,Biryani & Mughlai,2026-04-30 06:18:05,35,Marathahalli,Delivered,3,Portion size was small for the price.,360,DP_108
OD12742,CUST3188,Wok & Roll,Veg Hakka Noodles,Chinese & Asian,2026-04-30 16:43:52,22,Koramangala,Delivered,5,Best meal ever. Highly recommended!,240,DP_112
OD12743,CUST2183,Wok & Roll,Schezwan Noodles,Chinese & Asian,2026-05-17 14:02:02,45,Jayanagar,Delivered,2,"Too spicy, couldn't eat it. Disappointed.",270,DP_143
OD12744,CUST2267,Sweet Retreat,Chocolate Lava Cake,Desserts,2026-05-09 13:50:19,65,Whitefield,Delivered,1,Awful experience! Delayed by over an hour and no response.,160,DP_143
OD12745,CUST2807,Wok & Roll,Veg Spring Rolls (6 pcs),Chinese & Asian,2026-05-24 12:23:20,35,Koramangala,Delivered,4,Overall great experience. Prompt service.,200,DP_163
OD12746,CUST3317,Royal Biryani House,Veg Hyderabadi Biryani,Biryani & Mughlai,2026-05-04 20:02:49,31,Indiranagar,Delivered,4,"Tasty food, standard delivery. Satisfactory.",330,DP_194
OD12747,CUST3124,Spice Symphony,Dal Makhani with Jeera Rice,North Indian,2026-05-02 21:06:19,51,Indiranagar,Delivered,4,Decent portion size and good taste. Recommended.,330,DP_188
OD12748,CUST3029,Sweet Retreat,Red Velvet Pastry,Desserts,2026-05-13 22:56:25,,BTM Layout,Cancelled,,Item out of stock at restaurant,170,DP_169
OD12749,CUST2211,Wok & Roll,Veg Hakka Noodles,Chinese & Asian,2026-04-30 20:35:06,44,Marathahalli,Delivered,3,Packaging could have been better. Average taste.,260,DP_107
OD12750,CUST2789,Royal Biryani House,Veg Hyderabadi Biryani,Biryani & Mughlai,2026-05-08 12:06:08,48,Malleshwaram,Delivered,1,"Terrible experience, food was completely spilled inside the bag.",300,DP_152
OD12751,CUST2727,Sweet Retreat,Kulfi Falooda,Desserts,2026-04-28 19:40:36,37,Malleshwaram,Delivered,5,"Extremely satisfied, delivered hot and fresh!",310,DP_116
OD12752,CUST3016,The Golden Dosa,Onion Uttapam,South Indian,2026-05-23 09:53:58,23,Jayanagar,Delivered,4,Overall great experience. Prompt service.,170,DP_158
OD12753,CUST2215,Burger Bistro,Crispy Chicken Burger,Fast Food,2026-05-18 20:47:40,,HSR Layout,Cancelled,,Delivery address was outside the delivery radius,250,DP_177
OD12754,CUST3221,Bella Italia,Veg Arrabiata Penne Pasta,Italian,2026-05-26 20:29:35,44,Indiranagar,Delivered,3,Average food. Nothing special.,330,DP_133
OD12755,CUST3235,Wok & Roll,Veg Spring Rolls (6 pcs),Chinese & Asian,2026-05-09 22:47:10,53,Jayanagar,Delivered,2,Delivery took almost an hour. Unhappy.,370,DP_123
OD12756,CUST3352,The Golden Dosa,Rava Kesari & Dosa Combo,South Indian,2026-05-02 17:07:12,31,Marathahalli,Delivered,5,"Amazing food, super fast delivery!",190,DP_125
OD12757,CUST3141,Wok & Roll,Chicken Fried Rice & Manchurian,Chinese & Asian,2026-05-23 09:34:16,30,Koramangala,Delivered,5,"Perfect taste, clean packaging, and polite delivery partner.",630,DP_189
OD12758,CUST2721,Bella Italia,Chicken Alfredo Pasta,Italian,2026-05-24 18:00:23,29,BTM Layout,Delivered,5,"Delivered way before time, packaging was excellent!",760,DP_170
OD12759,CUST2353,Spice Symphony,Tandoori Chicken Half,North Indian,2026-05-03 12:02:44,47,HSR Layout,Delivered,4,"Tasty food, but could be a bit warmer.",400,DP_185
OD12760,CUST2311,The Salad Bowl,Greek Salad,Healthy & Salads,2026-05-25 15:28:28,21,BTM Layout,Delivered,5,"Delivered way before time, packaging was excellent!",260,DP_157
OD12761,CUST3042,The Golden Dosa,Filter Coffee & Upma,South Indian,2026-05-14 22:40:45,40,Malleshwaram,Delivered,2,Delivery took almost an hour. Unhappy.,150,DP_197
OD12762,CUST2550,Tandoori Nights,Butter Chicken Combo Meal,North Indian,2026-05-12 14:56:31,43,HSR Layout,Delivered,3,Prompt delivery but taste was average.,380,DP_194
OD12763,CUST2010,Burger Bistro,Crispy Chicken Burger,Fast Food,2026-05-17 18:48:11,25,Indiranagar,Delivered,4,"Tasty food, but could be a bit warmer.",260,DP_125
OD12764,CUST2220,Sweet Retreat,Sizzling Brownie,Desserts,2026-04-28 21:35:43,43,Whitefield,Delivered,2,The item delivered was incorrect and lukewarm.,220,DP_125
OD12765,CUST3492,The Golden Dosa,Filter Coffee & Upma,South Indian,2026-05-14 21:10:15,46,BTM Layout,Delivered,1,The food tasted stale and horrible! Threw it in the trash.,160,DP_118
OD12766,CUST3026,Cafe Daybreak,Classic Cold Coffee,Continental & Beverages,2026-04-29 10:17:49,,Whitefield,Cancelled,,Delivery address was outside the delivery radius,190,DP_173
OD12767,CUST3115,The Golden Dosa,Rava Kesari & Dosa Combo,South Indian,2026-05-24 13:51:05,38,Indiranagar,Delivered,3,"Food was okay, but delivery took some time.",190,DP_187
OD12768,CUST3466,The Salad Bowl,High-Protein Chicken Salad,Healthy & Salads,2026-05-01 15:41:11,39,HSR Layout,Delivered,4,"Tasty food, but could be a bit warmer.",340,DP_140
OD12769,CUST2690,The Golden Dosa,Filter Coffee & Upma,South Indian,2026-05-25 16:41:06,35,Whitefield,Delivered,5,"Amazing food, super fast delivery!",360,DP_144
OD12770,CUST3085,Bella Italia,Margherita Pizza 10-inch,Italian,2026-05-25 19:59:41,48,Indiranagar,Delivered,4,Decent portion size and good taste. Recommended.,430,DP_151
OD12771,CUST3253,Sweet Retreat,Gulab Jamun (4 pcs),Desserts,2026-05-10 22:03:34,62,Whitefield,Delivered,1,The food tasted stale and horrible! Threw it in the trash.,150,DP_154
OD12772,CUST2233,Bella Italia,Margherita Pizza 10-inch,Italian,2026-05-03 07:43:29,36,Koramangala,Delivered,5,"Amazing food, super fast delivery!",410,DP_136
OD12773,CUST3235,Royal Biryani House,Chicken Dum Biryani,Biryani & Mughlai,2026-05-20 20:11:25,37,Indiranagar,Delivered,4,Overall great experience. Prompt service.,700,DP_162
OD12774,CUST3009,Bella Italia,Garlic Bread with Cheese,Italian,2026-05-19 19:33:39,33,HSR Layout,Delivered,4,Overall great experience. Prompt service.,350,DP_109
OD12775,CUST2357,Royal Biryani House,Chicken Tikka Biryani,Biryani & Mughlai,2026-05-15 17:43:11,24,Marathahalli,Delivered,5,"Perfect taste, clean packaging, and polite delivery partner.",390,DP_133
OD12776,CUST2510,Cafe Daybreak,Hot Chocolate,Continental & Beverages,2026-05-17 09:34:25,29,Jayanagar,Delivered,5,Best meal ever. Highly recommended!,210,DP_147
OD12777,CUST3289,Tandoori Nights,Paneer Tikka,North Indian,2026-05-03 15:38:53,50,Whitefield,Delivered,2,Delivery took almost an hour. Unhappy.,320,DP_162
OD12778,CUST3328,Spice Symphony,Dal Makhani with Jeera Rice,North Indian,2026-05-14 18:02:00,42,Malleshwaram,Delivered,2,Food was cold when it arrived.,600,DP_196
OD12779,CUST3499,Wok & Roll,Veg Hakka Noodles,Chinese & Asian,2026-05-25 08:14:49,33,Marathahalli,Delivered,5,Outstanding quality! Will definitely order again.,250,DP_176
OD12780,CUST2485,The Golden Dosa,Rava Kesari & Dosa Combo,South Indian,2026-04-30 07:19:25,24,Indiranagar,Delivered,3,"Food was okay, but delivery took some time.",200,DP_112
OD12781,CUST2670,Royal Biryani House,Chicken Dum Biryani,Biryani & Mughlai,2026-05-02 21:24:03,65,Whitefield,Delivered,1,The food tasted stale and horrible! Threw it in the trash.,710,DP_110
OD12782,CUST2474,The Golden Dosa,Onion Uttapam,South Indian,2026-05-01 12:00:04,45,Malleshwaram,Delivered,2,Delivery took almost an hour. Unhappy.,150,DP_111
OD12783,CUST2953,Bella Italia,Margherita Pizza 10-inch,Italian,2026-05-17 19:01:35,50,Koramangala,Delivered,2,Delivery took almost an hour. Unhappy.,400,DP_177
OD12784,CUST2846,Sweet Retreat,Red Velvet Pastry,Desserts,2026-05-04 14:23:05,31,Malleshwaram,Delivered,5,"Perfect taste, clean packaging, and polite delivery partner.",180,DP_156
OD12785,CUST2058,Royal Biryani House,Mutton Biryani,Biryani & Mughlai,2026-04-30 07:26:20,19,BTM Layout,Delivered,5,Outstanding quality! Will definitely order again.,950,DP_103
OD12786,CUST2751,Sweet Retreat,Sizzling Brownie,Desserts,2026-05-15 07:30:05,23,Malleshwaram,Delivered,5,"Perfect taste, clean packaging, and polite delivery partner.",200,DP_144
OD12787,CUST3279,Tandoori Nights,Tandoori Roti Combo,North Indian,2026-04-30 13:29:58,42,Koramangala,Delivered,1,Unprofessional delivery partner. Very bad experience.,220,DP_152
OD12788,CUST2233,The Golden Dosa,Masala Dosa with Sambar,South Indian,2026-05-06 20:32:19,52,Marathahalli,Delivered,1,The food tasted stale and horrible! Threw it in the trash.,160,DP_140
OD12789,CUST2909,The Golden Dosa,Onion Uttapam,South Indian,2026-05-25 21:43:26,52,BTM Layout,Delivered,3,Average food. Nothing special.,300,DP_177
OD12790,CUST3112,Burger Bistro,Chicken Nuggets (9 pcs),Fast Food,2026-04-27 21:41:50,37,Koramangala,Delivered,4,"Tasty food, but could be a bit warmer.",210,DP_164
OD12791,CUST3332,Spice Symphony,Butter Chicken & Naan,North Indian,2026-05-14 12:05:42,38,Koramangala,Delivered,2,"Not worth the price, portion was very small.",380,DP_159
OD12792,CUST3203,The Salad Bowl,High-Protein Chicken Salad,Healthy & Salads,2026-04-27 08:04:42,36,Marathahalli,Delivered,4,Good taste and neat packaging.,920,DP_138
OD12793,CUST3454,Sweet Retreat,Kulfi Falooda,Desserts,2026-04-29 11:55:17,37,Whitefield,Delivered,5,"Perfect taste, clean packaging, and polite delivery partner.",290,DP_135
OD12794,CUST3449,The Golden Dosa,Masala Dosa with Sambar,South Indian,2026-05-06 20:27:09,35,Jayanagar,Delivered,2,Food was cold when it arrived.,170,DP_197
OD12795,CUST3320,The Salad Bowl,High-Protein Chicken Salad,Healthy & Salads,2026-05-10 21:16:25,52,Indiranagar,Delivered,2,Taste was disappointing. Packaging was leaked.,310,DP_129
OD12796,CUST2305,Wok & Roll,Schezwan Noodles,Chinese & Asian,2026-05-01 08:48:31,25,Jayanagar,Delivered,3,Average food. Nothing special.,510,DP_155
OD12797,CUST2888,Bella Italia,Garlic Bread with Cheese,Italian,2026-05-21 14:52:18,40,Koramangala,Delivered,2,The item delivered was incorrect and lukewarm.,170,DP_113
OD12798,CUST2214,Wok & Roll,Schezwan Noodles,Chinese & Asian,2026-05-21 20:31:34,42,Indiranagar,Delivered,2,The item delivered was incorrect and lukewarm.,260,DP_182
OD12799,CUST2658,Sweet Retreat,Sizzling Brownie,Desserts,2026-05-05 10:43:20,,Jayanagar,Cancelled,,Customer cancelled the order,210,DP_182
OD12800,CUST3001,Bella Italia,Farmhouse Veg Pizza,Italian,2026-05-08 23:53:41,31,Malleshwaram,Delivered,4,Decent portion size and good taste. Recommended.,460,DP_132
OD12801,CUST2738,Royal Biryani House,Veg Hyderabadi Biryani,Biryani & Mughlai,2026-05-23 20:51:55,48,Marathahalli,Delivered,4,"Tasty food, standard delivery. Satisfactory.",580,DP_107
OD12802,CUST2237,Cafe Daybreak,Hot Chocolate,Continental & Beverages,2026-04-27 20:22:10,58,Indiranagar,Delivered,2,Delivery took almost an hour. Unhappy.,220,DP_142
OD12803,CUST2990,Tandoori Nights,Paneer Tikka,North Indian,2026-05-01 15:32:03,35,BTM Layout,Delivered,4,"Tasty food, standard delivery. Satisfactory.",320,DP_127
OD12804,CUST2195,The Golden Dosa,Filter Coffee & Upma,South Indian,2026-05-19 20:59:57,51,BTM Layout,Delivered,1,"Terrible experience, food was completely spilled inside the bag.",150,DP_123
OD12805,CUST2054,Cafe Daybreak,Classic Cold Coffee,Continental & Beverages,2026-05-22 12:48:07,59,HSR Layout,Delivered,1,The food tasted stale and horrible! Threw it in the trash.,470,DP_186
OD12806,CUST3136,Royal Biryani House,Mutton Biryani,Biryani & Mughlai,2026-05-09 18:08:22,32,Indiranagar,Delivered,5,Best meal ever. Highly recommended!,470,DP_189
OD12807,CUST2253,The Salad Bowl,Quinoa Avocado Salad,Healthy & Salads,2026-05-05 09:17:50,,HSR Layout,Cancelled,,Delivery address was outside the delivery radius,340,DP_164
OD12808,CUST2387,Royal Biryani House,Mutton Biryani,Biryani & Mughlai,2026-05-12 21:11:58,36,Koramangala,Delivered,5,"Amazing food, super fast delivery!",500,DP_187
OD12809,CUST2900,Tandoori Nights,Paneer Tikka,North Indian,2026-05-17 18:04:39,40,Jayanagar,Delivered,4,Decent portion size and good taste. Recommended.,600,DP_119
OD12810,CUST2279,Burger Bistro,Crispy Chicken Burger,Fast Food,2026-05-15 14:44:54,44,Malleshwaram,Delivered,2,"Not worth the price, portion was very small.",650,DP_164
OD12811,CUST2432,Sweet Retreat,Kulfi Falooda,Desserts,2026-05-20 19:27:43,41,Koramangala,Delivered,3,Average food. Nothing special.,160,DP_117
OD12812,CUST3352,The Golden Dosa,Idli Vada Combo,South Indian,2026-05-12 14:23:48,40,Indiranagar,Delivered,4,Decent portion size and good taste. Recommended.,120,DP_123
OD12813,CUST2591,The Golden Dosa,Idli Vada Combo,South Indian,2026-05-24 12:02:35,46,Malleshwaram,Delivered,2,The item delivered was incorrect and lukewarm.,130,DP_132
OD12814,CUST3179,Bella Italia,Chicken Alfredo Pasta,Italian,2026-04-27 23:22:35,18,Malleshwaram,Delivered,5,Outstanding quality! Will definitely order again.,380,DP_167
OD12815,CUST2229,The Salad Bowl,Fresh Fruit Bowl,Healthy & Salads,2026-05-13 01:51:38,22,Whitefield,Delivered,5,"Amazing food, super fast delivery!",230,DP_158
OD12816,CUST2920,Cafe Daybreak,Hot Chocolate,Continental & Beverages,2026-05-03 17:17:41,33,Malleshwaram,Delivered,5,Outstanding quality! Will definitely order again.,200,DP_195
OD12817,CUST2913,Spice Symphony,Dal Makhani with Jeera Rice,North Indian,2026-05-23 14:19:01,41,Malleshwaram,Delivered,1,Unprofessional delivery partner. Very bad experience.,330,DP_163
OD12818,CUST3332,Cafe Daybreak,Classic Cold Coffee,Continental & Beverages,2026-05-14 20:42:07,37,Indiranagar,Delivered,4,Decent portion size and good taste. Recommended.,180,DP_186
OD12819,CUST2660,Spice Symphony,Paneer Butter Masala Meal,North Indian,2026-05-15 22:48:10,58,Marathahalli,Delivered,1,Missing items in my order and food was cold. Avoid this place!,360,DP_166
OD12820,CUST2604,The Golden Dosa,Rava Kesari & Dosa Combo,South Indian,2026-04-28 17:01:24,40,BTM Layout,Delivered,5,"Perfect taste, clean packaging, and polite delivery partner.",330,DP_154
OD12821,CUST3430,The Salad Bowl,Quinoa Avocado Salad,Healthy & Salads,2026-05-15 20:04:45,42,BTM Layout,Delivered,3,Prompt delivery but taste was average.,350,DP_190
OD12822,CUST2502,Sweet Retreat,Red Velvet Pastry,Desserts,2026-04-28 13:31:39,28,Koramangala,Delivered,4,"Tasty food, but could be a bit warmer.",180,DP_160
OD12823,CUST2057,The Salad Bowl,Caesar Salad,Healthy & Salads,2026-05-25 05:58:23,23,HSR Layout,Delivered,5,Outstanding quality! Will definitely order again.,510,DP_106
OD12824,CUST2554,Sweet Retreat,Gulab Jamun (4 pcs),Desserts,2026-05-26 18:09:23,35,Marathahalli,Delivered,5,Outstanding quality! Will definitely order again.,150,DP_108
OD12825,CUST3179,Tandoori Nights,Chicken Seekh Kebab,North Indian,2026-05-26 22:39:40,59,Koramangala,Delivered,1,Awful experience! Delayed by over an hour and no response.,340,DP_117
OD12826,CUST3492,Spice Symphony,Kadhai Paneer with Roti,North Indian,2026-05-07 20:44:20,37,Indiranagar,Delivered,3,Packaging could have been better. Average taste.,330,DP_169
OD12827,CUST3106,Bella Italia,Veg Arrabiata Penne Pasta,Italian,2026-05-11 23:47:44,,Koramangala,Cancelled,,Delivery address was outside the delivery radius,350,DP_194
OD12828,CUST2540,Bella Italia,Chicken Alfredo Pasta,Italian,2026-05-26 22:23:57,52,Koramangala,Delivered,3,Portion size was small for the price.,400,DP_148
OD12829,CUST2020,Tandoori Nights,Paneer Tikka,North Indian,2026-05-22 13:47:38,56,Whitefield,Delivered,1,Worst service! Delivered extremely late and completely cold.,330,DP_105
OD12830,CUST2621,Spice Symphony,Dal Makhani with Jeera Rice,North Indian,2026-05-12 06:04:53,19,Jayanagar,Delivered,5,"Amazing food, super fast delivery!",300,DP_135
OD12831,CUST2101,Spice Symphony,Butter Chicken & Naan,North Indian,2026-05-19 15:54:22,20,Jayanagar,Delivered,4,Overall great experience. Prompt service.,720,DP_180
OD12832,CUST3499,Cafe Daybreak,Paneer Tikka Sandwich,Continental & Beverages,2026-05-06 23:35:37,22,HSR Layout,Delivered,5,Best meal ever. Highly recommended!,230,DP_137
OD12833,CUST2124,The Golden Dosa,Idli Vada Combo,South Indian,2026-05-20 08:32:07,22,HSR Layout,Delivered,5,Outstanding quality! Will definitely order again.,150,DP_186
OD12834,CUST3396,Burger Bistro,Classic Cheese Burger & Fries,Fast Food,2026-05-07 19:19:15,42,Koramangala,Delivered,1,Worst service! Delivered extremely late and completely cold.,260,DP_144
OD12835,CUST3019,Bella Italia,Margherita Pizza 10-inch,Italian,2026-05-22 18:49:46,36,BTM Layout,Delivered,4,"Tasty food, but could be a bit warmer.",420,DP_125
OD12836,CUST2321,Wok & Roll,Veg Hakka Noodles,Chinese & Asian,2026-05-02 14:24:06,43,BTM Layout,Delivered,3,Portion size was small for the price.,270,DP_166
OD12837,CUST3319,Cafe Daybreak,Classic Cold Coffee,Continental & Beverages,2026-05-06 09:42:34,46,Whitefield,Delivered,4,Good taste and neat packaging.,330,DP_124
OD12838,CUST2496,Sweet Retreat,Red Velvet Pastry,Desserts,2026-05-26 20:52:45,50,HSR Layout,Delivered,3,Prompt delivery but taste was average.,190,DP_200
OD12839,CUST2190,Bella Italia,Veg Arrabiata Penne Pasta,Italian,2026-04-27 19:19:24,62,Marathahalli,Delivered,1,"Terrible experience, food was completely spilled inside the bag.",970,DP_198
OD12840,CUST2317,Bella Italia,Garlic Bread with Cheese,Italian,2026-05-17 22:48:15,57,Malleshwaram,Delivered,1,"Terrible experience, food was completely spilled inside the bag.",200,DP_151
OD12841,CUST2963,Wok & Roll,Chilli Chicken Gravy,Chinese & Asian,2026-05-24 12:07:36,44,Koramangala,Delivered,2,"Not worth the price, portion was very small.",320,DP_169
OD12842,CUST2628,Sweet Retreat,Sizzling Brownie,Desserts,2026-05-09 20:44:39,58,Koramangala,Delivered,2,Delivery took almost an hour. Unhappy.,410,DP_176
OD12843,CUST2259,Burger Bistro,Loaded Nachos,Fast Food,2026-05-10 21:31:54,58,Indiranagar,Delivered,1,"Terrible experience, food was completely spilled inside the bag.",250,DP_168
OD12844,CUST2240,Spice Symphony,Dal Makhani with Jeera Rice,North Indian,2026-05-03 20:46:37,56,BTM Layout,Delivered,1,Missing items in my order and food was cold. Avoid this place!,610,DP_163
OD12845,CUST2986,The Golden Dosa,Rava Kesari & Dosa Combo,South Indian,2026-05-11 22:03:08,36,Marathahalli,Delivered,2,Delivery took almost an hour. Unhappy.,200,DP_196
OD12846,CUST3266,Bella Italia,Margherita Pizza 10-inch,Italian,2026-05-07 11:24:40,40,Whitefield,Delivered,5,"Perfect taste, clean packaging, and polite delivery partner.",420,DP_163
OD12847,CUST3126,Bella Italia,Veg Arrabiata Penne Pasta,Italian,2026-05-17 18:53:48,29,BTM Layout,Delivered,2,Food was cold when it arrived.,350,DP_127
OD12848,CUST3452,Burger Bistro,Classic Cheese Burger & Fries,Fast Food,2026-05-21 01:28:10,,Malleshwaram,Cancelled,,Delivery address was outside the delivery radius,760,DP_194
OD12849,CUST2268,Cafe Daybreak,Iced Latte,Continental & Beverages,2026-05-25 19:03:45,64,Jayanagar,Delivered,1,Worst service! Delivered extremely late and completely cold.,200,DP_121
OD12850,CUST2481,The Salad Bowl,Greek Salad,Healthy & Salads,2026-05-02 20:27:43,41,Jayanagar,Delivered,3,Average food. Nothing special.,480,DP_134
OD12851,CUST2988,Tandoori Nights,Tandoori Roti Combo,North Indian,2026-05-12 18:49:29,18,Jayanagar,Delivered,5,"Extremely satisfied, delivered hot and fresh!",410,DP_118
OD12852,CUST3156,The Golden Dosa,Filter Coffee & Upma,South Indian,2026-05-10 19:01:54,46,Malleshwaram,Delivered,4,Decent portion size and good taste. Recommended.,140,DP_123
OD12853,CUST2152,Burger Bistro,Chicken Nuggets (9 pcs),Fast Food,2026-05-13 11:03:30,23,Indiranagar,Delivered,5,"Perfect taste, clean packaging, and polite delivery partner.",210,DP_103
OD12854,CUST2631,Tandoori Nights,Chicken Seekh Kebab,North Indian,2026-05-02 21:27:36,52,HSR Layout,Delivered,4,"Tasty food, standard delivery. Satisfactory.",360,DP_198
OD12855,CUST2777,Tandoori Nights,Malai Kofta & Lachha Paratha,North Indian,2026-05-19 12:54:19,29,BTM Layout,Delivered,5,Outstanding quality! Will definitely order again.,680,DP_134
OD12856,CUST3134,Sweet Retreat,Kulfi Falooda,Desserts,2026-05-08 19:06:05,50,HSR Layout,Delivered,1,Worst service! Delivered extremely late and completely cold.,300,DP_104
OD12857,CUST2753,Tandoori Nights,Tandoori Roti Combo,North Indian,2026-05-05 12:36:59,37,Jayanagar,Delivered,4,"Tasty food, standard delivery. Satisfactory.",590,DP_125
OD12858,CUST2588,Royal Biryani House,Chicken Tikka Biryani,Biryani & Mughlai,2026-05-20 18:19:40,33,Marathahalli,Delivered,3,The food was decent but arrived a bit cold.,410,DP_107
OD12859,CUST2368,Sweet Retreat,Sizzling Brownie,Desserts,2026-05-15 12:04:25,,HSR Layout,Cancelled,,Restaurant could not prepare food in time,200,DP_146
OD12860,CUST2676,Burger Bistro,Crispy Chicken Burger,Fast Food,2026-05-01 13:53:41,45,Jayanagar,Delivered,1,Awful experience! Delayed by over an hour and no response.,260,DP_187
OD12861,CUST2945,Sweet Retreat,Kulfi Falooda,Desserts,2026-04-29 20:54:33,42,BTM Layout,Delivered,3,Prompt delivery but taste was average.,300,DP_157
OD12862,CUST2786,Tandoori Nights,Chicken Seekh Kebab,North Indian,2026-05-19 21:50:10,51,BTM Layout,Delivered,2,Delivery took almost an hour. Unhappy.,330,DP_180
OD12863,CUST2206,Burger Bistro,Chicken Nuggets (9 pcs),Fast Food,2026-05-06 06:04:45,27,Indiranagar,Delivered,5,"Delivered way before time, packaging was excellent!",210,DP_159
OD12864,CUST2574,Wok & Roll,Chicken Fried Rice & Manchurian,Chinese & Asian,2026-05-11 18:06:18,31,BTM Layout,Delivered,5,"Delivered way before time, packaging was excellent!",320,DP_129
OD12865,CUST2430,Burger Bistro,Crispy Chicken Burger,Fast Food,2026-04-30 20:32:19,61,Marathahalli,Delivered,2,"Too spicy, couldn't eat it. Disappointed.",440,DP_151
OD12866,CUST2978,Spice Symphony,Butter Chicken & Naan,North Indian,2026-05-19 17:36:12,,Koramangala,Cancelled,,Customer cancelled the order,370,DP_158
OD12867,CUST2850,Spice Symphony,Tandoori Chicken Half,North Indian,2026-04-30 20:44:54,37,Malleshwaram,Delivered,4,"Tasty food, standard delivery. Satisfactory.",1160,DP_128
OD12868,CUST3350,Spice Symphony,Butter Chicken & Naan,North Indian,2026-05-25 22:36:10,41,BTM Layout,Delivered,3,"Food was okay, but delivery took some time.",720,DP_121
OD12869,CUST3487,Bella Italia,Margherita Pizza 10-inch,Italian,2026-05-13 14:17:54,40,BTM Layout,Delivered,5,"Amazing food, super fast delivery!",1190,DP_152
OD12870,CUST2555,Wok & Roll,Schezwan Noodles,Chinese & Asian,2026-05-23 18:04:53,27,Indiranagar,Delivered,3,The food was decent but arrived a bit cold.,250,DP_105
OD12871,CUST2497,The Golden Dosa,Masala Dosa with Sambar,South Indian,2026-05-26 21:58:52,48,BTM Layout,Delivered,2,"Too spicy, couldn't eat it. Disappointed.",160,DP_108
OD12872,CUST3440,Bella Italia,Farmhouse Veg Pizza,Italian,2026-05-24 14:58:32,52,Marathahalli,Delivered,2,"Too spicy, couldn't eat it. Disappointed.",1310,DP_149
OD12873,CUST2368,Bella Italia,Farmhouse Veg Pizza,Italian,2026-05-25 13:47:44,35,BTM Layout,Delivered,5,"Amazing food, super fast delivery!",860,DP_197
OD12874,CUST3062,Royal Biryani House,Egg Biryani,Biryani & Mughlai,2026-05-06 19:52:50,57,Koramangala,Delivered,2,Food was cold when it arrived.,280,DP_149
OD12875,CUST3163,Sweet Retreat,Gulab Jamun (4 pcs),Desserts,2026-05-02 15:47:35,25,BTM Layout,Delivered,5,"Extremely satisfied, delivered hot and fresh!",150,DP_142
OD12876,CUST2572,Royal Biryani House,Chicken Tikka Biryani,Biryani & Mughlai,2026-05-20 15:50:40,23,Indiranagar,Delivered,5,"Amazing food, super fast delivery!",1120,DP_168
OD12877,CUST2133,Burger Bistro,Classic Cheese Burger & Fries,Fast Food,2026-05-25 12:32:16,,Malleshwaram,Cancelled,,Customer cancelled the order,290,DP_106
OD12878,CUST2293,Bella Italia,Margherita Pizza 10-inch,Italian,2026-05-24 21:00:28,52,BTM Layout,Delivered,4,Decent portion size and good taste. Recommended.,400,DP_185
OD12879,CUST2160,Bella Italia,Chicken Alfredo Pasta,Italian,2026-05-26 13:47:41,30,Malleshwaram,Delivered,5,"Amazing food, super fast delivery!",410,DP_151
OD12880,CUST2941,The Golden Dosa,Rava Kesari & Dosa Combo,South Indian,2026-04-29 20:55:29,59,Marathahalli,Delivered,2,"Not worth the price, portion was very small.",200,DP_197
OD12881,CUST2970,Cafe Daybreak,Hot Chocolate,Continental & Beverages,2026-05-08 17:06:33,,BTM Layout,Cancelled,,Delivery address was outside the delivery radius,210,DP_162
OD12882,CUST2094,The Salad Bowl,Greek Salad,Healthy & Salads,2026-05-02 20:11:35,61,Whitefield,Delivered,1,"Terrible experience, food was completely spilled inside the bag.",250,DP_139
OD12883,CUST2310,The Golden Dosa,Rava Kesari & Dosa Combo,South Indian,2026-05-16 18:14:12,36,BTM Layout,Delivered,4,Good taste and neat packaging.,180,DP_160
OD12884,CUST2350,Spice Symphony,Dal Makhani with Jeera Rice,North Indian,2026-05-19 17:56:49,35,BTM Layout,Delivered,2,Taste was disappointing. Packaging was leaked.,320,DP_176
OD12885,CUST2060,The Golden Dosa,Idli Vada Combo,South Indian,2026-05-09 20:03:34,43,Whitefield,Delivered,3,The food was decent but arrived a bit cold.,130,DP_154
OD12886,CUST2079,The Golden Dosa,Onion Uttapam,South Indian,2026-05-20 20:45:15,45,Malleshwaram,Delivered,2,Taste was disappointing. Packaging was leaked.,290,DP_108
OD12887,CUST2217,Burger Bistro,Classic Cheese Burger & Fries,Fast Food,2026-05-10 20:09:36,54,BTM Layout,Delivered,1,The food tasted stale and horrible! Threw it in the trash.,290,DP_145
OD12888,CUST2737,Wok & Roll,Chilli Chicken Gravy,Chinese & Asian,2026-05-22 08:09:11,36,Marathahalli,Delivered,2,Food was cold when it arrived.,310,DP_136
OD12889,CUST2794,Tandoori Nights,Malai Kofta & Lachha Paratha,North Indian,2026-05-26 17:13:52,33,Malleshwaram,Delivered,3,The food was decent but arrived a bit cold.,380,DP_113
OD12890,CUST2589,The Golden Dosa,Masala Dosa with Sambar,South Indian,2026-05-07 19:32:18,67,Whitefield,Delivered,2,Food was cold when it arrived.,380,DP_192
OD12891,CUST2567,The Salad Bowl,Caesar Salad,Healthy & Salads,2026-05-19 16:45:34,21,Malleshwaram,Delivered,4,"Tasty food, standard delivery. Satisfactory.",280,DP_105
OD12892,CUST2502,Sweet Retreat,Gulab Jamun (4 pcs),Desserts,2026-05-11 21:03:40,49,Marathahalli,Delivered,3,"Food was okay, but delivery took some time.",120,DP_196
OD12893,CUST3001,Cafe Daybreak,Classic Cold Coffee,Continental & Beverages,2026-05-08 10:12:00,38,Indiranagar,Delivered,5,"Delivered way before time, packaging was excellent!",200,DP_142
OD12894,CUST3118,Burger Bistro,Chicken Nuggets (9 pcs),Fast Food,2026-05-14 18:00:34,20,Jayanagar,Delivered,5,"Delivered way before time, packaging was excellent!",240,DP_124
OD12895,CUST2338,Cafe Daybreak,Hot Chocolate,Continental & Beverages,2026-05-07 13:00:23,30,HSR Layout,Delivered,4,Good taste and neat packaging.,220,DP_169
OD12896,CUST2240,Wok & Roll,Schezwan Noodles,Chinese & Asian,2026-05-22 17:32:30,44,Marathahalli,Delivered,1,"Terrible experience, food was completely spilled inside the bag.",280,DP_102
OD12897,CUST3417,The Golden Dosa,Filter Coffee & Upma,South Indian,2026-05-08 20:52:18,40,Koramangala,Delivered,3,Portion size was small for the price.,130,DP_117
OD12898,CUST2766,The Golden Dosa,Rava Kesari & Dosa Combo,South Indian,2026-05-21 12:26:44,34,HSR Layout,Delivered,4,Decent portion size and good taste. Recommended.,180,DP_200
OD12899,CUST2416,Spice Symphony,Kadhai Paneer with Roti,North Indian,2026-05-03 19:24:03,50,Marathahalli,Delivered,4,Good taste and neat packaging.,660,DP_153
OD12900,CUST2417,Sweet Retreat,Red Velvet Pastry,Desserts,2026-05-01 19:34:52,49,Koramangala,Delivered,1,Missing items in my order and food was cold. Avoid this place!,190,DP_173
OD12901,CUST2610,Wok & Roll,Chilli Chicken Gravy,Chinese & Asian,2026-05-06 21:20:44,43,Jayanagar,Delivered,3,Prompt delivery but taste was average.,310,DP_148
OD12902,CUST3196,Burger Bistro,Classic Cheese Burger & Fries,Fast Food,2026-05-22 20:06:34,59,Malleshwaram,Delivered,1,The food tasted stale and horrible! Threw it in the trash.,530,DP_180
OD12903,CUST3380,Spice Symphony,Paneer Butter Masala Meal,North Indian,2026-05-23 12:52:14,65,Whitefield,Delivered,1,"Terrible experience, food was completely spilled inside the bag.",360,DP_114
OD12904,CUST3488,Royal Biryani House,Egg Biryani,Biryani & Mughlai,2026-05-06 13:53:34,37,BTM Layout,Delivered,3,The food was decent but arrived a bit cold.,280,DP_149
OD12905,CUST2313,The Salad Bowl,Caesar Salad,Healthy & Salads,2026-05-20 18:26:27,32,Whitefield,Delivered,5,Best meal ever. Highly recommended!,290,DP_153
OD12906,CUST2397,Cafe Daybreak,Club Sandwich,Continental & Beverages,2026-05-25 21:36:29,45,Indiranagar,Delivered,3,Packaging could have been better. Average taste.,450,DP_112
OD12907,CUST2104,Sweet Retreat,Gulab Jamun (4 pcs),Desserts,2026-04-27 19:42:40,46,BTM Layout,Delivered,1,The food tasted stale and horrible! Threw it in the trash.,150,DP_125
OD12908,CUST3036,The Golden Dosa,Onion Uttapam,South Indian,2026-05-09 20:57:25,50,Koramangala,Delivered,1,Unprofessional delivery partner. Very bad experience.,180,DP_121
OD12909,CUST2352,Cafe Daybreak,Hot Chocolate,Continental & Beverages,2026-05-21 08:28:38,26,HSR Layout,Delivered,4,Decent portion size and good taste. Recommended.,190,DP_121
OD12910,CUST2935,Tandoori Nights,Tandoori Roti Combo,North Indian,2026-04-28 18:16:35,33,Indiranagar,Delivered,5,"Perfect taste, clean packaging, and polite delivery partner.",200,DP_180
OD12911,CUST2530,Bella Italia,Garlic Bread with Cheese,Italian,2026-05-22 22:57:34,62,Whitefield,Delivered,1,Missing items in my order and food was cold. Avoid this place!,470,DP_125
OD12912,CUST3300,Royal Biryani House,Egg Biryani,Biryani & Mughlai,2026-05-18 23:44:01,29,BTM Layout,Delivered,4,Good taste and neat packaging.,280,DP_191
OD12913,CUST2656,Tandoori Nights,Butter Chicken Combo Meal,North Indian,2026-04-27 18:46:35,18,Indiranagar,Delivered,5,"Perfect taste, clean packaging, and polite delivery partner.",400,DP_190
OD12914,CUST2685,Wok & Roll,Chilli Chicken Gravy,Chinese & Asian,2026-05-24 18:31:01,26,Jayanagar,Delivered,2,Food was cold when it arrived.,330,DP_111
OD12915,CUST2482,Sweet Retreat,Red Velvet Pastry,Desserts,2026-04-30 21:42:21,43,BTM Layout,Delivered,3,The food was decent but arrived a bit cold.,190,DP_118
OD12916,CUST2517,Wok & Roll,Chicken Fried Rice & Manchurian,Chinese & Asian,2026-05-02 17:46:51,,Indiranagar,Cancelled,,Item out of stock at restaurant,630,DP_146
OD12917,CUST2979,The Salad Bowl,Greek Salad,Healthy & Salads,2026-05-26 21:33:17,32,BTM Layout,Delivered,4,Satisfied with the delivery speed and quality.,270,DP_133
OD12918,CUST2791,Royal Biryani House,Chicken Dum Biryani,Biryani & Mughlai,2026-05-07 21:21:40,49,HSR Layout,Delivered,4,Overall great experience. Prompt service.,380,DP_141
OD12919,CUST3152,The Salad Bowl,Greek Salad,Healthy & Salads,2026-04-28 23:10:08,27,BTM Layout,Delivered,4,Good taste and neat packaging.,260,DP_161
OD12920,CUST2203,Burger Bistro,Spicy Paneer Wrap,Fast Food,2026-05-26 22:35:26,60,Whitefield,Delivered,1,Awful experience! Delayed by over an hour and no response.,210,DP_131
OD12921,CUST3241,Cafe Daybreak,Paneer Tikka Sandwich,Continental & Beverages,2026-05-05 16:32:47,27,BTM Layout,Delivered,4,Good taste and neat packaging.,230,DP_124
OD12922,CUST2124,Wok & Roll,Schezwan Noodles,Chinese & Asian,2026-05-14 07:58:19,49,Whitefield,Delivered,2,Taste was disappointing. Packaging was leaked.,280,DP_163
OD12923,CUST2330,The Salad Bowl,Quinoa Avocado Salad,Healthy & Salads,2026-05-09 06:46:04,34,HSR Layout,Delivered,4,Good taste and neat packaging.,360,DP_155
OD12924,CUST3200,The Salad Bowl,Caesar Salad,Healthy & Salads,2026-05-24 09:03:38,37,Koramangala,Delivered,4,Overall great experience. Prompt service.,260,DP_156
OD12925,CUST2633,Burger Bistro,Spicy Paneer Wrap,Fast Food,2026-04-30 18:33:55,16,Jayanagar,Delivered,4,"Tasty food, standard delivery. Satisfactory.",390,DP_152
OD12926,CUST2611,Royal Biryani House,Chicken Dum Biryani,Biryani & Mughlai,2026-05-19 11:42:43,28,Malleshwaram,Delivered,4,"Tasty food, but could be a bit warmer.",700,DP_188
OD12927,CUST2324,The Golden Dosa,Onion Uttapam,South Indian,2026-05-25 15:56:06,22,Indiranagar,Delivered,5,"Perfect taste, clean packaging, and polite delivery partner.",430,DP_196
OD12928,CUST2828,The Golden Dosa,Masala Dosa with Sambar,South Indian,2026-05-26 13:40:09,37,Marathahalli,Delivered,5,Best meal ever. Highly recommended!,260,DP_105
OD12929,CUST2862,Bella Italia,Chicken Alfredo Pasta,Italian,2026-05-10 14:58:27,61,Marathahalli,Delivered,1,Awful experience! Delayed by over an hour and no response.,400,DP_108
OD12930,CUST2540,The Golden Dosa,Masala Dosa with Sambar,South Indian,2026-05-08 20:56:22,81,Whitefield,Delivered,1,"Terrible experience, food was completely spilled inside the bag.",380,DP_192
OD12931,CUST3011,Burger Bistro,Loaded Nachos,Fast Food,2026-05-20 08:22:56,61,Marathahalli,Delivered,1,The food tasted stale and horrible! Threw it in the trash.,470,DP_121
OD12932,CUST2468,Spice Symphony,Butter Chicken & Naan,North Indian,2026-04-27 21:15:40,48,HSR Layout,Delivered,3,Portion size was small for the price.,390,DP_178
OD12933,CUST2466,Wok & Roll,Chicken Fried Rice & Manchurian,Chinese & Asian,2026-05-11 18:58:58,30,Malleshwaram,Delivered,3,Average food. Nothing special.,330,DP_189
OD12934,CUST2605,Sweet Retreat,Sizzling Brownie,Desserts,2026-05-26 19:09:50,60,Whitefield,Delivered,1,Missing items in my order and food was cold. Avoid this place!,230,DP_185
OD12935,CUST2923,The Golden Dosa,Masala Dosa with Sambar,South Indian,2026-05-06 23:39:32,25,HSR Layout,Delivered,4,Overall great experience. Prompt service.,170,DP_175
OD12936,CUST2269,The Golden Dosa,Idli Vada Combo,South Indian,2026-05-08 22:30:49,37,Indiranagar,Delivered,4,Satisfied with the delivery speed and quality.,150,DP_199
OD12937,CUST3155,Tandoori Nights,Butter Chicken Combo Meal,North Indian,2026-05-18 23:57:24,32,Marathahalli,Delivered,4,Overall great experience. Prompt service.,400,DP_115
OD12938,CUST2419,Bella Italia,Veg Arrabiata Penne Pasta,Italian,2026-05-13 20:26:54,57,Whitefield,Delivered,1,Unprofessional delivery partner. Very bad experience.,360,DP_110
OD12939,CUST2489,Burger Bistro,Chicken Nuggets (9 pcs),Fast Food,2026-05-16 06:30:13,30,Koramangala,Delivered,5,"Amazing food, super fast delivery!",230,DP_120
OD12940,CUST2374,The Salad Bowl,High-Protein Chicken Salad,Healthy & Salads,2026-05-13 08:16:16,,Malleshwaram,Cancelled,,Item out of stock at restaurant,310,DP_171
OD12941,CUST3196,Wok & Roll,Chilli Chicken Gravy,Chinese & Asian,2026-04-28 14:01:28,28,Indiranagar,Delivered,3,Packaging could have been better. Average taste.,330,DP_180
OD12942,CUST3370,Wok & Roll,Chicken Fried Rice & Manchurian,Chinese & Asian,2026-05-19 20:48:56,53,Whitefield,Delivered,4,Satisfied with the delivery speed and quality.,320,DP_117
OD12943,CUST3242,Cafe Daybreak,Club Sandwich,Continental & Beverages,2026-05-13 19:50:47,61,Whitefield,Delivered,1,The food tasted stale and horrible! Threw it in the trash.,260,DP_157
OD12944,CUST3435,Wok & Roll,Veg Spring Rolls (6 pcs),Chinese & Asian,2026-05-03 15:51:06,24,Jayanagar,Delivered,5,"Delivered way before time, packaging was excellent!",210,DP_147
OD12945,CUST3117,Wok & Roll,Veg Spring Rolls (6 pcs),Chinese & Asian,2026-05-25 19:33:10,,BTM Layout,Cancelled,,Item out of stock at restaurant,370,DP_119
OD12946,CUST2037,The Golden Dosa,Onion Uttapam,South Indian,2026-05-16 20:20:10,62,Malleshwaram,Delivered,1,Unprofessional delivery partner. Very bad experience.,300,DP_137
OD12947,CUST2459,Wok & Roll,Chicken Fried Rice & Manchurian,Chinese & Asian,2026-05-21 13:50:42,47,Whitefield,Delivered,3,Average food. Nothing special.,340,DP_183
OD12948,CUST3263,The Salad Bowl,Caesar Salad,Healthy & Salads,2026-04-28 11:51:01,17,Indiranagar,Delivered,5,"Perfect taste, clean packaging, and polite delivery partner.",530,DP_106
OD12949,CUST3251,Tandoori Nights,Malai Kofta & Lachha Paratha,North Indian,2026-04-27 14:40:08,46,Marathahalli,Delivered,2,"Too spicy, couldn't eat it. Disappointed.",710,DP_130
OD12950,CUST2196,Tandoori Nights,Chicken Seekh Kebab,North Indian,2026-05-23 21:38:13,54,HSR Layout,Delivered,1,Missing items in my order and food was cold. Avoid this place!,340,DP_194
OD12951,CUST2588,The Salad Bowl,Quinoa Avocado Salad,Healthy & Salads,2026-04-29 08:56:22,25,HSR Layout,Delivered,5,Best meal ever. Highly recommended!,370,DP_186
OD12952,CUST2275,Spice Symphony,Tandoori Chicken Half,North Indian,2026-05-06 21:19:16,42,Jayanagar,Delivered,3,The food was decent but arrived a bit cold.,410,DP_115
OD12953,CUST3177,The Salad Bowl,Quinoa Avocado Salad,Healthy & Salads,2026-04-27 22:59:45,53,HSR Layout,Delivered,4,Overall great experience. Prompt service.,350,DP_199
OD12954,CUST2923,Wok & Roll,Chilli Chicken Gravy,Chinese & Asian,2026-04-28 13:07:57,31,HSR Layout,Delivered,3,Average food. Nothing special.,300,DP_145
OD12955,CUST3338,Cafe Daybreak,Paneer Tikka Sandwich,Continental & Beverages,2026-05-15 10:17:53,32,Marathahalli,Delivered,3,The food was decent but arrived a bit cold.,210,DP_154
OD12956,CUST2941,The Salad Bowl,Caesar Salad,Healthy & Salads,2026-05-05 13:00:49,34,Koramangala,Delivered,5,Best meal ever. Highly recommended!,760,DP_101
OD12957,CUST3423,Bella Italia,Farmhouse Veg Pizza,Italian,2026-05-11 21:46:08,37,Malleshwaram,Delivered,5,Best meal ever. Highly recommended!,470,DP_162
OD12958,CUST3065,Burger Bistro,Loaded Nachos,Fast Food,2026-04-28 19:19:57,46,BTM Layout,Delivered,2,The item delivered was incorrect and lukewarm.,250,DP_198
OD12959,CUST2048,The Salad Bowl,Caesar Salad,Healthy & Salads,2026-05-23 21:14:53,39,Indiranagar,Delivered,5,Best meal ever. Highly recommended!,520,DP_142
OD12960,CUST3453,Cafe Daybreak,Club Sandwich,Continental & Beverages,2026-05-03 08:36:51,26,BTM Layout,Delivered,3,Average food. Nothing special.,260,DP_115
OD12961,CUST2885,The Salad Bowl,Caesar Salad,Healthy & Salads,2026-05-24 21:03:21,39,Indiranagar,Delivered,4,"Tasty food, standard delivery. Satisfactory.",260,DP_135
OD12962,CUST2962,Sweet Retreat,Kulfi Falooda,Desserts,2026-05-15 23:26:28,33,Indiranagar,Delivered,4,Overall great experience. Prompt service.,160,DP_173
OD12963,CUST3262,The Salad Bowl,Caesar Salad,Healthy & Salads,2026-05-26 18:01:32,23,Malleshwaram,Delivered,5,"Delivered way before time, packaging was excellent!",510,DP_170
OD12964,CUST3105,Cafe Daybreak,Classic Cold Coffee,Continental & Beverages,2026-05-16 15:33:47,62,BTM Layout,Delivered,1,Unprofessional delivery partner. Very bad experience.,180,DP_169
OD12965,CUST3029,Royal Biryani House,Mutton Biryani,Biryani & Mughlai,2026-05-11 08:20:16,44,Malleshwaram,Delivered,4,"Tasty food, but could be a bit warmer.",470,DP_143
OD12966,CUST2443,The Salad Bowl,Greek Salad,Healthy & Salads,2026-05-07 14:48:46,38,Koramangala,Delivered,5,"Extremely satisfied, delivered hot and fresh!",480,DP_136
OD12967,CUST2831,Bella Italia,Garlic Bread with Cheese,Italian,2026-05-11 08:50:20,19,Indiranagar,Delivered,5,Outstanding quality! Will definitely order again.,170,DP_173
OD12968,CUST3354,The Golden Dosa,Rava Kesari & Dosa Combo,South Indian,2026-05-12 23:05:50,42,Whitefield,Delivered,4,Good taste and neat packaging.,350,DP_116
OD12969,CUST3050,The Golden Dosa,Idli Vada Combo,South Indian,2026-05-25 17:03:19,21,BTM Layout,Delivered,5,"Extremely satisfied, delivered hot and fresh!",120,DP_194
OD12970,CUST3398,Cafe Daybreak,Club Sandwich,Continental & Beverages,2026-05-26 12:35:36,37,Koramangala,Delivered,4,Satisfied with the delivery speed and quality.,240,DP_191
OD12971,CUST3096,Tandoori Nights,Chicken Seekh Kebab,North Indian,2026-04-28 19:52:59,,Koramangala,Cancelled,,Customer cancelled the order,360,DP_138
OD12972,CUST2166,The Salad Bowl,Greek Salad,Healthy & Salads,2026-05-12 20:43:09,40,Jayanagar,Delivered,4,Decent portion size and good taste. Recommended.,510,DP_121
OD12973,CUST2062,Burger Bistro,Loaded Nachos,Fast Food,2026-05-05 23:00:16,26,Malleshwaram,Delivered,2,Delivery took almost an hour. Unhappy.,260,DP_163
OD12974,CUST3438,Sweet Retreat,Red Velvet Pastry,Desserts,2026-04-28 12:23:04,40,BTM Layout,Delivered,4,"Tasty food, but could be a bit warmer.",170,DP_112
OD12975,CUST2312,Bella Italia,Garlic Bread with Cheese,Italian,2026-05-17 22:39:17,52,Marathahalli,Delivered,2,Food was cold when it arrived.,200,DP_165
OD12976,CUST2021,Royal Biryani House,Egg Biryani,Biryani & Mughlai,2026-05-23 11:09:28,37,Malleshwaram,Delivered,5,"Extremely satisfied, delivered hot and fresh!",300,DP_190
OD12977,CUST3391,Royal Biryani House,Egg Biryani,Biryani & Mughlai,2026-05-20 14:23:16,43,Whitefield,Delivered,3,"Food was okay, but delivery took some time.",290,DP_189
OD12978,CUST3071,Spice Symphony,Butter Chicken & Naan,North Indian,2026-05-16 13:06:43,57,Marathahalli,Delivered,1,The food tasted stale and horrible! Threw it in the trash.,390,DP_114
OD12979,CUST2964,Burger Bistro,Classic Cheese Burger & Fries,Fast Food,2026-05-04 11:20:57,17,HSR Layout,Delivered,5,Outstanding quality! Will definitely order again.,270,DP_141
OD12980,CUST2571,Wok & Roll,Schezwan Noodles,Chinese & Asian,2026-05-15 14:47:30,39,BTM Layout,Delivered,3,Portion size was small for the price.,250,DP_142
OD12981,CUST2039,Spice Symphony,Tandoori Chicken Half,North Indian,2026-05-20 18:57:19,19,HSR Layout,Delivered,4,Decent portion size and good taste. Recommended.,420,DP_179
OD12982,CUST2327,Cafe Daybreak,Paneer Tikka Sandwich,Continental & Beverages,2026-05-20 12:12:55,46,Malleshwaram,Delivered,3,The food was decent but arrived a bit cold.,230,DP_103
OD12983,CUST2740,Cafe Daybreak,Paneer Tikka Sandwich,Continental & Beverages,2026-04-28 14:34:08,39,HSR Layout,Delivered,4,Satisfied with the delivery speed and quality.,240,DP_154
OD12984,CUST2943,Burger Bistro,Classic Cheese Burger & Fries,Fast Food,2026-05-01 19:28:47,43,Indiranagar,Delivered,1,Missing items in my order and food was cold. Avoid this place!,280,DP_200
OD12985,CUST2977,Burger Bistro,Chicken Nuggets (9 pcs),Fast Food,2026-05-12 09:28:37,23,Malleshwaram,Delivered,4,Overall great experience. Prompt service.,430,DP_102
OD12986,CUST2509,Cafe Daybreak,Iced Latte,Continental & Beverages,2026-05-19 12:50:49,65,Whitefield,Delivered,1,Awful experience! Delayed by over an hour and no response.,180,DP_185
OD12987,CUST2745,Wok & Roll,Chilli Chicken Gravy,Chinese & Asian,2026-05-06 14:10:40,35,Marathahalli,Delivered,4,"Tasty food, standard delivery. Satisfactory.",330,DP_150
OD12988,CUST2421,Bella Italia,Farmhouse Veg Pizza,Italian,2026-05-01 19:43:46,47,BTM Layout,Delivered,2,"Not worth the price, portion was very small.",880,DP_116
OD12989,CUST2091,The Salad Bowl,Fresh Fruit Bowl,Healthy & Salads,2026-05-05 14:02:24,50,Whitefield,Delivered,4,"Tasty food, but could be a bit warmer.",210,DP_167
OD12990,CUST3193,Cafe Daybreak,Paneer Tikka Sandwich,Continental & Beverages,2026-05-08 20:50:51,42,Koramangala,Delivered,2,Delivery took almost an hour. Unhappy.,220,DP_197
OD12991,CUST2772,Tandoori Nights,Malai Kofta & Lachha Paratha,North Indian,2026-05-07 19:43:37,36,BTM Layout,Delivered,5,"Delivered way before time, packaging was excellent!",380,DP_179
OD12992,CUST3083,Cafe Daybreak,Classic Cold Coffee,Continental & Beverages,2026-05-14 21:48:48,40,BTM Layout,Delivered,3,Average food. Nothing special.,170,DP_198
OD12993,CUST2943,The Golden Dosa,Rava Kesari & Dosa Combo,South Indian,2026-05-03 20:01:15,72,BTM Layout,Delivered,1,Unprofessional delivery partner. Very bad experience.,180,DP_166
OD12994,CUST2535,Bella Italia,Chicken Alfredo Pasta,Italian,2026-04-30 21:11:27,46,Malleshwaram,Delivered,2,"Too spicy, couldn't eat it. Disappointed.",770,DP_164
OD12995,CUST2149,Tandoori Nights,Chicken Seekh Kebab,North Indian,2026-05-04 18:19:44,37,Whitefield,Delivered,4,Satisfied with the delivery speed and quality.,330,DP_106
OD12996,CUST2675,The Salad Bowl,Fresh Fruit Bowl,Healthy & Salads,2026-05-14 11:48:02,36,Koramangala,Delivered,5,Outstanding quality! Will definitely order again.,220,DP_168
OD12997,CUST3226,The Golden Dosa,Idli Vada Combo,South Indian,2026-05-08 19:28:19,,BTM Layout,Cancelled,,Delivery partner could not be assigned due to heavy rain,130,DP_101
OD12998,CUST2118,Royal Biryani House,Mutton Biryani,Biryani & Mughlai,2026-04-30 17:48:01,24,Jayanagar,Delivered,5,"Extremely satisfied, delivered hot and fresh!",470,DP_123
OD12999,CUST3078,Cafe Daybreak,Classic Cold Coffee,Continental & Beverages,2026-05-16 21:01:26,67,Whitefield,Delivered,2,"Not worth the price, portion was very small.",170,DP_104
OD13000,CUST2343,The Salad Bowl,Caesar Salad,Healthy & Salads,2026-05-08 13:59:02,40,Indiranagar,Delivered,4,"Tasty food, standard delivery. Satisfactory.",260,DP_109
OD13001,CUST2348,Royal Biryani House,Mutton Biryani,Biryani & Mughlai,2026-05-18 17:02:11,35,Indiranagar,Delivered,3,Average food. Nothing special.,470,DP_173
OD13002,CUST3223,Bella Italia,Margherita Pizza 10-inch,Italian,2026-05-09 09:45:15,36,BTM Layout,Delivered,4,Good taste and neat packaging.,420,DP_105
OD13003,CUST3296,Bella Italia,Veg Arrabiata Penne Pasta,Italian,2026-05-23 21:44:43,53,Marathahalli,Delivered,1,Awful experience! Delayed by over an hour and no response.,330,DP_130
OD13004,CUST2384,The Salad Bowl,Quinoa Avocado Salad,Healthy & Salads,2026-05-23 21:17:24,41,Koramangala,Delivered,2,Delivery took almost an hour. Unhappy.,340,DP_163
OD13005,CUST2206,Wok & Roll,Chicken Fried Rice & Manchurian,Chinese & Asian,2026-05-11 12:55:55,31,HSR Layout,Delivered,4,"Tasty food, but could be a bit warmer.",310,DP_138
OD13006,CUST2693,Tandoori Nights,Tandoori Roti Combo,North Indian,2026-04-28 12:24:14,39,Marathahalli,Delivered,5,"Extremely satisfied, delivered hot and fresh!",210,DP_162
OD13007,CUST3033,Spice Symphony,Butter Chicken & Naan,North Indian,2026-05-01 20:31:23,51,Indiranagar,Delivered,2,Delivery took almost an hour. Unhappy.,390,DP_112
OD13008,CUST2802,Burger Bistro,Classic Cheese Burger & Fries,Fast Food,2026-05-05 20:57:23,68,Marathahalli,Delivered,1,Missing items in my order and food was cold. Avoid this place!,740,DP_166
OD13009,CUST2589,Royal Biryani House,Chicken Dum Biryani,Biryani & Mughlai,2026-05-26 19:08:13,56,HSR Layout,Delivered,2,Taste was disappointing. Packaging was leaked.,350,DP_101
OD13010,CUST3122,Tandoori Nights,Chicken Seekh Kebab,North Indian,2026-04-30 21:49:22,43,Indiranagar,Delivered,2,"Too spicy, couldn't eat it. Disappointed.",330,DP_159
OD13011,CUST2799,Sweet Retreat,Sizzling Brownie,Desserts,2026-04-30 21:41:10,47,HSR Layout,Delivered,3,"Food was okay, but delivery took some time.",200,DP_187
OD13012,CUST3238,The Salad Bowl,High-Protein Chicken Salad,Healthy & Salads,2026-05-02 01:56:00,34,Jayanagar,Delivered,3,Packaging could have been better. Average taste.,340,DP_172
OD13013,CUST3380,Burger Bistro,Crispy Chicken Burger,Fast Food,2026-04-29 13:50:09,50,Malleshwaram,Delivered,3,Average food. Nothing special.,260,DP_115
OD13014,CUST2608,Burger Bistro,Loaded Nachos,Fast Food,2026-04-28 07:40:39,,Indiranagar,Cancelled,,Item out of stock at restaurant,240,DP_155
OD13015,CUST2717,Bella Italia,Farmhouse Veg Pizza,Italian,2026-05-26 13:51:28,31,HSR Layout,Delivered,5,"Delivered way before time, packaging was excellent!",460,DP_176
OD13016,CUST2051,Tandoori Nights,Butter Chicken Combo Meal,North Indian,2026-05-17 18:16:45,33,BTM Layout,Delivered,3,Packaging could have been better. Average taste.,760,DP_186
OD13017,CUST2013,Sweet Retreat,Gulab Jamun (4 pcs),Desserts,2026-04-27 12:23:10,35,Marathahalli,Delivered,4,Satisfied with the delivery speed and quality.,120,DP_142
OD13018,CUST2863,Royal Biryani House,Mutton Biryani,Biryani & Mughlai,2026-04-29 18:17:43,21,Indiranagar,Delivered,3,Prompt delivery but taste was average.,490,DP_113
OD13019,CUST2075,Burger Bistro,Loaded Nachos,Fast Food,2026-05-11 12:13:13,39,BTM Layout,Delivered,3,Prompt delivery but taste was average.,250,DP_180
OD13020,CUST2336,Tandoori Nights,Tandoori Roti Combo,North Indian,2026-04-30 11:03:50,24,BTM Layout,Delivered,5,Best meal ever. Highly recommended!,220,DP_137
OD13021,CUST2771,Bella Italia,Farmhouse Veg Pizza,Italian,2026-05-07 21:35:16,62,Marathahalli,Delivered,1,Unprofessional delivery partner. Very bad experience.,460,DP_108
OD13022,CUST2508,Tandoori Nights,Butter Chicken Combo Meal,North Indian,2026-04-27 21:37:56,35,HSR Layout,Delivered,4,"Tasty food, standard delivery. Satisfactory.",400,DP_166
OD13023,CUST2686,The Golden Dosa,Rava Kesari & Dosa Combo,South Indian,2026-05-07 11:15:11,32,BTM Layout,Delivered,4,Good taste and neat packaging.,180,DP_144
OD13024,CUST3153,Cafe Daybreak,Club Sandwich,Continental & Beverages,2026-05-03 21:49:56,39,Indiranagar,Delivered,3,The food was decent but arrived a bit cold.,240,DP_144
OD13025,CUST3374,Cafe Daybreak,Iced Latte,Continental & Beverages,2026-05-13 13:06:47,48,BTM Layout,Delivered,2,The item delivered was incorrect and lukewarm.,350,DP_182
OD13026,CUST3411,The Golden Dosa,Filter Coffee & Upma,South Indian,2026-05-07 05:31:56,24,Koramangala,Delivered,5,Best meal ever. Highly recommended!,240,DP_175
OD13027,CUST2601,Bella Italia,Veg Arrabiata Penne Pasta,Italian,2026-05-10 19:07:56,48,Jayanagar,Delivered,2,Delivery took almost an hour. Unhappy.,660,DP_132
OD13028,CUST2504,The Golden Dosa,Rava Kesari & Dosa Combo,South Indian,2026-05-10 19:38:58,47,Malleshwaram,Delivered,3,"Food was okay, but delivery took some time.",190,DP_180
OD13029,CUST3467,Sweet Retreat,Red Velvet Pastry,Desserts,2026-05-12 20:12:43,40,Koramangala,Delivered,4,Overall great experience. Prompt service.,190,DP_174
OD13030,CUST3400,The Golden Dosa,Rava Kesari & Dosa Combo,South Indian,2026-04-27 21:25:33,61,Whitefield,Delivered,1,"Terrible experience, food was completely spilled inside the bag.",180,DP_120
OD13031,CUST2176,The Salad Bowl,Caesar Salad,Healthy & Salads,2026-05-12 20:10:43,40,Jayanagar,Delivered,5,"Extremely satisfied, delivered hot and fresh!",500,DP_124
OD13032,CUST3493,Wok & Roll,Chilli Chicken Gravy,Chinese & Asian,2026-04-29 18:16:12,17,Jayanagar,Delivered,5,"Perfect taste, clean packaging, and polite delivery partner.",300,DP_110
OD13033,CUST2245,The Salad Bowl,Fresh Fruit Bowl,Healthy & Salads,2026-05-20 23:29:24,23,HSR Layout,Delivered,5,Best meal ever. Highly recommended!,200,DP_104
OD13034,CUST2469,Burger Bistro,Spicy Paneer Wrap,Fast Food,2026-05-22 22:55:19,47,Malleshwaram,Delivered,2,Delivery took almost an hour. Unhappy.,220,DP_125
OD13035,CUST3214,Royal Biryani House,Egg Biryani,Biryani & Mughlai,2026-04-27 05:55:41,21,Jayanagar,Delivered,5,"Delivered way before time, packaging was excellent!",310,DP_129
OD13036,CUST3368,Burger Bistro,Chicken Nuggets (9 pcs),Fast Food,2026-05-25 16:33:33,37,Indiranagar,Delivered,3,Prompt delivery but taste was average.,210,DP_187
OD13037,CUST3401,Tandoori Nights,Chicken Seekh Kebab,North Indian,2026-05-09 21:11:35,43,HSR Layout,Delivered,3,Prompt delivery but taste was average.,340,DP_156
OD13038,CUST2937,Wok & Roll,Chilli Chicken Gravy,Chinese & Asian,2026-05-03 20:33:05,51,Whitefield,Delivered,1,Unprofessional delivery partner. Very bad experience.,580,DP_158
OD13039,CUST2696,Spice Symphony,Paneer Butter Masala Meal,North Indian,2026-04-30 20:25:18,40,Malleshwaram,Delivered,4,Decent portion size and good taste. Recommended.,350,DP_153
OD13040,CUST3415,The Salad Bowl,Fresh Fruit Bowl,Healthy & Salads,2026-05-26 20:41:08,44,HSR Layout,Delivered,4,Overall great experience. Prompt service.,390,DP_182
OD13041,CUST2426,Tandoori Nights,Paneer Tikka,North Indian,2026-05-02 09:25:31,23,Koramangala,Delivered,5,"Perfect taste, clean packaging, and polite delivery partner.",310,DP_153
OD13042,CUST2970,Cafe Daybreak,Paneer Tikka Sandwich,Continental & Beverages,2026-05-06 19:00:30,50,HSR Layout,Delivered,2,Food was cold when it arrived.,220,DP_153
OD13043,CUST2694,Spice Symphony,Paneer Butter Masala Meal,North Indian,2026-04-29 12:32:42,49,Whitefield,Delivered,2,The item delivered was incorrect and lukewarm.,370,DP_157
OD13044,CUST3162,Wok & Roll,Veg Hakka Noodles,Chinese & Asian,2026-05-22 12:28:41,,Koramangala,Cancelled,,Delivery address was outside the delivery radius,250,DP_136
OD13045,CUST3172,Burger Bistro,Crispy Chicken Burger,Fast Food,2026-05-10 19:46:09,54,Whitefield,Delivered,3,Prompt delivery but taste was average.,240,DP_200
OD13046,CUST2849,The Golden Dosa,Masala Dosa with Sambar,South Indian,2026-04-28 21:24:31,46,Indiranagar,Delivered,3,Average food. Nothing special.,150,DP_109
OD13047,CUST2568,The Golden Dosa,Idli Vada Combo,South Indian,2026-05-11 10:56:55,24,HSR Layout,Delivered,5,"Extremely satisfied, delivered hot and fresh!",120,DP_105
OD13048,CUST3124,Sweet Retreat,Gulab Jamun (4 pcs),Desserts,2026-05-23 17:41:35,41,BTM Layout,Delivered,2,"Too spicy, couldn't eat it. Disappointed.",150,DP_190
OD13049,CUST2926,Sweet Retreat,Sizzling Brownie,Desserts,2026-05-03 19:41:43,,Marathahalli,Cancelled,,Restaurant could not prepare food in time,230,DP_182
OD13050,CUST3446,Wok & Roll,Chilli Chicken Gravy,Chinese & Asian,2026-05-21 18:04:44,26,BTM Layout,Delivered,5,Best meal ever. Highly recommended!,300,DP_176
OD13051,CUST2829,Wok & Roll,Chicken Fried Rice & Manchurian,Chinese & Asian,2026-04-29 21:32:17,50,Marathahalli,Delivered,2,Taste was disappointing. Packaging was leaked.,330,DP_129
OD13052,CUST2742,Tandoori Nights,Paneer Tikka,North Indian,2026-05-13 13:04:34,,Whitefield,Cancelled,,Customer cancelled the order,320,DP_157
OD13053,CUST2640,Cafe Daybreak,Classic Cold Coffee,Continental & Beverages,2026-05-25 23:02:18,19,HSR Layout,Delivered,5,Best meal ever. Highly recommended!,330,DP_135
OD13054,CUST3017,Spice Symphony,Paneer Butter Masala Meal,North Indian,2026-05-02 19:50:37,69,Koramangala,Delivered,1,Missing items in my order and food was cold. Avoid this place!,370,DP_151
OD13055,CUST2427,Royal Biryani House,Chicken Tikka Biryani,Biryani & Mughlai,2026-05-13 23:46:01,20,Jayanagar,Delivered,5,Best meal ever. Highly recommended!,390,DP_128
OD13056,CUST3252,Cafe Daybreak,Club Sandwich,Continental & Beverages,2026-05-24 11:33:26,52,Koramangala,Delivered,4,Satisfied with the delivery speed and quality.,260,DP_179
OD13057,CUST3486,Cafe Daybreak,Iced Latte,Continental & Beverages,2026-05-04 11:19:02,28,HSR Layout,Delivered,4,"Tasty food, but could be a bit warmer.",190,DP_187
OD13058,CUST2736,Spice Symphony,Butter Chicken & Naan,North Indian,2026-05-08 14:30:19,67,BTM Layout,Delivered,1,Awful experience! Delayed by over an hour and no response.,750,DP_128
OD13059,CUST3015,Spice Symphony,Dal Makhani with Jeera Rice,North Indian,2026-05-12 12:45:40,,Jayanagar,Cancelled,,Restaurant could not prepare food in time,320,DP_115
OD13060,CUST3172,The Salad Bowl,Caesar Salad,Healthy & Salads,2026-05-23 11:56:51,50,Koramangala,Delivered,3,Packaging could have been better. Average taste.,290,DP_185
OD13061,CUST2043,Royal Biryani House,Veg Hyderabadi Biryani,Biryani & Mughlai,2026-05-11 20:05:32,41,Koramangala,Delivered,1,Missing items in my order and food was cold. Avoid this place!,320,DP_138
OD13062,CUST3270,Sweet Retreat,Gulab Jamun (4 pcs),Desserts,2026-05-22 06:35:12,24,Jayanagar,Delivered,5,"Delivered way before time, packaging was excellent!",140,DP_200
OD13063,CUST3120,Royal Biryani House,Veg Hyderabadi Biryani,Biryani & Mughlai,2026-05-09 20:34:45,46,Koramangala,Delivered,3,Average food. Nothing special.,330,DP_166
OD13064,CUST2396,The Salad Bowl,Quinoa Avocado Salad,Healthy & Salads,2026-04-30 11:47:24,25,Koramangala,Delivered,4,"Tasty food, but could be a bit warmer.",690,DP_173
OD13065,CUST2324,Tandoori Nights,Paneer Tikka,North Indian,2026-04-29 20:05:50,62,Whitefield,Delivered,1,"Terrible experience, food was completely spilled inside the bag.",600,DP_136
OD13066,CUST3222,Spice Symphony,Butter Chicken & Naan,North Indian,2026-05-22 21:48:35,39,Malleshwaram,Delivered,3,Portion size was small for the price.,390,DP_117
OD13067,CUST2915,Cafe Daybreak,Iced Latte,Continental & Beverages,2026-05-08 10:50:03,25,Jayanagar,Delivered,4,Satisfied with the delivery speed and quality.,180,DP_113
OD13068,CUST2997,Tandoori Nights,Malai Kofta & Lachha Paratha,North Indian,2026-05-20 22:17:55,42,BTM Layout,Delivered,3,Portion size was small for the price.,690,DP_162
OD13069,CUST2673,Sweet Retreat,Kulfi Falooda,Desserts,2026-05-16 13:16:42,42,Indiranagar,Delivered,1,"Terrible experience, food was completely spilled inside the bag.",420,DP_121
OD13070,CUST2284,The Salad Bowl,Fresh Fruit Bowl,Healthy & Salads,2026-05-04 20:24:31,,Jayanagar,Cancelled,,Item out of stock at restaurant,220,DP_199
OD13071,CUST3067,The Salad Bowl,Fresh Fruit Bowl,Healthy & Salads,2026-04-27 18:30:33,39,BTM Layout,Delivered,2,Delivery took almost an hour. Unhappy.,230,DP_130
OD13072,CUST2251,Cafe Daybreak,Iced Latte,Continental & Beverages,2026-05-25 19:39:03,36,Jayanagar,Delivered,4,Satisfied with the delivery speed and quality.,180,DP_138
OD13073,CUST2283,Burger Bistro,Spicy Paneer Wrap,Fast Food,2026-05-10 08:38:21,31,Jayanagar,Delivered,5,"Amazing food, super fast delivery!",210,DP_159
OD13074,CUST2935,Burger Bistro,Classic Cheese Burger & Fries,Fast Food,2026-05-26 13:51:00,74,Whitefield,Delivered,1,Worst service! Delivered extremely late and completely cold.,510,DP_158
OD13075,CUST2468,Burger Bistro,Chicken Nuggets (9 pcs),Fast Food,2026-04-27 19:41:23,44,Malleshwaram,Delivered,3,Average food. Nothing special.,210,DP_162
OD13076,CUST2218,Wok & Roll,Veg Spring Rolls (6 pcs),Chinese & Asian,2026-05-16 19:20:25,52,Malleshwaram,Delivered,4,Satisfied with the delivery speed and quality.,190,DP_179
OD13077,CUST2988,The Golden Dosa,Filter Coffee & Upma,South Indian,2026-05-11 20:54:33,47,BTM Layout,Delivered,2,"Not worth the price, portion was very small.",160,DP_109
OD13078,CUST2426,Cafe Daybreak,Club Sandwich,Continental & Beverages,2026-05-22 15:19:43,25,BTM Layout,Delivered,4,Overall great experience. Prompt service.,240,DP_139
OD13079,CUST3162,Sweet Retreat,Sizzling Brownie,Desserts,2026-05-06 13:51:15,36,Jayanagar,Delivered,5,"Perfect taste, clean packaging, and polite delivery partner.",220,DP_173
OD13080,CUST2953,The Salad Bowl,Quinoa Avocado Salad,Healthy & Salads,2026-05-19 12:33:39,46,Whitefield,Delivered,1,Awful experience! Delayed by over an hour and no response.,340,DP_133
OD13081,CUST3207,Royal Biryani House,Chicken Dum Biryani,Biryani & Mughlai,2026-05-06 19:25:33,48,BTM Layout,Delivered,1,"Terrible experience, food was completely spilled inside the bag.",380,DP_180
OD13082,CUST2347,Wok & Roll,Chicken Fried Rice & Manchurian,Chinese & Asian,2026-05-06 05:17:57,27,Koramangala,Delivered,4,Overall great experience. Prompt service.,330,DP_141
OD13083,CUST3424,Royal Biryani House,Egg Biryani,Biryani & Mughlai,2026-04-29 19:11:30,,Malleshwaram,Cancelled,,Item out of stock at restaurant,310,DP_194
OD13084,CUST2405,Wok & Roll,Chicken Fried Rice & Manchurian,Chinese & Asian,2026-05-23 19:57:09,51,Indiranagar,Delivered,3,Packaging could have been better. Average taste.,330,DP_112
OD13085,CUST2172,The Salad Bowl,Quinoa Avocado Salad,Healthy & Salads,2026-05-10 13:00:13,52,Koramangala,Delivered,2,The item delivered was incorrect and lukewarm.,680,DP_169
OD13086,CUST2836,Burger Bistro,Crispy Chicken Burger,Fast Food,2026-05-25 21:18:27,60,Koramangala,Delivered,1,"Terrible experience, food was completely spilled inside the bag.",260,DP_117
OD13087,CUST2575,The Salad Bowl,Greek Salad,Healthy & Salads,2026-05-18 07:55:38,34,HSR Layout,Delivered,5,"Extremely satisfied, delivered hot and fresh!",280,DP_191
OD13088,CUST3392,Wok & Roll,Schezwan Noodles,Chinese & Asian,2026-05-17 13:11:21,51,BTM Layout,Delivered,1,Worst service! Delivered extremely late and completely cold.,730,DP_117
OD13089,CUST2509,Cafe Daybreak,Hot Chocolate,Continental & Beverages,2026-05-24 08:47:48,23,Jayanagar,Delivered,5,"Delivered way before time, packaging was excellent!",560,DP_200
OD13090,CUST2650,Spice Symphony,Dal Makhani with Jeera Rice,North Indian,2026-04-28 20:42:59,54,Marathahalli,Delivered,4,Good taste and neat packaging.,310,DP_199
OD13091,CUST2823,Tandoori Nights,Chicken Seekh Kebab,North Indian,2026-05-16 22:46:22,49,Malleshwaram,Delivered,2,"Too spicy, couldn't eat it. Disappointed.",360,DP_128
OD13092,CUST2244,Burger Bistro,Loaded Nachos,Fast Food,2026-05-21 19:16:17,33,HSR Layout,Delivered,5,"Delivered way before time, packaging was excellent!",260,DP_171
OD13093,CUST2338,Wok & Roll,Veg Hakka Noodles,Chinese & Asian,2026-05-14 18:00:56,,Marathahalli,Cancelled,,Delivery partner could not be assigned due to heavy rain,240,DP_188
OD13094,CUST3192,Spice Symphony,Butter Chicken & Naan,North Indian,2026-05-21 19:11:47,40,HSR Layout,Delivered,4,"Tasty food, standard delivery. Satisfactory.",390,DP_150
OD13095,CUST2754,Burger Bistro,Chicken Nuggets (9 pcs),Fast Food,2026-05-08 14:22:46,43,Malleshwaram,Delivered,2,Delivery took almost an hour. Unhappy.,420,DP_170
OD13096,CUST2426,The Golden Dosa,Masala Dosa with Sambar,South Indian,2026-05-14 18:22:48,22,Malleshwaram,Delivered,5,"Delivered way before time, packaging was excellent!",160,DP_171
OD13097,CUST2031,Tandoori Nights,Malai Kofta & Lachha Paratha,North Indian,2026-05-13 12:43:54,47,Koramangala,Delivered,2,Taste was disappointing. Packaging was leaked.,360,DP_172
OD13098,CUST3394,Cafe Daybreak,Hot Chocolate,Continental & Beverages,2026-05-21 13:55:26,35,HSR Layout,Delivered,5,Outstanding quality! Will definitely order again.,190,DP_186
OD13099,CUST2321,Sweet Retreat,Chocolate Lava Cake,Desserts,2026-05-11 21:03:50,29,Indiranagar,Delivered,3,The food was decent but arrived a bit cold.,330,DP_186
OD13100,CUST2260,Spice Symphony,Dal Makhani with Jeera Rice,North Indian,2026-05-06 12:01:40,40,BTM Layout,Delivered,4,Decent portion size and good taste. Recommended.,300,DP_134
OD13101,CUST2344,Spice Symphony,Paneer Butter Masala Meal,North Indian,2026-05-21 13:43:30,43,Whitefield,Delivered,2,Taste was disappointing. Packaging was leaked.,360,DP_182
OD13102,CUST3378,Spice Symphony,Butter Chicken & Naan,North Indian,2026-05-21 15:58:11,23,Koramangala,Delivered,5,Outstanding quality! Will definitely order again.,370,DP_195
OD13103,CUST2888,The Golden Dosa,Onion Uttapam,South Indian,2026-04-29 23:31:44,23,Whitefield,Delivered,5,Outstanding quality! Will definitely order again.,180,DP_145
OD13104,CUST3436,Spice Symphony,Kadhai Paneer with Roti,North Indian,2026-04-27 08:24:05,22,Whitefield,Delivered,3,Average food. Nothing special.,340,DP_123
OD13105,CUST2122,Sweet Retreat,Gulab Jamun (4 pcs),Desserts,2026-05-19 20:13:02,49,BTM Layout,Delivered,1,The food tasted stale and horrible! Threw it in the trash.,150,DP_104
OD13106,CUST2198,The Salad Bowl,Greek Salad,Healthy & Salads,2026-05-06 14:47:16,22,Jayanagar,Delivered,4,Good taste and neat packaging.,260,DP_161
OD13107,CUST2881,Sweet Retreat,Red Velvet Pastry,Desserts,2026-05-25 19:04:16,30,Koramangala,Delivered,5,"Delivered way before time, packaging was excellent!",200,DP_170
OD13108,CUST2053,Cafe Daybreak,Hot Chocolate,Continental & Beverages,2026-05-17 09:03:47,36,Marathahalli,Delivered,3,Packaging could have been better. Average taste.,190,DP_199
OD13109,CUST2678,Cafe Daybreak,Hot Chocolate,Continental & Beverages,2026-04-27 21:51:46,68,Whitefield,Delivered,1,"Terrible experience, food was completely spilled inside the bag.",210,DP_152
OD13110,CUST3491,Bella Italia,Farmhouse Veg Pizza,Italian,2026-04-27 21:48:39,65,Whitefield,Delivered,1,Missing items in my order and food was cold. Avoid this place!,860,DP_196
OD13111,CUST2645,Royal Biryani House,Mutton Biryani,Biryani & Mughlai,2026-05-23 12:16:56,51,Whitefield,Delivered,2,Food was cold when it arrived.,470,DP_104
OD13112,CUST2049,Royal Biryani House,Egg Biryani,Biryani & Mughlai,2026-05-05 17:12:51,36,BTM Layout,Delivered,3,"Food was okay, but delivery took some time.",830,DP_138
OD13113,CUST3084,Royal Biryani House,Veg Hyderabadi Biryani,Biryani & Mughlai,2026-05-01 21:40:12,50,Indiranagar,Delivered,2,"Too spicy, couldn't eat it. Disappointed.",330,DP_125
OD13114,CUST2796,Wok & Roll,Chicken Fried Rice & Manchurian,Chinese & Asian,2026-05-20 21:35:59,51,Indiranagar,Delivered,1,Worst service! Delivered extremely late and completely cold.,600,DP_169
OD13115,CUST2220,Royal Biryani House,Veg Hyderabadi Biryani,Biryani & Mughlai,2026-05-25 13:25:20,26,Malleshwaram,Delivered,4,"Tasty food, standard delivery. Satisfactory.",320,DP_162
OD13116,CUST2829,Cafe Daybreak,Club Sandwich,Continental & Beverages,2026-05-24 20:29:26,,BTM Layout,Cancelled,,Customer cancelled the order,230,DP_130
OD13117,CUST2264,The Golden Dosa,Rava Kesari & Dosa Combo,South Indian,2026-05-23 20:07:04,48,Indiranagar,Delivered,2,"Not worth the price, portion was very small.",200,DP_158
OD13118,CUST2562,The Salad Bowl,High-Protein Chicken Salad,Healthy & Salads,2026-05-08 21:53:19,54,BTM Layout,Delivered,3,"Food was okay, but delivery took some time.",340,DP_171
OD13119,CUST2703,Royal Biryani House,Veg Hyderabadi Biryani,Biryani & Mughlai,2026-05-23 19:44:31,48,Malleshwaram,Delivered,2,"Not worth the price, portion was very small.",330,DP_197
OD13120,CUST2070,Wok & Roll,Chicken Fried Rice & Manchurian,Chinese & Asian,2026-05-20 21:06:16,62,Indiranagar,Delivered,1,Awful experience! Delayed by over an hour and no response.,900,DP_179
OD13121,CUST2158,Burger Bistro,Classic Cheese Burger & Fries,Fast Food,2026-05-17 20:09:14,48,Indiranagar,Delivered,2,"Not worth the price, portion was very small.",290,DP_184
OD13122,CUST2155,The Golden Dosa,Rava Kesari & Dosa Combo,South Indian,2026-05-17 21:14:51,36,Jayanagar,Delivered,4,Decent portion size and good taste. Recommended.,190,DP_112
OD13123,CUST2179,Burger Bistro,Chicken Nuggets (9 pcs),Fast Food,2026-05-26 19:03:22,41,Koramangala,Delivered,3,Prompt delivery but taste was average.,220,DP_182
OD13124,CUST2420,The Salad Bowl,Quinoa Avocado Salad,Healthy & Salads,2026-05-26 18:28:39,30,Whitefield,Delivered,3,Portion size was small for the price.,340,DP_137
OD13125,CUST2193,The Salad Bowl,Greek Salad,Healthy & Salads,2026-05-12 20:15:01,43,BTM Layout,Delivered,2,"Too spicy, couldn't eat it. Disappointed.",250,DP_137
OD13126,CUST2801,Cafe Daybreak,Iced Latte,Continental & Beverages,2026-05-20 22:11:37,55,Marathahalli,Delivered,2,Food was cold when it arrived.,210,DP_114
OD13127,CUST3140,Bella Italia,Veg Arrabiata Penne Pasta,Italian,2026-05-11 18:13:14,22,Koramangala,Delivered,5,"Delivered way before time, packaging was excellent!",340,DP_124
OD13128,CUST2953,The Salad Bowl,Greek Salad,Healthy & Salads,2026-04-30 19:55:47,38,Jayanagar,Delivered,5,Outstanding quality! Will definitely order again.,250,DP_134
OD13129,CUST2622,The Salad Bowl,Fresh Fruit Bowl,Healthy & Salads,2026-04-30 15:11:04,16,Malleshwaram,Delivered,5,"Perfect taste, clean packaging, and polite delivery partner.",220,DP_148
OD13130,CUST3346,Royal Biryani House,Chicken Tikka Biryani,Biryani & Mughlai,2026-04-27 20:53:20,37,Indiranagar,Delivered,4,"Tasty food, standard delivery. Satisfactory.",400,DP_181
OD13131,CUST2682,Cafe Daybreak,Club Sandwich,Continental & Beverages,2026-05-11 18:07:14,23,Whitefield,Delivered,5,"Delivered way before time, packaging was excellent!",260,DP_116
OD13132,CUST2482,Wok & Roll,Schezwan Noodles,Chinese & Asian,2026-05-24 20:58:16,55,Marathahalli,Delivered,4,"Tasty food, but could be a bit warmer.",260,DP_117
OD13133,CUST2747,Wok & Roll,Schezwan Noodles,Chinese & Asian,2026-05-08 13:06:51,26,Jayanagar,Delivered,5,Best meal ever. Highly recommended!,280,DP_113
OD13134,CUST2456,Tandoori Nights,Chicken Seekh Kebab,North Indian,2026-05-07 18:18:35,16,Indiranagar,Delivered,5,Outstanding quality! Will definitely order again.,340,DP_187
OD13135,CUST2907,Sweet Retreat,Chocolate Lava Cake,Desserts,2026-05-07 12:53:38,31,Indiranagar,Delivered,4,Overall great experience. Prompt service.,330,DP_176
OD13136,CUST2029,Cafe Daybreak,Club Sandwich,Continental & Beverages,2026-05-25 20:38:46,48,HSR Layout,Delivered,3,Average food. Nothing special.,230,DP_122
OD13137,CUST3240,Tandoori Nights,Tandoori Roti Combo,North Indian,2026-05-19 19:29:26,33,Jayanagar,Delivered,4,"Tasty food, but could be a bit warmer.",220,DP_142
OD13138,CUST3075,Spice Symphony,Paneer Butter Masala Meal,North Indian,2026-05-02 23:02:00,27,Indiranagar,Delivered,5,"Delivered way before time, packaging was excellent!",370,DP_147
OD13139,CUST3130,Cafe Daybreak,Club Sandwich,Continental & Beverages,2026-05-07 22:29:34,48,HSR Layout,Delivered,2,The item delivered was incorrect and lukewarm.,240,DP_170
OD13140,CUST3343,Royal Biryani House,Chicken Dum Biryani,Biryani & Mughlai,2026-04-29 08:54:34,23,Koramangala,Delivered,5,Outstanding quality! Will definitely order again.,690,DP_198
OD13141,CUST2420,Tandoori Nights,Tandoori Roti Combo,North Indian,2026-05-08 13:22:54,45,Koramangala,Delivered,2,"Too spicy, couldn't eat it. Disappointed.",230,DP_175
OD13142,CUST2931,Royal Biryani House,Chicken Tikka Biryani,Biryani & Mughlai,2026-05-26 12:35:26,47,Whitefield,Delivered,3,Packaging could have been better. Average taste.,400,DP_143
OD13143,CUST2411,Cafe Daybreak,Classic Cold Coffee,Continental & Beverages,2026-05-05 19:22:38,47,Koramangala,Delivered,2,"Too spicy, couldn't eat it. Disappointed.",200,DP_107
OD13144,CUST2737,Burger Bistro,Loaded Nachos,Fast Food,2026-05-01 21:41:14,51,Jayanagar,Delivered,4,Decent portion size and good taste. Recommended.,270,DP_152
OD13145,CUST2055,Burger Bistro,Spicy Paneer Wrap,Fast Food,2026-04-27 20:09:37,46,BTM Layout,Delivered,2,The item delivered was incorrect and lukewarm.,590,DP_112
OD13146,CUST3249,Bella Italia,Margherita Pizza 10-inch,Italian,2026-05-02 19:11:29,49,Koramangala,Delivered,2,Taste was disappointing. Packaging was leaked.,420,DP_136
OD13147,CUST2248,Sweet Retreat,Red Velvet Pastry,Desserts,2026-05-06 19:30:17,38,Jayanagar,Delivered,5,Outstanding quality! Will definitely order again.,190,DP_106
OD13148,CUST3132,Cafe Daybreak,Paneer Tikka Sandwich,Continental & Beverages,2026-05-12 20:01:53,,Indiranagar,Cancelled,,Restaurant could not prepare food in time,210,DP_172
OD13149,CUST2729,Sweet Retreat,Chocolate Lava Cake,Desserts,2026-05-03 22:42:42,61,Marathahalli,Delivered,1,Unprofessional delivery partner. Very bad experience.,190,DP_158
OD13150,CUST2705,Burger Bistro,Chicken Nuggets (9 pcs),Fast Food,2026-05-16 20:00:06,63,Marathahalli,Delivered,1,The food tasted stale and horrible! Threw it in the trash.,230,DP_189
OD13151,CUST2560,Royal Biryani House,Veg Hyderabadi Biryani,Biryani & Mughlai,2026-05-18 07:08:58,31,Marathahalli,Delivered,4,"Tasty food, standard delivery. Satisfactory.",320,DP_115
OD13152,CUST2919,Royal Biryani House,Veg Hyderabadi Biryani,Biryani & Mughlai,2026-05-08 21:30:44,54,Malleshwaram,Delivered,3,"Food was okay, but delivery took some time.",330,DP_121
OD13153,CUST2112,Cafe Daybreak,Iced Latte,Continental & Beverages,2026-05-16 06:39:06,35,Indiranagar,Delivered,4,Overall great experience. Prompt service.,190,DP_105
OD13154,CUST3286,The Golden Dosa,Filter Coffee & Upma,South Indian,2026-05-01 07:09:10,49,Whitefield,Delivered,3,"Food was okay, but delivery took some time.",150,DP_102
OD13155,CUST2887,Cafe Daybreak,Iced Latte,Continental & Beverages,2026-05-11 14:22:22,38,HSR Layout,Delivered,3,Prompt delivery but taste was average.,370,DP_143
OD13156,CUST2738,Spice Symphony,Tandoori Chicken Half,North Indian,2026-05-13 18:10:42,,BTM Layout,Cancelled,,Item out of stock at restaurant,420,DP_140
OD13157,CUST2969,The Golden Dosa,Idli Vada Combo,South Indian,2026-05-08 13:41:16,52,Marathahalli,Delivered,3,Prompt delivery but taste was average.,120,DP_132
OD13158,CUST2544,Cafe Daybreak,Hot Chocolate,Continental & Beverages,2026-04-30 20:19:23,43,Indiranagar,Delivered,3,Average food. Nothing special.,190,DP_143
OD13159,CUST2876,Tandoori Nights,Malai Kofta & Lachha Paratha,North Indian,2026-05-15 15:07:12,33,Malleshwaram,Delivered,5,Outstanding quality! Will definitely order again.,350,DP_147
OD13160,CUST3178,Cafe Daybreak,Club Sandwich,Continental & Beverages,2026-05-17 12:04:39,39,Malleshwaram,Delivered,3,The food was decent but arrived a bit cold.,240,DP_160
OD13161,CUST3421,The Salad Bowl,Greek Salad,Healthy & Salads,2026-05-23 12:03:53,38,Jayanagar,Delivered,4,Overall great experience. Prompt service.,280,DP_170
OD13162,CUST2458,The Salad Bowl,Fresh Fruit Bowl,Healthy & Salads,2026-05-16 12:40:19,46,Malleshwaram,Delivered,2,Food was cold when it arrived.,230,DP_150
OD13163,CUST3435,Cafe Daybreak,Paneer Tikka Sandwich,Continental & Beverages,2026-05-20 13:43:03,28,Jayanagar,Delivered,5,"Amazing food, super fast delivery!",430,DP_125
OD13164,CUST3422,Sweet Retreat,Kulfi Falooda,Desserts,2026-05-03 20:08:26,46,Indiranagar,Delivered,1,"Terrible experience, food was completely spilled inside the bag.",150,DP_148
OD13165,CUST2619,Burger Bistro,Loaded Nachos,Fast Food,2026-05-07 14:55:53,34,Koramangala,Delivered,5,Best meal ever. Highly recommended!,270,DP_182
OD13166,CUST3062,Wok & Roll,Chilli Chicken Gravy,Chinese & Asian,2026-05-19 20:22:37,35,Jayanagar,Delivered,2,Delivery took almost an hour. Unhappy.,580,DP_114
OD13167,CUST3194,Royal Biryani House,Mutton Biryani,Biryani & Mughlai,2026-04-28 22:11:18,61,Marathahalli,Delivered,2,"Not worth the price, portion was very small.",490,DP_141
OD13168,CUST2367,Sweet Retreat,Gulab Jamun (4 pcs),Desserts,2026-05-22 13:08:32,40,BTM Layout,Delivered,5,"Extremely satisfied, delivered hot and fresh!",140,DP_126
OD13169,CUST3299,Spice Symphony,Paneer Butter Masala Meal,North Indian,2026-05-09 00:40:54,25,Malleshwaram,Delivered,5,"Perfect taste, clean packaging, and polite delivery partner.",340,DP_150
OD13170,CUST2851,Spice Symphony,Paneer Butter Masala Meal,North Indian,2026-05-03 13:23:25,,Jayanagar,Cancelled,,Delivery address was outside the delivery radius,370,DP_110
OD13171,CUST3308,Royal Biryani House,Chicken Tikka Biryani,Biryani & Mughlai,2026-05-02 14:06:23,53,Koramangala,Delivered,4,"Tasty food, but could be a bit warmer.",770,DP_135
OD13172,CUST3331,Wok & Roll,Chilli Chicken Gravy,Chinese & Asian,2026-05-20 20:42:19,42,Marathahalli,Delivered,2,The item delivered was incorrect and lukewarm.,600,DP_122
OD13173,CUST2504,Burger Bistro,Spicy Paneer Wrap,Fast Food,2026-05-05 07:20:59,26,Marathahalli,Delivered,3,Average food. Nothing special.,210,DP_131
OD13174,CUST2463,Tandoori Nights,Chicken Seekh Kebab,North Indian,2026-05-26 19:30:23,32,HSR Layout,Delivered,5,"Extremely satisfied, delivered hot and fresh!",350,DP_126
OD13175,CUST2858,Cafe Daybreak,Iced Latte,Continental & Beverages,2026-05-09 13:23:37,,Koramangala,Cancelled,,Delivery partner could not be assigned due to heavy rain,200,DP_168
OD13176,CUST3140,Bella Italia,Chicken Alfredo Pasta,Italian,2026-05-22 15:35:02,34,Indiranagar,Delivered,2,"Too spicy, couldn't eat it. Disappointed.",410,DP_145
OD13177,CUST3075,Spice Symphony,Tandoori Chicken Half,North Indian,2026-05-09 00:43:18,39,Indiranagar,Delivered,4,Good taste and neat packaging.,410,DP_139
OD13178,CUST2932,Burger Bistro,Classic Cheese Burger & Fries,Fast Food,2026-05-07 18:48:39,21,Indiranagar,Delivered,4,Decent portion size and good taste. Recommended.,290,DP_183
OD13179,CUST3018,Royal Biryani House,Mutton Biryani,Biryani & Mughlai,2026-05-05 13:03:25,42,Whitefield,Delivered,2,Taste was disappointing. Packaging was leaked.,490,DP_189
OD13180,CUST2962,The Golden Dosa,Idli Vada Combo,South Indian,2026-04-29 20:51:51,49,Koramangala,Delivered,1,The food tasted stale and horrible! Threw it in the trash.,130,DP_139
OD13181,CUST3122,The Salad Bowl,Caesar Salad,Healthy & Salads,2026-05-14 15:54:58,22,Koramangala,Delivered,5,"Extremely satisfied, delivered hot and fresh!",270,DP_135
OD13182,CUST2676,Bella Italia,Chicken Alfredo Pasta,Italian,2026-05-04 06:14:44,27,HSR Layout,Delivered,5,Outstanding quality! Will definitely order again.,390,DP_200
OD13183,CUST2266,Sweet Retreat,Kulfi Falooda,Desserts,2026-05-18 12:42:15,52,Marathahalli,Delivered,2,"Too spicy, couldn't eat it. Disappointed.",290,DP_108
OD13184,CUST2688,Wok & Roll,Chicken Fried Rice & Manchurian,Chinese & Asian,2026-05-12 23:11:37,24,Jayanagar,Delivered,5,Best meal ever. Highly recommended!,340,DP_195
OD13185,CUST2770,Bella Italia,Margherita Pizza 10-inch,Italian,2026-05-26 14:24:04,32,Jayanagar,Delivered,4,Decent portion size and good taste. Recommended.,810,DP_101
OD13186,CUST2111,The Salad Bowl,Quinoa Avocado Salad,Healthy & Salads,2026-05-01 18:12:58,31,Koramangala,Delivered,4,Satisfied with the delivery speed and quality.,670,DP_193
OD13187,CUST2142,Sweet Retreat,Red Velvet Pastry,Desserts,2026-05-22 19:34:36,47,Malleshwaram,Delivered,2,The item delivered was incorrect and lukewarm.,180,DP_191
OD13188,CUST2616,Wok & Roll,Veg Spring Rolls (6 pcs),Chinese & Asian,2026-05-16 12:11:10,53,Whitefield,Delivered,1,The food tasted stale and horrible! Threw it in the trash.,200,DP_126
OD13189,CUST3479,Royal Biryani House,Mutton Biryani,Biryani & Mughlai,2026-05-12 20:49:37,45,Jayanagar,Delivered,3,Average food. Nothing special.,470,DP_106
OD13190,CUST2352,Bella Italia,Veg Arrabiata Penne Pasta,Italian,2026-05-01 13:23:24,42,Malleshwaram,Delivered,2,Delivery took almost an hour. Unhappy.,650,DP_187
OD13191,CUST2071,Bella Italia,Farmhouse Veg Pizza,Italian,2026-05-11 13:22:59,47,Whitefield,Delivered,2,Taste was disappointing. Packaging was leaked.,870,DP_144
OD13192,CUST3319,Tandoori Nights,Malai Kofta & Lachha Paratha,North Indian,2026-05-22 22:01:21,60,Whitefield,Delivered,1,"Terrible experience, food was completely spilled inside the bag.",350,DP_198
OD13193,CUST2708,Spice Symphony,Kadhai Paneer with Roti,North Indian,2026-05-26 18:14:11,21,Whitefield,Delivered,5,"Amazing food, super fast delivery!",340,DP_102
OD13194,CUST3142,The Salad Bowl,Fresh Fruit Bowl,Healthy & Salads,2026-05-11 13:46:40,45,Marathahalli,Delivered,3,Portion size was small for the price.,400,DP_122
OD13195,CUST3324,The Salad Bowl,High-Protein Chicken Salad,Healthy & Salads,2026-05-18 21:29:54,39,Indiranagar,Delivered,4,Overall great experience. Prompt service.,340,DP_196
OD13196,CUST3301,Bella Italia,Margherita Pizza 10-inch,Italian,2026-05-24 14:47:26,34,HSR Layout,Delivered,4,Satisfied with the delivery speed and quality.,400,DP_184
OD13197,CUST3321,Cafe Daybreak,Club Sandwich,Continental & Beverages,2026-05-20 13:25:19,29,Malleshwaram,Delivered,5,"Extremely satisfied, delivered hot and fresh!",250,DP_105
OD13198,CUST2666,Wok & Roll,Chicken Fried Rice & Manchurian,Chinese & Asian,2026-05-20 20:08:26,42,Koramangala,Delivered,2,"Too spicy, couldn't eat it. Disappointed.",330,DP_138
OD13199,CUST2980,The Golden Dosa,Rava Kesari & Dosa Combo,South Indian,2026-04-30 07:04:21,20,BTM Layout,Delivered,5,"Perfect taste, clean packaging, and polite delivery partner.",190,DP_169
OD13200,CUST2748,Wok & Roll,Veg Hakka Noodles,Chinese & Asian,2026-05-08 12:55:49,52,BTM Layout,Delivered,3,Packaging could have been better. Average taste.,250,DP_136
OD13201,CUST2898,The Salad Bowl,High-Protein Chicken Salad,Healthy & Salads,2026-05-24 13:29:42,40,Indiranagar,Delivered,4,Good taste and neat packaging.,340,DP_159
OD13202,CUST2277,Bella Italia,Veg Arrabiata Penne Pasta,Italian,2026-05-16 19:08:06,59,Koramangala,Delivered,1,Worst service! Delivered extremely late and completely cold.,330,DP_195
OD13203,CUST2573,Bella Italia,Garlic Bread with Cheese,Italian,2026-05-21 20:28:10,58,Whitefield,Delivered,2,Food was cold when it arrived.,170,DP_189
OD13204,CUST2581,Tandoori Nights,Butter Chicken Combo Meal,North Indian,2026-05-25 13:08:04,27,Indiranagar,Delivered,5,"Amazing food, super fast delivery!",410,DP_159
OD13205,CUST2713,Burger Bistro,Classic Cheese Burger & Fries,Fast Food,2026-05-13 17:20:02,23,BTM Layout,Delivered,5,"Extremely satisfied, delivered hot and fresh!",280,DP_154
OD13206,CUST3327,The Golden Dosa,Rava Kesari & Dosa Combo,South Indian,2026-04-29 14:01:36,50,Marathahalli,Delivered,3,The food was decent but arrived a bit cold.,180,DP_116
OD13207,CUST2320,The Golden Dosa,Rava Kesari & Dosa Combo,South Indian,2026-05-07 11:05:58,37,BTM Layout,Delivered,3,Portion size was small for the price.,200,DP_123
OD13208,CUST2426,Burger Bistro,Loaded Nachos,Fast Food,2026-04-30 19:26:20,38,Indiranagar,Delivered,5,Outstanding quality! Will definitely order again.,240,DP_181
OD13209,CUST2249,Spice Symphony,Tandoori Chicken Half,North Indian,2026-04-27 17:20:46,45,Indiranagar,Delivered,3,The food was decent but arrived a bit cold.,400,DP_170
OD13210,CUST2363,Bella Italia,Margherita Pizza 10-inch,Italian,2026-04-28 20:27:43,49,HSR Layout,Delivered,3,Average food. Nothing special.,430,DP_141
OD13211,CUST3377,Spice Symphony,Kadhai Paneer with Roti,North Indian,2026-05-23 21:06:49,29,Jayanagar,Delivered,4,Decent portion size and good taste. Recommended.,340,DP_199
OD13212,CUST2926,The Golden Dosa,Filter Coffee & Upma,South Indian,2026-05-11 21:19:46,57,Koramangala,Delivered,1,The food tasted stale and horrible! Threw it in the trash.,140,DP_143
OD13213,CUST2729,Bella Italia,Chicken Alfredo Pasta,Italian,2026-05-01 15:16:41,28,HSR Layout,Delivered,3,Packaging could have been better. Average taste.,400,DP_162
OD13214,CUST2571,Cafe Daybreak,Club Sandwich,Continental & Beverages,2026-05-21 12:40:46,38,HSR Layout,Delivered,5,"Perfect taste, clean packaging, and polite delivery partner.",440,DP_190
OD13215,CUST2873,Sweet Retreat,Sizzling Brownie,Desserts,2026-05-11 17:04:00,23,Malleshwaram,Delivered,5,"Amazing food, super fast delivery!",210,DP_101
OD13216,CUST3031,Tandoori Nights,Paneer Tikka,North Indian,2026-05-24 21:12:47,52,Koramangala,Delivered,3,"Food was okay, but delivery took some time.",300,DP_146
OD13217,CUST2886,The Salad Bowl,Caesar Salad,Healthy & Salads,2026-04-27 09:52:58,49,HSR Layout,Delivered,2,The item delivered was incorrect and lukewarm.,530,DP_176
OD13218,CUST2288,The Salad Bowl,Greek Salad,Healthy & Salads,2026-05-10 20:05:54,,Indiranagar,Cancelled,,Customer cancelled the order,280,DP_171
OD13219,CUST2004,Wok & Roll,Veg Spring Rolls (6 pcs),Chinese & Asian,2026-05-18 22:30:25,45,Malleshwaram,Delivered,2,"Too spicy, couldn't eat it. Disappointed.",190,DP_128
OD13220,CUST2424,Wok & Roll,Veg Spring Rolls (6 pcs),Chinese & Asian,2026-05-09 20:41:31,59,BTM Layout,Delivered,1,Awful experience! Delayed by over an hour and no response.,200,DP_102
OD13221,CUST2076,Burger Bistro,Classic Cheese Burger & Fries,Fast Food,2026-04-28 16:39:11,40,Marathahalli,Delivered,4,Good taste and neat packaging.,260,DP_107
OD13222,CUST2720,Burger Bistro,Chicken Nuggets (9 pcs),Fast Food,2026-05-15 19:18:49,47,Koramangala,Delivered,4,Good taste and neat packaging.,420,DP_117
OD13223,CUST3432,Royal Biryani House,Chicken Tikka Biryani,Biryani & Mughlai,2026-04-29 19:48:40,49,Koramangala,Delivered,3,Packaging could have been better. Average taste.,380,DP_195
OD13224,CUST3069,Bella Italia,Garlic Bread with Cheese,Italian,2026-04-29 17:17:36,29,Koramangala,Delivered,4,Overall great experience. Prompt service.,180,DP_116
OD13225,CUST2048,Spice Symphony,Dal Makhani with Jeera Rice,North Indian,2026-05-24 12:55:06,45,Marathahalli,Delivered,4,Decent portion size and good taste. Recommended.,330,DP_158
OD13226,CUST2508,Cafe Daybreak,Paneer Tikka Sandwich,Continental & Beverages,2026-04-28 12:31:18,58,BTM Layout,Delivered,1,Unprofessional delivery partner. Very bad experience.,220,DP_157
OD13227,CUST2417,Burger Bistro,Classic Cheese Burger & Fries,Fast Food,2026-05-19 23:31:18,23,Whitefield,Delivered,5,Outstanding quality! Will definitely order again.,510,DP_177
OD13228,CUST2117,Sweet Retreat,Kulfi Falooda,Desserts,2026-05-14 09:00:07,25,Indiranagar,Delivered,3,Prompt delivery but taste was average.,150,DP_132
OD13229,CUST2312,Wok & Roll,Schezwan Noodles,Chinese & Asian,2026-05-18 19:36:29,59,Marathahalli,Delivered,1,Worst service! Delivered extremely late and completely cold.,510,DP_163
OD13230,CUST2821,The Salad Bowl,Caesar Salad,Healthy & Salads,2026-05-05 13:57:38,35,Indiranagar,Delivered,4,Satisfied with the delivery speed and quality.,290,DP_136
OD13231,CUST3470,The Golden Dosa,Onion Uttapam,South Indian,2026-05-02 23:44:53,25,Malleshwaram,Delivered,5,"Perfect taste, clean packaging, and polite delivery partner.",420,DP_117
OD13232,CUST2078,Royal Biryani House,Egg Biryani,Biryani & Mughlai,2026-05-06 21:26:22,45,Marathahalli,Delivered,2,"Not worth the price, portion was very small.",290,DP_175
OD13233,CUST3108,Cafe Daybreak,Paneer Tikka Sandwich,Continental & Beverages,2026-05-18 19:17:22,50,Whitefield,Delivered,3,Portion size was small for the price.,410,DP_178
OD13234,CUST3140,Sweet Retreat,Sizzling Brownie,Desserts,2026-05-04 20:54:14,43,Malleshwaram,Delivered,2,Food was cold when it arrived.,220,DP_130
OD13235,CUST3049,Burger Bistro,Chicken Nuggets (9 pcs),Fast Food,2026-05-11 15:13:06,26,Whitefield,Delivered,4,Good taste and neat packaging.,240,DP_184
OD13236,CUST2325,Bella Italia,Garlic Bread with Cheese,Italian,2026-05-22 14:54:12,40,Jayanagar,Delivered,2,"Too spicy, couldn't eat it. Disappointed.",200,DP_152
OD13237,CUST2229,The Salad Bowl,Greek Salad,Healthy & Salads,2026-05-26 19:02:05,38,Indiranagar,Delivered,4,Decent portion size and good taste. Recommended.,250,DP_149
OD13238,CUST3388,Royal Biryani House,Veg Hyderabadi Biryani,Biryani & Mughlai,2026-05-08 19:48:36,79,Whitefield,Delivered,1,Awful experience! Delayed by over an hour and no response.,320,DP_172
OD13239,CUST3350,Bella Italia,Veg Arrabiata Penne Pasta,Italian,2026-05-25 19:25:12,79,Whitefield,Delivered,1,"Terrible experience, food was completely spilled inside the bag.",330,DP_196
OD13240,CUST2047,Cafe Daybreak,Club Sandwich,Continental & Beverages,2026-05-09 23:08:38,26,BTM Layout,Delivered,4,"Tasty food, but could be a bit warmer.",670,DP_143
OD13241,CUST2158,Burger Bistro,Crispy Chicken Burger,Fast Food,2026-05-16 20:06:39,56,Indiranagar,Delivered,1,Worst service! Delivered extremely late and completely cold.,230,DP_138
OD13242,CUST2736,Spice Symphony,Kadhai Paneer with Roti,North Indian,2026-05-04 22:17:51,49,Marathahalli,Delivered,2,The item delivered was incorrect and lukewarm.,340,DP_110
OD13243,CUST2516,Burger Bistro,Spicy Paneer Wrap,Fast Food,2026-05-12 19:06:19,42,Malleshwaram,Delivered,3,Packaging could have been better. Average taste.,210,DP_197
OD13244,CUST2632,Wok & Roll,Veg Spring Rolls (6 pcs),Chinese & Asian,2026-05-16 14:43:03,47,Indiranagar,Delivered,3,Average food. Nothing special.,340,DP_157
OD13245,CUST2071,Burger Bistro,Crispy Chicken Burger,Fast Food,2026-05-26 21:40:57,42,BTM Layout,Delivered,1,The food tasted stale and horrible! Threw it in the trash.,670,DP_192
OD13246,CUST2445,The Salad Bowl,Caesar Salad,Healthy & Salads,2026-04-29 23:48:53,28,Koramangala,Delivered,4,Satisfied with the delivery speed and quality.,280,DP_156
OD13247,CUST2852,The Golden Dosa,Rava Kesari & Dosa Combo,South Indian,2026-05-05 20:26:19,,Marathahalli,Cancelled,,Delivery address was outside the delivery radius,180,DP_110
OD13248,CUST3081,Royal Biryani House,Egg Biryani,Biryani & Mughlai,2026-04-28 20:04:16,40,BTM Layout,Delivered,4,Decent portion size and good taste. Recommended.,310,DP_104
OD13249,CUST2774,Bella Italia,Margherita Pizza 10-inch,Italian,2026-05-20 19:20:26,57,Whitefield,Delivered,1,The food tasted stale and horrible! Threw it in the trash.,780,DP_187
OD13250,CUST2914,Cafe Daybreak,Iced Latte,Continental & Beverages,2026-05-09 14:00:08,53,Whitefield,Delivered,1,Missing items in my order and food was cold. Avoid this place!,210,DP_139
OD13251,CUST2559,Spice Symphony,Paneer Butter Masala Meal,North Indian,2026-05-08 20:41:49,62,BTM Layout,Delivered,1,Unprofessional delivery partner. Very bad experience.,350,DP_144
OD13252,CUST2796,Royal Biryani House,Egg Biryani,Biryani & Mughlai,2026-05-23 13:14:49,43,Jayanagar,Delivered,3,"Food was okay, but delivery took some time.",300,DP_175
OD13253,CUST2818,Bella Italia,Chicken Alfredo Pasta,Italian,2026-05-05 17:21:16,26,Jayanagar,Delivered,4,"Tasty food, standard delivery. Satisfactory.",380,DP_164
OD13254,CUST3431,Wok & Roll,Veg Spring Rolls (6 pcs),Chinese & Asian,2026-05-14 20:29:24,37,HSR Layout,Delivered,4,Overall great experience. Prompt service.,180,DP_158
OD13255,CUST3481,Royal Biryani House,Chicken Tikka Biryani,Biryani & Mughlai,2026-05-13 13:41:41,28,Jayanagar,Delivered,4,"Tasty food, standard delivery. Satisfactory.",400,DP_129
OD13256,CUST2955,Wok & Roll,Veg Spring Rolls (6 pcs),Chinese & Asian,2026-05-02 20:03:09,43,Jayanagar,Delivered,2,"Not worth the price, portion was very small.",200,DP_169
OD13257,CUST3439,Tandoori Nights,Butter Chicken Combo Meal,North Indian,2026-05-11 15:56:57,16,Jayanagar,Delivered,5,Best meal ever. Highly recommended!,380,DP_185
OD13258,CUST2213,The Golden Dosa,Rava Kesari & Dosa Combo,South Indian,2026-05-22 22:05:21,58,BTM Layout,Delivered,1,Missing items in my order and food was cold. Avoid this place!,200,DP_116
OD13259,CUST2971,The Golden Dosa,Idli Vada Combo,South Indian,2026-05-06 06:40:13,34,Koramangala,Delivered,4,Satisfied with the delivery speed and quality.,150,DP_173
OD13260,CUST3472,The Golden Dosa,Onion Uttapam,South Indian,2026-05-14 18:36:41,24,BTM Layout,Delivered,5,"Delivered way before time, packaging was excellent!",180,DP_162
OD13261,CUST2284,Royal Biryani House,Veg Hyderabadi Biryani,Biryani & Mughlai,2026-05-12 15:56:59,40,BTM Layout,Delivered,4,Satisfied with the delivery speed and quality.,310,DP_157
OD13262,CUST2908,The Golden Dosa,Rava Kesari & Dosa Combo,South Indian,2026-05-01 14:34:23,55,HSR Layout,Delivered,4,Decent portion size and good taste. Recommended.,190,DP_125
OD13263,CUST2388,Bella Italia,Margherita Pizza 10-inch,Italian,2026-05-07 13:18:30,36,Koramangala,Delivered,5,Outstanding quality! Will definitely order again.,430,DP_109
OD13264,CUST2136,Cafe Daybreak,Club Sandwich,Continental & Beverages,2026-04-29 20:00:28,41,Indiranagar,Delivered,1,"Terrible experience, food was completely spilled inside the bag.",460,DP_156
OD13265,CUST2405,The Golden Dosa,Idli Vada Combo,South Indian,2026-05-06 13:35:12,40,Whitefield,Delivered,2,"Too spicy, couldn't eat it. Disappointed.",150,DP_152
OD13266,CUST2739,Wok & Roll,Chicken Fried Rice & Manchurian,Chinese & Asian,2026-04-29 07:10:21,19,Jayanagar,Delivered,4,Decent portion size and good taste. Recommended.,320,DP_190
OD13267,CUST2142,Bella Italia,Garlic Bread with Cheese,Italian,2026-05-21 21:28:30,35,Indiranagar,Delivered,4,"Tasty food, standard delivery. Satisfactory.",190,DP_130
OD13268,CUST3486,Royal Biryani House,Veg Hyderabadi Biryani,Biryani & Mughlai,2026-05-25 13:59:13,50,Marathahalli,Delivered,1,Missing items in my order and food was cold. Avoid this place!,310,DP_140
OD13269,CUST2965,Tandoori Nights,Butter Chicken Combo Meal,North Indian,2026-05-10 13:40:54,33,Jayanagar,Delivered,4,"Tasty food, but could be a bit warmer.",390,DP_186
OD13270,CUST2271,The Salad Bowl,Greek Salad,Healthy & Salads,2026-05-09 21:50:01,53,Jayanagar,Delivered,2,"Too spicy, couldn't eat it. Disappointed.",260,DP_118
OD13271,CUST2157,The Golden Dosa,Filter Coffee & Upma,South Indian,2026-05-03 19:50:40,67,Marathahalli,Delivered,2,Taste was disappointing. Packaging was leaked.,260,DP_107
OD13272,CUST3186,Wok & Roll,Veg Spring Rolls (6 pcs),Chinese & Asian,2026-05-26 06:32:09,44,Whitefield,Delivered,2,Food was cold when it arrived.,180,DP_176
OD13273,CUST2215,Burger Bistro,Classic Cheese Burger & Fries,Fast Food,2026-05-06 18:27:05,31,BTM Layout,Delivered,4,Satisfied with the delivery speed and quality.,280,DP_172
OD13274,CUST3051,Spice Symphony,Paneer Butter Masala Meal,North Indian,2026-05-07 20:44:17,37,BTM Layout,Delivered,4,Good taste and neat packaging.,340,DP_167
OD13275,CUST2562,Wok & Roll,Chicken Fried Rice & Manchurian,Chinese & Asian,2026-05-03 12:47:56,44,Koramangala,Delivered,2,The item delivered was incorrect and lukewarm.,330,DP_116
OD13276,CUST3277,Royal Biryani House,Chicken Tikka Biryani,Biryani & Mughlai,2026-04-30 19:53:56,41,Indiranagar,Delivered,3,Packaging could have been better. Average taste.,410,DP_178
OD13277,CUST3318,The Salad Bowl,High-Protein Chicken Salad,Healthy & Salads,2026-05-23 21:36:19,68,Whitefield,Delivered,1,Missing items in my order and food was cold. Avoid this place!,900,DP_151
OD13278,CUST3065,Spice Symphony,Butter Chicken & Naan,North Indian,2026-05-23 20:47:26,43,Indiranagar,Delivered,3,"Food was okay, but delivery took some time.",390,DP_180
OD13279,CUST3342,Bella Italia,Garlic Bread with Cheese,Italian,2026-05-24 19:02:07,49,Marathahalli,Delivered,3,Portion size was small for the price.,180,DP_126
OD13280,CUST2885,Royal Biryani House,Veg Hyderabadi Biryani,Biryani & Mughlai,2026-05-06 23:31:02,18,Jayanagar,Delivered,5,"Extremely satisfied, delivered hot and fresh!",300,DP_153
OD13281,CUST2730,The Golden Dosa,Onion Uttapam,South Indian,2026-05-06 06:21:57,27,Malleshwaram,Delivered,4,Good taste and neat packaging.,160,DP_197
OD13282,CUST2165,Tandoori Nights,Paneer Tikka,North Indian,2026-05-04 18:49:37,28,Koramangala,Delivered,4,Satisfied with the delivery speed and quality.,300,DP_189
OD13283,CUST3408,Spice Symphony,Kadhai Paneer with Roti,North Indian,2026-05-13 21:21:43,43,BTM Layout,Delivered,1,"Terrible experience, food was completely spilled inside the bag.",660,DP_168
OD13284,CUST2534,Royal Biryani House,Chicken Tikka Biryani,Biryani & Mughlai,2026-05-26 20:53:40,49,Marathahalli,Delivered,2,Taste was disappointing. Packaging was leaked.,390,DP_162
OD13285,CUST2093,Wok & Roll,Chilli Chicken Gravy,Chinese & Asian,2026-05-21 09:03:23,28,BTM Layout,Delivered,4,"Tasty food, but could be a bit warmer.",330,DP_173
OD13286,CUST3418,Spice Symphony,Tandoori Chicken Half,North Indian,2026-04-29 20:16:01,62,Marathahalli,Delivered,2,Food was cold when it arrived.,430,DP_189
OD13287,CUST2148,Cafe Daybreak,Club Sandwich,Continental & Beverages,2026-05-25 07:02:17,33,Marathahalli,Delivered,4,"Tasty food, standard delivery. Satisfactory.",260,DP_139
OD13288,CUST2277,Wok & Roll,Schezwan Noodles,Chinese & Asian,2026-05-20 19:43:20,36,HSR Layout,Delivered,4,Overall great experience. Prompt service.,250,DP_141
OD13289,CUST2740,The Salad Bowl,Caesar Salad,Healthy & Salads,2026-05-18 22:48:44,28,Malleshwaram,Delivered,4,Good taste and neat packaging.,260,DP_108
OD13290,CUST2683,Royal Biryani House,Chicken Tikka Biryani,Biryani & Mughlai,2026-04-30 10:56:54,17,Jayanagar,Delivered,4,Good taste and neat packaging.,410,DP_166
OD13291,CUST3227,The Salad Bowl,High-Protein Chicken Salad,Healthy & Salads,2026-05-10 21:08:07,62,BTM Layout,Delivered,1,Awful experience! Delayed by over an hour and no response.,610,DP_153
OD13292,CUST2124,Spice Symphony,Butter Chicken & Naan,North Indian,2026-05-19 06:26:29,23,BTM Layout,Delivered,5,Best meal ever. Highly recommended!,380,DP_144
OD13293,CUST2504,Royal Biryani House,Mutton Biryani,Biryani & Mughlai,2026-05-06 10:15:19,16,Jayanagar,Delivered,5,"Perfect taste, clean packaging, and polite delivery partner.",480,DP_151
OD13294,CUST2997,Bella Italia,Garlic Bread with Cheese,Italian,2026-05-13 20:55:46,,Indiranagar,Cancelled,,Item out of stock at restaurant,190,DP_144
OD13295,CUST2753,Spice Symphony,Kadhai Paneer with Roti,North Indian,2026-05-17 08:34:14,34,BTM Layout,Delivered,5,"Perfect taste, clean packaging, and polite delivery partner.",350,DP_120
OD13296,CUST3028,Sweet Retreat,Red Velvet Pastry,Desserts,2026-05-23 22:37:05,,Marathahalli,Cancelled,,Delivery address was outside the delivery radius,170,DP_195
OD13297,CUST3173,Cafe Daybreak,Club Sandwich,Continental & Beverages,2026-05-06 19:45:50,54,Marathahalli,Delivered,2,"Too spicy, couldn't eat it. Disappointed.",250,DP_122
OD13298,CUST2283,The Golden Dosa,Onion Uttapam,South Indian,2026-05-21 18:59:41,24,HSR Layout,Delivered,5,Outstanding quality! Will definitely order again.,170,DP_173
OD13299,CUST3265,The Golden Dosa,Onion Uttapam,South Indian,2026-04-30 20:15:46,29,Jayanagar,Delivered,3,Prompt delivery but taste was average.,440,DP_119
OD13300,CUST2228,Wok & Roll,Veg Hakka Noodles,Chinese & Asian,2026-05-08 13:13:03,45,HSR Layout,Delivered,4,"Tasty food, but could be a bit warmer.",270,DP_136
OD13301,CUST2135,Bella Italia,Farmhouse Veg Pizza,Italian,2026-05-06 13:41:30,35,Indiranagar,Delivered,3,Packaging could have been better. Average taste.,460,DP_148
OD13302,CUST2049,Royal Biryani House,Egg Biryani,Biryani & Mughlai,2026-05-09 19:41:30,43,Malleshwaram,Delivered,3,Portion size was small for the price.,300,DP_190
OD13303,CUST2160,The Golden Dosa,Idli Vada Combo,South Indian,2026-05-22 13:39:24,50,Malleshwaram,Delivered,2,Taste was disappointing. Packaging was leaked.,150,DP_122
OD13304,CUST2054,Spice Symphony,Tandoori Chicken Half,North Indian,2026-05-06 18:03:42,22,Marathahalli,Delivered,5,Outstanding quality! Will definitely order again.,400,DP_182
OD13305,CUST2991,Spice Symphony,Dal Makhani with Jeera Rice,North Indian,2026-05-20 13:41:45,43,HSR Layout,Delivered,3,Average food. Nothing special.,320,DP_127
OD13306,CUST2833,The Golden Dosa,Onion Uttapam,South Indian,2026-05-06 21:26:37,35,Malleshwaram,Delivered,2,The item delivered was incorrect and lukewarm.,440,DP_106
OD13307,CUST3188,Burger Bistro,Classic Cheese Burger & Fries,Fast Food,2026-05-14 21:08:15,35,Indiranagar,Delivered,4,Decent portion size and good taste. Recommended.,260,DP_126
OD13308,CUST2821,Spice Symphony,Paneer Butter Masala Meal,North Indian,2026-05-24 12:53:19,63,Marathahalli,Delivered,1,Missing items in my order and food was cold. Avoid this place!,350,DP_166
OD13309,CUST2142,Bella Italia,Farmhouse Veg Pizza,Italian,2026-04-27 18:01:22,16,Malleshwaram,Delivered,3,Packaging could have been better. Average taste.,470,DP_181
OD13310,CUST3083,Bella Italia,Veg Arrabiata Penne Pasta,Italian,2026-05-12 21:49:32,42,Jayanagar,Delivered,3,"Food was okay, but delivery took some time.",330,DP_122
OD13311,CUST2832,The Salad Bowl,Greek Salad,Healthy & Salads,2026-05-21 15:47:29,25,Koramangala,Delivered,4,Decent portion size and good taste. Recommended.,730,DP_116
OD13312,CUST2346,Sweet Retreat,Sizzling Brownie,Desserts,2026-05-11 13:26:28,34,Jayanagar,Delivered,5,Outstanding quality! Will definitely order again.,220,DP_148
OD13313,CUST3316,The Golden Dosa,Filter Coffee & Upma,South Indian,2026-05-12 14:18:07,44,Whitefield,Delivered,3,Packaging could have been better. Average taste.,240,DP_143
OD13314,CUST3305,Spice Symphony,Tandoori Chicken Half,North Indian,2026-05-11 19:53:19,65,Marathahalli,Delivered,2,"Too spicy, couldn't eat it. Disappointed.",400,DP_144
OD13315,CUST2213,Bella Italia,Margherita Pizza 10-inch,Italian,2026-05-15 12:40:11,,Marathahalli,Cancelled,,Delivery address was outside the delivery radius,410,DP_149
OD13316,CUST3415,Royal Biryani House,Veg Hyderabadi Biryani,Biryani & Mughlai,2026-05-17 21:10:20,50,Koramangala,Delivered,3,The food was decent but arrived a bit cold.,320,DP_164
OD13317,CUST2827,Bella Italia,Chicken Alfredo Pasta,Italian,2026-05-06 12:47:08,28,HSR Layout,Delivered,5,Best meal ever. Highly recommended!,400,DP_104
OD13318,CUST2600,Tandoori Nights,Tandoori Roti Combo,North Indian,2026-05-02 20:53:56,53,Koramangala,Delivered,2,"Not worth the price, portion was very small.",210,DP_193
OD13319,CUST2475,Sweet Retreat,Red Velvet Pastry,Desserts,2026-05-02 22:47:36,75,Marathahalli,Delivered,2,The item delivered was incorrect and lukewarm.,170,DP_150
OD13320,CUST2003,The Salad Bowl,High-Protein Chicken Salad,Healthy & Salads,2026-04-30 20:49:21,39,Jayanagar,Delivered,4,Decent portion size and good taste. Recommended.,340,DP_135
OD13321,CUST2542,The Golden Dosa,Masala Dosa with Sambar,South Indian,2026-05-22 21:10:02,46,BTM Layout,Delivered,2,"Too spicy, couldn't eat it. Disappointed.",260,DP_163
OD13322,CUST2502,Royal Biryani House,Chicken Dum Biryani,Biryani & Mughlai,2026-05-23 17:07:38,44,BTM Layout,Delivered,3,Portion size was small for the price.,680,DP_161
OD13323,CUST3072,The Salad Bowl,High-Protein Chicken Salad,Healthy & Salads,2026-05-03 13:11:11,43,Indiranagar,Delivered,2,Food was cold when it arrived.,330,DP_164
OD13324,CUST2933,Sweet Retreat,Red Velvet Pastry,Desserts,2026-05-26 22:55:21,70,Whitefield,Delivered,2,The item delivered was incorrect and lukewarm.,200,DP_194
OD13325,CUST2815,Spice Symphony,Butter Chicken & Naan,North Indian,2026-05-19 19:42:55,,Malleshwaram,Cancelled,,Item out of stock at restaurant,400,DP_128
OD13326,CUST3057,Spice Symphony,Butter Chicken & Naan,North Indian,2026-05-08 12:59:37,54,HSR Layout,Delivered,3,"Food was okay, but delivery took some time.",380,DP_127
OD13327,CUST2954,Sweet Retreat,Gulab Jamun (4 pcs),Desserts,2026-05-22 06:41:15,29,HSR Layout,Delivered,4,Overall great experience. Prompt service.,140,DP_134
OD13328,CUST2225,Royal Biryani House,Egg Biryani,Biryani & Mughlai,2026-05-06 11:37:15,33,Whitefield,Delivered,5,"Amazing food, super fast delivery!",300,DP_185
OD13329,CUST2610,The Salad Bowl,Caesar Salad,Healthy & Salads,2026-05-18 14:03:09,46,BTM Layout,Delivered,4,"Tasty food, standard delivery. Satisfactory.",260,DP_185
OD13330,CUST2092,Bella Italia,Chicken Alfredo Pasta,Italian,2026-05-18 16:59:56,15,Indiranagar,Delivered,5,Outstanding quality! Will definitely order again.,380,DP_143
OD13331,CUST2487,Sweet Retreat,Red Velvet Pastry,Desserts,2026-05-05 20:51:25,45,Indiranagar,Delivered,4,Decent portion size and good taste. Recommended.,490,DP_138
OD13332,CUST2065,The Salad Bowl,High-Protein Chicken Salad,Healthy & Salads,2026-05-02 20:31:38,42,Koramangala,Delivered,4,Overall great experience. Prompt service.,320,DP_198
OD13333,CUST3235,Royal Biryani House,Egg Biryani,Biryani & Mughlai,2026-05-06 22:48:09,35,HSR Layout,Delivered,5,"Delivered way before time, packaging was excellent!",280,DP_178
OD13334,CUST2908,Burger Bistro,Chicken Nuggets (9 pcs),Fast Food,2026-05-09 14:31:10,39,HSR Layout,Delivered,5,"Delivered way before time, packaging was excellent!",620,DP_186
OD13335,CUST3147,Wok & Roll,Chicken Fried Rice & Manchurian,Chinese & Asian,2026-05-03 20:51:12,40,Malleshwaram,Delivered,4,"Tasty food, but could be a bit warmer.",910,DP_166
OD13336,CUST2797,The Salad Bowl,Fresh Fruit Bowl,Healthy & Salads,2026-04-27 18:23:26,19,Marathahalli,Delivered,5,Outstanding quality! Will definitely order again.,200,DP_131
OD13337,CUST2993,Burger Bistro,Classic Cheese Burger & Fries,Fast Food,2026-04-27 13:55:00,37,HSR Layout,Delivered,4,Good taste and neat packaging.,290,DP_172
OD13338,CUST2543,Royal Biryani House,Chicken Dum Biryani,Biryani & Mughlai,2026-05-23 12:52:36,78,Whitefield,Delivered,1,"Terrible experience, food was completely spilled inside the bag.",380,DP_175
OD13339,CUST2571,Tandoori Nights,Malai Kofta & Lachha Paratha,North Indian,2026-05-20 21:39:15,72,Whitefield,Delivered,1,The food tasted stale and horrible! Threw it in the trash.,380,DP_151
OD13340,CUST2634,Spice Symphony,Tandoori Chicken Half,North Indian,2026-05-16 21:39:32,51,Koramangala,Delivered,4,Decent portion size and good taste. Recommended.,400,DP_181
OD13341,CUST2064,Tandoori Nights,Butter Chicken Combo Meal,North Indian,2026-05-16 12:25:46,37,HSR Layout,Delivered,5,Best meal ever. Highly recommended!,380,DP_157
OD13342,CUST2737,Tandoori Nights,Malai Kofta & Lachha Paratha,North Indian,2026-05-01 20:45:45,40,Malleshwaram,Delivered,2,"Too spicy, couldn't eat it. Disappointed.",380,DP_123
OD13343,CUST2300,Burger Bistro,Classic Cheese Burger & Fries,Fast Food,2026-05-15 12:55:11,38,Malleshwaram,Delivered,4,"Tasty food, standard delivery. Satisfactory.",290,DP_133
OD13344,CUST2141,The Salad Bowl,Caesar Salad,Healthy & Salads,2026-05-06 21:50:20,42,Koramangala,Delivered,2,Food was cold when it arrived.,270,DP_129
OD13345,CUST2699,Sweet Retreat,Gulab Jamun (4 pcs),Desserts,2026-05-06 21:30:04,45,Koramangala,Delivered,4,Good taste and neat packaging.,250,DP_166
OD13346,CUST2929,Royal Biryani House,Mutton Biryani,Biryani & Mughlai,2026-04-29 19:25:21,71,Marathahalli,Delivered,1,Awful experience! Delayed by over an hour and no response.,470,DP_107
OD13347,CUST3361,Cafe Daybreak,Hot Chocolate,Continental & Beverages,2026-05-11 21:55:26,,Marathahalli,Cancelled,,Item out of stock at restaurant,530,DP_146
OD13348,CUST3268,Tandoori Nights,Chicken Seekh Kebab,North Indian,2026-05-10 19:25:03,,HSR Layout,Cancelled,,Delivery partner could not be assigned due to heavy rain,670,DP_118
OD13349,CUST2775,Bella Italia,Veg Arrabiata Penne Pasta,Italian,2026-05-24 13:28:42,57,Indiranagar,Delivered,1,Worst service! Delivered extremely late and completely cold.,350,DP_195
OD13350,CUST2857,Royal Biryani House,Egg Biryani,Biryani & Mughlai,2026-05-21 13:57:17,32,HSR Layout,Delivered,4,"Tasty food, but could be a bit warmer.",310,DP_124
OD13351,CUST3323,The Golden Dosa,Filter Coffee & Upma,South Indian,2026-04-29 20:55:51,,Indiranagar,Cancelled,,Customer cancelled the order,250,DP_130
OD13352,CUST2909,Wok & Roll,Veg Hakka Noodles,Chinese & Asian,2026-05-02 19:23:34,60,Whitefield,Delivered,1,The food tasted stale and horrible! Threw it in the trash.,240,DP_194
OD13353,CUST2971,The Golden Dosa,Masala Dosa with Sambar,South Indian,2026-05-07 09:13:20,43,BTM Layout,Delivered,2,"Too spicy, couldn't eat it. Disappointed.",150,DP_194
OD13354,CUST2135,Sweet Retreat,Chocolate Lava Cake,Desserts,2026-05-09 13:51:12,57,Marathahalli,Delivered,1,The food tasted stale and horrible! Threw it in the trash.,160,DP_134
OD13355,CUST2498,Cafe Daybreak,Iced Latte,Continental & Beverages,2026-05-10 19:09:44,48,HSR Layout,Delivered,2,The item delivered was incorrect and lukewarm.,180,DP_105
OD13356,CUST2522,Burger Bistro,Loaded Nachos,Fast Food,2026-05-26 13:29:07,44,BTM Layout,Delivered,2,Taste was disappointing. Packaging was leaked.,250,DP_174
OD13357,CUST2175,The Salad Bowl,Quinoa Avocado Salad,Healthy & Salads,2026-05-03 10:19:20,40,Whitefield,Delivered,5,"Delivered way before time, packaging was excellent!",360,DP_194
OD13358,CUST2889,The Golden Dosa,Idli Vada Combo,South Indian,2026-04-29 16:27:52,19,Indiranagar,Delivered,5,"Amazing food, super fast delivery!",140,DP_141
OD13359,CUST2992,Wok & Roll,Chilli Chicken Gravy,Chinese & Asian,2026-05-05 18:26:38,35,Marathahalli,Delivered,5,"Delivered way before time, packaging was excellent!",310,DP_131
OD13360,CUST3219,Bella Italia,Margherita Pizza 10-inch,Italian,2026-05-11 11:38:27,28,Malleshwaram,Delivered,5,Best meal ever. Highly recommended!,430,DP_119
OD13361,CUST2348,Tandoori Nights,Paneer Tikka,North Indian,2026-05-25 17:59:56,26,Malleshwaram,Delivered,4,"Tasty food, standard delivery. Satisfactory.",300,DP_141
OD13362,CUST2529,Sweet Retreat,Gulab Jamun (4 pcs),Desserts,2026-05-01 19:22:15,44,Koramangala,Delivered,2,"Not worth the price, portion was very small.",120,DP_158
OD13363,CUST2230,Bella Italia,Chicken Alfredo Pasta,Italian,2026-05-16 21:08:54,50,BTM Layout,Delivered,2,The item delivered was incorrect and lukewarm.,400,DP_162
OD13364,CUST2118,Tandoori Nights,Malai Kofta & Lachha Paratha,North Indian,2026-05-18 20:39:22,55,BTM Layout,Delivered,3,Portion size was small for the price.,360,DP_126
OD13365,CUST3324,Burger Bistro,Crispy Chicken Burger,Fast Food,2026-05-03 12:39:27,46,Malleshwaram,Delivered,2,The item delivered was incorrect and lukewarm.,240,DP_166
OD13366,CUST3375,Burger Bistro,Loaded Nachos,Fast Food,2026-05-11 15:32:23,31,BTM Layout,Delivered,5,"Extremely satisfied, delivered hot and fresh!",270,DP_191
OD13367,CUST3460,Bella Italia,Chicken Alfredo Pasta,Italian,2026-05-09 12:31:06,49,Koramangala,Delivered,3,The food was decent but arrived a bit cold.,410,DP_160
OD13368,CUST2702,Tandoori Nights,Malai Kofta & Lachha Paratha,North Indian,2026-05-26 14:03:27,48,Marathahalli,Delivered,2,"Too spicy, couldn't eat it. Disappointed.",360,DP_165
OD13369,CUST2126,Tandoori Nights,Butter Chicken Combo Meal,North Indian,2026-05-07 20:17:07,39,Malleshwaram,Delivered,5,"Extremely satisfied, delivered hot and fresh!",390,DP_175
OD13370,CUST3160,The Golden Dosa,Rava Kesari & Dosa Combo,South Indian,2026-05-06 20:55:02,52,BTM Layout,Delivered,1,"Terrible experience, food was completely spilled inside the bag.",170,DP_160
OD13371,CUST2739,Sweet Retreat,Gulab Jamun (4 pcs),Desserts,2026-05-08 12:42:44,44,Malleshwaram,Delivered,3,Packaging could have been better. Average taste.,120,DP_182
OD13372,CUST2883,The Salad Bowl,Quinoa Avocado Salad,Healthy & Salads,2026-05-18 21:36:51,38,Malleshwaram,Delivered,4,Satisfied with the delivery speed and quality.,370,DP_142
OD13373,CUST3442,Burger Bistro,Classic Cheese Burger & Fries,Fast Food,2026-05-02 21:14:17,44,BTM Layout,Delivered,2,"Not worth the price, portion was very small.",280,DP_114
OD13374,CUST2103,Cafe Daybreak,Iced Latte,Continental & Beverages,2026-05-01 21:05:48,44,Whitefield,Delivered,3,Average food. Nothing special.,190,DP_180
OD13375,CUST2192,Bella Italia,Farmhouse Veg Pizza,Italian,2026-05-15 07:22:23,36,Marathahalli,Delivered,4,Good taste and neat packaging.,470,DP_117
OD13376,CUST2518,Tandoori Nights,Tandoori Roti Combo,North Indian,2026-05-26 19:18:08,43,BTM Layout,Delivered,3,The food was decent but arrived a bit cold.,220,DP_130
OD13377,CUST3143,Cafe Daybreak,Hot Chocolate,Continental & Beverages,2026-05-15 21:13:45,33,Jayanagar,Delivered,5,"Amazing food, super fast delivery!",390,DP_172
OD13378,CUST2865,Spice Symphony,Tandoori Chicken Half,North Indian,2026-05-20 13:37:02,57,Whitefield,Delivered,1,Worst service! Delivered extremely late and completely cold.,420,DP_147
OD13379,CUST2994,Sweet Retreat,Red Velvet Pastry,Desserts,2026-05-19 19:48:45,42,Malleshwaram,Delivered,4,Decent portion size and good taste. Recommended.,180,DP_115
OD13380,CUST2327,The Golden Dosa,Onion Uttapam,South Indian,2026-05-15 12:14:04,43,BTM Layout,Delivered,2,Taste was disappointing. Packaging was leaked.,180,DP_160
OD13381,CUST2125,Royal Biryani House,Mutton Biryani,Biryani & Mughlai,2026-05-15 20:58:00,56,HSR Layout,Delivered,1,Unprofessional delivery partner. Very bad experience.,930,DP_186
OD13382,CUST2867,Bella Italia,Veg Arrabiata Penne Pasta,Italian,2026-05-18 12:18:58,31,Malleshwaram,Delivered,2,The item delivered was incorrect and lukewarm.,330,DP_189
OD13383,CUST2804,Royal Biryani House,Veg Hyderabadi Biryani,Biryani & Mughlai,2026-05-19 13:39:09,31,Indiranagar,Delivered,4,Overall great experience. Prompt service.,590,DP_129
OD13384,CUST2657,Spice Symphony,Kadhai Paneer with Roti,North Indian,2026-05-16 20:49:30,50,HSR Layout,Delivered,3,The food was decent but arrived a bit cold.,330,DP_167
OD13385,CUST2184,Spice Symphony,Tandoori Chicken Half,North Indian,2026-05-03 21:11:28,57,BTM Layout,Delivered,2,"Too spicy, couldn't eat it. Disappointed.",810,DP_141
OD13386,CUST3418,Bella Italia,Garlic Bread with Cheese,Italian,2026-05-14 14:22:46,32,Marathahalli,Delivered,4,Good taste and neat packaging.,180,DP_195
OD13387,CUST3300,Burger Bistro,Spicy Paneer Wrap,Fast Food,2026-05-06 18:09:00,15,Malleshwaram,Delivered,4,"Tasty food, standard delivery. Satisfactory.",220,DP_135
OD13388,CUST3126,Sweet Retreat,Chocolate Lava Cake,Desserts,2026-05-20 19:29:21,41,Indiranagar,Delivered,2,Taste was disappointing. Packaging was leaked.,450,DP_118
OD13389,CUST2494,Tandoori Nights,Chicken Seekh Kebab,North Indian,2026-05-19 13:46:03,44,Whitefield,Delivered,4,"Tasty food, but could be a bit warmer.",340,DP_182
OD13390,CUST3224,Sweet Retreat,Red Velvet Pastry,Desserts,2026-05-08 21:07:09,42,BTM Layout,Delivered,2,The item delivered was incorrect and lukewarm.,200,DP_128
OD13391,CUST2434,Wok & Roll,Veg Hakka Noodles,Chinese & Asian,2026-05-11 15:27:53,17,HSR Layout,Delivered,5,"Amazing food, super fast delivery!",250,DP_116
OD13392,CUST2426,Wok & Roll,Schezwan Noodles,Chinese & Asian,2026-05-17 19:23:25,45,Marathahalli,Delivered,2,Taste was disappointing. Packaging was leaked.,270,DP_151
OD13393,CUST2068,Tandoori Nights,Butter Chicken Combo Meal,North Indian,2026-05-06 18:58:13,28,Malleshwaram,Delivered,4,Decent portion size and good taste. Recommended.,400,DP_155
OD13394,CUST3455,Royal Biryani House,Veg Hyderabadi Biryani,Biryani & Mughlai,2026-05-08 19:58:19,60,Malleshwaram,Delivered,1,Missing items in my order and food was cold. Avoid this place!,880,DP_156
OD13395,CUST2996,Spice Symphony,Dal Makhani with Jeera Rice,North Indian,2026-05-23 07:29:38,41,BTM Layout,Delivered,3,The food was decent but arrived a bit cold.,330,DP_136
OD13396,CUST2011,Burger Bistro,Loaded Nachos,Fast Food,2026-05-11 00:55:10,35,BTM Layout,Delivered,4,Overall great experience. Prompt service.,260,DP_134
OD13397,CUST2095,Cafe Daybreak,Club Sandwich,Continental & Beverages,2026-05-10 21:44:40,51,BTM Layout,Delivered,3,Packaging could have been better. Average taste.,250,DP_129
OD13398,CUST2292,Sweet Retreat,Gulab Jamun (4 pcs),Desserts,2026-05-16 12:21:11,45,Koramangala,Delivered,2,The item delivered was incorrect and lukewarm.,130,DP_124
OD13399,CUST2577,Bella Italia,Farmhouse Veg Pizza,Italian,2026-05-09 13:46:06,41,Jayanagar,Delivered,3,Average food. Nothing special.,1290,DP_166
OD13400,CUST2270,Tandoori Nights,Malai Kofta & Lachha Paratha,North Indian,2026-05-14 13:57:40,49,Whitefield,Delivered,2,Taste was disappointing. Packaging was leaked.,360,DP_143
OD13401,CUST3398,Tandoori Nights,Chicken Seekh Kebab,North Indian,2026-05-08 21:41:41,61,Marathahalli,Delivered,1,The food tasted stale and horrible! Threw it in the trash.,350,DP_119
OD13402,CUST2015,Tandoori Nights,Chicken Seekh Kebab,North Indian,2026-05-06 20:29:15,46,Koramangala,Delivered,3,"Food was okay, but delivery took some time.",330,DP_116
OD13403,CUST2868,Spice Symphony,Kadhai Paneer with Roti,North Indian,2026-04-28 13:00:18,53,Marathahalli,Delivered,4,"Tasty food, standard delivery. Satisfactory.",330,DP_178
OD13404,CUST2927,Bella Italia,Margherita Pizza 10-inch,Italian,2026-05-08 20:13:16,42,Jayanagar,Delivered,2,"Too spicy, couldn't eat it. Disappointed.",420,DP_146
OD13405,CUST2035,Cafe Daybreak,Hot Chocolate,Continental & Beverages,2026-05-26 22:20:17,42,Indiranagar,Delivered,3,The food was decent but arrived a bit cold.,370,DP_160
OD13406,CUST2765,Bella Italia,Margherita Pizza 10-inch,Italian,2026-05-15 12:23:53,45,Malleshwaram,Delivered,2,"Not worth the price, portion was very small.",400,DP_198
OD13407,CUST3347,Spice Symphony,Tandoori Chicken Half,North Indian,2026-04-30 12:23:52,49,Koramangala,Delivered,2,"Not worth the price, portion was very small.",430,DP_122
OD13408,CUST3231,Burger Bistro,Spicy Paneer Wrap,Fast Food,2026-05-02 18:47:03,44,BTM Layout,Delivered,3,The food was decent but arrived a bit cold.,220,DP_175
OD13409,CUST2227,Burger Bistro,Chicken Nuggets (9 pcs),Fast Food,2026-05-10 21:54:33,38,HSR Layout,Delivered,4,Overall great experience. Prompt service.,230,DP_164
OD13410,CUST2158,Royal Biryani House,Chicken Dum Biryani,Biryani & Mughlai,2026-05-15 20:24:37,62,Koramangala,Delivered,1,The food tasted stale and horrible! Threw it in the trash.,700,DP_143
OD13411,CUST3152,Burger Bistro,Chicken Nuggets (9 pcs),Fast Food,2026-05-24 18:46:17,50,Koramangala,Delivered,2,Food was cold when it arrived.,240,DP_132
OD13412,CUST2232,Cafe Daybreak,Classic Cold Coffee,Continental & Beverages,2026-05-04 13:30:39,36,Marathahalli,Delivered,5,Outstanding quality! Will definitely order again.,170,DP_186
OD13413,CUST2565,The Golden Dosa,Onion Uttapam,South Indian,2026-05-21 10:31:32,24,Malleshwaram,Delivered,5,"Delivered way before time, packaging was excellent!",180,DP_199
OD13414,CUST2994,Tandoori Nights,Chicken Seekh Kebab,North Indian,2026-05-02 12:03:53,35,HSR Layout,Delivered,4,"Tasty food, standard delivery. Satisfactory.",640,DP_124
OD13415,CUST2490,Burger Bistro,Classic Cheese Burger & Fries,Fast Food,2026-05-05 19:30:07,44,Indiranagar,Delivered,1,"Terrible experience, food was completely spilled inside the bag.",260,DP_138
OD13416,CUST2035,Spice Symphony,Paneer Butter Masala Meal,North Indian,2026-05-21 09:02:45,35,Koramangala,Delivered,3,"Food was okay, but delivery took some time.",350,DP_170
OD13417,CUST3284,The Golden Dosa,Idli Vada Combo,South Indian,2026-04-28 13:56:58,41,Indiranagar,Delivered,3,The food was decent but arrived a bit cold.,140,DP_144
OD13418,CUST2187,Sweet Retreat,Red Velvet Pastry,Desserts,2026-05-04 15:10:48,16,HSR Layout,Delivered,5,Outstanding quality! Will definitely order again.,190,DP_107
OD13419,CUST3256,Sweet Retreat,Kulfi Falooda,Desserts,2026-05-09 12:05:24,,Malleshwaram,Cancelled,,Restaurant could not prepare food in time,170,DP_102
OD13420,CUST2855,Royal Biryani House,Chicken Dum Biryani,Biryani & Mughlai,2026-05-05 01:53:49,27,BTM Layout,Delivered,4,"Tasty food, standard delivery. Satisfactory.",350,DP_156
OD13421,CUST2437,The Salad Bowl,Quinoa Avocado Salad,Healthy & Salads,2026-05-19 13:46:21,37,Indiranagar,Delivered,5,"Delivered way before time, packaging was excellent!",670,DP_182
OD13422,CUST2773,Cafe Daybreak,Classic Cold Coffee,Continental & Beverages,2026-04-29 21:33:18,48,Jayanagar,Delivered,2,The item delivered was incorrect and lukewarm.,180,DP_146
OD13423,CUST3217,Sweet Retreat,Red Velvet Pastry,Desserts,2026-05-18 21:03:18,63,Malleshwaram,Delivered,1,Missing items in my order and food was cold. Avoid this place!,200,DP_133
OD13424,CUST2739,The Salad Bowl,Quinoa Avocado Salad,Healthy & Salads,2026-05-23 14:06:55,38,Jayanagar,Delivered,4,Overall great experience. Prompt service.,340,DP_139
OD13425,CUST3059,The Golden Dosa,Rava Kesari & Dosa Combo,South Indian,2026-05-19 21:48:32,49,BTM Layout,Delivered,1,"Terrible experience, food was completely spilled inside the bag.",180,DP_139
OD13426,CUST2470,Spice Symphony,Dal Makhani with Jeera Rice,North Indian,2026-05-14 13:04:15,50,Koramangala,Delivered,2,"Not worth the price, portion was very small.",300,DP_129
OD13427,CUST2697,Bella Italia,Garlic Bread with Cheese,Italian,2026-05-12 21:08:47,33,Malleshwaram,Delivered,5,"Extremely satisfied, delivered hot and fresh!",180,DP_195
OD13428,CUST2237,Royal Biryani House,Veg Hyderabadi Biryani,Biryani & Mughlai,2026-05-24 18:13:17,31,Koramangala,Delivered,5,Best meal ever. Highly recommended!,860,DP_124
OD13429,CUST2300,Spice Symphony,Tandoori Chicken Half,North Indian,2026-05-08 12:30:03,34,Indiranagar,Delivered,3,Prompt delivery but taste was average.,400,DP_155
OD13430,CUST3360,Cafe Daybreak,Paneer Tikka Sandwich,Continental & Beverages,2026-05-08 12:00:33,53,Marathahalli,Delivered,1,The food tasted stale and horrible! Threw it in the trash.,410,DP_168
OD13431,CUST2851,Wok & Roll,Chicken Fried Rice & Manchurian,Chinese & Asian,2026-05-21 20:56:06,45,Indiranagar,Delivered,2,The item delivered was incorrect and lukewarm.,620,DP_172
OD13432,CUST3185,Cafe Daybreak,Club Sandwich,Continental & Beverages,2026-05-16 19:11:35,59,Koramangala,Delivered,1,Worst service! Delivered extremely late and completely cold.,230,DP_164
OD13433,CUST2844,Bella Italia,Chicken Alfredo Pasta,Italian,2026-05-22 13:12:18,36,Malleshwaram,Delivered,5,"Delivered way before time, packaging was excellent!",400,DP_192
OD13434,CUST3383,Wok & Roll,Chicken Fried Rice & Manchurian,Chinese & Asian,2026-05-23 19:49:53,50,Indiranagar,Delivered,1,Missing items in my order and food was cold. Avoid this place!,330,DP_104
OD13435,CUST2461,The Golden Dosa,Onion Uttapam,South Indian,2026-05-04 00:33:41,17,Malleshwaram,Delivered,5,Outstanding quality! Will definitely order again.,160,DP_198
OD13436,CUST3174,Spice Symphony,Tandoori Chicken Half,North Indian,2026-05-25 12:31:39,27,BTM Layout,Delivered,3,Prompt delivery but taste was average.,410,DP_177
OD13437,CUST3031,Royal Biryani House,Egg Biryani,Biryani & Mughlai,2026-05-16 14:02:28,47,BTM Layout,Delivered,1,The food tasted stale and horrible! Threw it in the trash.,300,DP_174
OD13438,CUST2175,The Golden Dosa,Filter Coffee & Upma,South Indian,2026-05-09 14:58:03,34,Koramangala,Delivered,2,"Too spicy, couldn't eat it. Disappointed.",150,DP_169
OD13439,CUST2956,Sweet Retreat,Sizzling Brownie,Desserts,2026-05-09 11:53:30,23,Marathahalli,Delivered,5,Best meal ever. Highly recommended!,210,DP_112
OD13440,CUST3101,Burger Bistro,Chicken Nuggets (9 pcs),Fast Food,2026-05-26 23:41:15,28,Jayanagar,Delivered,5,"Perfect taste, clean packaging, and polite delivery partner.",410,DP_158
OD13441,CUST3120,Bella Italia,Veg Arrabiata Penne Pasta,Italian,2026-04-28 22:06:11,35,Koramangala,Delivered,2,"Not worth the price, portion was very small.",360,DP_169
OD13442,CUST2275,Burger Bistro,Classic Cheese Burger & Fries,Fast Food,2026-05-03 22:46:05,41,Indiranagar,Delivered,3,Packaging could have been better. Average taste.,260,DP_120
OD13443,CUST2931,Bella Italia,Garlic Bread with Cheese,Italian,2026-05-02 21:09:36,57,HSR Layout,Delivered,1,Awful experience! Delayed by over an hour and no response.,180,DP_142
OD13444,CUST2571,Sweet Retreat,Sizzling Brownie,Desserts,2026-04-29 13:22:57,34,Indiranagar,Delivered,2,Delivery took almost an hour. Unhappy.,200,DP_127
OD13445,CUST2325,Wok & Roll,Chilli Chicken Gravy,Chinese & Asian,2026-05-11 21:47:54,42,HSR Layout,Delivered,3,The food was decent but arrived a bit cold.,320,DP_122
OD13446,CUST2902,Tandoori Nights,Chicken Seekh Kebab,North Indian,2026-05-07 22:48:09,,Jayanagar,Cancelled,,Delivery partner could not be assigned due to heavy rain,350,DP_193
OD13447,CUST3418,Spice Symphony,Dal Makhani with Jeera Rice,North Indian,2026-05-01 14:38:28,40,Indiranagar,Delivered,3,The food was decent but arrived a bit cold.,330,DP_149
OD13448,CUST2816,Spice Symphony,Paneer Butter Masala Meal,North Indian,2026-05-04 08:27:02,28,Koramangala,Delivered,5,"Delivered way before time, packaging was excellent!",370,DP_145
OD13449,CUST3235,Burger Bistro,Crispy Chicken Burger,Fast Food,2026-05-17 20:43:20,33,Jayanagar,Delivered,4,Overall great experience. Prompt service.,440,DP_124
OD13450,CUST2438,Sweet Retreat,Kulfi Falooda,Desserts,2026-05-10 21:01:33,85,Whitefield,Delivered,1,The food tasted stale and horrible! Threw it in the trash.,410,DP_144
OD13451,CUST2875,Bella Italia,Veg Arrabiata Penne Pasta,Italian,2026-05-16 17:36:49,30,Malleshwaram,Delivered,3,The food was decent but arrived a bit cold.,360,DP_134
OD13452,CUST3190,Spice Symphony,Dal Makhani with Jeera Rice,North Indian,2026-05-07 15:16:37,23,Malleshwaram,Delivered,4,Satisfied with the delivery speed and quality.,310,DP_187
OD13453,CUST3071,The Salad Bowl,Greek Salad,Healthy & Salads,2026-05-21 18:21:33,28,Indiranagar,Delivered,4,"Tasty food, standard delivery. Satisfactory.",500,DP_170
OD13454,CUST3220,Bella Italia,Veg Arrabiata Penne Pasta,Italian,2026-05-24 12:18:26,45,Malleshwaram,Delivered,3,Average food. Nothing special.,340,DP_110
OD13455,CUST2042,Spice Symphony,Paneer Butter Masala Meal,North Indian,2026-05-17 14:20:04,38,Malleshwaram,Delivered,5,"Delivered way before time, packaging was excellent!",360,DP_145
OD13456,CUST3472,Wok & Roll,Chilli Chicken Gravy,Chinese & Asian,2026-05-06 21:17:50,45,Koramangala,Delivered,2,The item delivered was incorrect and lukewarm.,300,DP_180
OD13457,CUST2592,The Golden Dosa,Masala Dosa with Sambar,South Indian,2026-04-27 15:49:46,43,Whitefield,Delivered,2,Taste was disappointing. Packaging was leaked.,170,DP_120
OD13458,CUST3212,Bella Italia,Margherita Pizza 10-inch,Italian,2026-05-23 12:02:48,56,Whitefield,Delivered,1,Missing items in my order and food was cold. Avoid this place!,400,DP_191
OD13459,CUST3211,Spice Symphony,Kadhai Paneer with Roti,North Indian,2026-05-17 10:26:51,26,HSR Layout,Delivered,4,Good taste and neat packaging.,340,DP_158
OD13460,CUST2173,Spice Symphony,Butter Chicken & Naan,North Indian,2026-04-28 00:44:29,23,Indiranagar,Delivered,5,"Perfect taste, clean packaging, and polite delivery partner.",1100,DP_109
OD13461,CUST3412,The Salad Bowl,Greek Salad,Healthy & Salads,2026-05-09 09:33:58,48,Marathahalli,Delivered,3,Average food. Nothing special.,250,DP_132
OD13462,CUST2206,Spice Symphony,Paneer Butter Masala Meal,North Indian,2026-05-02 20:35:53,57,Whitefield,Delivered,2,Food was cold when it arrived.,350,DP_179
OD13463,CUST3119,The Golden Dosa,Onion Uttapam,South Indian,2026-04-30 00:24:58,24,Malleshwaram,Delivered,5,"Amazing food, super fast delivery!",170,DP_156
OD13464,CUST2082,The Golden Dosa,Rava Kesari & Dosa Combo,South Indian,2026-05-22 22:27:14,40,HSR Layout,Delivered,4,"Tasty food, but could be a bit warmer.",170,DP_172
OD13465,CUST3209,Burger Bistro,Loaded Nachos,Fast Food,2026-05-01 10:57:55,38,Malleshwaram,Delivered,5,"Extremely satisfied, delivered hot and fresh!",240,DP_103
OD13466,CUST3219,The Salad Bowl,High-Protein Chicken Salad,Healthy & Salads,2026-05-26 20:57:45,53,Koramangala,Delivered,2,Delivery took almost an hour. Unhappy.,320,DP_167
OD13467,CUST3304,Cafe Daybreak,Club Sandwich,Continental & Beverages,2026-05-16 21:21:00,39,HSR Layout,Delivered,5,"Extremely satisfied, delivered hot and fresh!",260,DP_138
OD13468,CUST2368,Wok & Roll,Veg Hakka Noodles,Chinese & Asian,2026-05-11 18:07:54,21,Whitefield,Delivered,5,"Perfect taste, clean packaging, and polite delivery partner.",260,DP_120
OD13469,CUST2423,Tandoori Nights,Paneer Tikka,North Indian,2026-05-10 17:53:46,24,Malleshwaram,Delivered,5,"Delivered way before time, packaging was excellent!",300,DP_136
OD13470,CUST2023,Sweet Retreat,Red Velvet Pastry,Desserts,2026-05-25 13:27:14,38,Indiranagar,Delivered,3,Packaging could have been better. Average taste.,170,DP_190
OD13471,CUST2358,Tandoori Nights,Tandoori Roti Combo,North Indian,2026-05-19 19:27:41,44,Jayanagar,Delivered,2,Delivery took almost an hour. Unhappy.,210,DP_179
OD13472,CUST3464,Sweet Retreat,Chocolate Lava Cake,Desserts,2026-05-16 14:16:53,67,Marathahalli,Delivered,1,Missing items in my order and food was cold. Avoid this place!,460,DP_182
OD13473,CUST3469,The Golden Dosa,Idli Vada Combo,South Indian,2026-05-03 13:29:32,74,Whitefield,Delivered,2,"Too spicy, couldn't eat it. Disappointed.",150,DP_182
OD13474,CUST2960,The Salad Bowl,Greek Salad,Healthy & Salads,2026-05-14 19:08:31,57,Jayanagar,Delivered,1,Unprofessional delivery partner. Very bad experience.,730,DP_199
OD13475,CUST3287,Bella Italia,Margherita Pizza 10-inch,Italian,2026-05-01 19:54:19,62,Whitefield,Delivered,1,"Terrible experience, food was completely spilled inside the bag.",400,DP_150
OD13476,CUST3133,Royal Biryani House,Mutton Biryani,Biryani & Mughlai,2026-05-07 20:13:22,65,BTM Layout,Delivered,1,"Terrible experience, food was completely spilled inside the bag.",480,DP_154
OD13477,CUST3227,The Salad Bowl,High-Protein Chicken Salad,Healthy & Salads,2026-05-25 19:42:00,61,Whitefield,Delivered,1,Awful experience! Delayed by over an hour and no response.,330,DP_190
OD13478,CUST2956,The Salad Bowl,Caesar Salad,Healthy & Salads,2026-05-18 17:00:06,24,Jayanagar,Delivered,5,"Delivered way before time, packaging was excellent!",260,DP_112
OD13479,CUST2222,The Salad Bowl,Quinoa Avocado Salad,Healthy & Salads,2026-05-05 12:04:07,46,Marathahalli,Delivered,2,Food was cold when it arrived.,360,DP_170
OD13480,CUST2771,Wok & Roll,Veg Spring Rolls (6 pcs),Chinese & Asian,2026-05-25 17:47:38,34,HSR Layout,Delivered,5,"Perfect taste, clean packaging, and polite delivery partner.",200,DP_116
OD13481,CUST3237,Cafe Daybreak,Club Sandwich,Continental & Beverages,2026-04-27 07:29:31,37,Whitefield,Delivered,4,Satisfied with the delivery speed and quality.,250,DP_118
OD13482,CUST3159,Bella Italia,Chicken Alfredo Pasta,Italian,2026-05-14 01:40:33,29,HSR Layout,Delivered,5,Best meal ever. Highly recommended!,410,DP_149
OD13483,CUST2912,The Salad Bowl,Quinoa Avocado Salad,Healthy & Salads,2026-05-04 08:03:29,36,Marathahalli,Delivered,3,Packaging could have been better. Average taste.,340,DP_130
OD13484,CUST2161,Bella Italia,Margherita Pizza 10-inch,Italian,2026-05-25 13:37:14,42,Indiranagar,Delivered,1,Unprofessional delivery partner. Very bad experience.,410,DP_149
OD13485,CUST2408,Cafe Daybreak,Iced Latte,Continental & Beverages,2026-05-06 20:08:44,52,Marathahalli,Delivered,3,Packaging could have been better. Average taste.,340,DP_140
OD13486,CUST2532,Wok & Roll,Veg Spring Rolls (6 pcs),Chinese & Asian,2026-05-07 11:32:37,25,Malleshwaram,Delivered,3,Packaging could have been better. Average taste.,200,DP_121
OD13487,CUST3155,Cafe Daybreak,Classic Cold Coffee,Continental & Beverages,2026-05-06 14:44:18,37,Indiranagar,Delivered,5,"Amazing food, super fast delivery!",180,DP_194
OD13488,CUST2615,Tandoori Nights,Butter Chicken Combo Meal,North Indian,2026-05-23 18:33:20,24,Jayanagar,Delivered,5,"Delivered way before time, packaging was excellent!",380,DP_148
OD13489,CUST3120,The Salad Bowl,Greek Salad,Healthy & Salads,2026-05-24 20:15:36,59,Marathahalli,Delivered,1,The food tasted stale and horrible! Threw it in the trash.,510,DP_131
OD13490,CUST3341,Burger Bistro,Spicy Paneer Wrap,Fast Food,2026-05-02 21:23:25,74,Whitefield,Delivered,1,The food tasted stale and horrible! Threw it in the trash.,400,DP_159
OD13491,CUST2638,Burger Bistro,Loaded Nachos,Fast Food,2026-04-30 12:06:47,38,Koramangala,Delivered,5,Outstanding quality! Will definitely order again.,270,DP_109
OD13492,CUST2748,Cafe Daybreak,Iced Latte,Continental & Beverages,2026-05-17 12:21:05,55,Marathahalli,Delivered,3,Prompt delivery but taste was average.,200,DP_155
OD13493,CUST2975,The Golden Dosa,Onion Uttapam,South Indian,2026-05-18 21:13:22,39,Koramangala,Delivered,4,"Tasty food, but could be a bit warmer.",290,DP_108
OD13494,CUST2678,The Salad Bowl,Quinoa Avocado Salad,Healthy & Salads,2026-05-10 20:12:43,54,Whitefield,Delivered,2,"Too spicy, couldn't eat it. Disappointed.",370,DP_116
OD13495,CUST3126,The Salad Bowl,Fresh Fruit Bowl,Healthy & Salads,2026-05-01 20:30:30,57,Marathahalli,Delivered,1,Worst service! Delivered extremely late and completely cold.,230,DP_114
OD13496,CUST3420,Tandoori Nights,Tandoori Roti Combo,North Indian,2026-05-09 14:37:06,47,HSR Layout,Delivered,2,Delivery took almost an hour. Unhappy.,400,DP_194
OD13497,CUST2597,The Golden Dosa,Onion Uttapam,South Indian,2026-05-21 21:05:20,51,BTM Layout,Delivered,1,The food tasted stale and horrible! Threw it in the trash.,160,DP_197
OD13498,CUST2793,Royal Biryani House,Chicken Dum Biryani,Biryani & Mughlai,2026-05-18 20:45:15,36,BTM Layout,Delivered,4,Decent portion size and good taste. Recommended.,380,DP_132
OD13499,CUST2667,Royal Biryani House,Mutton Biryani,Biryani & Mughlai,2026-05-08 15:12:44,37,Indiranagar,Delivered,4,Satisfied with the delivery speed and quality.,470,DP_157
OD13500,CUST2161,Bella Italia,Garlic Bread with Cheese,Italian,2026-05-06 21:12:01,,Indiranagar,Cancelled,,Customer cancelled the order,190,DP_160
OD13501,CUST2691,Sweet Retreat,Sizzling Brownie,Desserts,2026-05-25 13:26:52,44,Marathahalli,Delivered,3,"Food was okay, but delivery took some time.",220,DP_113
OD13502,CUST2752,Wok & Roll,Chicken Fried Rice & Manchurian,Chinese & Asian,2026-05-11 20:29:44,46,BTM Layout,Delivered,4,Overall great experience. Prompt service.,320,DP_152
OD13503,CUST2048,Sweet Retreat,Sizzling Brownie,Desserts,2026-05-15 19:22:01,63,Marathahalli,Delivered,1,"Terrible experience, food was completely spilled inside the bag.",200,DP_192
OD13504,CUST2840,Burger Bistro,Spicy Paneer Wrap,Fast Food,2026-05-21 22:31:17,46,Koramangala,Delivered,2,Food was cold when it arrived.,390,DP_184
OD13505,CUST3382,Bella Italia,Chicken Alfredo Pasta,Italian,2026-05-03 13:50:49,31,BTM Layout,Delivered,4,Good taste and neat packaging.,400,DP_107
OD13506,CUST3052,Sweet Retreat,Chocolate Lava Cake,Desserts,2026-05-14 11:13:45,16,HSR Layout,Delivered,5,"Delivered way before time, packaging was excellent!",170,DP_162
OD13507,CUST2452,Cafe Daybreak,Club Sandwich,Continental & Beverages,2026-05-01 09:21:00,34,Koramangala,Delivered,4,"Tasty food, standard delivery. Satisfactory.",680,DP_168
OD13508,CUST2017,The Golden Dosa,Filter Coffee & Upma,South Indian,2026-05-18 21:47:08,34,HSR Layout,Delivered,5,Outstanding quality! Will definitely order again.,160,DP_153
OD13509,CUST3406,Cafe Daybreak,Classic Cold Coffee,Continental & Beverages,2026-05-23 15:27:21,30,Koramangala,Delivered,5,"Delivered way before time, packaging was excellent!",170,DP_163
OD13510,CUST2944,Bella Italia,Garlic Bread with Cheese,Italian,2026-05-19 22:47:31,50,BTM Layout,Delivered,3,Packaging could have been better. Average taste.,180,DP_124
OD13511,CUST2867,Burger Bistro,Classic Cheese Burger & Fries,Fast Food,2026-05-21 21:40:49,46,Marathahalli,Delivered,3,Packaging could have been better. Average taste.,270,DP_115
OD13512,CUST2196,Burger Bistro,Spicy Paneer Wrap,Fast Food,2026-05-14 09:47:12,21,Jayanagar,Delivered,5,Outstanding quality! Will definitely order again.,210,DP_116
OD13513,CUST2581,The Salad Bowl,Caesar Salad,Healthy & Salads,2026-05-10 21:32:28,,Marathahalli,Cancelled,,Customer cancelled the order,280,DP_158
OD13514,CUST3323,Bella Italia,Farmhouse Veg Pizza,Italian,2026-05-14 11:32:54,44,Malleshwaram,Delivered,2,Food was cold when it arrived.,460,DP_128
OD13515,CUST2261,Burger Bistro,Spicy Paneer Wrap,Fast Food,2026-05-05 21:57:49,,Marathahalli,Cancelled,,Delivery partner could not be assigned due to heavy rain,230,DP_108
OD13516,CUST2134,Burger Bistro,Classic Cheese Burger & Fries,Fast Food,2026-05-14 20:26:20,48,BTM Layout,Delivered,3,Packaging could have been better. Average taste.,290,DP_180
OD13517,CUST2546,Bella Italia,Farmhouse Veg Pizza,Italian,2026-04-29 12:47:15,51,Whitefield,Delivered,3,Packaging could have been better. Average taste.,860,DP_134
OD13518,CUST2278,Tandoori Nights,Butter Chicken Combo Meal,North Indian,2026-05-08 16:10:45,38,Indiranagar,Delivered,3,Prompt delivery but taste was average.,770,DP_154
OD13519,CUST2478,Wok & Roll,Chilli Chicken Gravy,Chinese & Asian,2026-05-06 21:02:55,50,Jayanagar,Delivered,2,Food was cold when it arrived.,330,DP_126
OD13520,CUST3065,Royal Biryani House,Chicken Dum Biryani,Biryani & Mughlai,2026-05-26 13:39:47,50,Whitefield,Delivered,2,"Not worth the price, portion was very small.",690,DP_143
OD13521,CUST2406,Royal Biryani House,Chicken Dum Biryani,Biryani & Mughlai,2026-05-09 13:27:44,65,Marathahalli,Delivered,1,Awful experience! Delayed by over an hour and no response.,350,DP_113
OD13522,CUST3316,Tandoori Nights,Tandoori Roti Combo,North Indian,2026-05-13 19:46:31,61,Marathahalli,Delivered,2,Taste was disappointing. Packaging was leaked.,220,DP_160
OD13523,CUST2178,Sweet Retreat,Kulfi Falooda,Desserts,2026-05-24 19:59:24,56,HSR Layout,Delivered,1,Awful experience! Delayed by over an hour and no response.,310,DP_129
OD13524,CUST3481,Wok & Roll,Chicken Fried Rice & Manchurian,Chinese & Asian,2026-05-24 16:42:38,17,Jayanagar,Delivered,4,Overall great experience. Prompt service.,340,DP_119
OD13525,CUST2124,Wok & Roll,Veg Hakka Noodles,Chinese & Asian,2026-04-30 13:10:02,49,Malleshwaram,Delivered,3,Portion size was small for the price.,470,DP_153
OD13526,CUST2365,Tandoori Nights,Malai Kofta & Lachha Paratha,North Indian,2026-05-04 20:40:48,32,BTM Layout,Delivered,4,"Tasty food, standard delivery. Satisfactory.",380,DP_189
OD13527,CUST3393,Tandoori Nights,Paneer Tikka,North Indian,2026-05-21 13:33:27,26,Malleshwaram,Delivered,4,Satisfied with the delivery speed and quality.,330,DP_151
OD13528,CUST3006,The Salad Bowl,Quinoa Avocado Salad,Healthy & Salads,2026-05-17 14:48:04,38,Jayanagar,Delivered,3,Prompt delivery but taste was average.,350,DP_193
OD13529,CUST3284,Wok & Roll,Schezwan Noodles,Chinese & Asian,2026-05-26 08:55:58,28,Indiranagar,Delivered,4,Good taste and neat packaging.,270,DP_105
OD13530,CUST2639,Spice Symphony,Butter Chicken & Naan,North Indian,2026-05-18 17:13:25,21,Jayanagar,Delivered,5,Outstanding quality! Will definitely order again.,740,DP_124
OD13531,CUST2159,Wok & Roll,Schezwan Noodles,Chinese & Asian,2026-05-06 21:28:07,35,Malleshwaram,Delivered,4,Satisfied with the delivery speed and quality.,490,DP_151
OD13532,CUST3241,Bella Italia,Chicken Alfredo Pasta,Italian,2026-05-23 10:08:31,30,Jayanagar,Delivered,5,"Amazing food, super fast delivery!",1110,DP_170
OD13533,CUST2984,Burger Bistro,Classic Cheese Burger & Fries,Fast Food,2026-05-10 13:14:09,38,Jayanagar,Delivered,4,Satisfied with the delivery speed and quality.,290,DP_188
OD13534,CUST3432,Burger Bistro,Classic Cheese Burger & Fries,Fast Food,2026-04-29 13:30:03,51,BTM Layout,Delivered,3,"Food was okay, but delivery took some time.",290,DP_141
OD13535,CUST2905,Cafe Daybreak,Hot Chocolate,Continental & Beverages,2026-05-18 21:29:07,47,HSR Layout,Delivered,3,The food was decent but arrived a bit cold.,220,DP_109
OD13536,CUST3343,Tandoori Nights,Chicken Seekh Kebab,North Indian,2026-05-24 20:31:40,41,Indiranagar,Delivered,3,"Food was okay, but delivery took some time.",360,DP_101
OD13537,CUST2567,Bella Italia,Veg Arrabiata Penne Pasta,Italian,2026-04-27 20:00:14,37,Malleshwaram,Delivered,4,Overall great experience. Prompt service.,350,DP_165
OD13538,CUST2868,Burger Bistro,Loaded Nachos,Fast Food,2026-05-24 19:34:41,52,Jayanagar,Delivered,2,"Too spicy, couldn't eat it. Disappointed.",240,DP_177
OD13539,CUST3432,Royal Biryani House,Chicken Dum Biryani,Biryani & Mughlai,2026-05-14 21:25:32,47,Malleshwaram,Delivered,3,The food was decent but arrived a bit cold.,360,DP_104
OD13540,CUST3006,Cafe Daybreak,Hot Chocolate,Continental & Beverages,2026-05-19 20:24:56,46,Marathahalli,Delivered,2,"Not worth the price, portion was very small.",210,DP_128
OD13541,CUST2590,Wok & Roll,Veg Hakka Noodles,Chinese & Asian,2026-05-01 12:29:23,31,Indiranagar,Delivered,5,Outstanding quality! Will definitely order again.,460,DP_134
OD13542,CUST3418,Burger Bistro,Classic Cheese Burger & Fries,Fast Food,2026-05-20 19:28:14,52,Koramangala,Delivered,1,Missing items in my order and food was cold. Avoid this place!,280,DP_137
OD13543,CUST2364,Royal Biryani House,Veg Hyderabadi Biryani,Biryani & Mughlai,2026-05-14 12:43:32,24,Indiranagar,Delivered,5,"Delivered way before time, packaging was excellent!",330,DP_162
OD13544,CUST3467,Cafe Daybreak,Paneer Tikka Sandwich,Continental & Beverages,2026-05-04 19:53:24,45,Malleshwaram,Delivered,2,The item delivered was incorrect and lukewarm.,240,DP_178
OD13545,CUST2459,Tandoori Nights,Paneer Tikka,North Indian,2026-05-13 17:27:35,43,Whitefield,Delivered,2,Taste was disappointing. Packaging was leaked.,310,DP_171
OD13546,CUST2307,Burger Bistro,Loaded Nachos,Fast Food,2026-05-24 20:34:06,42,BTM Layout,Delivered,3,The food was decent but arrived a bit cold.,270,DP_145
OD13547,CUST3236,Tandoori Nights,Paneer Tikka,North Indian,2026-05-17 14:07:37,44,Indiranagar,Delivered,3,"Food was okay, but delivery took some time.",330,DP_149
OD13548,CUST2593,Royal Biryani House,Chicken Tikka Biryani,Biryani & Mughlai,2026-05-09 17:46:09,39,BTM Layout,Delivered,5,"Amazing food, super fast delivery!",760,DP_185
OD13549,CUST2921,The Salad Bowl,Greek Salad,Healthy & Salads,2026-05-14 21:28:42,60,Whitefield,Delivered,1,"Terrible experience, food was completely spilled inside the bag.",280,DP_190
OD13550,CUST2093,Burger Bistro,Loaded Nachos,Fast Food,2026-05-22 19:36:14,62,Whitefield,Delivered,1,The food tasted stale and horrible! Threw it in the trash.,270,DP_105
OD13551,CUST2525,Royal Biryani House,Egg Biryani,Biryani & Mughlai,2026-05-05 23:44:30,21,Malleshwaram,Delivered,5,"Extremely satisfied, delivered hot and fresh!",290,DP_125
OD13552,CUST3241,The Golden Dosa,Filter Coffee & Upma,South Indian,2026-04-29 12:37:19,51,Indiranagar,Delivered,3,Packaging could have been better. Average taste.,160,DP_152
OD13553,CUST2826,Wok & Roll,Veg Spring Rolls (6 pcs),Chinese & Asian,2026-05-22 15:44:33,32,Marathahalli,Delivered,3,The food was decent but arrived a bit cold.,210,DP_105
OD13554,CUST2613,Wok & Roll,Veg Spring Rolls (6 pcs),Chinese & Asian,2026-05-24 20:01:37,64,BTM Layout,Delivered,1,Awful experience! Delayed by over an hour and no response.,200,DP_156
OD13555,CUST2642,Spice Symphony,Dal Makhani with Jeera Rice,North Indian,2026-05-06 18:29:47,36,Whitefield,Delivered,4,"Tasty food, but could be a bit warmer.",320,DP_145
OD13556,CUST2588,Burger Bistro,Crispy Chicken Burger,Fast Food,2026-05-09 10:03:31,34,Malleshwaram,Delivered,5,Outstanding quality! Will definitely order again.,670,DP_193
OD13557,CUST3429,The Salad Bowl,High-Protein Chicken Salad,Healthy & Salads,2026-04-29 20:20:59,37,Whitefield,Delivered,5,Best meal ever. Highly recommended!,630,DP_131
OD13558,CUST2745,Spice Symphony,Tandoori Chicken Half,North Indian,2026-05-19 17:36:15,16,Indiranagar,Delivered,5,"Delivered way before time, packaging was excellent!",810,DP_141
OD13559,CUST2773,Tandoori Nights,Chicken Seekh Kebab,North Indian,2026-05-24 08:48:56,23,Indiranagar,Delivered,5,"Delivered way before time, packaging was excellent!",360,DP_164
OD13560,CUST3401,The Golden Dosa,Rava Kesari & Dosa Combo,South Indian,2026-05-04 21:57:42,46,HSR Layout,Delivered,3,Packaging could have been better. Average taste.,190,DP_119
OD13561,CUST2694,Royal Biryani House,Mutton Biryani,Biryani & Mughlai,2026-05-14 23:19:17,31,Koramangala,Delivered,4,Overall great experience. Prompt service.,470,DP_125
OD13562,CUST3344,The Golden Dosa,Onion Uttapam,South Indian,2026-04-28 13:05:20,32,BTM Layout,Delivered,5,"Perfect taste, clean packaging, and polite delivery partner.",160,DP_175
OD13563,CUST3380,The Salad Bowl,Fresh Fruit Bowl,Healthy & Salads,2026-05-10 21:13:26,49,Koramangala,Delivered,3,Average food. Nothing special.,200,DP_184
OD13564,CUST3444,Cafe Daybreak,Club Sandwich,Continental & Beverages,2026-05-18 14:50:38,,Whitefield,Cancelled,,Delivery partner could not be assigned due to heavy rain,240,DP_168
OD13565,CUST2142,Bella Italia,Veg Arrabiata Penne Pasta,Italian,2026-05-22 18:38:48,33,BTM Layout,Delivered,4,Decent portion size and good taste. Recommended.,360,DP_118
OD13566,CUST2588,Spice Symphony,Dal Makhani with Jeera Rice,North Indian,2026-05-09 21:35:59,57,Whitefield,Delivered,1,Unprofessional delivery partner. Very bad experience.,320,DP_196
OD13567,CUST3438,Cafe Daybreak,Hot Chocolate,Continental & Beverages,2026-05-16 22:04:35,39,Jayanagar,Delivered,3,Packaging could have been better. Average taste.,220,DP_135
OD13568,CUST2724,Bella Italia,Farmhouse Veg Pizza,Italian,2026-05-17 21:03:43,63,Marathahalli,Delivered,2,"Not worth the price, portion was very small.",450,DP_133
OD13569,CUST2780,Royal Biryani House,Mutton Biryani,Biryani & Mughlai,2026-05-09 23:37:41,37,Jayanagar,Delivered,4,Good taste and neat packaging.,470,DP_135
OD13570,CUST2284,Wok & Roll,Schezwan Noodles,Chinese & Asian,2026-05-24 14:53:03,46,Marathahalli,Delivered,2,"Not worth the price, portion was very small.",280,DP_104
OD13571,CUST2676,Sweet Retreat,Kulfi Falooda,Desserts,2026-05-12 19:15:37,41,Koramangala,Delivered,3,Prompt delivery but taste was average.,290,DP_178
OD13572,CUST3216,Spice Symphony,Paneer Butter Masala Meal,North Indian,2026-05-22 20:36:46,46,BTM Layout,Delivered,3,Portion size was small for the price.,350,DP_103
OD13573,CUST3019,The Golden Dosa,Rava Kesari & Dosa Combo,South Indian,2026-04-30 08:40:37,21,Indiranagar,Delivered,4,"Tasty food, but could be a bit warmer.",180,DP_117
OD13574,CUST2481,Sweet Retreat,Sizzling Brownie,Desserts,2026-05-24 20:00:39,57,Whitefield,Delivered,1,Worst service! Delivered extremely late and completely cold.,200,DP_113
OD13575,CUST2425,Bella Italia,Farmhouse Veg Pizza,Italian,2026-05-02 18:16:40,30,HSR Layout,Delivered,3,Prompt delivery but taste was average.,450,DP_147
OD13576,CUST2805,The Salad Bowl,Fresh Fruit Bowl,Healthy & Salads,2026-04-28 06:45:23,35,Marathahalli,Delivered,5,Best meal ever. Highly recommended!,220,DP_190
OD13577,CUST2763,Spice Symphony,Butter Chicken & Naan,North Indian,2026-05-14 23:47:51,29,Marathahalli,Delivered,4,Satisfied with the delivery speed and quality.,740,DP_159
OD13578,CUST2930,Tandoori Nights,Malai Kofta & Lachha Paratha,North Indian,2026-05-25 18:33:55,33,Koramangala,Delivered,4,Good taste and neat packaging.,350,DP_145
OD13579,CUST2605,Bella Italia,Farmhouse Veg Pizza,Italian,2026-05-11 09:00:55,29,BTM Layout,Delivered,3,Packaging could have been better. Average taste.,460,DP_147
OD13580,CUST2877,Cafe Daybreak,Classic Cold Coffee,Continental & Beverages,2026-05-04 20:40:43,47,BTM Layout,Delivered,3,Prompt delivery but taste was average.,190,DP_129
OD13581,CUST2722,Tandoori Nights,Butter Chicken Combo Meal,North Indian,2026-05-26 20:08:14,34,Koramangala,Delivered,2,Taste was disappointing. Packaging was leaked.,390,DP_155
OD13582,CUST2635,Tandoori Nights,Chicken Seekh Kebab,North Indian,2026-05-09 21:35:33,53,Whitefield,Delivered,2,"Too spicy, couldn't eat it. Disappointed.",360,DP_152
OD13583,CUST2178,Burger Bistro,Classic Cheese Burger & Fries,Fast Food,2026-05-03 14:07:52,38,Koramangala,Delivered,4,Overall great experience. Prompt service.,260,DP_157
OD13584,CUST2629,Sweet Retreat,Kulfi Falooda,Desserts,2026-05-02 13:39:56,49,Koramangala,Delivered,1,Missing items in my order and food was cold. Avoid this place!,180,DP_162
OD13585,CUST3142,Royal Biryani House,Mutton Biryani,Biryani & Mughlai,2026-05-13 23:59:52,17,Jayanagar,Delivered,5,"Extremely satisfied, delivered hot and fresh!",490,DP_185
OD13586,CUST3426,Sweet Retreat,Gulab Jamun (4 pcs),Desserts,2026-05-05 06:28:12,24,Malleshwaram,Delivered,5,Best meal ever. Highly recommended!,150,DP_120
OD13587,CUST2712,The Salad Bowl,High-Protein Chicken Salad,Healthy & Salads,2026-05-13 21:47:18,31,Jayanagar,Delivered,5,"Extremely satisfied, delivered hot and fresh!",310,DP_120
OD13588,CUST2534,Burger Bistro,Spicy Paneer Wrap,Fast Food,2026-05-08 21:32:27,58,Whitefield,Delivered,1,Worst service! Delivered extremely late and completely cold.,210,DP_140
OD13589,CUST3374,Sweet Retreat,Chocolate Lava Cake,Desserts,2026-05-26 11:19:20,30,Whitefield,Delivered,5,Outstanding quality! Will definitely order again.,330,DP_132
OD13590,CUST2042,The Golden Dosa,Rava Kesari & Dosa Combo,South Indian,2026-05-18 10:43:19,24,Koramangala,Delivered,5,"Delivered way before time, packaging was excellent!",170,DP_145
OD13591,CUST2554,Spice Symphony,Kadhai Paneer with Roti,North Indian,2026-05-12 18:00:39,16,Indiranagar,Delivered,5,"Amazing food, super fast delivery!",350,DP_163
OD13592,CUST3346,Bella Italia,Veg Arrabiata Penne Pasta,Italian,2026-05-15 21:41:22,74,Marathahalli,Delivered,1,Worst service! Delivered extremely late and completely cold.,350,DP_169
OD13593,CUST2957,Royal Biryani House,Chicken Tikka Biryani,Biryani & Mughlai,2026-05-13 07:16:15,30,Koramangala,Delivered,4,Satisfied with the delivery speed and quality.,380,DP_149
OD13594,CUST3462,Royal Biryani House,Mutton Biryani,Biryani & Mughlai,2026-05-16 06:59:01,26,Jayanagar,Delivered,5,"Amazing food, super fast delivery!",470,DP_193
OD13595,CUST3358,Spice Symphony,Tandoori Chicken Half,North Indian,2026-05-20 11:39:39,21,Indiranagar,Delivered,5,Outstanding quality! Will definitely order again.,420,DP_166
OD13596,CUST2109,Spice Symphony,Paneer Butter Masala Meal,North Indian,2026-05-01 21:29:11,59,HSR Layout,Delivered,1,Unprofessional delivery partner. Very bad experience.,370,DP_127
OD13597,CUST2122,Bella Italia,Chicken Alfredo Pasta,Italian,2026-05-07 19:16:29,56,Whitefield,Delivered,2,The item delivered was incorrect and lukewarm.,410,DP_146
OD13598,CUST2750,Bella Italia,Garlic Bread with Cheese,Italian,2026-05-15 18:12:49,20,Jayanagar,Delivered,5,"Delivered way before time, packaging was excellent!",190,DP_148
OD13599,CUST3204,The Salad Bowl,High-Protein Chicken Salad,Healthy & Salads,2026-05-23 08:01:39,39,Malleshwaram,Delivered,4,Good taste and neat packaging.,310,DP_121
OD13600,CUST2530,Wok & Roll,Veg Hakka Noodles,Chinese & Asian,2026-05-22 08:39:54,29,Koramangala,Delivered,5,"Amazing food, super fast delivery!",490,DP_190
OD13601,CUST3313,Royal Biryani House,Veg Hyderabadi Biryani,Biryani & Mughlai,2026-04-28 15:34:48,18,HSR Layout,Delivered,5,Best meal ever. Highly recommended!,590,DP_122
OD13602,CUST3248,Tandoori Nights,Paneer Tikka,North Indian,2026-05-06 14:57:35,30,HSR Layout,Delivered,5,Best meal ever. Highly recommended!,320,DP_120
OD13603,CUST2660,Royal Biryani House,Chicken Tikka Biryani,Biryani & Mughlai,2026-05-09 14:06:10,49,Marathahalli,Delivered,3,Packaging could have been better. Average taste.,410,DP_156
OD13604,CUST2120,Wok & Roll,Veg Hakka Noodles,Chinese & Asian,2026-05-17 08:14:41,33,Malleshwaram,Delivered,4,Overall great experience. Prompt service.,240,DP_146
OD13605,CUST2366,The Golden Dosa,Rava Kesari & Dosa Combo,South Indian,2026-05-07 13:49:48,54,Marathahalli,Delivered,2,The item delivered was incorrect and lukewarm.,180,DP_197
OD13606,CUST3288,Wok & Roll,Veg Spring Rolls (6 pcs),Chinese & Asian,2026-05-01 14:23:55,32,Jayanagar,Delivered,3,Portion size was small for the price.,190,DP_128
OD13607,CUST2355,The Golden Dosa,Rava Kesari & Dosa Combo,South Indian,2026-05-06 20:26:54,44,Indiranagar,Delivered,2,The item delivered was incorrect and lukewarm.,180,DP_156
OD13608,CUST2311,Bella Italia,Farmhouse Veg Pizza,Italian,2026-05-07 16:06:01,16,Indiranagar,Delivered,5,"Amazing food, super fast delivery!",460,DP_186
OD13609,CUST2333,Royal Biryani House,Chicken Dum Biryani,Biryani & Mughlai,2026-05-08 10:06:55,33,BTM Layout,Delivered,5,"Extremely satisfied, delivered hot and fresh!",360,DP_177
OD13610,CUST2532,The Golden Dosa,Rava Kesari & Dosa Combo,South Indian,2026-05-04 19:26:47,36,HSR Layout,Delivered,3,Average food. Nothing special.,480,DP_115
OD13611,CUST2689,Spice Symphony,Dal Makhani with Jeera Rice,North Indian,2026-05-24 17:35:32,32,Indiranagar,Delivered,4,Decent portion size and good taste. Recommended.,330,DP_199
OD13612,CUST2206,Wok & Roll,Chicken Fried Rice & Manchurian,Chinese & Asian,2026-05-26 12:43:25,44,Whitefield,Delivered,2,"Too spicy, couldn't eat it. Disappointed.",330,DP_144
OD13613,CUST2394,The Salad Bowl,Fresh Fruit Bowl,Healthy & Salads,2026-05-25 21:28:05,37,Malleshwaram,Delivered,5,"Extremely satisfied, delivered hot and fresh!",200,DP_132
OD13614,CUST2698,Burger Bistro,Crispy Chicken Burger,Fast Food,2026-05-21 12:24:00,35,HSR Layout,Delivered,2,Taste was disappointing. Packaging was leaked.,260,DP_128
OD13615,CUST2477,Spice Symphony,Kadhai Paneer with Roti,North Indian,2026-04-29 19:23:00,41,Malleshwaram,Delivered,2,"Not worth the price, portion was very small.",360,DP_190
OD13616,CUST3167,Tandoori Nights,Butter Chicken Combo Meal,North Indian,2026-05-17 11:57:40,,Jayanagar,Cancelled,,Delivery address was outside the delivery radius,380,DP_172
OD13617,CUST2559,The Salad Bowl,Caesar Salad,Healthy & Salads,2026-05-18 01:09:18,22,Koramangala,Delivered,4,Overall great experience. Prompt service.,260,DP_147
OD13618,CUST3065,The Salad Bowl,Quinoa Avocado Salad,Healthy & Salads,2026-05-03 12:56:30,66,Indiranagar,Delivered,1,"Terrible experience, food was completely spilled inside the bag.",690,DP_117
OD13619,CUST2756,Cafe Daybreak,Hot Chocolate,Continental & Beverages,2026-05-26 08:45:42,37,BTM Layout,Delivered,5,"Perfect taste, clean packaging, and polite delivery partner.",190,DP_146
OD13620,CUST3262,Bella Italia,Farmhouse Veg Pizza,Italian,2026-05-18 20:47:12,40,Koramangala,Delivered,5,"Amazing food, super fast delivery!",470,DP_103
OD13621,CUST2420,Spice Symphony,Paneer Butter Masala Meal,North Indian,2026-05-26 19:37:48,54,Marathahalli,Delivered,3,Portion size was small for the price.,370,DP_171
OD13622,CUST3068,Bella Italia,Chicken Alfredo Pasta,Italian,2026-05-05 19:49:21,31,HSR Layout,Delivered,3,Prompt delivery but taste was average.,390,DP_195
OD13623,CUST2888,Spice Symphony,Tandoori Chicken Half,North Indian,2026-05-25 18:35:02,23,Jayanagar,Delivered,4,"Tasty food, standard delivery. Satisfactory.",400,DP_107
OD13624,CUST3492,Tandoori Nights,Butter Chicken Combo Meal,North Indian,2026-05-06 20:18:00,52,Marathahalli,Delivered,4,"Tasty food, but could be a bit warmer.",380,DP_108
OD13625,CUST3382,Bella Italia,Farmhouse Veg Pizza,Italian,2026-05-19 15:14:50,,BTM Layout,Cancelled,,Restaurant could not prepare food in time,450,DP_133
OD13626,CUST2375,Royal Biryani House,Egg Biryani,Biryani & Mughlai,2026-05-05 20:44:36,36,HSR Layout,Delivered,4,Good taste and neat packaging.,290,DP_137
OD13627,CUST2593,Royal Biryani House,Veg Hyderabadi Biryani,Biryani & Mughlai,2026-05-19 19:08:23,61,Whitefield,Delivered,1,Awful experience! Delayed by over an hour and no response.,300,DP_174
OD13628,CUST2381,Sweet Retreat,Sizzling Brownie,Desserts,2026-04-30 19:35:06,38,HSR Layout,Delivered,3,"Food was okay, but delivery took some time.",210,DP_120
OD13629,CUST3100,Spice Symphony,Kadhai Paneer with Roti,North Indian,2026-05-16 20:29:37,49,Indiranagar,Delivered,1,Awful experience! Delayed by over an hour and no response.,640,DP_178
OD13630,CUST2652,Tandoori Nights,Chicken Seekh Kebab,North Indian,2026-05-04 11:03:08,23,Marathahalli,Delivered,5,"Delivered way before time, packaging was excellent!",350,DP_127
OD13631,CUST2798,Spice Symphony,Dal Makhani with Jeera Rice,North Indian,2026-05-12 21:35:29,36,HSR Layout,Delivered,4,Good taste and neat packaging.,590,DP_199
OD13632,CUST3403,The Golden Dosa,Rava Kesari & Dosa Combo,South Indian,2026-05-03 22:11:21,59,BTM Layout,Delivered,1,Worst service! Delivered extremely late and completely cold.,180,DP_174
OD13633,CUST2391,Wok & Roll,Veg Hakka Noodles,Chinese & Asian,2026-05-10 18:39:18,24,Jayanagar,Delivered,5,"Extremely satisfied, delivered hot and fresh!",480,DP_121
OD13634,CUST2620,Wok & Roll,Veg Hakka Noodles,Chinese & Asian,2026-05-17 22:19:44,,Koramangala,Cancelled,,Restaurant could not prepare food in time,240,DP_132
OD13635,CUST2729,The Salad Bowl,High-Protein Chicken Salad,Healthy & Salads,2026-04-29 12:19:26,39,Whitefield,Delivered,5,"Perfect taste, clean packaging, and polite delivery partner.",340,DP_143
OD13636,CUST2278,Wok & Roll,Chicken Fried Rice & Manchurian,Chinese & Asian,2026-05-13 20:46:11,45,Malleshwaram,Delivered,3,Packaging could have been better. Average taste.,610,DP_198
OD13637,CUST2728,Sweet Retreat,Sizzling Brownie,Desserts,2026-05-04 14:07:42,,Malleshwaram,Cancelled,,Delivery address was outside the delivery radius,210,DP_101
OD13638,CUST2603,Spice Symphony,Tandoori Chicken Half,North Indian,2026-05-19 22:47:41,34,Koramangala,Delivered,5,Best meal ever. Highly recommended!,410,DP_142
OD13639,CUST3031,Wok & Roll,Veg Hakka Noodles,Chinese & Asian,2026-04-27 10:12:09,25,Malleshwaram,Delivered,4,Decent portion size and good taste. Recommended.,490,DP_182
OD13640,CUST2236,Bella Italia,Margherita Pizza 10-inch,Italian,2026-05-16 19:12:52,52,BTM Layout,Delivered,3,Packaging could have been better. Average taste.,800,DP_139
OD13641,CUST2536,Burger Bistro,Spicy Paneer Wrap,Fast Food,2026-05-17 22:30:39,57,BTM Layout,Delivered,1,The food tasted stale and horrible! Threw it in the trash.,230,DP_162
OD13642,CUST2792,Tandoori Nights,Butter Chicken Combo Meal,North Indian,2026-05-22 09:14:13,44,Whitefield,Delivered,2,Food was cold when it arrived.,390,DP_117
OD13643,CUST2351,The Salad Bowl,Greek Salad,Healthy & Salads,2026-05-24 19:39:06,59,Marathahalli,Delivered,2,"Not worth the price, portion was very small.",280,DP_116
OD13644,CUST2086,Wok & Roll,Veg Spring Rolls (6 pcs),Chinese & Asian,2026-05-01 15:52:26,,HSR Layout,Cancelled,,Item out of stock at restaurant,200,DP_121
OD13645,CUST2939,Tandoori Nights,Malai Kofta & Lachha Paratha,North Indian,2026-04-29 20:36:58,55,BTM Layout,Delivered,2,Taste was disappointing. Packaging was leaked.,350,DP_149
OD13646,CUST2390,Royal Biryani House,Veg Hyderabadi Biryani,Biryani & Mughlai,2026-04-28 21:32:21,36,Indiranagar,Delivered,3,"Food was okay, but delivery took some time.",890,DP_155
OD13647,CUST2585,Sweet Retreat,Chocolate Lava Cake,Desserts,2026-05-03 06:53:41,37,HSR Layout,Delivered,3,The food was decent but arrived a bit cold.,160,DP_130
OD13648,CUST2200,Royal Biryani House,Chicken Tikka Biryani,Biryani & Mughlai,2026-05-01 12:50:13,58,Whitefield,Delivered,1,Awful experience! Delayed by over an hour and no response.,380,DP_148
OD13649,CUST2736,The Golden Dosa,Masala Dosa with Sambar,South Indian,2026-05-16 19:48:47,55,Malleshwaram,Delivered,3,Packaging could have been better. Average taste.,150,DP_132
OD13650,CUST2799,Sweet Retreat,Kulfi Falooda,Desserts,2026-05-17 19:18:11,56,HSR Layout,Delivered,1,Awful experience! Delayed by over an hour and no response.,290,DP_176
OD13651,CUST2533,Cafe Daybreak,Paneer Tikka Sandwich,Continental & Beverages,2026-05-25 15:52:01,18,BTM Layout,Delivered,5,"Delivered way before time, packaging was excellent!",230,DP_168
OD13652,CUST3303,Bella Italia,Garlic Bread with Cheese,Italian,2026-05-19 17:03:11,19,Koramangala,Delivered,5,"Extremely satisfied, delivered hot and fresh!",170,DP_109
OD13653,CUST2487,Wok & Roll,Veg Spring Rolls (6 pcs),Chinese & Asian,2026-05-15 20:07:48,58,Koramangala,Delivered,2,The item delivered was incorrect and lukewarm.,200,DP_190
OD13654,CUST2692,Spice Symphony,Tandoori Chicken Half,North Indian,2026-05-07 07:18:18,30,Whitefield,Delivered,3,"Food was okay, but delivery took some time.",420,DP_122
OD13655,CUST3169,Cafe Daybreak,Club Sandwich,Continental & Beverages,2026-05-17 13:59:07,,BTM Layout,Cancelled,,Delivery address was outside the delivery radius,250,DP_112
OD13656,CUST3213,Wok & Roll,Chilli Chicken Gravy,Chinese & Asian,2026-05-13 20:49:21,47,Koramangala,Delivered,3,Average food. Nothing special.,600,DP_184
OD13657,CUST2402,Sweet Retreat,Chocolate Lava Cake,Desserts,2026-05-18 13:02:15,27,Malleshwaram,Delivered,4,Decent portion size and good taste. Recommended.,460,DP_153
OD13658,CUST2549,The Golden Dosa,Rava Kesari & Dosa Combo,South Indian,2026-04-29 20:14:20,29,Malleshwaram,Delivered,4,Overall great experience. Prompt service.,180,DP_167
OD13659,CUST3464,The Salad Bowl,Greek Salad,Healthy & Salads,2026-04-30 21:10:43,49,Indiranagar,Delivered,2,The item delivered was incorrect and lukewarm.,500,DP_113
OD13660,CUST2207,Burger Bistro,Loaded Nachos,Fast Food,2026-05-23 10:23:33,34,Koramangala,Delivered,4,"Tasty food, but could be a bit warmer.",260,DP_116
OD13661,CUST2392,Burger Bistro,Crispy Chicken Burger,Fast Food,2026-05-13 19:06:50,38,Jayanagar,Delivered,4,Overall great experience. Prompt service.,470,DP_107
OD13662,CUST2879,Wok & Roll,Veg Hakka Noodles,Chinese & Asian,2026-05-01 17:25:35,36,HSR Layout,Delivered,4,"Tasty food, standard delivery. Satisfactory.",270,DP_160
OD13663,CUST2942,The Golden Dosa,Filter Coffee & Upma,South Indian,2026-05-14 13:31:42,48,Malleshwaram,Delivered,4,"Tasty food, standard delivery. Satisfactory.",140,DP_196
OD13664,CUST3468,Bella Italia,Farmhouse Veg Pizza,Italian,2026-05-14 06:33:10,,Koramangala,Cancelled,,Restaurant could not prepare food in time,440,DP_128
OD13665,CUST3443,The Golden Dosa,Rava Kesari & Dosa Combo,South Indian,2026-05-25 21:53:47,28,Jayanagar,Delivered,5,Best meal ever. Highly recommended!,330,DP_195
OD13666,CUST3162,Sweet Retreat,Kulfi Falooda,Desserts,2026-05-07 19:14:19,28,Indiranagar,Delivered,4,"Tasty food, standard delivery. Satisfactory.",170,DP_198
OD13667,CUST3496,Tandoori Nights,Paneer Tikka,North Indian,2026-05-05 10:23:05,27,Koramangala,Delivered,5,Best meal ever. Highly recommended!,320,DP_126
OD13668,CUST2800,The Golden Dosa,Onion Uttapam,South Indian,2026-05-20 15:46:17,31,BTM Layout,Delivered,4,"Tasty food, but could be a bit warmer.",150,DP_140
OD13669,CUST3313,Spice Symphony,Kadhai Paneer with Roti,North Indian,2026-05-21 18:53:56,17,Koramangala,Delivered,5,"Delivered way before time, packaging was excellent!",340,DP_166
OD13670,CUST2287,Wok & Roll,Schezwan Noodles,Chinese & Asian,2026-05-08 17:54:59,35,Jayanagar,Delivered,4,Decent portion size and good taste. Recommended.,270,DP_164
OD13671,CUST2840,Wok & Roll,Chilli Chicken Gravy,Chinese & Asian,2026-05-18 22:37:43,38,Jayanagar,Delivered,5,"Delivered way before time, packaging was excellent!",300,DP_115
OD13672,CUST2059,The Golden Dosa,Onion Uttapam,South Indian,2026-05-23 18:24:15,29,Malleshwaram,Delivered,4,Overall great experience. Prompt service.,180,DP_118
OD13673,CUST3052,Bella Italia,Margherita Pizza 10-inch,Italian,2026-05-21 21:23:44,47,Malleshwaram,Delivered,3,Portion size was small for the price.,800,DP_112
OD13674,CUST2787,Bella Italia,Margherita Pizza 10-inch,Italian,2026-05-10 17:21:29,35,Koramangala,Delivered,3,Average food. Nothing special.,420,DP_111
OD13675,CUST2215,Cafe Daybreak,Club Sandwich,Continental & Beverages,2026-05-15 16:40:37,31,HSR Layout,Delivered,5,"Extremely satisfied, delivered hot and fresh!",240,DP_153
OD13676,CUST2943,The Salad Bowl,Caesar Salad,Healthy & Salads,2026-05-24 21:51:40,41,Jayanagar,Delivered,3,The food was decent but arrived a bit cold.,270,DP_169
OD13677,CUST3416,Cafe Daybreak,Iced Latte,Continental & Beverages,2026-05-01 12:38:55,41,Malleshwaram,Delivered,4,"Tasty food, standard delivery. Satisfactory.",200,DP_170
OD13678,CUST2007,The Golden Dosa,Idli Vada Combo,South Indian,2026-04-27 13:03:15,37,Malleshwaram,Delivered,3,The food was decent but arrived a bit cold.,130,DP_154
OD13679,CUST3162,Spice Symphony,Butter Chicken & Naan,North Indian,2026-05-10 14:00:09,53,Marathahalli,Delivered,2,Taste was disappointing. Packaging was leaked.,720,DP_158
OD13680,CUST2096,Tandoori Nights,Malai Kofta & Lachha Paratha,North Indian,2026-05-11 20:36:00,34,Jayanagar,Delivered,5,"Delivered way before time, packaging was excellent!",360,DP_151
OD13681,CUST3179,The Golden Dosa,Filter Coffee & Upma,South Indian,2026-05-13 20:12:24,44,HSR Layout,Delivered,2,"Not worth the price, portion was very small.",160,DP_153
OD13682,CUST2912,Sweet Retreat,Chocolate Lava Cake,Desserts,2026-05-16 15:59:43,30,Jayanagar,Delivered,4,Overall great experience. Prompt service.,190,DP_187
OD13683,CUST2558,Cafe Daybreak,Classic Cold Coffee,Continental & Beverages,2026-05-05 09:08:16,35,Marathahalli,Delivered,3,Average food. Nothing special.,170,DP_121
OD13684,CUST2741,Spice Symphony,Kadhai Paneer with Roti,North Indian,2026-05-07 07:27:10,31,Jayanagar,Delivered,5,"Perfect taste, clean packaging, and polite delivery partner.",670,DP_138
OD13685,CUST3478,Cafe Daybreak,Classic Cold Coffee,Continental & Beverages,2026-05-15 20:55:01,47,Koramangala,Delivered,4,Overall great experience. Prompt service.,200,DP_129
OD13686,CUST3465,The Golden Dosa,Rava Kesari & Dosa Combo,South Indian,2026-05-05 21:52:42,35,Jayanagar,Delivered,4,Good taste and neat packaging.,320,DP_128
OD13687,CUST2637,Spice Symphony,Dal Makhani with Jeera Rice,North Indian,2026-05-10 20:12:50,61,Marathahalli,Delivered,2,"Too spicy, couldn't eat it. Disappointed.",320,DP_157
OD13688,CUST2477,Spice Symphony,Kadhai Paneer with Roti,North Indian,2026-05-07 20:19:25,43,Jayanagar,Delivered,1,Worst service! Delivered extremely late and completely cold.,330,DP_132
OD13689,CUST3217,Burger Bistro,Spicy Paneer Wrap,Fast Food,2026-04-30 18:51:45,51,Whitefield,Delivered,2,Food was cold when it arrived.,590,DP_108
OD13690,CUST3174,Tandoori Nights,Chicken Seekh Kebab,North Indian,2026-05-10 08:01:38,24,Marathahalli,Delivered,4,Satisfied with the delivery speed and quality.,350,DP_116
OD13691,CUST3494,Royal Biryani House,Veg Hyderabadi Biryani,Biryani & Mughlai,2026-04-28 23:46:40,23,Indiranagar,Delivered,5,"Delivered way before time, packaging was excellent!",330,DP_119
OD13692,CUST3440,Burger Bistro,Spicy Paneer Wrap,Fast Food,2026-05-06 13:22:27,41,BTM Layout,Delivered,3,Packaging could have been better. Average taste.,200,DP_188
OD13693,CUST2321,Sweet Retreat,Gulab Jamun (4 pcs),Desserts,2026-04-30 17:34:36,18,HSR Layout,Delivered,5,Outstanding quality! Will definitely order again.,130,DP_172
OD13694,CUST2942,Spice Symphony,Butter Chicken & Naan,North Indian,2026-05-19 20:42:29,42,HSR Layout,Delivered,2,Taste was disappointing. Packaging was leaked.,400,DP_101
OD13695,CUST3245,Wok & Roll,Chicken Fried Rice & Manchurian,Chinese & Asian,2026-05-12 21:26:31,37,Malleshwaram,Delivered,4,"Tasty food, but could be a bit warmer.",340,DP_179
OD13696,CUST2382,Bella Italia,Margherita Pizza 10-inch,Italian,2026-05-01 16:35:38,30,Indiranagar,Delivered,4,Overall great experience. Prompt service.,1180,DP_163
OD13697,CUST2896,Burger Bistro,Loaded Nachos,Fast Food,2026-05-09 21:23:05,44,HSR Layout,Delivered,2,"Too spicy, couldn't eat it. Disappointed.",270,DP_136
OD13698,CUST3337,Tandoori Nights,Butter Chicken Combo Meal,North Indian,2026-05-01 12:33:31,49,Whitefield,Delivered,3,Portion size was small for the price.,1100,DP_142
OD13699,CUST3285,The Golden Dosa,Rava Kesari & Dosa Combo,South Indian,2026-05-11 13:26:49,57,Whitefield,Delivered,1,The food tasted stale and horrible! Threw it in the trash.,200,DP_175
OD13700,CUST2138,Cafe Daybreak,Classic Cold Coffee,Continental & Beverages,2026-05-24 19:26:03,59,BTM Layout,Delivered,1,Unprofessional delivery partner. Very bad experience.,180,DP_186
OD13701,CUST3496,Royal Biryani House,Chicken Dum Biryani,Biryani & Mughlai,2026-05-23 14:34:18,40,BTM Layout,Delivered,4,Overall great experience. Prompt service.,350,DP_123
OD13702,CUST2190,Cafe Daybreak,Paneer Tikka Sandwich,Continental & Beverages,2026-04-29 11:18:57,30,Koramangala,Delivered,4,"Tasty food, standard delivery. Satisfactory.",400,DP_187
OD13703,CUST3262,Cafe Daybreak,Paneer Tikka Sandwich,Continental & Beverages,2026-05-10 13:06:58,47,Jayanagar,Delivered,4,Good taste and neat packaging.,240,DP_156
OD13704,CUST2717,Tandoori Nights,Paneer Tikka,North Indian,2026-05-25 21:21:23,38,HSR Layout,Delivered,5,Best meal ever. Highly recommended!,330,DP_124
OD13705,CUST2767,Burger Bistro,Crispy Chicken Burger,Fast Food,2026-05-14 17:50:59,22,Whitefield,Delivered,5,"Amazing food, super fast delivery!",250,DP_141
OD13706,CUST2369,Royal Biryani House,Egg Biryani,Biryani & Mughlai,2026-04-29 18:03:09,20,Koramangala,Delivered,5,"Perfect taste, clean packaging, and polite delivery partner.",280,DP_196
OD13707,CUST3093,Bella Italia,Farmhouse Veg Pizza,Italian,2026-05-07 14:43:31,50,Whitefield,Delivered,3,Prompt delivery but taste was average.,1300,DP_138
OD13708,CUST2140,Wok & Roll,Chicken Fried Rice & Manchurian,Chinese & Asian,2026-05-23 19:26:24,43,Jayanagar,Delivered,2,Taste was disappointing. Packaging was leaked.,890,DP_180
OD13709,CUST2557,The Salad Bowl,Fresh Fruit Bowl,Healthy & Salads,2026-05-15 23:29:57,35,Marathahalli,Delivered,4,"Tasty food, standard delivery. Satisfactory.",230,DP_166
OD13710,CUST2389,Sweet Retreat,Chocolate Lava Cake,Desserts,2026-05-09 21:33:17,61,Marathahalli,Delivered,1,Worst service! Delivered extremely late and completely cold.,180,DP_173
OD13711,CUST3175,Bella Italia,Farmhouse Veg Pizza,Italian,2026-05-01 21:27:18,57,BTM Layout,Delivered,1,Unprofessional delivery partner. Very bad experience.,440,DP_193
OD13712,CUST2797,Wok & Roll,Veg Hakka Noodles,Chinese & Asian,2026-05-18 22:37:11,39,Malleshwaram,Delivered,3,Prompt delivery but taste was average.,260,DP_140
OD13713,CUST3057,The Golden Dosa,Masala Dosa with Sambar,South Indian,2026-05-21 08:41:06,26,HSR Layout,Delivered,5,Best meal ever. Highly recommended!,140,DP_183
OD13714,CUST3044,Bella Italia,Margherita Pizza 10-inch,Italian,2026-05-18 14:14:31,42,Indiranagar,Delivered,3,Prompt delivery but taste was average.,400,DP_101
OD13715,CUST2111,Spice Symphony,Paneer Butter Masala Meal,North Indian,2026-05-04 13:55:29,29,Jayanagar,Delivered,5,"Delivered way before time, packaging was excellent!",370,DP_131
OD13716,CUST2635,The Salad Bowl,High-Protein Chicken Salad,Healthy & Salads,2026-04-28 21:13:08,70,Whitefield,Delivered,1,The food tasted stale and horrible! Threw it in the trash.,900,DP_130
OD13717,CUST2915,The Salad Bowl,Greek Salad,Healthy & Salads,2026-05-14 12:39:27,32,Jayanagar,Delivered,5,Outstanding quality! Will definitely order again.,270,DP_198
OD13718,CUST2191,Royal Biryani House,Chicken Dum Biryani,Biryani & Mughlai,2026-05-13 19:12:47,31,HSR Layout,Delivered,5,"Amazing food, super fast delivery!",370,DP_189
OD13719,CUST2262,Burger Bistro,Chicken Nuggets (9 pcs),Fast Food,2026-04-28 17:53:39,30,HSR Layout,Delivered,3,Portion size was small for the price.,240,DP_139
OD13720,CUST2961,Burger Bistro,Loaded Nachos,Fast Food,2026-05-23 10:51:48,43,BTM Layout,Delivered,2,"Too spicy, couldn't eat it. Disappointed.",680,DP_168
OD13721,CUST2612,Royal Biryani House,Egg Biryani,Biryani & Mughlai,2026-05-22 16:14:36,28,Jayanagar,Delivered,5,"Amazing food, super fast delivery!",560,DP_155
OD13722,CUST2026,Tandoori Nights,Chicken Seekh Kebab,North Indian,2026-05-08 18:30:08,34,BTM Layout,Delivered,4,Good taste and neat packaging.,350,DP_125
OD13723,CUST2384,Sweet Retreat,Chocolate Lava Cake,Desserts,2026-04-30 20:11:15,58,Malleshwaram,Delivered,1,Missing items in my order and food was cold. Avoid this place!,190,DP_121
OD13724,CUST2511,The Salad Bowl,Greek Salad,Healthy & Salads,2026-05-12 07:41:39,33,Marathahalli,Delivered,4,"Tasty food, standard delivery. Satisfactory.",500,DP_175
OD13725,CUST3292,The Golden Dosa,Filter Coffee & Upma,South Indian,2026-05-18 23:15:22,20,BTM Layout,Delivered,4,"Tasty food, but could be a bit warmer.",260,DP_119
OD13726,CUST2150,The Golden Dosa,Masala Dosa with Sambar,South Indian,2026-04-28 22:02:34,30,HSR Layout,Delivered,5,Outstanding quality! Will definitely order again.,290,DP_123
OD13727,CUST2088,Cafe Daybreak,Classic Cold Coffee,Continental & Beverages,2026-05-21 07:36:33,21,Indiranagar,Delivered,4,Good taste and neat packaging.,190,DP_138
OD13728,CUST2032,The Golden Dosa,Rava Kesari & Dosa Combo,South Indian,2026-05-11 21:57:36,38,Koramangala,Delivered,5,Best meal ever. Highly recommended!,180,DP_199
OD13729,CUST2858,Burger Bistro,Classic Cheese Burger & Fries,Fast Food,2026-05-10 20:11:29,61,Whitefield,Delivered,1,The food tasted stale and horrible! Threw it in the trash.,280,DP_116
OD13730,CUST3411,Bella Italia,Veg Arrabiata Penne Pasta,Italian,2026-05-11 20:03:59,70,Marathahalli,Delivered,1,Missing items in my order and food was cold. Avoid this place!,340,DP_120
OD13731,CUST3247,Bella Italia,Veg Arrabiata Penne Pasta,Italian,2026-05-10 14:25:49,38,Jayanagar,Delivered,4,Good taste and neat packaging.,350,DP_153
OD13732,CUST2036,Spice Symphony,Butter Chicken & Naan,North Indian,2026-05-11 13:28:32,33,Jayanagar,Delivered,4,Decent portion size and good taste. Recommended.,720,DP_163
OD13733,CUST2366,Wok & Roll,Chicken Fried Rice & Manchurian,Chinese & Asian,2026-05-10 20:57:10,50,HSR Layout,Delivered,4,Overall great experience. Prompt service.,320,DP_127
OD13734,CUST2243,Sweet Retreat,Sizzling Brownie,Desserts,2026-05-10 23:27:05,28,Indiranagar,Delivered,3,Prompt delivery but taste was average.,230,DP_190
OD13735,CUST2177,The Golden Dosa,Filter Coffee & Upma,South Indian,2026-05-05 18:48:15,39,Whitefield,Delivered,4,Decent portion size and good taste. Recommended.,250,DP_181
OD13736,CUST2175,Bella Italia,Margherita Pizza 10-inch,Italian,2026-05-25 13:20:44,,Marathahalli,Cancelled,,Customer cancelled the order,430,DP_182
OD13737,CUST3385,Cafe Daybreak,Club Sandwich,Continental & Beverages,2026-05-21 14:21:06,54,Whitefield,Delivered,2,"Too spicy, couldn't eat it. Disappointed.",260,DP_115
OD13738,CUST3006,Spice Symphony,Kadhai Paneer with Roti,North Indian,2026-05-26 19:01:06,50,Whitefield,Delivered,3,The food was decent but arrived a bit cold.,350,DP_181
OD13739,CUST2611,The Golden Dosa,Filter Coffee & Upma,South Indian,2026-05-02 22:47:17,55,Marathahalli,Delivered,1,Missing items in my order and food was cold. Avoid this place!,250,DP_159
OD13740,CUST2512,Wok & Roll,Chilli Chicken Gravy,Chinese & Asian,2026-05-08 12:02:22,44,Jayanagar,Delivered,2,Food was cold when it arrived.,300,DP_193
OD13741,CUST3285,Spice Symphony,Kadhai Paneer with Roti,North Indian,2026-05-17 18:20:26,29,Indiranagar,Delivered,4,Decent portion size and good taste. Recommended.,360,DP_156
OD13742,CUST2796,Spice Symphony,Kadhai Paneer with Roti,North Indian,2026-05-23 10:52:47,35,HSR Layout,Delivered,4,Satisfied with the delivery speed and quality.,980,DP_171
OD13743,CUST2642,Cafe Daybreak,Paneer Tikka Sandwich,Continental & Beverages,2026-05-04 06:31:20,36,Whitefield,Delivered,5,"Extremely satisfied, delivered hot and fresh!",230,DP_126
OD13744,CUST3185,Royal Biryani House,Chicken Tikka Biryani,Biryani & Mughlai,2026-04-30 18:25:07,,Malleshwaram,Cancelled,,Delivery address was outside the delivery radius,410,DP_141
OD13745,CUST3118,The Salad Bowl,Quinoa Avocado Salad,Healthy & Salads,2026-05-22 19:24:59,41,Jayanagar,Delivered,2,Taste was disappointing. Packaging was leaked.,360,DP_186
OD13746,CUST3175,Royal Biryani House,Veg Hyderabadi Biryani,Biryani & Mughlai,2026-05-03 20:22:34,56,Indiranagar,Delivered,1,The food tasted stale and horrible! Threw it in the trash.,310,DP_185
OD13747,CUST2521,Bella Italia,Garlic Bread with Cheese,Italian,2026-05-08 21:18:35,74,Whitefield,Delivered,2,"Not worth the price, portion was very small.",170,DP_111
OD13748,CUST2907,Cafe Daybreak,Iced Latte,Continental & Beverages,2026-05-18 19:12:08,37,Koramangala,Delivered,5,Best meal ever. Highly recommended!,210,DP_172
OD13749,CUST2926,The Golden Dosa,Masala Dosa with Sambar,South Indian,2026-04-28 22:31:55,49,Whitefield,Delivered,3,Portion size was small for the price.,160,DP_156
OD13750,CUST2217,Sweet Retreat,Kulfi Falooda,Desserts,2026-04-27 06:03:01,18,Indiranagar,Delivered,4,"Tasty food, standard delivery. Satisfactory.",170,DP_112
OD13751,CUST3308,Royal Biryani House,Chicken Dum Biryani,Biryani & Mughlai,2026-04-27 08:46:52,35,Whitefield,Delivered,5,"Perfect taste, clean packaging, and polite delivery partner.",350,DP_199
OD13752,CUST3304,Cafe Daybreak,Club Sandwich,Continental & Beverages,2026-05-01 13:15:41,41,Malleshwaram,Delivered,2,The item delivered was incorrect and lukewarm.,260,DP_191
OD13753,CUST2636,The Salad Bowl,Fresh Fruit Bowl,Healthy & Salads,2026-05-19 19:47:53,53,Whitefield,Delivered,3,Packaging could have been better. Average taste.,200,DP_127
OD13754,CUST2092,Tandoori Nights,Chicken Seekh Kebab,North Indian,2026-05-19 11:11:44,27,Indiranagar,Delivered,3,"Food was okay, but delivery took some time.",360,DP_166
OD13755,CUST2770,Burger Bistro,Chicken Nuggets (9 pcs),Fast Food,2026-05-22 20:24:34,52,Koramangala,Delivered,2,"Not worth the price, portion was very small.",240,DP_118
OD13756,CUST3495,Tandoori Nights,Butter Chicken Combo Meal,North Indian,2026-05-18 06:53:32,31,BTM Layout,Delivered,4,Overall great experience. Prompt service.,770,DP_190
OD13757,CUST3104,The Salad Bowl,High-Protein Chicken Salad,Healthy & Salads,2026-05-07 19:58:29,37,Malleshwaram,Delivered,4,"Tasty food, standard delivery. Satisfactory.",630,DP_156
OD13758,CUST3039,Spice Symphony,Butter Chicken & Naan,North Indian,2026-05-23 15:08:12,46,Whitefield,Delivered,3,"Food was okay, but delivery took some time.",740,DP_200
OD13759,CUST2572,Sweet Retreat,Gulab Jamun (4 pcs),Desserts,2026-05-14 18:52:21,22,Malleshwaram,Delivered,4,Overall great experience. Prompt service.,130,DP_107
OD13760,CUST2536,The Salad Bowl,Caesar Salad,Healthy & Salads,2026-05-11 23:13:08,19,Koramangala,Delivered,5,Best meal ever. Highly recommended!,280,DP_132
OD13761,CUST3394,Cafe Daybreak,Classic Cold Coffee,Continental & Beverages,2026-05-19 20:10:37,,Marathahalli,Cancelled,,Delivery address was outside the delivery radius,170,DP_143
OD13762,CUST2816,Tandoori Nights,Paneer Tikka,North Indian,2026-05-18 06:38:46,27,Koramangala,Delivered,4,Satisfied with the delivery speed and quality.,310,DP_189
OD13763,CUST2261,Wok & Roll,Veg Hakka Noodles,Chinese & Asian,2026-05-06 13:05:36,43,Malleshwaram,Delivered,2,Delivery took almost an hour. Unhappy.,260,DP_140
OD13764,CUST3109,The Salad Bowl,Greek Salad,Healthy & Salads,2026-05-02 13:33:40,50,Marathahalli,Delivered,3,The food was decent but arrived a bit cold.,280,DP_175
OD13765,CUST2097,Tandoori Nights,Malai Kofta & Lachha Paratha,North Indian,2026-05-21 20:25:29,36,HSR Layout,Delivered,5,"Perfect taste, clean packaging, and polite delivery partner.",360,DP_135
OD13766,CUST3009,Spice Symphony,Butter Chicken & Naan,North Indian,2026-04-30 14:54:25,27,BTM Layout,Delivered,4,Decent portion size and good taste. Recommended.,730,DP_158
OD13767,CUST2953,The Golden Dosa,Onion Uttapam,South Indian,2026-05-19 19:51:38,40,HSR Layout,Delivered,3,Prompt delivery but taste was average.,170,DP_192
OD13768,CUST3128,Spice Symphony,Paneer Butter Masala Meal,North Indian,2026-05-14 19:25:02,44,Marathahalli,Delivered,1,Awful experience! Delayed by over an hour and no response.,350,DP_105
OD13769,CUST2185,Sweet Retreat,Red Velvet Pastry,Desserts,2026-05-05 21:17:26,46,Marathahalli,Delivered,1,The food tasted stale and horrible! Threw it in the trash.,200,DP_147
OD13770,CUST2423,Burger Bistro,Spicy Paneer Wrap,Fast Food,2026-05-21 13:39:05,45,Marathahalli,Delivered,2,"Not worth the price, portion was very small.",230,DP_184
OD13771,CUST2410,Wok & Roll,Veg Spring Rolls (6 pcs),Chinese & Asian,2026-05-07 06:28:59,17,Jayanagar,Delivered,4,Overall great experience. Prompt service.,200,DP_134
OD13772,CUST3335,Spice Symphony,Butter Chicken & Naan,North Indian,2026-05-04 15:29:01,24,BTM Layout,Delivered,4,"Tasty food, standard delivery. Satisfactory.",1070,DP_184
OD13773,CUST3390,Sweet Retreat,Sizzling Brownie,Desserts,2026-05-03 13:19:50,52,Marathahalli,Delivered,2,The item delivered was incorrect and lukewarm.,200,DP_120
OD13774,CUST2648,Wok & Roll,Schezwan Noodles,Chinese & Asian,2026-05-03 22:47:48,55,Koramangala,Delivered,2,Taste was disappointing. Packaging was leaked.,480,DP_167
OD13775,CUST3457,Bella Italia,Farmhouse Veg Pizza,Italian,2026-05-11 09:02:19,28,Koramangala,Delivered,2,Delivery took almost an hour. Unhappy.,450,DP_123
OD13776,CUST2483,Cafe Daybreak,Hot Chocolate,Continental & Beverages,2026-05-14 10:51:10,25,Indiranagar,Delivered,5,Best meal ever. Highly recommended!,190,DP_147
OD13777,CUST2433,Wok & Roll,Veg Spring Rolls (6 pcs),Chinese & Asian,2026-05-23 22:25:08,53,Marathahalli,Delivered,2,Food was cold when it arrived.,190,DP_175
OD13778,CUST2228,Tandoori Nights,Paneer Tikka,North Indian,2026-05-21 20:49:13,40,Indiranagar,Delivered,4,Good taste and neat packaging.,300,DP_104
OD13779,CUST3050,Wok & Roll,Veg Spring Rolls (6 pcs),Chinese & Asian,2026-05-12 19:31:28,52,BTM Layout,Delivered,3,Average food. Nothing special.,200,DP_116
OD13780,CUST2195,Sweet Retreat,Red Velvet Pastry,Desserts,2026-05-19 14:07:15,51,Whitefield,Delivered,3,Packaging could have been better. Average taste.,180,DP_147
OD13781,CUST2344,Cafe Daybreak,Paneer Tikka Sandwich,Continental & Beverages,2026-05-19 21:01:49,,Jayanagar,Cancelled,,Restaurant could not prepare food in time,230,DP_192
OD13782,CUST3177,Bella Italia,Margherita Pizza 10-inch,Italian,2026-04-29 20:27:35,48,HSR Layout,Delivered,4,"Tasty food, standard delivery. Satisfactory.",430,DP_169
OD13783,CUST2264,Bella Italia,Veg Arrabiata Penne Pasta,Italian,2026-04-30 15:24:08,18,Malleshwaram,Delivered,4,Overall great experience. Prompt service.,340,DP_101
OD13784,CUST3319,Sweet Retreat,Red Velvet Pastry,Desserts,2026-05-01 22:16:10,55,BTM Layout,Delivered,2,"Too spicy, couldn't eat it. Disappointed.",180,DP_126
OD13785,CUST2698,Bella Italia,Margherita Pizza 10-inch,Italian,2026-05-21 18:52:34,19,Jayanagar,Delivered,5,Best meal ever. Highly recommended!,410,DP_162
OD13786,CUST2580,The Golden Dosa,Onion Uttapam,South Indian,2026-04-29 00:29:37,24,Jayanagar,Delivered,5,Outstanding quality! Will definitely order again.,160,DP_186
OD13787,CUST2717,Wok & Roll,Chicken Fried Rice & Manchurian,Chinese & Asian,2026-05-23 13:34:48,60,Whitefield,Delivered,1,Unprofessional delivery partner. Very bad experience.,320,DP_136
OD13788,CUST2011,Cafe Daybreak,Classic Cold Coffee,Continental & Beverages,2026-05-05 18:45:34,22,Koramangala,Delivered,5,Best meal ever. Highly recommended!,190,DP_196
OD13789,CUST2868,Royal Biryani House,Veg Hyderabadi Biryani,Biryani & Mughlai,2026-05-10 22:11:01,70,Jayanagar,Delivered,1,Unprofessional delivery partner. Very bad experience.,300,DP_125
OD13790,CUST3123,Sweet Retreat,Red Velvet Pastry,Desserts,2026-05-01 16:22:11,40,Whitefield,Delivered,4,Decent portion size and good taste. Recommended.,190,DP_101
OD13791,CUST2097,Cafe Daybreak,Iced Latte,Continental & Beverages,2026-05-24 00:32:32,21,HSR Layout,Delivered,5,"Amazing food, super fast delivery!",210,DP_122
OD13792,CUST3325,Tandoori Nights,Malai Kofta & Lachha Paratha,North Indian,2026-05-18 13:36:05,50,Whitefield,Delivered,2,"Too spicy, couldn't eat it. Disappointed.",360,DP_107
OD13793,CUST3204,Tandoori Nights,Chicken Seekh Kebab,North Indian,2026-05-22 20:10:10,50,Malleshwaram,Delivered,2,Taste was disappointing. Packaging was leaked.,330,DP_177
OD13794,CUST3050,Cafe Daybreak,Iced Latte,Continental & Beverages,2026-05-02 16:02:14,23,HSR Layout,Delivered,4,Satisfied with the delivery speed and quality.,200,DP_122
OD13795,CUST2970,Spice Symphony,Butter Chicken & Naan,North Indian,2026-05-22 14:57:24,46,Marathahalli,Delivered,1,"Terrible experience, food was completely spilled inside the bag.",370,DP_119
OD13796,CUST3200,Burger Bistro,Loaded Nachos,Fast Food,2026-04-30 22:05:49,47,HSR Layout,Delivered,3,Average food. Nothing special.,240,DP_118
OD13797,CUST2045,Tandoori Nights,Butter Chicken Combo Meal,North Indian,2026-05-06 19:58:07,,Koramangala,Cancelled,,Delivery address was outside the delivery radius,410,DP_200
OD13798,CUST2226,Burger Bistro,Loaded Nachos,Fast Food,2026-05-23 21:46:31,58,Whitefield,Delivered,2,Taste was disappointing. Packaging was leaked.,470,DP_161
OD13799,CUST3180,The Salad Bowl,Fresh Fruit Bowl,Healthy & Salads,2026-05-04 20:36:59,43,Malleshwaram,Delivered,4,Overall great experience. Prompt service.,210,DP_170
OD13800,CUST3346,Royal Biryani House,Chicken Tikka Biryani,Biryani & Mughlai,2026-05-26 21:48:57,48,Marathahalli,Delivered,2,The item delivered was incorrect and lukewarm.,400,DP_163
OD13801,CUST3018,Spice Symphony,Butter Chicken & Naan,North Indian,2026-04-29 20:45:47,35,Indiranagar,Delivered,3,Portion size was small for the price.,370,DP_130
OD13802,CUST3279,Royal Biryani House,Chicken Dum Biryani,Biryani & Mughlai,2026-05-05 05:21:48,22,Koramangala,Delivered,5,"Delivered way before time, packaging was excellent!",380,DP_148
OD13803,CUST3323,The Salad Bowl,Greek Salad,Healthy & Salads,2026-05-17 13:14:34,,Malleshwaram,Cancelled,,Delivery address was outside the delivery radius,250,DP_108
OD13804,CUST2226,The Golden Dosa,Rava Kesari & Dosa Combo,South Indian,2026-05-25 20:48:32,58,Marathahalli,Delivered,2,"Too spicy, couldn't eat it. Disappointed.",170,DP_179
OD13805,CUST3486,The Salad Bowl,High-Protein Chicken Salad,Healthy & Salads,2026-05-03 13:41:24,44,BTM Layout,Delivered,3,Packaging could have been better. Average taste.,330,DP_140
OD13806,CUST2541,Spice Symphony,Butter Chicken & Naan,North Indian,2026-05-23 10:57:26,30,Whitefield,Delivered,5,Outstanding quality! Will definitely order again.,370,DP_172
OD13807,CUST2788,Burger Bistro,Spicy Paneer Wrap,Fast Food,2026-05-13 19:42:32,47,Koramangala,Delivered,2,Delivery took almost an hour. Unhappy.,580,DP_183
OD13808,CUST2134,Sweet Retreat,Kulfi Falooda,Desserts,2026-05-09 19:57:50,42,Indiranagar,Delivered,3,Prompt delivery but taste was average.,170,DP_183
OD13809,CUST2420,Spice Symphony,Dal Makhani with Jeera Rice,North Indian,2026-05-16 21:02:00,48,BTM Layout,Delivered,2,"Too spicy, couldn't eat it. Disappointed.",300,DP_176
OD13810,CUST2391,The Golden Dosa,Onion Uttapam,South Indian,2026-05-09 13:48:58,53,Whitefield,Delivered,2,Taste was disappointing. Packaging was leaked.,160,DP_191
OD13811,CUST3161,Spice Symphony,Tandoori Chicken Half,North Indian,2026-05-11 10:36:06,21,Malleshwaram,Delivered,5,"Extremely satisfied, delivered hot and fresh!",400,DP_180
OD13812,CUST3240,Royal Biryani House,Chicken Dum Biryani,Biryani & Mughlai,2026-05-12 13:17:22,44,Marathahalli,Delivered,4,Overall great experience. Prompt service.,370,DP_192
OD13813,CUST3497,The Salad Bowl,Greek Salad,Healthy & Salads,2026-05-15 22:16:58,39,Malleshwaram,Delivered,4,Good taste and neat packaging.,270,DP_166
OD13814,CUST2015,Sweet Retreat,Kulfi Falooda,Desserts,2026-04-29 19:02:40,68,Whitefield,Delivered,2,The item delivered was incorrect and lukewarm.,290,DP_103
OD13815,CUST2868,Royal Biryani House,Mutton Biryani,Biryani & Mughlai,2026-05-26 18:07:05,28,Koramangala,Delivered,4,Overall great experience. Prompt service.,1380,DP_122
OD13816,CUST2196,Cafe Daybreak,Club Sandwich,Continental & Beverages,2026-05-05 15:27:50,24,Indiranagar,Delivered,4,Overall great experience. Prompt service.,250,DP_108
OD13817,CUST3246,Sweet Retreat,Sizzling Brownie,Desserts,2026-05-05 13:22:34,35,Jayanagar,Delivered,4,Overall great experience. Prompt service.,200,DP_157
OD13818,CUST3175,Tandoori Nights,Chicken Seekh Kebab,North Indian,2026-05-18 20:01:44,,Indiranagar,Cancelled,,Customer cancelled the order,950,DP_143
OD13819,CUST3321,Bella Italia,Veg Arrabiata Penne Pasta,Italian,2026-05-20 21:09:53,38,Koramangala,Delivered,3,Packaging could have been better. Average taste.,670,DP_154
OD13820,CUST2445,Tandoori Nights,Chicken Seekh Kebab,North Indian,2026-05-09 18:44:09,22,Jayanagar,Delivered,4,Good taste and neat packaging.,360,DP_183
OD13821,CUST2657,Sweet Retreat,Kulfi Falooda,Desserts,2026-05-25 14:35:04,40,Koramangala,Delivered,4,Satisfied with the delivery speed and quality.,150,DP_117
OD13822,CUST3128,Wok & Roll,Chilli Chicken Gravy,Chinese & Asian,2026-05-16 16:32:03,24,Koramangala,Delivered,4,Satisfied with the delivery speed and quality.,300,DP_173
OD13823,CUST2851,Royal Biryani House,Mutton Biryani,Biryani & Mughlai,2026-05-25 16:05:29,28,Malleshwaram,Delivered,5,"Amazing food, super fast delivery!",930,DP_123
OD13824,CUST2418,Royal Biryani House,Egg Biryani,Biryani & Mughlai,2026-05-05 22:52:28,45,Indiranagar,Delivered,3,"Food was okay, but delivery took some time.",300,DP_111
OD13825,CUST3319,Spice Symphony,Butter Chicken & Naan,North Indian,2026-05-23 23:46:25,27,Malleshwaram,Delivered,5,"Perfect taste, clean packaging, and polite delivery partner.",380,DP_194
OD13826,CUST2763,Wok & Roll,Chicken Fried Rice & Manchurian,Chinese & Asian,2026-05-06 20:14:20,66,BTM Layout,Delivered,1,Awful experience! Delayed by over an hour and no response.,310,DP_123
OD13827,CUST2219,Cafe Daybreak,Hot Chocolate,Continental & Beverages,2026-05-06 19:07:22,51,HSR Layout,Delivered,3,Prompt delivery but taste was average.,200,DP_191
OD13828,CUST2957,The Golden Dosa,Onion Uttapam,South Indian,2026-05-03 23:10:06,29,BTM Layout,Delivered,5,Outstanding quality! Will definitely order again.,160,DP_198
OD13829,CUST2172,Burger Bistro,Spicy Paneer Wrap,Fast Food,2026-05-22 20:06:11,48,Koramangala,Delivered,1,Worst service! Delivered extremely late and completely cold.,200,DP_170
OD13830,CUST2961,Tandoori Nights,Chicken Seekh Kebab,North Indian,2026-05-19 20:40:23,54,Malleshwaram,Delivered,2,"Not worth the price, portion was very small.",350,DP_156
OD13831,CUST2309,Burger Bistro,Crispy Chicken Burger,Fast Food,2026-04-30 20:02:14,42,Jayanagar,Delivered,4,Satisfied with the delivery speed and quality.,230,DP_147
OD13832,CUST2698,The Salad Bowl,High-Protein Chicken Salad,Healthy & Salads,2026-04-27 07:08:11,16,Jayanagar,Delivered,3,Average food. Nothing special.,900,DP_123
OD13833,CUST2825,The Salad Bowl,High-Protein Chicken Salad,Healthy & Salads,2026-05-03 20:54:44,75,Marathahalli,Delivered,2,Food was cold when it arrived.,320,DP_111
OD13834,CUST2136,The Golden Dosa,Rava Kesari & Dosa Combo,South Indian,2026-05-24 01:50:39,40,Whitefield,Delivered,4,Overall great experience. Prompt service.,180,DP_193
OD13835,CUST2258,Spice Symphony,Butter Chicken & Naan,North Indian,2026-05-21 21:55:15,30,Koramangala,Delivered,5,"Perfect taste, clean packaging, and polite delivery partner.",370,DP_106
OD13836,CUST2538,The Salad Bowl,Caesar Salad,Healthy & Salads,2026-05-26 07:37:21,32,BTM Layout,Delivered,4,Good taste and neat packaging.,280,DP_154
OD13837,CUST2043,Wok & Roll,Veg Spring Rolls (6 pcs),Chinese & Asian,2026-05-18 19:08:29,53,Whitefield,Delivered,3,"Food was okay, but delivery took some time.",360,DP_174
OD13838,CUST2372,Bella Italia,Veg Arrabiata Penne Pasta,Italian,2026-05-10 19:46:45,57,BTM Layout,Delivered,1,Unprofessional delivery partner. Very bad experience.,330,DP_146
OD13839,CUST3221,Royal Biryani House,Chicken Tikka Biryani,Biryani & Mughlai,2026-05-21 08:55:41,23,Jayanagar,Delivered,5,"Delivered way before time, packaging was excellent!",400,DP_144
OD13840,CUST3441,The Golden Dosa,Masala Dosa with Sambar,South Indian,2026-05-11 19:07:35,33,HSR Layout,Delivered,5,"Extremely satisfied, delivered hot and fresh!",160,DP_119
OD13841,CUST3300,Tandoori Nights,Malai Kofta & Lachha Paratha,North Indian,2026-05-13 14:42:25,27,Jayanagar,Delivered,5,"Perfect taste, clean packaging, and polite delivery partner.",370,DP_139
OD13842,CUST2754,Sweet Retreat,Red Velvet Pastry,Desserts,2026-05-09 20:30:04,72,Whitefield,Delivered,1,The food tasted stale and horrible! Threw it in the trash.,170,DP_126
OD13843,CUST2903,The Salad Bowl,High-Protein Chicken Salad,Healthy & Salads,2026-05-01 12:38:22,55,Marathahalli,Delivered,2,"Too spicy, couldn't eat it. Disappointed.",310,DP_134
OD13844,CUST2905,Royal Biryani House,Chicken Dum Biryani,Biryani & Mughlai,2026-05-24 20:03:39,36,Malleshwaram,Delivered,4,"Tasty food, but could be a bit warmer.",710,DP_172
OD13845,CUST2105,Sweet Retreat,Gulab Jamun (4 pcs),Desserts,2026-05-23 19:48:42,57,Whitefield,Delivered,1,Awful experience! Delayed by over an hour and no response.,330,DP_171
OD13846,CUST2657,Spice Symphony,Tandoori Chicken Half,North Indian,2026-05-07 14:23:02,33,BTM Layout,Delivered,5,Best meal ever. Highly recommended!,420,DP_166
OD13847,CUST2273,Sweet Retreat,Kulfi Falooda,Desserts,2026-05-12 22:45:48,56,BTM Layout,Delivered,2,"Too spicy, couldn't eat it. Disappointed.",180,DP_121
OD13848,CUST3036,The Golden Dosa,Rava Kesari & Dosa Combo,South Indian,2026-05-23 23:05:45,32,Jayanagar,Delivered,4,Good taste and neat packaging.,190,DP_176
OD13849,CUST2607,Bella Italia,Farmhouse Veg Pizza,Italian,2026-05-07 14:21:51,27,Indiranagar,Delivered,3,The food was decent but arrived a bit cold.,450,DP_112
OD13850,CUST3068,Cafe Daybreak,Hot Chocolate,Continental & Beverages,2026-04-28 22:56:38,61,Whitefield,Delivered,1,Worst service! Delivered extremely late and completely cold.,200,DP_108
OD13851,CUST3159,Royal Biryani House,Mutton Biryani,Biryani & Mughlai,2026-05-26 13:04:51,36,Malleshwaram,Delivered,4,"Tasty food, standard delivery. Satisfactory.",470,DP_155
OD13852,CUST2828,Cafe Daybreak,Iced Latte,Continental & Beverages,2026-05-09 20:28:18,40,Indiranagar,Delivered,2,"Not worth the price, portion was very small.",190,DP_188
OD13853,CUST2999,Wok & Roll,Schezwan Noodles,Chinese & Asian,2026-05-10 12:42:53,37,Marathahalli,Delivered,4,"Tasty food, but could be a bit warmer.",270,DP_176
OD13854,CUST2107,The Golden Dosa,Idli Vada Combo,South Indian,2026-05-03 16:16:24,32,BTM Layout,Delivered,4,Overall great experience. Prompt service.,140,DP_175
OD13855,CUST2891,Bella Italia,Veg Arrabiata Penne Pasta,Italian,2026-05-02 12:04:39,44,Jayanagar,Delivered,1,Unprofessional delivery partner. Very bad experience.,330,DP_143
OD13856,CUST2656,Wok & Roll,Chicken Fried Rice & Manchurian,Chinese & Asian,2026-05-08 13:09:24,37,Jayanagar,Delivered,5,Outstanding quality! Will definitely order again.,330,DP_148
OD13857,CUST2305,Cafe Daybreak,Classic Cold Coffee,Continental & Beverages,2026-05-15 12:46:52,,BTM Layout,Cancelled,,Item out of stock at restaurant,180,DP_150
OD13858,CUST3185,Cafe Daybreak,Club Sandwich,Continental & Beverages,2026-05-07 22:56:56,48,HSR Layout,Delivered,2,Food was cold when it arrived.,260,DP_168
OD13859,CUST2644,Royal Biryani House,Mutton Biryani,Biryani & Mughlai,2026-05-05 21:48:06,50,BTM Layout,Delivered,2,"Not worth the price, portion was very small.",500,DP_130
OD13860,CUST2534,Royal Biryani House,Chicken Dum Biryani,Biryani & Mughlai,2026-05-17 19:51:50,51,Indiranagar,Delivered,3,The food was decent but arrived a bit cold.,370,DP_157
OD13861,CUST3149,Cafe Daybreak,Club Sandwich,Continental & Beverages,2026-05-15 10:22:49,27,Indiranagar,Delivered,3,Prompt delivery but taste was average.,250,DP_195
OD13862,CUST2916,Cafe Daybreak,Hot Chocolate,Continental & Beverages,2026-05-06 18:06:16,28,Indiranagar,Delivered,3,Prompt delivery but taste was average.,210,DP_188
OD13863,CUST2949,Sweet Retreat,Kulfi Falooda,Desserts,2026-05-09 19:53:10,46,HSR Layout,Delivered,2,Food was cold when it arrived.,150,DP_176
OD13864,CUST3288,The Golden Dosa,Onion Uttapam,South Indian,2026-05-06 20:54:25,50,Whitefield,Delivered,1,Unprofessional delivery partner. Very bad experience.,170,DP_130
OD13865,CUST2965,Tandoori Nights,Chicken Seekh Kebab,North Indian,2026-05-22 19:49:56,52,Jayanagar,Delivered,3,Average food. Nothing special.,350,DP_118
OD13866,CUST2888,Burger Bistro,Crispy Chicken Burger,Fast Food,2026-05-20 14:28:35,42,Marathahalli,Delivered,3,Packaging could have been better. Average taste.,250,DP_154
OD13867,CUST2140,The Golden Dosa,Masala Dosa with Sambar,South Indian,2026-05-08 23:08:19,27,Koramangala,Delivered,5,"Delivered way before time, packaging was excellent!",400,DP_164
OD13868,CUST2336,Burger Bistro,Chicken Nuggets (9 pcs),Fast Food,2026-05-03 12:05:00,34,Koramangala,Delivered,4,Decent portion size and good taste. Recommended.,230,DP_111
OD13869,CUST3366,The Golden Dosa,Rava Kesari & Dosa Combo,South Indian,2026-05-01 07:05:41,34,Malleshwaram,Delivered,5,"Extremely satisfied, delivered hot and fresh!",170,DP_140
OD13870,CUST3407,Sweet Retreat,Kulfi Falooda,Desserts,2026-05-03 20:03:11,45,Koramangala,Delivered,2,The item delivered was incorrect and lukewarm.,170,DP_123
OD13871,CUST2018,Cafe Daybreak,Club Sandwich,Continental & Beverages,2026-05-11 18:50:23,26,Malleshwaram,Delivered,4,"Tasty food, but could be a bit warmer.",230,DP_135
OD13872,CUST2676,Bella Italia,Chicken Alfredo Pasta,Italian,2026-05-02 15:56:06,36,Marathahalli,Delivered,4,"Tasty food, but could be a bit warmer.",410,DP_185
OD13873,CUST2004,Sweet Retreat,Red Velvet Pastry,Desserts,2026-05-21 20:44:07,51,Malleshwaram,Delivered,3,Portion size was small for the price.,180,DP_104
OD13874,CUST2567,Burger Bistro,Crispy Chicken Burger,Fast Food,2026-04-28 19:36:57,43,Indiranagar,Delivered,3,The food was decent but arrived a bit cold.,250,DP_189
OD13875,CUST3219,Cafe Daybreak,Club Sandwich,Continental & Beverages,2026-05-26 21:28:33,56,Whitefield,Delivered,1,Awful experience! Delayed by over an hour and no response.,670,DP_154
OD13876,CUST2566,Tandoori Nights,Malai Kofta & Lachha Paratha,North Indian,2026-05-11 19:16:18,33,Malleshwaram,Delivered,4,Decent portion size and good taste. Recommended.,370,DP_142
OD13877,CUST2342,The Salad Bowl,Caesar Salad,Healthy & Salads,2026-05-14 20:55:08,51,Whitefield,Delivered,2,Food was cold when it arrived.,530,DP_188
OD13878,CUST3397,Royal Biryani House,Chicken Tikka Biryani,Biryani & Mughlai,2026-05-12 20:35:08,39,Jayanagar,Delivered,5,Outstanding quality! Will definitely order again.,380,DP_155
OD13879,CUST2306,Royal Biryani House,Mutton Biryani,Biryani & Mughlai,2026-04-27 12:20:52,37,Whitefield,Delivered,4,"Tasty food, but could be a bit warmer.",470,DP_200
OD13880,CUST2625,Bella Italia,Chicken Alfredo Pasta,Italian,2026-05-13 12:33:59,42,Koramangala,Delivered,2,The item delivered was incorrect and lukewarm.,410,DP_133
OD13881,CUST2337,Wok & Roll,Chicken Fried Rice & Manchurian,Chinese & Asian,2026-05-24 23:07:38,24,Malleshwaram,Delivered,5,Outstanding quality! Will definitely order again.,330,DP_111
OD13882,CUST2228,Wok & Roll,Chicken Fried Rice & Manchurian,Chinese & Asian,2026-05-18 21:05:49,44,Jayanagar,Delivered,3,"Food was okay, but delivery took some time.",330,DP_145
OD13883,CUST2317,Sweet Retreat,Chocolate Lava Cake,Desserts,2026-05-26 19:43:40,,Malleshwaram,Cancelled,,Customer cancelled the order,180,DP_134
OD13884,CUST2339,Royal Biryani House,Veg Hyderabadi Biryani,Biryani & Mughlai,2026-05-03 18:32:55,33,Marathahalli,Delivered,4,Overall great experience. Prompt service.,330,DP_183
OD13885,CUST2456,Royal Biryani House,Chicken Dum Biryani,Biryani & Mughlai,2026-04-27 21:50:35,61,Whitefield,Delivered,1,Awful experience! Delayed by over an hour and no response.,350,DP_101
OD13886,CUST3361,The Salad Bowl,Greek Salad,Healthy & Salads,2026-05-11 21:05:46,55,Marathahalli,Delivered,3,"Food was okay, but delivery took some time.",270,DP_160
OD13887,CUST3028,Wok & Roll,Chilli Chicken Gravy,Chinese & Asian,2026-05-14 20:47:37,30,Jayanagar,Delivered,4,"Tasty food, standard delivery. Satisfactory.",300,DP_187
OD13888,CUST2940,The Salad Bowl,Caesar Salad,Healthy & Salads,2026-05-20 21:07:09,46,Indiranagar,Delivered,3,Average food. Nothing special.,750,DP_160
OD13889,CUST3177,Tandoori Nights,Malai Kofta & Lachha Paratha,North Indian,2026-05-21 17:27:07,28,Malleshwaram,Delivered,4,Good taste and neat packaging.,370,DP_192
OD13890,CUST2162,Sweet Retreat,Chocolate Lava Cake,Desserts,2026-05-07 14:25:29,33,Malleshwaram,Delivered,5,Best meal ever. Highly recommended!,190,DP_138
OD13891,CUST2929,Bella Italia,Veg Arrabiata Penne Pasta,Italian,2026-05-12 22:44:25,52,Malleshwaram,Delivered,2,Taste was disappointing. Packaging was leaked.,330,DP_181
OD13892,CUST2108,Wok & Roll,Veg Hakka Noodles,Chinese & Asian,2026-05-15 21:14:43,,Indiranagar,Cancelled,,Item out of stock at restaurant,480,DP_102
OD13893,CUST2440,Wok & Roll,Schezwan Noodles,Chinese & Asian,2026-04-30 20:45:20,46,Indiranagar,Delivered,2,"Too spicy, couldn't eat it. Disappointed.",280,DP_126
OD13894,CUST3044,Spice Symphony,Paneer Butter Masala Meal,North Indian,2026-05-23 21:28:47,71,Whitefield,Delivered,2,Delivery took almost an hour. Unhappy.,360,DP_114
OD13895,CUST3129,Cafe Daybreak,Classic Cold Coffee,Continental & Beverages,2026-05-15 21:36:29,70,Whitefield,Delivered,1,Worst service! Delivered extremely late and completely cold.,200,DP_118
OD13896,CUST3274,Tandoori Nights,Paneer Tikka,North Indian,2026-05-19 20:54:34,56,BTM Layout,Delivered,2,"Too spicy, couldn't eat it. Disappointed.",590,DP_127
OD13897,CUST2064,Bella Italia,Farmhouse Veg Pizza,Italian,2026-05-26 07:14:34,26,Koramangala,Delivered,4,Overall great experience. Prompt service.,890,DP_150
OD13898,CUST3117,The Salad Bowl,Greek Salad,Healthy & Salads,2026-05-14 20:54:55,41,Jayanagar,Delivered,4,Overall great experience. Prompt service.,280,DP_135
OD13899,CUST2168,Spice Symphony,Butter Chicken & Naan,North Indian,2026-05-02 14:56:29,53,Whitefield,Delivered,4,Decent portion size and good taste. Recommended.,380,DP_102
OD13900,CUST2618,Royal Biryani House,Mutton Biryani,Biryani & Mughlai,2026-05-12 22:59:51,45,HSR Layout,Delivered,2,"Too spicy, couldn't eat it. Disappointed.",480,DP_163
OD13901,CUST2998,Royal Biryani House,Mutton Biryani,Biryani & Mughlai,2026-05-04 13:46:24,37,BTM Layout,Delivered,4,Overall great experience. Prompt service.,470,DP_130
OD13902,CUST3194,Sweet Retreat,Red Velvet Pastry,Desserts,2026-05-15 18:17:26,35,Indiranagar,Delivered,3,Portion size was small for the price.,200,DP_146
OD13903,CUST3308,Sweet Retreat,Gulab Jamun (4 pcs),Desserts,2026-05-22 19:16:44,62,BTM Layout,Delivered,1,Missing items in my order and food was cold. Avoid this place!,220,DP_181
OD13904,CUST2325,Tandoori Nights,Paneer Tikka,North Indian,2026-05-03 15:01:20,57,Whitefield,Delivered,1,Worst service! Delivered extremely late and completely cold.,330,DP_197
OD13905,CUST2175,Spice Symphony,Butter Chicken & Naan,North Indian,2026-05-25 11:53:33,22,HSR Layout,Delivered,5,"Amazing food, super fast delivery!",400,DP_194
OD13906,CUST3202,Cafe Daybreak,Paneer Tikka Sandwich,Continental & Beverages,2026-05-02 12:03:46,37,Koramangala,Delivered,2,Delivery took almost an hour. Unhappy.,210,DP_180
OD13907,CUST3329,Bella Italia,Veg Arrabiata Penne Pasta,Italian,2026-05-06 20:58:30,49,HSR Layout,Delivered,2,Delivery took almost an hour. Unhappy.,350,DP_157
OD13908,CUST2579,Sweet Retreat,Sizzling Brownie,Desserts,2026-04-27 15:25:35,33,BTM Layout,Delivered,4,"Tasty food, but could be a bit warmer.",380,DP_158
OD13909,CUST2012,The Salad Bowl,Caesar Salad,Healthy & Salads,2026-05-14 21:12:28,55,BTM Layout,Delivered,1,"Terrible experience, food was completely spilled inside the bag.",290,DP_111
OD13910,CUST2419,Spice Symphony,Kadhai Paneer with Roti,North Indian,2026-05-16 08:32:04,27,HSR Layout,Delivered,4,"Tasty food, standard delivery. Satisfactory.",360,DP_111
OD13911,CUST3138,The Golden Dosa,Rava Kesari & Dosa Combo,South Indian,2026-05-25 15:10:45,42,Marathahalli,Delivered,2,"Too spicy, couldn't eat it. Disappointed.",170,DP_197
OD13912,CUST2650,The Salad Bowl,Quinoa Avocado Salad,Healthy & Salads,2026-05-12 20:51:34,37,HSR Layout,Delivered,5,Outstanding quality! Will definitely order again.,360,DP_165
OD13913,CUST2727,Royal Biryani House,Chicken Dum Biryani,Biryani & Mughlai,2026-05-15 23:34:10,42,Koramangala,Delivered,3,Packaging could have been better. Average taste.,360,DP_120
OD13914,CUST2883,Sweet Retreat,Kulfi Falooda,Desserts,2026-05-12 12:47:17,,Indiranagar,Cancelled,,Item out of stock at restaurant,160,DP_179
OD13915,CUST2443,Sweet Retreat,Gulab Jamun (4 pcs),Desserts,2026-05-25 20:51:16,52,Koramangala,Delivered,2,"Not worth the price, portion was very small.",150,DP_139
OD13916,CUST3014,Tandoori Nights,Butter Chicken Combo Meal,North Indian,2026-05-23 14:39:09,47,Indiranagar,Delivered,2,Delivery took almost an hour. Unhappy.,740,DP_166
OD13917,CUST2187,Tandoori Nights,Malai Kofta & Lachha Paratha,North Indian,2026-05-21 20:40:51,57,Whitefield,Delivered,2,"Not worth the price, portion was very small.",380,DP_189
OD13918,CUST2745,Royal Biryani House,Chicken Tikka Biryani,Biryani & Mughlai,2026-05-24 22:21:30,50,Marathahalli,Delivered,1,Worst service! Delivered extremely late and completely cold.,410,DP_107
OD13919,CUST3356,Royal Biryani House,Mutton Biryani,Biryani & Mughlai,2026-05-25 13:49:36,42,Marathahalli,Delivered,4,Decent portion size and good taste. Recommended.,1380,DP_141
OD13920,CUST2650,Cafe Daybreak,Iced Latte,Continental & Beverages,2026-05-11 12:39:24,33,Malleshwaram,Delivered,2,Delivery took almost an hour. Unhappy.,210,DP_186
OD13921,CUST2165,The Salad Bowl,Quinoa Avocado Salad,Healthy & Salads,2026-05-09 20:39:59,45,Jayanagar,Delivered,3,"Food was okay, but delivery took some time.",370,DP_102
OD13922,CUST2348,Tandoori Nights,Chicken Seekh Kebab,North Indian,2026-05-03 15:18:40,28,Marathahalli,Delivered,5,"Amazing food, super fast delivery!",350,DP_139
OD13923,CUST3253,Burger Bistro,Chicken Nuggets (9 pcs),Fast Food,2026-05-05 19:04:40,29,Jayanagar,Delivered,3,The food was decent but arrived a bit cold.,230,DP_174
OD13924,CUST2823,Spice Symphony,Paneer Butter Masala Meal,North Indian,2026-05-25 08:42:31,,Jayanagar,Cancelled,,Delivery address was outside the delivery radius,350,DP_166
OD13925,CUST2388,The Salad Bowl,Fresh Fruit Bowl,Healthy & Salads,2026-05-05 15:02:30,32,Indiranagar,Delivered,5,"Perfect taste, clean packaging, and polite delivery partner.",200,DP_185
OD13926,CUST3430,The Golden Dosa,Onion Uttapam,South Indian,2026-05-02 16:55:04,32,Indiranagar,Delivered,5,"Perfect taste, clean packaging, and polite delivery partner.",160,DP_170
OD13927,CUST2157,Bella Italia,Farmhouse Veg Pizza,Italian,2026-05-02 16:03:33,28,Malleshwaram,Delivered,4,Decent portion size and good taste. Recommended.,470,DP_147
OD13928,CUST3366,Sweet Retreat,Kulfi Falooda,Desserts,2026-05-10 18:02:39,23,BTM Layout,Delivered,3,Prompt delivery but taste was average.,280,DP_143
OD13929,CUST3134,Sweet Retreat,Gulab Jamun (4 pcs),Desserts,2026-05-02 09:40:28,39,Marathahalli,Delivered,4,"Tasty food, standard delivery. Satisfactory.",150,DP_138
OD13930,CUST2947,Spice Symphony,Tandoori Chicken Half,North Indian,2026-05-14 20:42:12,46,Jayanagar,Delivered,3,The food was decent but arrived a bit cold.,420,DP_170
OD13931,CUST2475,Royal Biryani House,Egg Biryani,Biryani & Mughlai,2026-04-29 20:20:27,53,Marathahalli,Delivered,4,"Tasty food, standard delivery. Satisfactory.",300,DP_120
OD13932,CUST2706,The Salad Bowl,Quinoa Avocado Salad,Healthy & Salads,2026-05-23 14:28:51,36,HSR Layout,Delivered,3,Packaging could have been better. Average taste.,340,DP_104
OD13933,CUST3473,Bella Italia,Farmhouse Veg Pizza,Italian,2026-05-15 20:55:10,60,Whitefield,Delivered,1,The food tasted stale and horrible! Threw it in the trash.,470,DP_163
OD13934,CUST2465,The Golden Dosa,Rava Kesari & Dosa Combo,South Indian,2026-05-06 18:59:36,38,HSR Layout,Delivered,4,"Tasty food, standard delivery. Satisfactory.",180,DP_165
OD13935,CUST2017,The Salad Bowl,Greek Salad,Healthy & Salads,2026-05-16 17:44:49,29,Koramangala,Delivered,3,Average food. Nothing special.,260,DP_105
OD13936,CUST2001,Spice Symphony,Butter Chicken & Naan,North Indian,2026-05-09 15:05:29,40,Indiranagar,Delivered,5,"Delivered way before time, packaging was excellent!",380,DP_166
OD13937,CUST3443,Tandoori Nights,Chicken Seekh Kebab,North Indian,2026-05-19 18:26:22,,Indiranagar,Cancelled,,Item out of stock at restaurant,340,DP_119
OD13938,CUST2605,Royal Biryani House,Veg Hyderabadi Biryani,Biryani & Mughlai,2026-05-23 21:07:23,85,Whitefield,Delivered,1,The food tasted stale and horrible! Threw it in the trash.,300,DP_148
OD13939,CUST2986,The Golden Dosa,Filter Coffee & Upma,South Indian,2026-05-26 11:10:18,33,HSR Layout,Delivered,5,"Amazing food, super fast delivery!",160,DP_178
OD13940,CUST2225,Spice Symphony,Tandoori Chicken Half,North Indian,2026-05-11 20:58:18,33,Jayanagar,Delivered,2,"Not worth the price, portion was very small.",780,DP_151
OD13941,CUST2544,Tandoori Nights,Chicken Seekh Kebab,North Indian,2026-05-14 20:58:12,36,Koramangala,Delivered,5,"Perfect taste, clean packaging, and polite delivery partner.",350,DP_117
OD13942,CUST2464,Bella Italia,Garlic Bread with Cheese,Italian,2026-05-12 13:40:01,40,Whitefield,Delivered,4,Decent portion size and good taste. Recommended.,180,DP_158
OD13943,CUST2837,The Salad Bowl,Fresh Fruit Bowl,Healthy & Salads,2026-05-03 19:29:43,62,Whitefield,Delivered,1,Unprofessional delivery partner. Very bad experience.,210,DP_183
OD13944,CUST3425,Tandoori Nights,Tandoori Roti Combo,North Indian,2026-05-08 20:01:04,52,HSR Layout,Delivered,2,The item delivered was incorrect and lukewarm.,220,DP_109
OD13945,CUST3208,Burger Bistro,Crispy Chicken Burger,Fast Food,2026-05-04 22:05:49,51,BTM Layout,Delivered,4,Decent portion size and good taste. Recommended.,250,DP_147
OD13946,CUST2594,Bella Italia,Veg Arrabiata Penne Pasta,Italian,2026-05-01 20:04:00,52,HSR Layout,Delivered,3,"Food was okay, but delivery took some time.",330,DP_105
OD13947,CUST3301,The Salad Bowl,Caesar Salad,Healthy & Salads,2026-05-26 10:56:00,21,Indiranagar,Delivered,5,"Extremely satisfied, delivered hot and fresh!",510,DP_137
OD13948,CUST2296,The Golden Dosa,Masala Dosa with Sambar,South Indian,2026-05-07 13:22:43,52,Marathahalli,Delivered,3,Prompt delivery but taste was average.,280,DP_191
OD13949,CUST2113,Burger Bistro,Spicy Paneer Wrap,Fast Food,2026-04-27 14:55:24,34,Malleshwaram,Delivered,4,"Tasty food, standard delivery. Satisfactory.",200,DP_128
OD13950,CUST2843,Tandoori Nights,Chicken Seekh Kebab,North Indian,2026-05-05 20:41:31,42,HSR Layout,Delivered,1,Awful experience! Delayed by over an hour and no response.,330,DP_192
OD13951,CUST2385,Cafe Daybreak,Classic Cold Coffee,Continental & Beverages,2026-05-25 14:08:03,28,Jayanagar,Delivered,4,"Tasty food, standard delivery. Satisfactory.",190,DP_160
OD13952,CUST2015,Sweet Retreat,Sizzling Brownie,Desserts,2026-05-08 14:34:10,36,Malleshwaram,Delivered,3,"Food was okay, but delivery took some time.",210,DP_194
OD13953,CUST2262,Burger Bistro,Classic Cheese Burger & Fries,Fast Food,2026-05-03 17:57:47,32,HSR Layout,Delivered,3,Packaging could have been better. Average taste.,270,DP_130
OD13954,CUST2526,The Salad Bowl,Greek Salad,Healthy & Salads,2026-04-28 20:20:47,38,Jayanagar,Delivered,5,"Delivered way before time, packaging was excellent!",250,DP_111
OD13955,CUST3014,The Golden Dosa,Masala Dosa with Sambar,South Indian,2026-04-27 13:17:13,39,Whitefield,Delivered,5,"Delivered way before time, packaging was excellent!",260,DP_105
OD13956,CUST3204,Wok & Roll,Schezwan Noodles,Chinese & Asian,2026-04-28 20:59:30,47,BTM Layout,Delivered,3,Prompt delivery but taste was average.,280,DP_165
OD13957,CUST3374,Bella Italia,Chicken Alfredo Pasta,Italian,2026-05-11 15:22:29,33,Marathahalli,Delivered,4,Overall great experience. Prompt service.,390,DP_147
OD13958,CUST2639,Royal Biryani House,Chicken Tikka Biryani,Biryani & Mughlai,2026-04-29 19:09:51,63,Marathahalli,Delivered,1,Unprofessional delivery partner. Very bad experience.,410,DP_117
OD13959,CUST2282,Royal Biryani House,Mutton Biryani,Biryani & Mughlai,2026-05-25 14:12:32,42,Koramangala,Delivered,3,The food was decent but arrived a bit cold.,500,DP_136
OD13960,CUST2045,Wok & Roll,Schezwan Noodles,Chinese & Asian,2026-05-04 11:16:03,17,Jayanagar,Delivered,5,Outstanding quality! Will definitely order again.,280,DP_176
OD13961,CUST2769,Royal Biryani House,Mutton Biryani,Biryani & Mughlai,2026-05-08 12:46:29,61,Whitefield,Delivered,1,Awful experience! Delayed by over an hour and no response.,1400,DP_181
OD13962,CUST2890,Burger Bistro,Loaded Nachos,Fast Food,2026-05-22 16:22:19,32,BTM Layout,Delivered,4,Decent portion size and good taste. Recommended.,250,DP_180
OD13963,CUST3168,Sweet Retreat,Red Velvet Pastry,Desserts,2026-05-21 18:20:33,33,Koramangala,Delivered,4,"Tasty food, standard delivery. Satisfactory.",180,DP_135
OD13964,CUST2639,Royal Biryani House,Chicken Tikka Biryani,Biryani & Mughlai,2026-05-11 15:39:01,15,Malleshwaram,Delivered,5,"Perfect taste, clean packaging, and polite delivery partner.",390,DP_141
OD13965,CUST2711,Burger Bistro,Spicy Paneer Wrap,Fast Food,2026-05-06 21:40:34,50,Koramangala,Delivered,2,"Not worth the price, portion was very small.",380,DP_172
OD13966,CUST2214,The Golden Dosa,Rava Kesari & Dosa Combo,South Indian,2026-04-29 20:28:53,40,HSR Layout,Delivered,4,Satisfied with the delivery speed and quality.,170,DP_176
OD13967,CUST3039,Wok & Roll,Veg Hakka Noodles,Chinese & Asian,2026-05-24 13:03:24,38,Indiranagar,Delivered,4,Satisfied with the delivery speed and quality.,270,DP_148
OD13968,CUST2855,Tandoori Nights,Chicken Seekh Kebab,North Indian,2026-05-01 21:56:35,54,HSR Layout,Delivered,4,"Tasty food, standard delivery. Satisfactory.",340,DP_195
OD13969,CUST2003,Royal Biryani House,Mutton Biryani,Biryani & Mughlai,2026-05-23 20:50:15,46,HSR Layout,Delivered,3,Average food. Nothing special.,470,DP_144
OD13970,CUST2416,Bella Italia,Garlic Bread with Cheese,Italian,2026-05-19 13:51:13,34,Koramangala,Delivered,4,Overall great experience. Prompt service.,170,DP_157
OD13971,CUST2810,Wok & Roll,Veg Hakka Noodles,Chinese & Asian,2026-05-20 17:01:41,25,Koramangala,Delivered,3,"Food was okay, but delivery took some time.",270,DP_173
OD13972,CUST2717,Spice Symphony,Dal Makhani with Jeera Rice,North Indian,2026-05-03 10:06:14,40,Koramangala,Delivered,5,"Delivered way before time, packaging was excellent!",320,DP_120
OD13973,CUST3189,Sweet Retreat,Red Velvet Pastry,Desserts,2026-05-17 21:01:59,75,Marathahalli,Delivered,1,Missing items in my order and food was cold. Avoid this place!,170,DP_136
OD13974,CUST2225,Cafe Daybreak,Paneer Tikka Sandwich,Continental & Beverages,2026-05-14 20:12:05,37,Jayanagar,Delivered,4,Satisfied with the delivery speed and quality.,230,DP_143
OD13975,CUST2274,Spice Symphony,Tandoori Chicken Half,North Indian,2026-05-08 20:33:17,46,Marathahalli,Delivered,3,Packaging could have been better. Average taste.,420,DP_169
OD13976,CUST2776,Spice Symphony,Paneer Butter Masala Meal,North Indian,2026-05-10 21:08:21,48,HSR Layout,Delivered,3,Average food. Nothing special.,340,DP_158
OD13977,CUST3459,Tandoori Nights,Chicken Seekh Kebab,North Indian,2026-05-01 08:53:00,44,Whitefield,Delivered,3,The food was decent but arrived a bit cold.,360,DP_102
OD13978,CUST3004,The Golden Dosa,Masala Dosa with Sambar,South Indian,2026-05-11 21:22:17,38,HSR Layout,Delivered,4,Decent portion size and good taste. Recommended.,160,DP_130
OD13979,CUST2935,Royal Biryani House,Veg Hyderabadi Biryani,Biryani & Mughlai,2026-05-13 21:41:41,54,Whitefield,Delivered,1,The food tasted stale and horrible! Threw it in the trash.,890,DP_122
OD13980,CUST2690,Spice Symphony,Paneer Butter Masala Meal,North Indian,2026-05-11 13:25:40,30,Indiranagar,Delivered,5,Best meal ever. Highly recommended!,990,DP_125
OD13981,CUST2020,Burger Bistro,Loaded Nachos,Fast Food,2026-05-01 12:50:05,31,HSR Layout,Delivered,5,"Perfect taste, clean packaging, and polite delivery partner.",490,DP_193
OD13982,CUST2576,Royal Biryani House,Chicken Dum Biryani,Biryani & Mughlai,2026-05-14 13:58:49,57,Whitefield,Delivered,2,Delivery took almost an hour. Unhappy.,380,DP_146
OD13983,CUST3359,The Salad Bowl,Quinoa Avocado Salad,Healthy & Salads,2026-05-15 13:48:12,50,BTM Layout,Delivered,2,"Not worth the price, portion was very small.",370,DP_144
OD13984,CUST3111,Burger Bistro,Classic Cheese Burger & Fries,Fast Food,2026-05-07 20:15:44,42,HSR Layout,Delivered,3,Portion size was small for the price.,520,DP_177
OD13985,CUST3191,Bella Italia,Chicken Alfredo Pasta,Italian,2026-05-14 18:25:06,24,BTM Layout,Delivered,4,"Tasty food, but could be a bit warmer.",380,DP_154
OD13986,CUST3049,Spice Symphony,Kadhai Paneer with Roti,North Indian,2026-04-30 14:11:18,28,Malleshwaram,Delivered,5,"Delivered way before time, packaging was excellent!",350,DP_159
OD13987,CUST2234,The Golden Dosa,Rava Kesari & Dosa Combo,South Indian,2026-05-05 23:25:22,23,Koramangala,Delivered,5,"Perfect taste, clean packaging, and polite delivery partner.",350,DP_124
OD13988,CUST3473,Bella Italia,Garlic Bread with Cheese,Italian,2026-05-04 14:12:32,47,Whitefield,Delivered,2,"Too spicy, couldn't eat it. Disappointed.",350,DP_134
OD13989,CUST2619,Tandoori Nights,Malai Kofta & Lachha Paratha,North Indian,2026-05-19 18:09:45,40,Whitefield,Delivered,5,Best meal ever. Highly recommended!,370,DP_107
OD13990,CUST2075,Burger Bistro,Loaded Nachos,Fast Food,2026-05-23 14:48:27,,Koramangala,Cancelled,,Customer cancelled the order,270,DP_122
OD13991,CUST3157,Cafe Daybreak,Iced Latte,Continental & Beverages,2026-05-06 14:51:37,42,BTM Layout,Delivered,4,"Tasty food, standard delivery. Satisfactory.",200,DP_175
OD13992,CUST2338,Tandoori Nights,Chicken Seekh Kebab,North Indian,2026-05-03 20:40:41,43,HSR Layout,Delivered,2,The item delivered was incorrect and lukewarm.,650,DP_179
OD13993,CUST2801,Cafe Daybreak,Paneer Tikka Sandwich,Continental & Beverages,2026-05-05 20:28:33,42,BTM Layout,Delivered,3,Prompt delivery but taste was average.,230,DP_168
OD13994,CUST2178,The Golden Dosa,Onion Uttapam,South Indian,2026-05-18 19:09:25,41,Malleshwaram,Delivered,3,Average food. Nothing special.,170,DP_186
OD13995,CUST3462,The Golden Dosa,Rava Kesari & Dosa Combo,South Indian,2026-05-23 06:48:17,30,Koramangala,Delivered,4,Decent portion size and good taste. Recommended.,200,DP_174
OD13996,CUST3297,Burger Bistro,Classic Cheese Burger & Fries,Fast Food,2026-05-09 08:08:09,22,Malleshwaram,Delivered,3,"Food was okay, but delivery took some time.",530,DP_140
OD13997,CUST3073,Burger Bistro,Loaded Nachos,Fast Food,2026-04-27 19:03:47,61,Whitefield,Delivered,1,"Terrible experience, food was completely spilled inside the bag.",250,DP_145
OD13998,CUST3161,The Golden Dosa,Masala Dosa with Sambar,South Indian,2026-04-28 21:07:56,44,HSR Layout,Delivered,2,Taste was disappointing. Packaging was leaked.,150,DP_170
OD13999,CUST3488,Sweet Retreat,Red Velvet Pastry,Desserts,2026-05-07 07:04:00,31,BTM Layout,Delivered,5,"Perfect taste, clean packaging, and polite delivery partner.",180,DP_156
OD14000,CUST2265,Tandoori Nights,Malai Kofta & Lachha Paratha,North Indian,2026-05-03 14:42:02,43,BTM Layout,Delivered,2,Taste was disappointing. Packaging was leaked.,710,DP_135
OD14001,CUST2574,Cafe Daybreak,Classic Cold Coffee,Continental & Beverages,2026-05-18 08:45:51,42,BTM Layout,Delivered,2,Delivery took almost an hour. Unhappy.,350,DP_137
OD14002,CUST2156,Royal Biryani House,Chicken Dum Biryani,Biryani & Mughlai,2026-04-28 14:57:41,49,Whitefield,Delivered,4,"Tasty food, but could be a bit warmer.",370,DP_197
OD14003,CUST2463,Burger Bistro,Crispy Chicken Burger,Fast Food,2026-04-30 13:33:50,39,Malleshwaram,Delivered,3,Packaging could have been better. Average taste.,240,DP_108
OD14004,CUST2332,Tandoori Nights,Butter Chicken Combo Meal,North Indian,2026-05-13 18:02:47,21,Indiranagar,Delivered,5,Best meal ever. Highly recommended!,400,DP_173
OD14005,CUST3175,Tandoori Nights,Malai Kofta & Lachha Paratha,North Indian,2026-04-28 11:51:27,35,Marathahalli,Delivered,2,"Not worth the price, portion was very small.",370,DP_171
OD14006,CUST3079,Tandoori Nights,Malai Kofta & Lachha Paratha,North Indian,2026-05-11 20:51:13,56,Whitefield,Delivered,2,Taste was disappointing. Packaging was leaked.,360,DP_106
OD14007,CUST3169,Tandoori Nights,Paneer Tikka,North Indian,2026-05-14 22:44:47,54,BTM Layout,Delivered,1,Unprofessional delivery partner. Very bad experience.,300,DP_115
OD14008,CUST2272,Wok & Roll,Chilli Chicken Gravy,Chinese & Asian,2026-04-27 20:28:05,41,Malleshwaram,Delivered,1,Worst service! Delivered extremely late and completely cold.,330,DP_110
OD14009,CUST2935,Bella Italia,Farmhouse Veg Pizza,Italian,2026-05-23 16:19:20,34,BTM Layout,Delivered,4,"Tasty food, but could be a bit warmer.",450,DP_141
OD14010,CUST2801,Wok & Roll,Veg Spring Rolls (6 pcs),Chinese & Asian,2026-05-16 11:42:51,32,HSR Layout,Delivered,2,"Too spicy, couldn't eat it. Disappointed.",180,DP_123
OD14011,CUST2199,Spice Symphony,Paneer Butter Masala Meal,North Indian,2026-05-06 19:28:36,67,Whitefield,Delivered,2,"Too spicy, couldn't eat it. Disappointed.",350,DP_164
OD14012,CUST2412,Burger Bistro,Chicken Nuggets (9 pcs),Fast Food,2026-05-17 18:47:22,22,Indiranagar,Delivered,5,Outstanding quality! Will definitely order again.,410,DP_111
OD14013,CUST3268,Royal Biryani House,Chicken Dum Biryani,Biryani & Mughlai,2026-05-20 13:56:30,26,Jayanagar,Delivered,4,Satisfied with the delivery speed and quality.,360,DP_192
OD14014,CUST3446,Bella Italia,Garlic Bread with Cheese,Italian,2026-05-16 12:08:12,,BTM Layout,Cancelled,,Delivery address was outside the delivery radius,170,DP_175
OD14015,CUST2640,Tandoori Nights,Paneer Tikka,North Indian,2026-05-14 13:15:35,36,Indiranagar,Delivered,4,"Tasty food, but could be a bit warmer.",310,DP_189
OD14016,CUST2889,Sweet Retreat,Red Velvet Pastry,Desserts,2026-05-20 22:18:31,57,BTM Layout,Delivered,1,Missing items in my order and food was cold. Avoid this place!,350,DP_110
OD14017,CUST2179,Burger Bistro,Loaded Nachos,Fast Food,2026-04-27 15:39:38,20,Jayanagar,Delivered,4,Decent portion size and good taste. Recommended.,240,DP_185
OD14018,CUST2378,Royal Biryani House,Mutton Biryani,Biryani & Mughlai,2026-05-15 20:55:21,58,Whitefield,Delivered,1,Awful experience! Delayed by over an hour and no response.,500,DP_183
OD14019,CUST3146,Tandoori Nights,Butter Chicken Combo Meal,North Indian,2026-05-04 12:51:09,41,Malleshwaram,Delivered,2,Food was cold when it arrived.,380,DP_139
OD14020,CUST3280,Bella Italia,Veg Arrabiata Penne Pasta,Italian,2026-05-05 13:21:15,29,Malleshwaram,Delivered,5,Best meal ever. Highly recommended!,340,DP_138
OD14021,CUST3027,Burger Bistro,Loaded Nachos,Fast Food,2026-05-03 19:32:42,56,Whitefield,Delivered,1,"Terrible experience, food was completely spilled inside the bag.",270,DP_111
OD14022,CUST2192,Spice Symphony,Dal Makhani with Jeera Rice,North Indian,2026-05-19 21:59:15,39,Jayanagar,Delivered,5,"Extremely satisfied, delivered hot and fresh!",330,DP_112
OD14023,CUST2296,Burger Bistro,Classic Cheese Burger & Fries,Fast Food,2026-04-28 21:48:10,51,BTM Layout,Delivered,1,Missing items in my order and food was cold. Avoid this place!,290,DP_172
OD14024,CUST2959,The Salad Bowl,Fresh Fruit Bowl,Healthy & Salads,2026-05-26 16:34:28,22,HSR Layout,Delivered,4,Overall great experience. Prompt service.,200,DP_173
OD14025,CUST2349,Tandoori Nights,Tandoori Roti Combo,North Indian,2026-04-29 20:57:19,41,Koramangala,Delivered,1,Unprofessional delivery partner. Very bad experience.,200,DP_107
OD14026,CUST3214,Royal Biryani House,Mutton Biryani,Biryani & Mughlai,2026-05-12 16:10:54,39,Marathahalli,Delivered,3,Prompt delivery but taste was average.,490,DP_116
OD14027,CUST3053,Spice Symphony,Butter Chicken & Naan,North Indian,2026-05-23 14:26:36,43,Indiranagar,Delivered,2,Delivery took almost an hour. Unhappy.,400,DP_148
OD14028,CUST3348,The Golden Dosa,Onion Uttapam,South Indian,2026-05-01 21:48:18,50,Malleshwaram,Delivered,2,Delivery took almost an hour. Unhappy.,150,DP_127
OD14029,CUST2260,The Salad Bowl,Quinoa Avocado Salad,Healthy & Salads,2026-05-04 13:12:20,34,Indiranagar,Delivered,4,Satisfied with the delivery speed and quality.,360,DP_123
OD14030,CUST2031,Spice Symphony,Paneer Butter Masala Meal,North Indian,2026-05-01 12:51:54,39,Indiranagar,Delivered,4,Overall great experience. Prompt service.,350,DP_156
OD14031,CUST2970,Spice Symphony,Kadhai Paneer with Roti,North Indian,2026-05-09 21:16:06,54,BTM Layout,Delivered,3,The food was decent but arrived a bit cold.,650,DP_113
OD14032,CUST2624,Tandoori Nights,Chicken Seekh Kebab,North Indian,2026-05-23 14:20:28,37,Jayanagar,Delivered,5,"Extremely satisfied, delivered hot and fresh!",340,DP_184
OD14033,CUST2033,Wok & Roll,Veg Hakka Noodles,Chinese & Asian,2026-04-29 18:23:42,26,Marathahalli,Delivered,3,"Food was okay, but delivery took some time.",260,DP_131
OD14034,CUST3234,Royal Biryani House,Veg Hyderabadi Biryani,Biryani & Mughlai,2026-05-16 20:17:39,51,Koramangala,Delivered,3,"Food was okay, but delivery took some time.",860,DP_173
OD14035,CUST2138,Royal Biryani House,Chicken Tikka Biryani,Biryani & Mughlai,2026-05-24 14:25:49,39,Marathahalli,Delivered,4,Overall great experience. Prompt service.,770,DP_185
OD14036,CUST2390,Cafe Daybreak,Hot Chocolate,Continental & Beverages,2026-05-08 08:54:11,22,Jayanagar,Delivered,5,"Delivered way before time, packaging was excellent!",200,DP_151
OD14037,CUST2204,Bella Italia,Farmhouse Veg Pizza,Italian,2026-05-20 13:46:29,32,Whitefield,Delivered,4,Good taste and neat packaging.,450,DP_136
OD14038,CUST3408,The Salad Bowl,Caesar Salad,Healthy & Salads,2026-05-22 20:49:07,49,Malleshwaram,Delivered,4,Overall great experience. Prompt service.,260,DP_131
OD14039,CUST2454,Wok & Roll,Veg Spring Rolls (6 pcs),Chinese & Asian,2026-05-12 23:08:52,31,BTM Layout,Delivered,4,Overall great experience. Prompt service.,200,DP_113
OD14040,CUST2048,Spice Symphony,Butter Chicken & Naan,North Indian,2026-05-19 14:34:05,32,Whitefield,Delivered,4,"Tasty food, standard delivery. Satisfactory.",380,DP_144
OD14041,CUST2548,Spice Symphony,Kadhai Paneer with Roti,North Indian,2026-05-12 23:33:46,,Jayanagar,Cancelled,,Delivery partner could not be assigned due to heavy rain,350,DP_118
OD14042,CUST2710,The Golden Dosa,Filter Coffee & Upma,South Indian,2026-05-02 21:19:11,55,Koramangala,Delivered,2,Delivery took almost an hour. Unhappy.,240,DP_182
OD14043,CUST2149,The Salad Bowl,Quinoa Avocado Salad,Healthy & Salads,2026-05-12 18:37:59,26,HSR Layout,Delivered,4,"Tasty food, standard delivery. Satisfactory.",680,DP_163
OD14044,CUST2408,Tandoori Nights,Paneer Tikka,North Indian,2026-05-23 22:23:47,56,Malleshwaram,Delivered,2,The item delivered was incorrect and lukewarm.,320,DP_101
OD14045,CUST2474,Spice Symphony,Dal Makhani with Jeera Rice,North Indian,2026-05-08 21:35:58,53,HSR Layout,Delivered,3,The food was decent but arrived a bit cold.,320,DP_189
OD14046,CUST3009,Wok & Roll,Veg Hakka Noodles,Chinese & Asian,2026-04-27 13:01:03,38,Koramangala,Delivered,5,"Amazing food, super fast delivery!",680,DP_188
OD14047,CUST3317,Bella Italia,Margherita Pizza 10-inch,Italian,2026-05-11 19:27:10,,Koramangala,Cancelled,,Delivery partner could not be assigned due to heavy rain,420,DP_154
OD14048,CUST2517,Cafe Daybreak,Hot Chocolate,Continental & Beverages,2026-04-28 14:19:59,57,Jayanagar,Delivered,1,Worst service! Delivered extremely late and completely cold.,210,DP_197
OD14049,CUST3055,Royal Biryani House,Mutton Biryani,Biryani & Mughlai,2026-04-29 13:29:41,30,Koramangala,Delivered,4,"Tasty food, but could be a bit warmer.",470,DP_175
OD14050,CUST2993,The Golden Dosa,Rava Kesari & Dosa Combo,South Indian,2026-05-01 19:27:52,67,BTM Layout,Delivered,1,The food tasted stale and horrible! Threw it in the trash.,190,DP_128
OD14051,CUST2409,Cafe Daybreak,Iced Latte,Continental & Beverages,2026-05-06 19:15:56,44,HSR Layout,Delivered,3,Portion size was small for the price.,190,DP_162
OD14052,CUST3126,Burger Bistro,Loaded Nachos,Fast Food,2026-04-28 12:46:46,33,Whitefield,Delivered,4,"Tasty food, standard delivery. Satisfactory.",260,DP_116
OD14053,CUST3099,Spice Symphony,Dal Makhani with Jeera Rice,North Indian,2026-05-18 18:45:11,22,Malleshwaram,Delivered,4,Decent portion size and good taste. Recommended.,300,DP_129
OD14054,CUST2095,Tandoori Nights,Butter Chicken Combo Meal,North Indian,2026-04-29 19:58:41,35,Koramangala,Delivered,5,Outstanding quality! Will definitely order again.,400,DP_193
OD14055,CUST2147,Bella Italia,Farmhouse Veg Pizza,Italian,2026-05-11 12:46:15,30,Malleshwaram,Delivered,4,"Tasty food, standard delivery. Satisfactory.",450,DP_108
OD14056,CUST2801,Wok & Roll,Schezwan Noodles,Chinese & Asian,2026-04-30 21:41:22,58,Malleshwaram,Delivered,2,"Not worth the price, portion was very small.",250,DP_159
OD14057,CUST2516,Tandoori Nights,Paneer Tikka,North Indian,2026-05-10 16:08:34,29,Marathahalli,Delivered,5,Outstanding quality! Will definitely order again.,310,DP_190
OD14058,CUST2918,Bella Italia,Veg Arrabiata Penne Pasta,Italian,2026-05-08 21:37:41,50,HSR Layout,Delivered,1,Missing items in my order and food was cold. Avoid this place!,350,DP_148
OD14059,CUST3413,Wok & Roll,Chilli Chicken Gravy,Chinese & Asian,2026-05-04 18:11:06,17,Jayanagar,Delivered,5,"Amazing food, super fast delivery!",310,DP_151
OD14060,CUST3245,Burger Bistro,Loaded Nachos,Fast Food,2026-05-21 20:34:59,36,BTM Layout,Delivered,5,"Extremely satisfied, delivered hot and fresh!",240,DP_128
OD14061,CUST3410,Burger Bistro,Chicken Nuggets (9 pcs),Fast Food,2026-05-16 12:25:31,49,Whitefield,Delivered,3,Average food. Nothing special.,230,DP_142
OD14062,CUST2342,Cafe Daybreak,Classic Cold Coffee,Continental & Beverages,2026-05-16 12:53:43,62,Whitefield,Delivered,1,The food tasted stale and horrible! Threw it in the trash.,190,DP_135
OD14063,CUST2746,Wok & Roll,Veg Spring Rolls (6 pcs),Chinese & Asian,2026-05-02 20:47:20,51,Jayanagar,Delivered,3,Average food. Nothing special.,200,DP_120
OD14064,CUST3077,Cafe Daybreak,Classic Cold Coffee,Continental & Beverages,2026-05-20 18:05:13,27,BTM Layout,Delivered,4,"Tasty food, but could be a bit warmer.",330,DP_109
OD14065,CUST2382,Royal Biryani House,Chicken Dum Biryani,Biryani & Mughlai,2026-05-26 17:22:37,18,Jayanagar,Delivered,5,Outstanding quality! Will definitely order again.,380,DP_109
OD14066,CUST2050,Bella Italia,Veg Arrabiata Penne Pasta,Italian,2026-05-11 20:24:37,,Malleshwaram,Cancelled,,Restaurant could not prepare food in time,340,DP_177
OD14067,CUST3426,The Salad Bowl,Quinoa Avocado Salad,Healthy & Salads,2026-05-05 13:26:42,32,Indiranagar,Delivered,2,Taste was disappointing. Packaging was leaked.,350,DP_197
OD14068,CUST3087,Royal Biryani House,Mutton Biryani,Biryani & Mughlai,2026-05-12 20:42:40,50,Marathahalli,Delivered,4,Satisfied with the delivery speed and quality.,470,DP_154
OD14069,CUST3135,The Golden Dosa,Onion Uttapam,South Indian,2026-05-07 20:07:59,55,Indiranagar,Delivered,2,"Not worth the price, portion was very small.",180,DP_146
OD14070,CUST2435,Bella Italia,Veg Arrabiata Penne Pasta,Italian,2026-05-22 23:02:39,29,Jayanagar,Delivered,4,Decent portion size and good taste. Recommended.,360,DP_158
OD14071,CUST2336,Tandoori Nights,Paneer Tikka,North Indian,2026-05-26 21:06:24,65,BTM Layout,Delivered,1,"Terrible experience, food was completely spilled inside the bag.",610,DP_120
OD14072,CUST2272,Tandoori Nights,Tandoori Roti Combo,North Indian,2026-05-22 21:46:47,52,Malleshwaram,Delivered,3,Portion size was small for the price.,230,DP_158
OD14073,CUST2263,Sweet Retreat,Red Velvet Pastry,Desserts,2026-05-11 14:00:16,35,Indiranagar,Delivered,5,"Delivered way before time, packaging was excellent!",170,DP_184
OD14074,CUST2474,Cafe Daybreak,Classic Cold Coffee,Continental & Beverages,2026-05-26 12:34:41,44,HSR Layout,Delivered,1,Missing items in my order and food was cold. Avoid this place!,170,DP_101
OD14075,CUST3314,Tandoori Nights,Butter Chicken Combo Meal,North Indian,2026-05-13 12:26:45,36,Koramangala,Delivered,5,"Perfect taste, clean packaging, and polite delivery partner.",410,DP_154
OD14076,CUST2008,Royal Biryani House,Chicken Tikka Biryani,Biryani & Mughlai,2026-05-02 20:18:53,48,BTM Layout,Delivered,2,Delivery took almost an hour. Unhappy.,390,DP_156
OD14077,CUST3151,The Salad Bowl,Greek Salad,Healthy & Salads,2026-05-08 22:52:03,46,Jayanagar,Delivered,2,"Too spicy, couldn't eat it. Disappointed.",260,DP_128
OD14078,CUST3380,Cafe Daybreak,Hot Chocolate,Continental & Beverages,2026-05-09 21:04:29,55,BTM Layout,Delivered,1,Unprofessional delivery partner. Very bad experience.,190,DP_199
OD14079,CUST2344,Sweet Retreat,Red Velvet Pastry,Desserts,2026-05-18 20:56:56,,Malleshwaram,Cancelled,,Customer cancelled the order,340,DP_104
OD14080,CUST2615,Sweet Retreat,Red Velvet Pastry,Desserts,2026-05-24 21:44:20,59,HSR Layout,Delivered,2,Taste was disappointing. Packaging was leaked.,180,DP_176
OD14081,CUST2160,The Salad Bowl,Greek Salad,Healthy & Salads,2026-05-19 11:02:01,26,Koramangala,Delivered,4,"Tasty food, standard delivery. Satisfactory.",280,DP_158
OD14082,CUST2096,Spice Symphony,Paneer Butter Masala Meal,North Indian,2026-05-04 20:27:19,38,HSR Layout,Delivered,5,Outstanding quality! Will definitely order again.,340,DP_128
OD14083,CUST2289,Spice Symphony,Kadhai Paneer with Roti,North Indian,2026-05-07 20:25:11,,Koramangala,Cancelled,,Restaurant could not prepare food in time,340,DP_119
OD14084,CUST2347,Burger Bistro,Spicy Paneer Wrap,Fast Food,2026-04-30 08:12:36,21,BTM Layout,Delivered,5,"Extremely satisfied, delivered hot and fresh!",560,DP_143
OD14085,CUST2200,Sweet Retreat,Sizzling Brownie,Desserts,2026-05-24 19:20:01,49,HSR Layout,Delivered,1,The food tasted stale and horrible! Threw it in the trash.,210,DP_153
OD14086,CUST2122,Wok & Roll,Veg Hakka Noodles,Chinese & Asian,2026-05-09 10:15:51,43,HSR Layout,Delivered,2,Delivery took almost an hour. Unhappy.,250,DP_166
OD14087,CUST2928,Spice Symphony,Kadhai Paneer with Roti,North Indian,2026-05-15 20:35:07,52,HSR Layout,Delivered,3,Average food. Nothing special.,330,DP_129
OD14088,CUST3014,The Golden Dosa,Masala Dosa with Sambar,South Indian,2026-05-14 22:03:56,49,BTM Layout,Delivered,3,Average food. Nothing special.,170,DP_191
OD14089,CUST2388,Tandoori Nights,Chicken Seekh Kebab,North Indian,2026-05-12 19:02:21,58,Whitefield,Delivered,1,"Terrible experience, food was completely spilled inside the bag.",360,DP_186
OD14090,CUST3423,Tandoori Nights,Malai Kofta & Lachha Paratha,North Indian,2026-05-23 19:41:03,,Whitefield,Cancelled,,Delivery address was outside the delivery radius,370,DP_173
OD14091,CUST3500,Sweet Retreat,Red Velvet Pastry,Desserts,2026-05-05 21:16:42,67,Whitefield,Delivered,1,"Terrible experience, food was completely spilled inside the bag.",170,DP_122
OD14092,CUST2640,Bella Italia,Margherita Pizza 10-inch,Italian,2026-05-03 21:59:00,59,Indiranagar,Delivered,1,Awful experience! Delayed by over an hour and no response.,420,DP_190
OD14093,CUST3422,Wok & Roll,Chicken Fried Rice & Manchurian,Chinese & Asian,2026-05-16 13:54:10,45,Koramangala,Delivered,3,Packaging could have been better. Average taste.,340,DP_109
OD14094,CUST2450,Royal Biryani House,Veg Hyderabadi Biryani,Biryani & Mughlai,2026-05-25 16:29:59,23,Whitefield,Delivered,5,"Perfect taste, clean packaging, and polite delivery partner.",320,DP_112
OD14095,CUST3191,Sweet Retreat,Kulfi Falooda,Desserts,2026-05-22 20:25:07,,Malleshwaram,Cancelled,,Restaurant could not prepare food in time,430,DP_136
OD14096,CUST2468,Burger Bistro,Crispy Chicken Burger,Fast Food,2026-05-26 14:17:07,33,Malleshwaram,Delivered,4,Satisfied with the delivery speed and quality.,230,DP_120
OD14097,CUST2676,Bella Italia,Margherita Pizza 10-inch,Italian,2026-05-19 20:58:54,49,Koramangala,Delivered,2,"Too spicy, couldn't eat it. Disappointed.",410,DP_141
OD14098,CUST2270,Tandoori Nights,Butter Chicken Combo Meal,North Indian,2026-05-21 13:56:29,43,Indiranagar,Delivered,4,"Tasty food, standard delivery. Satisfactory.",390,DP_133
OD14099,CUST3054,The Salad Bowl,Caesar Salad,Healthy & Salads,2026-05-10 11:29:12,19,Jayanagar,Delivered,4,Decent portion size and good taste. Recommended.,280,DP_143
OD14100,CUST2905,Royal Biryani House,Chicken Tikka Biryani,Biryani & Mughlai,2026-05-12 19:15:07,44,BTM Layout,Delivered,3,The food was decent but arrived a bit cold.,400,DP_106
OD14101,CUST3469,Bella Italia,Garlic Bread with Cheese,Italian,2026-05-08 20:58:47,48,Koramangala,Delivered,1,Unprofessional delivery partner. Very bad experience.,350,DP_118
OD14102,CUST2324,The Golden Dosa,Masala Dosa with Sambar,South Indian,2026-05-09 21:21:24,62,BTM Layout,Delivered,1,The food tasted stale and horrible! Threw it in the trash.,160,DP_161
OD14103,CUST2550,The Golden Dosa,Masala Dosa with Sambar,South Indian,2026-05-17 19:53:33,42,Koramangala,Delivered,2,The item delivered was incorrect and lukewarm.,390,DP_102
OD14104,CUST2371,Bella Italia,Farmhouse Veg Pizza,Italian,2026-05-08 13:22:02,45,Marathahalli,Delivered,4,"Tasty food, but could be a bit warmer.",460,DP_142
OD14105,CUST3187,Cafe Daybreak,Paneer Tikka Sandwich,Continental & Beverages,2026-05-23 19:56:19,40,Jayanagar,Delivered,4,Good taste and neat packaging.,230,DP_101
OD14106,CUST3170,Burger Bistro,Loaded Nachos,Fast Food,2026-05-01 10:36:33,25,Indiranagar,Delivered,5,"Delivered way before time, packaging was excellent!",260,DP_124
OD14107,CUST3031,The Golden Dosa,Rava Kesari & Dosa Combo,South Indian,2026-05-04 12:24:51,,Malleshwaram,Cancelled,,Restaurant could not prepare food in time,180,DP_158
OD14108,CUST2708,Royal Biryani House,Chicken Tikka Biryani,Biryani & Mughlai,2026-05-14 13:45:49,37,HSR Layout,Delivered,5,Outstanding quality! Will definitely order again.,390,DP_190
OD14109,CUST2510,Royal Biryani House,Veg Hyderabadi Biryani,Biryani & Mughlai,2026-05-21 23:01:19,18,Koramangala,Delivered,5,"Amazing food, super fast delivery!",320,DP_155
OD14110,CUST2264,The Golden Dosa,Masala Dosa with Sambar,South Indian,2026-05-05 13:58:32,44,Marathahalli,Delivered,2,Food was cold when it arrived.,160,DP_102
OD14111,CUST3390,The Golden Dosa,Onion Uttapam,South Indian,2026-05-12 10:56:30,29,Malleshwaram,Delivered,4,Good taste and neat packaging.,280,DP_187
OD14112,CUST3270,Burger Bistro,Classic Cheese Burger & Fries,Fast Food,2026-05-03 21:11:03,52,Jayanagar,Delivered,2,Food was cold when it arrived.,290,DP_106
OD14113,CUST2582,Bella Italia,Margherita Pizza 10-inch,Italian,2026-05-07 22:45:40,60,Whitefield,Delivered,2,Delivery took almost an hour. Unhappy.,400,DP_184
OD14114,CUST2747,Spice Symphony,Butter Chicken & Naan,North Indian,2026-04-29 21:33:27,47,BTM Layout,Delivered,3,Prompt delivery but taste was average.,370,DP_155
OD14115,CUST3028,Wok & Roll,Chilli Chicken Gravy,Chinese & Asian,2026-05-06 18:06:26,33,Marathahalli,Delivered,3,The food was decent but arrived a bit cold.,310,DP_125
OD14116,CUST3222,Spice Symphony,Kadhai Paneer with Roti,North Indian,2026-05-06 14:59:32,37,Malleshwaram,Delivered,3,Prompt delivery but taste was average.,330,DP_108
OD14117,CUST2266,Bella Italia,Farmhouse Veg Pizza,Italian,2026-05-19 20:17:10,52,Marathahalli,Delivered,2,"Too spicy, couldn't eat it. Disappointed.",450,DP_199
OD14118,CUST2290,Bella Italia,Chicken Alfredo Pasta,Italian,2026-05-20 13:45:42,43,Malleshwaram,Delivered,4,Satisfied with the delivery speed and quality.,410,DP_187
OD14119,CUST2322,Bella Italia,Garlic Bread with Cheese,Italian,2026-05-17 09:14:08,23,Jayanagar,Delivered,5,"Perfect taste, clean packaging, and polite delivery partner.",180,DP_101
OD14120,CUST2592,The Salad Bowl,Caesar Salad,Healthy & Salads,2026-05-05 21:01:59,57,Marathahalli,Delivered,1,The food tasted stale and horrible! Threw it in the trash.,270,DP_193
OD14121,CUST2784,The Golden Dosa,Onion Uttapam,South Indian,2026-05-04 19:33:43,48,Koramangala,Delivered,4,Overall great experience. Prompt service.,150,DP_120
OD14122,CUST2803,Royal Biryani House,Chicken Dum Biryani,Biryani & Mughlai,2026-04-28 13:19:03,26,Jayanagar,Delivered,4,Satisfied with the delivery speed and quality.,370,DP_119
OD14123,CUST2646,The Salad Bowl,Quinoa Avocado Salad,Healthy & Salads,2026-05-09 13:01:56,49,Indiranagar,Delivered,1,Awful experience! Delayed by over an hour and no response.,370,DP_157
OD14124,CUST2021,Burger Bistro,Crispy Chicken Burger,Fast Food,2026-05-12 20:13:29,41,Jayanagar,Delivered,2,"Too spicy, couldn't eat it. Disappointed.",240,DP_162
OD14125,CUST3010,Sweet Retreat,Sizzling Brownie,Desserts,2026-05-20 12:16:10,28,Malleshwaram,Delivered,4,Satisfied with the delivery speed and quality.,390,DP_166
OD14126,CUST3312,The Salad Bowl,Caesar Salad,Healthy & Salads,2026-04-30 12:53:45,36,Malleshwaram,Delivered,3,Prompt delivery but taste was average.,270,DP_158
OD14127,CUST2151,Tandoori Nights,Malai Kofta & Lachha Paratha,North Indian,2026-05-14 11:54:29,27,Marathahalli,Delivered,5,"Amazing food, super fast delivery!",350,DP_152
OD14128,CUST3145,The Salad Bowl,Greek Salad,Healthy & Salads,2026-05-22 18:25:32,18,Jayanagar,Delivered,5,Best meal ever. Highly recommended!,490,DP_167
OD14129,CUST2153,The Salad Bowl,High-Protein Chicken Salad,Healthy & Salads,2026-05-21 20:50:34,34,BTM Layout,Delivered,5,"Extremely satisfied, delivered hot and fresh!",610,DP_141
OD14130,CUST2264,Cafe Daybreak,Club Sandwich,Continental & Beverages,2026-05-06 17:30:00,26,Koramangala,Delivered,5,"Amazing food, super fast delivery!",260,DP_154
OD14131,CUST2310,Wok & Roll,Chicken Fried Rice & Manchurian,Chinese & Asian,2026-05-09 14:15:43,,Koramangala,Cancelled,,Delivery address was outside the delivery radius,340,DP_127
OD14132,CUST3107,Tandoori Nights,Malai Kofta & Lachha Paratha,North Indian,2026-05-07 13:14:23,35,Koramangala,Delivered,4,Decent portion size and good taste. Recommended.,690,DP_121
OD14133,CUST2852,Wok & Roll,Veg Spring Rolls (6 pcs),Chinese & Asian,2026-05-23 21:21:54,45,Indiranagar,Delivered,1,Awful experience! Delayed by over an hour and no response.,200,DP_108
OD14134,CUST2818,The Salad Bowl,Greek Salad,Healthy & Salads,2026-05-15 12:16:13,42,Koramangala,Delivered,3,Packaging could have been better. Average taste.,250,DP_144
OD14135,CUST2115,Royal Biryani House,Chicken Dum Biryani,Biryani & Mughlai,2026-05-18 21:10:52,43,HSR Layout,Delivered,2,"Not worth the price, portion was very small.",380,DP_168
OD14136,CUST2717,The Salad Bowl,Fresh Fruit Bowl,Healthy & Salads,2026-05-12 19:48:59,58,Marathahalli,Delivered,1,Worst service! Delivered extremely late and completely cold.,200,DP_134
OD14137,CUST2142,Burger Bistro,Crispy Chicken Burger,Fast Food,2026-05-09 20:54:49,43,Jayanagar,Delivered,3,Average food. Nothing special.,240,DP_137
OD14138,CUST2477,Bella Italia,Chicken Alfredo Pasta,Italian,2026-05-21 13:21:51,40,BTM Layout,Delivered,5,"Extremely satisfied, delivered hot and fresh!",410,DP_156
OD14139,CUST2818,Cafe Daybreak,Club Sandwich,Continental & Beverages,2026-05-09 13:03:23,45,Malleshwaram,Delivered,2,Food was cold when it arrived.,440,DP_166
OD14140,CUST2965,Cafe Daybreak,Iced Latte,Continental & Beverages,2026-05-24 21:47:40,51,Malleshwaram,Delivered,2,"Too spicy, couldn't eat it. Disappointed.",210,DP_130
OD14141,CUST2935,Tandoori Nights,Tandoori Roti Combo,North Indian,2026-05-25 18:00:07,36,BTM Layout,Delivered,5,"Extremely satisfied, delivered hot and fresh!",210,DP_180
OD14142,CUST2313,The Golden Dosa,Onion Uttapam,South Indian,2026-05-07 19:58:44,44,Jayanagar,Delivered,3,Portion size was small for the price.,170,DP_126
OD14143,CUST2464,Cafe Daybreak,Club Sandwich,Continental & Beverages,2026-05-06 14:57:36,53,Marathahalli,Delivered,1,Unprofessional delivery partner. Very bad experience.,250,DP_145
OD14144,CUST3297,The Salad Bowl,Greek Salad,Healthy & Salads,2026-05-13 08:59:27,27,Koramangala,Delivered,2,The item delivered was incorrect and lukewarm.,280,DP_125
OD14145,CUST2465,Royal Biryani House,Egg Biryani,Biryani & Mughlai,2026-05-25 09:45:40,22,Jayanagar,Delivered,3,Prompt delivery but taste was average.,570,DP_200
OD14146,CUST2924,The Salad Bowl,Fresh Fruit Bowl,Healthy & Salads,2026-05-26 15:54:31,35,Koramangala,Delivered,4,Satisfied with the delivery speed and quality.,230,DP_169
OD14147,CUST2730,Wok & Roll,Schezwan Noodles,Chinese & Asian,2026-05-17 19:40:39,46,Malleshwaram,Delivered,3,Packaging could have been better. Average taste.,280,DP_199
OD14148,CUST2447,Bella Italia,Veg Arrabiata Penne Pasta,Italian,2026-04-28 19:56:24,44,HSR Layout,Delivered,3,Packaging could have been better. Average taste.,330,DP_156
OD14149,CUST2333,Sweet Retreat,Kulfi Falooda,Desserts,2026-05-22 21:24:59,62,Whitefield,Delivered,2,"Too spicy, couldn't eat it. Disappointed.",160,DP_163
OD14150,CUST2862,Tandoori Nights,Butter Chicken Combo Meal,North Indian,2026-04-28 16:35:44,21,Malleshwaram,Delivered,3,Packaging could have been better. Average taste.,750,DP_121
OD14151,CUST3198,The Golden Dosa,Rava Kesari & Dosa Combo,South Indian,2026-04-27 08:39:52,37,Whitefield,Delivered,4,"Tasty food, standard delivery. Satisfactory.",200,DP_187
OD14152,CUST2731,Bella Italia,Margherita Pizza 10-inch,Italian,2026-04-27 18:06:22,21,Indiranagar,Delivered,5,"Extremely satisfied, delivered hot and fresh!",810,DP_101
OD14153,CUST2340,Cafe Daybreak,Hot Chocolate,Continental & Beverages,2026-05-07 14:44:41,47,BTM Layout,Delivered,3,"Food was okay, but delivery took some time.",360,DP_169
OD14154,CUST2108,Spice Symphony,Tandoori Chicken Half,North Indian,2026-05-16 21:41:28,37,Jayanagar,Delivered,5,"Delivered way before time, packaging was excellent!",800,DP_183
OD14155,CUST3349,Spice Symphony,Paneer Butter Masala Meal,North Indian,2026-05-09 23:59:35,26,Malleshwaram,Delivered,3,Packaging could have been better. Average taste.,670,DP_123
OD14156,CUST2856,Cafe Daybreak,Paneer Tikka Sandwich,Continental & Beverages,2026-05-22 20:42:35,,Koramangala,Cancelled,,Item out of stock at restaurant,210,DP_163
OD14157,CUST2795,Royal Biryani House,Chicken Dum Biryani,Biryani & Mughlai,2026-05-01 13:16:24,52,Marathahalli,Delivered,2,The item delivered was incorrect and lukewarm.,380,DP_165
OD14158,CUST3382,The Golden Dosa,Onion Uttapam,South Indian,2026-05-18 10:14:27,19,BTM Layout,Delivered,3,Average food. Nothing special.,170,DP_190
OD14159,CUST3113,The Salad Bowl,Caesar Salad,Healthy & Salads,2026-05-24 06:44:23,27,Indiranagar,Delivered,5,"Delivered way before time, packaging was excellent!",270,DP_174
OD14160,CUST2398,Bella Italia,Garlic Bread with Cheese,Italian,2026-05-21 20:48:35,47,HSR Layout,Delivered,1,Missing items in my order and food was cold. Avoid this place!,190,DP_134
OD14161,CUST3161,Bella Italia,Chicken Alfredo Pasta,Italian,2026-05-18 22:52:23,52,BTM Layout,Delivered,1,Missing items in my order and food was cold. Avoid this place!,400,DP_155
OD14162,CUST2381,The Golden Dosa,Idli Vada Combo,South Indian,2026-05-02 19:00:07,34,Malleshwaram,Delivered,5,"Extremely satisfied, delivered hot and fresh!",130,DP_150
OD14163,CUST3029,Spice Symphony,Kadhai Paneer with Roti,North Indian,2026-05-18 07:44:21,17,Koramangala,Delivered,4,Decent portion size and good taste. Recommended.,360,DP_194
OD14164,CUST2439,Spice Symphony,Kadhai Paneer with Roti,North Indian,2026-04-29 15:57:30,29,HSR Layout,Delivered,3,Average food. Nothing special.,350,DP_177
OD14165,CUST2556,Royal Biryani House,Chicken Dum Biryani,Biryani & Mughlai,2026-05-21 14:30:14,51,Koramangala,Delivered,3,Packaging could have been better. Average taste.,370,DP_111
OD14166,CUST3007,Royal Biryani House,Mutton Biryani,Biryani & Mughlai,2026-05-26 14:01:44,39,Whitefield,Delivered,3,Prompt delivery but taste was average.,480,DP_167
OD14167,CUST2725,Tandoori Nights,Butter Chicken Combo Meal,North Indian,2026-05-05 19:44:56,40,Jayanagar,Delivered,4,Satisfied with the delivery speed and quality.,390,DP_133
OD14168,CUST2176,Burger Bistro,Loaded Nachos,Fast Food,2026-05-25 19:52:24,32,Jayanagar,Delivered,4,Decent portion size and good taste. Recommended.,250,DP_170
OD14169,CUST2345,Burger Bistro,Spicy Paneer Wrap,Fast Food,2026-05-02 21:50:07,50,Malleshwaram,Delivered,2,Food was cold when it arrived.,200,DP_122
OD14170,CUST3049,Royal Biryani House,Chicken Dum Biryani,Biryani & Mughlai,2026-04-30 21:28:32,35,Indiranagar,Delivered,5,"Delivered way before time, packaging was excellent!",350,DP_168
OD14171,CUST3472,Bella Italia,Farmhouse Veg Pizza,Italian,2026-05-01 21:56:57,,Marathahalli,Cancelled,,Restaurant could not prepare food in time,870,DP_160
OD14172,CUST2458,The Salad Bowl,High-Protein Chicken Salad,Healthy & Salads,2026-05-07 18:31:46,29,HSR Layout,Delivered,4,Decent portion size and good taste. Recommended.,330,DP_162
OD14173,CUST2004,Bella Italia,Farmhouse Veg Pizza,Italian,2026-05-25 21:46:28,42,HSR Layout,Delivered,3,Packaging could have been better. Average taste.,440,DP_111
OD14174,CUST3483,The Golden Dosa,Onion Uttapam,South Indian,2026-05-12 12:31:03,39,HSR Layout,Delivered,4,Satisfied with the delivery speed and quality.,180,DP_119
OD14175,CUST2332,The Golden Dosa,Masala Dosa with Sambar,South Indian,2026-05-23 12:48:50,50,Koramangala,Delivered,3,Portion size was small for the price.,140,DP_139
OD14176,CUST2137,Burger Bistro,Crispy Chicken Burger,Fast Food,2026-05-13 19:14:03,31,Malleshwaram,Delivered,5,"Delivered way before time, packaging was excellent!",650,DP_130
OD14177,CUST3064,Sweet Retreat,Red Velvet Pastry,Desserts,2026-05-26 22:47:02,40,Jayanagar,Delivered,4,Decent portion size and good taste. Recommended.,200,DP_119
OD14178,CUST2047,Tandoori Nights,Chicken Seekh Kebab,North Indian,2026-05-20 17:27:18,28,HSR Layout,Delivered,4,Decent portion size and good taste. Recommended.,360,DP_192
OD14179,CUST2948,Cafe Daybreak,Hot Chocolate,Continental & Beverages,2026-05-21 19:04:12,40,Marathahalli,Delivered,4,"Tasty food, standard delivery. Satisfactory.",200,DP_140
OD14180,CUST3329,Bella Italia,Veg Arrabiata Penne Pasta,Italian,2026-04-30 20:22:16,38,Jayanagar,Delivered,5,Outstanding quality! Will definitely order again.,350,DP_122
OD14181,CUST2764,Cafe Daybreak,Classic Cold Coffee,Continental & Beverages,2026-04-27 18:38:09,39,Koramangala,Delivered,3,The food was decent but arrived a bit cold.,490,DP_157
OD14182,CUST2928,Bella Italia,Garlic Bread with Cheese,Italian,2026-05-23 19:50:55,52,BTM Layout,Delivered,3,"Food was okay, but delivery took some time.",170,DP_137
OD14183,CUST2694,Bella Italia,Farmhouse Veg Pizza,Italian,2026-05-13 20:35:07,38,Malleshwaram,Delivered,5,Best meal ever. Highly recommended!,890,DP_156
OD14184,CUST3074,The Golden Dosa,Masala Dosa with Sambar,South Indian,2026-05-01 11:38:33,34,Malleshwaram,Delivered,4,"Tasty food, but could be a bit warmer.",140,DP_133
OD14185,CUST2185,The Salad Bowl,Fresh Fruit Bowl,Healthy & Salads,2026-04-29 15:39:07,15,Indiranagar,Delivered,4,Overall great experience. Prompt service.,220,DP_164
OD14186,CUST2238,Tandoori Nights,Tandoori Roti Combo,North Indian,2026-04-27 14:27:04,39,Indiranagar,Delivered,2,Delivery took almost an hour. Unhappy.,210,DP_115
OD14187,CUST2336,Burger Bistro,Crispy Chicken Burger,Fast Food,2026-05-26 17:38:13,36,Indiranagar,Delivered,4,Overall great experience. Prompt service.,260,DP_149
OD14188,CUST2999,Wok & Roll,Veg Spring Rolls (6 pcs),Chinese & Asian,2026-05-07 19:36:35,85,Whitefield,Delivered,1,"Terrible experience, food was completely spilled inside the bag.",210,DP_121
OD14189,CUST3482,Burger Bistro,Classic Cheese Burger & Fries,Fast Food,2026-05-19 22:47:38,41,Marathahalli,Delivered,3,Prompt delivery but taste was average.,270,DP_135
OD14190,CUST2450,Burger Bistro,Spicy Paneer Wrap,Fast Food,2026-05-22 12:59:31,40,Malleshwaram,Delivered,3,Packaging could have been better. Average taste.,230,DP_162
OD14191,CUST2248,Cafe Daybreak,Classic Cold Coffee,Continental & Beverages,2026-05-24 10:24:46,43,BTM Layout,Delivered,3,"Food was okay, but delivery took some time.",190,DP_141
OD14192,CUST3227,Royal Biryani House,Chicken Tikka Biryani,Biryani & Mughlai,2026-05-12 16:38:25,19,Jayanagar,Delivered,4,Overall great experience. Prompt service.,390,DP_195
OD14193,CUST2001,The Salad Bowl,Greek Salad,Healthy & Salads,2026-05-03 12:12:25,56,Whitefield,Delivered,1,"Terrible experience, food was completely spilled inside the bag.",270,DP_101
OD14194,CUST3003,Royal Biryani House,Chicken Dum Biryani,Biryani & Mughlai,2026-05-26 12:44:01,49,Marathahalli,Delivered,2,The item delivered was incorrect and lukewarm.,360,DP_155
OD14195,CUST2416,Cafe Daybreak,Paneer Tikka Sandwich,Continental & Beverages,2026-04-29 19:27:04,50,Koramangala,Delivered,1,Awful experience! Delayed by over an hour and no response.,240,DP_132
OD14196,CUST2847,Tandoori Nights,Malai Kofta & Lachha Paratha,North Indian,2026-05-08 20:04:32,57,Jayanagar,Delivered,1,Worst service! Delivered extremely late and completely cold.,680,DP_106
OD14197,CUST2483,The Golden Dosa,Filter Coffee & Upma,South Indian,2026-05-23 13:24:14,46,HSR Layout,Delivered,1,The food tasted stale and horrible! Threw it in the trash.,150,DP_122
OD14198,CUST2472,The Salad Bowl,Greek Salad,Healthy & Salads,2026-05-25 12:21:09,,Koramangala,Cancelled,,Item out of stock at restaurant,480,DP_164
OD14199,CUST3347,Royal Biryani House,Chicken Dum Biryani,Biryani & Mughlai,2026-05-15 08:01:52,,Marathahalli,Cancelled,,Restaurant could not prepare food in time,360,DP_110
OD14200,CUST2318,Sweet Retreat,Chocolate Lava Cake,Desserts,2026-05-13 09:29:55,23,BTM Layout,Delivered,5,Outstanding quality! Will definitely order again.,180,DP_186
OD14201,CUST2445,Spice Symphony,Kadhai Paneer with Roti,North Indian,2026-05-13 18:46:17,37,Whitefield,Delivered,4,Overall great experience. Prompt service.,360,DP_134
OD14202,CUST2666,Cafe Daybreak,Iced Latte,Continental & Beverages,2026-05-03 22:54:30,46,Whitefield,Delivered,4,Satisfied with the delivery speed and quality.,200,DP_132
OD14203,CUST2203,The Salad Bowl,Greek Salad,Healthy & Salads,2026-05-17 12:15:47,33,Indiranagar,Delivered,5,"Amazing food, super fast delivery!",490,DP_116
OD14204,CUST2279,Tandoori Nights,Malai Kofta & Lachha Paratha,North Indian,2026-05-13 10:31:46,18,Jayanagar,Delivered,5,Best meal ever. Highly recommended!,380,DP_113
OD14205,CUST3334,Wok & Roll,Chilli Chicken Gravy,Chinese & Asian,2026-05-21 20:40:42,51,Malleshwaram,Delivered,4,"Tasty food, but could be a bit warmer.",300,DP_125
OD14206,CUST2766,Wok & Roll,Schezwan Noodles,Chinese & Asian,2026-05-02 11:43:34,34,Jayanagar,Delivered,5,Best meal ever. Highly recommended!,270,DP_159
OD14207,CUST2629,Tandoori Nights,Chicken Seekh Kebab,North Indian,2026-05-09 10:14:23,25,Koramangala,Delivered,4,Overall great experience. Prompt service.,330,DP_148
OD14208,CUST3275,Bella Italia,Margherita Pizza 10-inch,Italian,2026-04-27 19:24:36,53,Marathahalli,Delivered,3,Packaging could have been better. Average taste.,430,DP_135
OD14209,CUST3436,Tandoori Nights,Tandoori Roti Combo,North Indian,2026-05-26 21:04:10,65,Whitefield,Delivered,1,Unprofessional delivery partner. Very bad experience.,580,DP_138
OD14210,CUST2274,Royal Biryani House,Chicken Tikka Biryani,Biryani & Mughlai,2026-04-29 14:30:27,39,HSR Layout,Delivered,5,"Perfect taste, clean packaging, and polite delivery partner.",400,DP_176
OD14211,CUST2224,Sweet Retreat,Red Velvet Pastry,Desserts,2026-05-04 13:11:01,38,HSR Layout,Delivered,4,Overall great experience. Prompt service.,170,DP_139
OD14212,CUST2949,Sweet Retreat,Kulfi Falooda,Desserts,2026-05-19 13:28:09,57,Whitefield,Delivered,1,Awful experience! Delayed by over an hour and no response.,170,DP_106
OD14213,CUST2435,The Salad Bowl,Caesar Salad,Healthy & Salads,2026-05-12 18:54:37,40,Marathahalli,Delivered,4,"Tasty food, but could be a bit warmer.",290,DP_127
OD14214,CUST2658,Cafe Daybreak,Hot Chocolate,Continental & Beverages,2026-05-20 19:21:07,41,Marathahalli,Delivered,1,Unprofessional delivery partner. Very bad experience.,380,DP_135
OD14215,CUST2492,Cafe Daybreak,Paneer Tikka Sandwich,Continental & Beverages,2026-05-14 18:35:48,17,BTM Layout,Delivered,5,"Amazing food, super fast delivery!",230,DP_194
OD14216,CUST2612,Bella Italia,Chicken Alfredo Pasta,Italian,2026-05-18 14:12:15,41,Malleshwaram,Delivered,4,Overall great experience. Prompt service.,380,DP_143
OD14217,CUST2729,Spice Symphony,Kadhai Paneer with Roti,North Indian,2026-05-07 18:21:17,32,Marathahalli,Delivered,4,"Tasty food, standard delivery. Satisfactory.",360,DP_101
OD14218,CUST2371,Tandoori Nights,Tandoori Roti Combo,North Indian,2026-05-24 21:30:26,49,Indiranagar,Delivered,1,Worst service! Delivered extremely late and completely cold.,230,DP_178
OD14219,CUST2728,The Golden Dosa,Filter Coffee & Upma,South Indian,2026-05-02 17:23:16,,Malleshwaram,Cancelled,,Restaurant could not prepare food in time,150,DP_187
OD14220,CUST2255,Bella Italia,Chicken Alfredo Pasta,Italian,2026-05-17 12:36:15,37,BTM Layout,Delivered,5,"Amazing food, super fast delivery!",760,DP_170
OD14221,CUST2551,Burger Bistro,Spicy Paneer Wrap,Fast Food,2026-05-23 22:40:18,62,BTM Layout,Delivered,1,The food tasted stale and horrible! Threw it in the trash.,200,DP_104
OD14222,CUST2043,Tandoori Nights,Tandoori Roti Combo,North Indian,2026-05-03 13:07:26,49,BTM Layout,Delivered,3,The food was decent but arrived a bit cold.,230,DP_107
OD14223,CUST3178,Spice Symphony,Dal Makhani with Jeera Rice,North Indian,2026-05-02 21:12:05,68,Whitefield,Delivered,1,Worst service! Delivered extremely late and completely cold.,320,DP_110
OD14224,CUST3397,Spice Symphony,Paneer Butter Masala Meal,North Indian,2026-05-20 22:58:35,46,Indiranagar,Delivered,2,Taste was disappointing. Packaging was leaked.,370,DP_105
OD14225,CUST2193,Tandoori Nights,Tandoori Roti Combo,North Indian,2026-05-19 22:55:24,51,BTM Layout,Delivered,3,"Food was okay, but delivery took some time.",230,DP_166
OD14226,CUST2182,The Salad Bowl,High-Protein Chicken Salad,Healthy & Salads,2026-05-14 08:11:31,30,HSR Layout,Delivered,5,"Extremely satisfied, delivered hot and fresh!",320,DP_138
OD14227,CUST2112,Burger Bistro,Spicy Paneer Wrap,Fast Food,2026-05-16 18:33:16,25,Malleshwaram,Delivered,5,Outstanding quality! Will definitely order again.,210,DP_185
OD14228,CUST2998,Royal Biryani House,Veg Hyderabadi Biryani,Biryani & Mughlai,2026-05-26 14:14:42,42,Marathahalli,Delivered,4,"Tasty food, but could be a bit warmer.",300,DP_167
OD14229,CUST2374,Wok & Roll,Veg Hakka Noodles,Chinese & Asian,2026-05-16 11:42:34,36,BTM Layout,Delivered,4,Overall great experience. Prompt service.,240,DP_108
OD14230,CUST3413,Burger Bistro,Spicy Paneer Wrap,Fast Food,2026-05-14 09:45:59,31,Malleshwaram,Delivered,5,Outstanding quality! Will definitely order again.,220,DP_187
OD14231,CUST2791,The Salad Bowl,Quinoa Avocado Salad,Healthy & Salads,2026-05-12 20:00:52,38,Jayanagar,Delivered,4,Good taste and neat packaging.,350,DP_181
OD14232,CUST3294,Royal Biryani House,Egg Biryani,Biryani & Mughlai,2026-05-07 20:30:16,42,Marathahalli,Delivered,3,The food was decent but arrived a bit cold.,540,DP_152
OD14233,CUST2440,The Golden Dosa,Onion Uttapam,South Indian,2026-05-21 13:11:22,48,BTM Layout,Delivered,3,Portion size was small for the price.,150,DP_145
OD14234,CUST2393,Bella Italia,Garlic Bread with Cheese,Italian,2026-04-27 20:52:48,33,Indiranagar,Delivered,3,Average food. Nothing special.,170,DP_104
OD14235,CUST2272,Sweet Retreat,Sizzling Brownie,Desserts,2026-05-09 23:08:23,41,Marathahalli,Delivered,4,"Tasty food, but could be a bit warmer.",200,DP_198
OD14236,CUST3499,Cafe Daybreak,Hot Chocolate,Continental & Beverages,2026-05-20 12:50:31,33,Jayanagar,Delivered,4,Overall great experience. Prompt service.,200,DP_199
OD14237,CUST2113,Bella Italia,Farmhouse Veg Pizza,Italian,2026-05-12 10:04:40,27,BTM Layout,Delivered,4,Decent portion size and good taste. Recommended.,440,DP_168
OD14238,CUST3288,Tandoori Nights,Butter Chicken Combo Meal,North Indian,2026-05-04 20:44:51,42,HSR Layout,Delivered,3,Portion size was small for the price.,390,DP_158
OD14239,CUST2007,Tandoori Nights,Tandoori Roti Combo,North Indian,2026-04-28 19:33:30,48,Indiranagar,Delivered,3,"Food was okay, but delivery took some time.",210,DP_129
OD14240,CUST3214,Cafe Daybreak,Hot Chocolate,Continental & Beverages,2026-05-16 17:42:14,31,Jayanagar,Delivered,3,Portion size was small for the price.,220,DP_140
OD14241,CUST2785,Bella Italia,Farmhouse Veg Pizza,Italian,2026-05-15 11:06:05,35,Indiranagar,Delivered,5,"Amazing food, super fast delivery!",470,DP_110
OD14242,CUST3281,Cafe Daybreak,Club Sandwich,Continental & Beverages,2026-05-14 08:12:27,17,BTM Layout,Delivered,5,Outstanding quality! Will definitely order again.,250,DP_150
OD14243,CUST2476,Royal Biryani House,Mutton Biryani,Biryani & Mughlai,2026-05-18 19:45:10,44,HSR Layout,Delivered,2,Delivery took almost an hour. Unhappy.,920,DP_142
OD14244,CUST2921,Spice Symphony,Paneer Butter Masala Meal,North Indian,2026-04-30 07:53:52,27,Koramangala,Delivered,5,Best meal ever. Highly recommended!,370,DP_197
OD14245,CUST2111,Sweet Retreat,Red Velvet Pastry,Desserts,2026-05-05 12:14:28,41,Marathahalli,Delivered,1,Unprofessional delivery partner. Very bad experience.,170,DP_157
OD14246,CUST3332,The Golden Dosa,Onion Uttapam,South Indian,2026-05-03 00:26:21,29,Jayanagar,Delivered,4,Overall great experience. Prompt service.,160,DP_165
OD14247,CUST3154,The Golden Dosa,Onion Uttapam,South Indian,2026-05-18 22:50:28,38,HSR Layout,Delivered,4,Satisfied with the delivery speed and quality.,170,DP_172
OD14248,CUST2109,The Golden Dosa,Onion Uttapam,South Indian,2026-05-26 21:56:11,45,HSR Layout,Delivered,1,"Terrible experience, food was completely spilled inside the bag.",300,DP_178
OD14249,CUST2831,Burger Bistro,Classic Cheese Burger & Fries,Fast Food,2026-04-30 19:00:50,52,Marathahalli,Delivered,3,"Food was okay, but delivery took some time.",280,DP_135
OD14250,CUST3061,Spice Symphony,Kadhai Paneer with Roti,North Indian,2026-05-25 17:39:25,26,Koramangala,Delivered,3,Prompt delivery but taste was average.,340,DP_190
OD14251,CUST2949,Tandoori Nights,Butter Chicken Combo Meal,North Indian,2026-05-15 20:14:06,48,Koramangala,Delivered,4,Satisfied with the delivery speed and quality.,410,DP_172
OD14252,CUST2535,Tandoori Nights,Chicken Seekh Kebab,North Indian,2026-05-25 13:30:03,40,BTM Layout,Delivered,4,"Tasty food, but could be a bit warmer.",360,DP_156
OD14253,CUST2048,Wok & Roll,Veg Spring Rolls (6 pcs),Chinese & Asian,2026-05-13 14:39:19,51,Indiranagar,Delivered,3,The food was decent but arrived a bit cold.,520,DP_109
OD14254,CUST2171,Burger Bistro,Classic Cheese Burger & Fries,Fast Food,2026-05-14 19:05:05,75,BTM Layout,Delivered,1,The food tasted stale and horrible! Threw it in the trash.,280,DP_187
OD14255,CUST2557,Cafe Daybreak,Club Sandwich,Continental & Beverages,2026-05-05 19:25:55,44,BTM Layout,Delivered,2,"Not worth the price, portion was very small.",250,DP_158
OD14256,CUST3171,Burger Bistro,Spicy Paneer Wrap,Fast Food,2026-05-22 22:48:46,46,Jayanagar,Delivered,2,"Not worth the price, portion was very small.",210,DP_124
OD14257,CUST3204,Tandoori Nights,Malai Kofta & Lachha Paratha,North Indian,2026-05-17 19:52:22,37,Malleshwaram,Delivered,5,"Amazing food, super fast delivery!",360,DP_103
OD14258,CUST3282,Royal Biryani House,Mutton Biryani,Biryani & Mughlai,2026-05-13 20:51:59,53,Whitefield,Delivered,3,Packaging could have been better. Average taste.,470,DP_106
OD14259,CUST2804,Spice Symphony,Dal Makhani with Jeera Rice,North Indian,2026-05-25 12:58:27,28,HSR Layout,Delivered,3,The food was decent but arrived a bit cold.,330,DP_173
OD14260,CUST2732,Wok & Roll,Chilli Chicken Gravy,Chinese & Asian,2026-05-20 19:54:23,62,Whitefield,Delivered,1,Worst service! Delivered extremely late and completely cold.,300,DP_124
OD14261,CUST2886,The Salad Bowl,Greek Salad,Healthy & Salads,2026-05-17 05:36:31,39,Whitefield,Delivered,5,"Extremely satisfied, delivered hot and fresh!",270,DP_103
OD14262,CUST2767,Spice Symphony,Kadhai Paneer with Roti,North Indian,2026-05-09 19:08:36,36,Jayanagar,Delivered,4,Satisfied with the delivery speed and quality.,340,DP_167
OD14263,CUST3000,Royal Biryani House,Chicken Tikka Biryani,Biryani & Mughlai,2026-05-21 09:37:59,52,Koramangala,Delivered,3,Prompt delivery but taste was average.,410,DP_155
OD14264,CUST3072,Spice Symphony,Butter Chicken & Naan,North Indian,2026-05-02 20:33:59,55,HSR Layout,Delivered,2,"Not worth the price, portion was very small.",400,DP_128
OD14265,CUST2976,Spice Symphony,Butter Chicken & Naan,North Indian,2026-05-06 20:17:18,40,Whitefield,Delivered,5,Outstanding quality! Will definitely order again.,380,DP_112
OD14266,CUST2194,Spice Symphony,Paneer Butter Masala Meal,North Indian,2026-05-05 21:02:37,49,HSR Layout,Delivered,4,Good taste and neat packaging.,1010,DP_194
OD14267,CUST3207,Cafe Daybreak,Iced Latte,Continental & Beverages,2026-04-28 13:17:12,33,Indiranagar,Delivered,4,"Tasty food, standard delivery. Satisfactory.",180,DP_159
OD14268,CUST2445,Spice Symphony,Dal Makhani with Jeera Rice,North Indian,2026-05-22 21:35:08,51,Malleshwaram,Delivered,1,Worst service! Delivered extremely late and completely cold.,320,DP_182
OD14269,CUST3219,Sweet Retreat,Gulab Jamun (4 pcs),Desserts,2026-05-11 13:56:09,53,HSR Layout,Delivered,3,Portion size was small for the price.,140,DP_125
OD14270,CUST2018,Bella Italia,Farmhouse Veg Pizza,Italian,2026-05-19 23:47:44,17,Malleshwaram,Delivered,4,Decent portion size and good taste. Recommended.,470,DP_138
OD14271,CUST3116,Bella Italia,Margherita Pizza 10-inch,Italian,2026-04-29 21:17:22,34,Indiranagar,Delivered,3,"Food was okay, but delivery took some time.",1190,DP_111
OD14272,CUST3305,Bella Italia,Margherita Pizza 10-inch,Italian,2026-05-10 07:25:11,36,Koramangala,Delivered,3,"Food was okay, but delivery took some time.",780,DP_103
OD14273,CUST2838,Royal Biryani House,Chicken Dum Biryani,Biryani & Mughlai,2026-05-20 06:03:24,37,Whitefield,Delivered,3,Prompt delivery but taste was average.,370,DP_109
OD14274,CUST2268,Bella Italia,Veg Arrabiata Penne Pasta,Italian,2026-05-06 00:22:51,29,BTM Layout,Delivered,5,"Delivered way before time, packaging was excellent!",350,DP_168
OD14275,CUST2807,The Golden Dosa,Onion Uttapam,South Indian,2026-05-21 17:50:08,18,Malleshwaram,Delivered,4,Decent portion size and good taste. Recommended.,170,DP_187
OD14276,CUST3006,Spice Symphony,Tandoori Chicken Half,North Indian,2026-05-01 06:28:18,28,Jayanagar,Delivered,4,"Tasty food, standard delivery. Satisfactory.",800,DP_194
OD14277,CUST2894,Sweet Retreat,Red Velvet Pastry,Desserts,2026-04-29 13:05:06,34,Jayanagar,Delivered,2,The item delivered was incorrect and lukewarm.,180,DP_104
OD14278,CUST2780,Bella Italia,Garlic Bread with Cheese,Italian,2026-05-03 18:14:54,29,Jayanagar,Delivered,5,"Extremely satisfied, delivered hot and fresh!",170,DP_123
OD14279,CUST2293,Bella Italia,Farmhouse Veg Pizza,Italian,2026-05-15 11:53:08,33,Marathahalli,Delivered,3,Average food. Nothing special.,460,DP_189
OD14280,CUST2058,Bella Italia,Garlic Bread with Cheese,Italian,2026-05-05 11:14:40,24,Jayanagar,Delivered,5,Best meal ever. Highly recommended!,340,DP_191
OD14281,CUST2809,Wok & Roll,Veg Spring Rolls (6 pcs),Chinese & Asian,2026-05-01 20:02:24,65,Whitefield,Delivered,1,Missing items in my order and food was cold. Avoid this place!,180,DP_131
OD14282,CUST3269,Bella Italia,Garlic Bread with Cheese,Italian,2026-05-10 13:42:27,63,Malleshwaram,Delivered,1,The food tasted stale and horrible! Threw it in the trash.,200,DP_149
OD14283,CUST2620,Cafe Daybreak,Club Sandwich,Continental & Beverages,2026-05-03 12:49:09,43,HSR Layout,Delivered,4,"Tasty food, standard delivery. Satisfactory.",250,DP_115
OD14284,CUST2582,Bella Italia,Chicken Alfredo Pasta,Italian,2026-04-27 13:32:12,29,Marathahalli,Delivered,4,Decent portion size and good taste. Recommended.,410,DP_180
OD14285,CUST3149,Wok & Roll,Chilli Chicken Gravy,Chinese & Asian,2026-04-28 14:42:05,47,Whitefield,Delivered,3,Average food. Nothing special.,320,DP_162
OD14286,CUST2075,Burger Bistro,Chicken Nuggets (9 pcs),Fast Food,2026-04-29 06:03:31,31,Marathahalli,Delivered,4,"Tasty food, but could be a bit warmer.",600,DP_105
OD14287,CUST2663,Bella Italia,Veg Arrabiata Penne Pasta,Italian,2026-04-28 11:44:38,,Jayanagar,Cancelled,,Delivery partner could not be assigned due to heavy rain,360,DP_123
OD14288,CUST3410,Spice Symphony,Kadhai Paneer with Roti,North Indian,2026-05-03 23:06:09,30,Koramangala,Delivered,3,The food was decent but arrived a bit cold.,350,DP_147
OD14289,CUST2755,Tandoori Nights,Paneer Tikka,North Indian,2026-05-11 10:25:21,33,Marathahalli,Delivered,5,"Amazing food, super fast delivery!",580,DP_128
OD14290,CUST2224,Sweet Retreat,Chocolate Lava Cake,Desserts,2026-05-01 20:12:34,82,Whitefield,Delivered,1,"Terrible experience, food was completely spilled inside the bag.",160,DP_151
OD14291,CUST2249,Sweet Retreat,Kulfi Falooda,Desserts,2026-05-07 08:53:54,23,Koramangala,Delivered,4,Satisfied with the delivery speed and quality.,150,DP_109
OD14292,CUST3133,Sweet Retreat,Red Velvet Pastry,Desserts,2026-05-12 05:07:23,46,Whitefield,Delivered,3,Average food. Nothing special.,170,DP_170
OD14293,CUST2419,Burger Bistro,Spicy Paneer Wrap,Fast Food,2026-05-04 09:42:06,24,HSR Layout,Delivered,4,Good taste and neat packaging.,230,DP_116
OD14294,CUST3480,Royal Biryani House,Veg Hyderabadi Biryani,Biryani & Mughlai,2026-05-09 11:38:07,78,Whitefield,Delivered,2,"Too spicy, couldn't eat it. Disappointed.",330,DP_189
OD14295,CUST3214,Bella Italia,Veg Arrabiata Penne Pasta,Italian,2026-05-23 22:26:46,46,Koramangala,Delivered,2,Taste was disappointing. Packaging was leaked.,360,DP_190
OD14296,CUST3143,Bella Italia,Veg Arrabiata Penne Pasta,Italian,2026-05-03 16:03:01,37,Malleshwaram,Delivered,3,"Food was okay, but delivery took some time.",660,DP_138
OD14297,CUST2757,Wok & Roll,Chicken Fried Rice & Manchurian,Chinese & Asian,2026-05-26 19:04:55,,Malleshwaram,Cancelled,,Restaurant could not prepare food in time,900,DP_145
OD14298,CUST3027,Spice Symphony,Butter Chicken & Naan,North Indian,2026-05-14 11:20:16,29,Whitefield,Delivered,2,"Not worth the price, portion was very small.",390,DP_165
OD14299,CUST2181,Royal Biryani House,Mutton Biryani,Biryani & Mughlai,2026-05-12 19:59:21,42,Indiranagar,Delivered,2,Food was cold when it arrived.,940,DP_162
OD14300,CUST2986,Royal Biryani House,Chicken Tikka Biryani,Biryani & Mughlai,2026-05-22 13:27:25,41,Malleshwaram,Delivered,2,"Not worth the price, portion was very small.",400,DP_125
OD14301,CUST2506,Wok & Roll,Veg Spring Rolls (6 pcs),Chinese & Asian,2026-04-27 11:05:11,25,Koramangala,Delivered,4,"Tasty food, standard delivery. Satisfactory.",200,DP_137
OD14302,CUST2391,Tandoori Nights,Paneer Tikka,North Indian,2026-05-02 18:47:49,33,HSR Layout,Delivered,3,Portion size was small for the price.,310,DP_169
OD14303,CUST3280,The Salad Bowl,Caesar Salad,Healthy & Salads,2026-05-11 13:29:29,28,Indiranagar,Delivered,5,"Delivered way before time, packaging was excellent!",270,DP_150
OD14304,CUST2325,Tandoori Nights,Butter Chicken Combo Meal,North Indian,2026-05-06 22:14:56,42,Marathahalli,Delivered,3,Prompt delivery but taste was average.,400,DP_200
OD14305,CUST2508,Tandoori Nights,Paneer Tikka,North Indian,2026-05-19 11:27:12,25,HSR Layout,Delivered,5,"Extremely satisfied, delivered hot and fresh!",330,DP_130
OD14306,CUST2964,Cafe Daybreak,Paneer Tikka Sandwich,Continental & Beverages,2026-05-10 20:45:51,47,Indiranagar,Delivered,2,Delivery took almost an hour. Unhappy.,230,DP_125
OD14307,CUST3193,Royal Biryani House,Egg Biryani,Biryani & Mughlai,2026-04-30 21:11:38,41,BTM Layout,Delivered,1,The food tasted stale and horrible! Threw it in the trash.,300,DP_138
OD14308,CUST2944,Sweet Retreat,Chocolate Lava Cake,Desserts,2026-05-17 11:47:37,32,Jayanagar,Delivered,5,Best meal ever. Highly recommended!,180,DP_115
OD14309,CUST2965,Royal Biryani House,Chicken Tikka Biryani,Biryani & Mughlai,2026-04-28 20:07:51,37,Jayanagar,Delivered,2,Food was cold when it arrived.,400,DP_158
OD14310,CUST3401,Tandoori Nights,Tandoori Roti Combo,North Indian,2026-05-24 19:43:42,59,Jayanagar,Delivered,1,"Terrible experience, food was completely spilled inside the bag.",210,DP_189
OD14311,CUST2060,Bella Italia,Veg Arrabiata Penne Pasta,Italian,2026-05-26 19:59:38,,Marathahalli,Cancelled,,Delivery partner could not be assigned due to heavy rain,330,DP_115
OD14312,CUST2224,Sweet Retreat,Gulab Jamun (4 pcs),Desserts,2026-05-26 14:27:48,47,Whitefield,Delivered,3,Packaging could have been better. Average taste.,140,DP_151
OD14313,CUST2049,Bella Italia,Farmhouse Veg Pizza,Italian,2026-05-11 20:41:44,39,HSR Layout,Delivered,5,"Perfect taste, clean packaging, and polite delivery partner.",450,DP_147
OD14314,CUST2282,Spice Symphony,Paneer Butter Masala Meal,North Indian,2026-05-21 13:49:59,38,Malleshwaram,Delivered,4,"Tasty food, standard delivery. Satisfactory.",1000,DP_180
OD14315,CUST2886,Royal Biryani House,Veg Hyderabadi Biryani,Biryani & Mughlai,2026-05-08 18:29:11,40,Whitefield,Delivered,4,"Tasty food, standard delivery. Satisfactory.",320,DP_198
OD14316,CUST3280,Cafe Daybreak,Classic Cold Coffee,Continental & Beverages,2026-05-02 19:39:28,41,Malleshwaram,Delivered,2,Delivery took almost an hour. Unhappy.,490,DP_105
OD14317,CUST2584,Royal Biryani House,Mutton Biryani,Biryani & Mughlai,2026-05-13 20:28:59,31,HSR Layout,Delivered,4,"Tasty food, standard delivery. Satisfactory.",940,DP_174
OD14318,CUST3154,The Salad Bowl,Greek Salad,Healthy & Salads,2026-05-18 13:01:54,32,BTM Layout,Delivered,5,"Amazing food, super fast delivery!",270,DP_196
OD14319,CUST2903,The Golden Dosa,Filter Coffee & Upma,South Indian,2026-05-08 21:30:50,,BTM Layout,Cancelled,,Delivery partner could not be assigned due to heavy rain,370,DP_125
OD14320,CUST3220,Burger Bistro,Classic Cheese Burger & Fries,Fast Food,2026-05-25 14:27:40,41,Malleshwaram,Delivered,3,Packaging could have been better. Average taste.,290,DP_135
OD14321,CUST2105,Wok & Roll,Veg Hakka Noodles,Chinese & Asian,2026-05-24 18:42:45,36,Indiranagar,Delivered,4,Overall great experience. Prompt service.,270,DP_117
OD14322,CUST3030,Bella Italia,Margherita Pizza 10-inch,Italian,2026-05-14 15:34:20,24,HSR Layout,Delivered,5,"Perfect taste, clean packaging, and polite delivery partner.",400,DP_124
OD14323,CUST2253,Sweet Retreat,Red Velvet Pastry,Desserts,2026-05-04 21:05:00,61,Marathahalli,Delivered,1,Worst service! Delivered extremely late and completely cold.,200,DP_172
OD14324,CUST2483,Burger Bistro,Classic Cheese Burger & Fries,Fast Food,2026-05-19 19:16:21,43,Indiranagar,Delivered,3,The food was decent but arrived a bit cold.,280,DP_103
OD14325,CUST2529,Spice Symphony,Tandoori Chicken Half,North Indian,2026-05-18 13:51:18,39,BTM Layout,Delivered,5,"Extremely satisfied, delivered hot and fresh!",400,DP_114
OD14326,CUST2374,Bella Italia,Margherita Pizza 10-inch,Italian,2026-05-18 20:03:07,37,Marathahalli,Delivered,5,"Delivered way before time, packaging was excellent!",430,DP_171
OD14327,CUST3336,Wok & Roll,Veg Spring Rolls (6 pcs),Chinese & Asian,2026-05-10 19:20:40,61,Koramangala,Delivered,1,The food tasted stale and horrible! Threw it in the trash.,180,DP_146
OD14328,CUST2539,Burger Bistro,Classic Cheese Burger & Fries,Fast Food,2026-05-22 22:50:04,84,Whitefield,Delivered,2,Taste was disappointing. Packaging was leaked.,530,DP_163
OD14329,CUST2127,The Salad Bowl,Caesar Salad,Healthy & Salads,2026-04-28 20:18:01,46,Marathahalli,Delivered,2,Delivery took almost an hour. Unhappy.,280,DP_113
OD14330,CUST2046,The Golden Dosa,Rava Kesari & Dosa Combo,South Indian,2026-04-27 13:58:33,37,Whitefield,Delivered,4,Overall great experience. Prompt service.,170,DP_142
OD14331,CUST2888,The Golden Dosa,Rava Kesari & Dosa Combo,South Indian,2026-05-06 19:05:04,51,Whitefield,Delivered,2,Food was cold when it arrived.,340,DP_134
OD14332,CUST2284,The Salad Bowl,Fresh Fruit Bowl,Healthy & Salads,2026-05-19 12:40:11,39,Malleshwaram,Delivered,4,Decent portion size and good taste. Recommended.,230,DP_131
OD14333,CUST2840,Cafe Daybreak,Classic Cold Coffee,Continental & Beverages,2026-05-10 22:39:17,62,Marathahalli,Delivered,1,The food tasted stale and horrible! Threw it in the trash.,170,DP_197
OD14334,CUST2166,Tandoori Nights,Malai Kofta & Lachha Paratha,North Indian,2026-04-30 12:40:15,38,Jayanagar,Delivered,5,"Perfect taste, clean packaging, and polite delivery partner.",380,DP_133
OD14335,CUST3424,Cafe Daybreak,Hot Chocolate,Continental & Beverages,2026-05-17 20:47:51,47,HSR Layout,Delivered,3,Portion size was small for the price.,210,DP_197
OD14336,CUST3343,The Salad Bowl,High-Protein Chicken Salad,Healthy & Salads,2026-05-18 22:35:27,36,Indiranagar,Delivered,4,Decent portion size and good taste. Recommended.,600,DP_110
OD14337,CUST2138,Spice Symphony,Kadhai Paneer with Roti,North Indian,2026-05-21 12:33:03,29,Koramangala,Delivered,4,"Tasty food, standard delivery. Satisfactory.",330,DP_115
OD14338,CUST2549,Bella Italia,Veg Arrabiata Penne Pasta,Italian,2026-05-23 20:22:25,37,Malleshwaram,Delivered,3,Average food. Nothing special.,340,DP_118
OD14339,CUST3164,Bella Italia,Veg Arrabiata Penne Pasta,Italian,2026-05-25 20:40:59,39,HSR Layout,Delivered,5,Best meal ever. Highly recommended!,340,DP_110
OD14340,CUST2354,Spice Symphony,Butter Chicken & Naan,North Indian,2026-05-06 20:06:19,50,Whitefield,Delivered,2,Delivery took almost an hour. Unhappy.,400,DP_159
OD14341,CUST2880,Tandoori Nights,Paneer Tikka,North Indian,2026-05-08 13:35:04,38,Indiranagar,Delivered,3,The food was decent but arrived a bit cold.,320,DP_193
OD14342,CUST2148,Tandoori Nights,Butter Chicken Combo Meal,North Indian,2026-05-12 17:05:06,33,Indiranagar,Delivered,4,"Tasty food, but could be a bit warmer.",390,DP_122
OD14343,CUST2932,Burger Bistro,Loaded Nachos,Fast Food,2026-05-07 11:22:42,20,Koramangala,Delivered,5,"Amazing food, super fast delivery!",260,DP_181
OD14344,CUST3014,Bella Italia,Farmhouse Veg Pizza,Italian,2026-05-15 17:39:52,30,Koramangala,Delivered,3,Average food. Nothing special.,890,DP_114
OD14345,CUST2900,The Salad Bowl,Caesar Salad,Healthy & Salads,2026-05-14 20:43:43,31,Malleshwaram,Delivered,5,Best meal ever. Highly recommended!,280,DP_199
OD14346,CUST2960,The Salad Bowl,Fresh Fruit Bowl,Healthy & Salads,2026-05-04 11:23:56,19,Jayanagar,Delivered,4,Satisfied with the delivery speed and quality.,230,DP_176
OD14347,CUST2016,Royal Biryani House,Chicken Tikka Biryani,Biryani & Mughlai,2026-05-22 18:08:13,,Indiranagar,Cancelled,,Delivery address was outside the delivery radius,390,DP_147
OD14348,CUST2240,Royal Biryani House,Chicken Dum Biryani,Biryani & Mughlai,2026-05-09 20:24:33,40,HSR Layout,Delivered,3,The food was decent but arrived a bit cold.,380,DP_162
OD14349,CUST2544,Royal Biryani House,Egg Biryani,Biryani & Mughlai,2026-05-23 00:41:40,47,BTM Layout,Delivered,1,"Terrible experience, food was completely spilled inside the bag.",300,DP_165
OD14350,CUST2490,Royal Biryani House,Chicken Dum Biryani,Biryani & Mughlai,2026-04-28 21:19:08,67,Koramangala,Delivered,1,Awful experience! Delayed by over an hour and no response.,360,DP_162
OD14351,CUST3090,Burger Bistro,Chicken Nuggets (9 pcs),Fast Food,2026-05-06 13:10:16,51,Indiranagar,Delivered,4,"Tasty food, but could be a bit warmer.",230,DP_200
OD14352,CUST2188,The Salad Bowl,Greek Salad,Healthy & Salads,2026-05-12 07:03:14,33,Whitefield,Delivered,2,"Not worth the price, portion was very small.",270,DP_157
OD14353,CUST2545,Royal Biryani House,Chicken Dum Biryani,Biryani & Mughlai,2026-05-24 20:01:23,56,Indiranagar,Delivered,1,The food tasted stale and horrible! Threw it in the trash.,350,DP_189
OD14354,CUST3484,Cafe Daybreak,Classic Cold Coffee,Continental & Beverages,2026-05-25 18:00:28,28,HSR Layout,Delivered,4,"Tasty food, but could be a bit warmer.",200,DP_136
OD14355,CUST2037,Cafe Daybreak,Paneer Tikka Sandwich,Continental & Beverages,2026-05-23 19:49:58,59,BTM Layout,Delivered,1,Missing items in my order and food was cold. Avoid this place!,410,DP_157
OD14356,CUST2128,The Golden Dosa,Rava Kesari & Dosa Combo,South Indian,2026-05-22 19:48:17,49,Koramangala,Delivered,1,"Terrible experience, food was completely spilled inside the bag.",170,DP_192
OD14357,CUST2346,The Golden Dosa,Idli Vada Combo,South Indian,2026-04-29 18:32:26,25,Malleshwaram,Delivered,4,"Tasty food, standard delivery. Satisfactory.",140,DP_108
OD14358,CUST3461,Sweet Retreat,Red Velvet Pastry,Desserts,2026-05-05 19:56:20,29,Jayanagar,Delivered,4,Decent portion size and good taste. Recommended.,320,DP_160
OD14359,CUST2188,Tandoori Nights,Tandoori Roti Combo,North Indian,2026-05-23 07:43:15,33,BTM Layout,Delivered,4,"Tasty food, but could be a bit warmer.",200,DP_119
OD14360,CUST3318,Tandoori Nights,Paneer Tikka,North Indian,2026-05-12 20:10:58,35,Jayanagar,Delivered,5,"Amazing food, super fast delivery!",300,DP_101
OD14361,CUST2072,The Salad Bowl,Caesar Salad,Healthy & Salads,2026-04-29 18:12:45,27,HSR Layout,Delivered,5,Best meal ever. Highly recommended!,260,DP_174
OD14362,CUST2789,The Golden Dosa,Rava Kesari & Dosa Combo,South Indian,2026-05-14 18:23:55,28,Indiranagar,Delivered,4,"Tasty food, but could be a bit warmer.",170,DP_130
OD14363,CUST2789,The Golden Dosa,Idli Vada Combo,South Indian,2026-05-18 20:45:24,50,Koramangala,Delivered,3,Portion size was small for the price.,140,DP_168
OD14364,CUST3463,Royal Biryani House,Chicken Dum Biryani,Biryani & Mughlai,2026-05-03 19:13:01,39,Indiranagar,Delivered,3,Prompt delivery but taste was average.,360,DP_188
OD14365,CUST3208,Sweet Retreat,Kulfi Falooda,Desserts,2026-05-04 18:29:23,29,BTM Layout,Delivered,4,Overall great experience. Prompt service.,170,DP_195
OD14366,CUST3318,The Golden Dosa,Masala Dosa with Sambar,South Indian,2026-04-28 18:49:21,15,Jayanagar,Delivered,5,"Delivered way before time, packaging was excellent!",160,DP_196
OD14367,CUST2613,The Golden Dosa,Idli Vada Combo,South Indian,2026-05-13 21:16:46,46,Marathahalli,Delivered,3,Prompt delivery but taste was average.,320,DP_147
OD14368,CUST3447,Bella Italia,Chicken Alfredo Pasta,Italian,2026-05-26 08:05:57,,Whitefield,Cancelled,,Delivery address was outside the delivery radius,400,DP_197
OD14369,CUST2416,Royal Biryani House,Veg Hyderabadi Biryani,Biryani & Mughlai,2026-05-04 12:12:59,47,Whitefield,Delivered,1,The food tasted stale and horrible! Threw it in the trash.,610,DP_102
OD14370,CUST2221,The Golden Dosa,Masala Dosa with Sambar,South Indian,2026-05-03 20:55:53,57,BTM Layout,Delivered,1,Worst service! Delivered extremely late and completely cold.,150,DP_161
OD14371,CUST2433,Burger Bistro,Crispy Chicken Burger,Fast Food,2026-04-30 08:33:37,23,Indiranagar,Delivered,5,"Delivered way before time, packaging was excellent!",240,DP_174
OD14372,CUST2988,Tandoori Nights,Butter Chicken Combo Meal,North Indian,2026-05-16 20:04:12,66,Koramangala,Delivered,2,Food was cold when it arrived.,390,DP_181
OD14373,CUST3045,Royal Biryani House,Chicken Tikka Biryani,Biryani & Mughlai,2026-05-05 13:48:20,50,BTM Layout,Delivered,3,The food was decent but arrived a bit cold.,380,DP_123
OD14374,CUST3150,Spice Symphony,Dal Makhani with Jeera Rice,North Indian,2026-05-23 19:32:02,45,Malleshwaram,Delivered,3,Portion size was small for the price.,890,DP_153
OD14375,CUST2560,Royal Biryani House,Mutton Biryani,Biryani & Mughlai,2026-05-05 06:46:49,28,HSR Layout,Delivered,3,Prompt delivery but taste was average.,500,DP_188
OD14376,CUST2083,Sweet Retreat,Gulab Jamun (4 pcs),Desserts,2026-05-26 12:57:40,30,Jayanagar,Delivered,4,Decent portion size and good taste. Recommended.,130,DP_171
OD14377,CUST3181,Cafe Daybreak,Iced Latte,Continental & Beverages,2026-05-16 20:21:57,64,BTM Layout,Delivered,1,Worst service! Delivered extremely late and completely cold.,350,DP_146
OD14378,CUST2560,Spice Symphony,Paneer Butter Masala Meal,North Indian,2026-05-05 14:26:29,65,Whitefield,Delivered,2,Delivery took almost an hour. Unhappy.,680,DP_184
OD14379,CUST2706,Sweet Retreat,Chocolate Lava Cake,Desserts,2026-05-12 14:53:56,52,BTM Layout,Delivered,3,The food was decent but arrived a bit cold.,160,DP_153
OD14380,CUST2869,The Salad Bowl,High-Protein Chicken Salad,Healthy & Salads,2026-04-28 18:38:51,20,Marathahalli,Delivered,5,"Amazing food, super fast delivery!",330,DP_161
OD14381,CUST2197,Bella Italia,Margherita Pizza 10-inch,Italian,2026-05-23 19:57:53,58,BTM Layout,Delivered,2,Taste was disappointing. Packaging was leaked.,790,DP_102
OD14382,CUST2742,Spice Symphony,Kadhai Paneer with Roti,North Indian,2026-04-27 20:17:34,44,Jayanagar,Delivered,2,Taste was disappointing. Packaging was leaked.,350,DP_169
OD14383,CUST2224,Sweet Retreat,Gulab Jamun (4 pcs),Desserts,2026-05-13 22:27:41,64,Whitefield,Delivered,2,Taste was disappointing. Packaging was leaked.,140,DP_156
OD14384,CUST3190,Sweet Retreat,Red Velvet Pastry,Desserts,2026-05-08 22:44:55,47,Indiranagar,Delivered,1,The food tasted stale and horrible! Threw it in the trash.,170,DP_160
OD14385,CUST2400,Bella Italia,Margherita Pizza 10-inch,Italian,2026-05-07 14:01:07,49,Whitefield,Delivered,1,Awful experience! Delayed by over an hour and no response.,430,DP_127
OD14386,CUST2183,Sweet Retreat,Red Velvet Pastry,Desserts,2026-05-16 22:44:14,56,Koramangala,Delivered,2,"Too spicy, couldn't eat it. Disappointed.",500,DP_165
OD14387,CUST2802,The Golden Dosa,Masala Dosa with Sambar,South Indian,2026-05-01 14:57:10,,Whitefield,Cancelled,,Restaurant could not prepare food in time,160,DP_111
OD14388,CUST2912,Cafe Daybreak,Hot Chocolate,Continental & Beverages,2026-04-28 14:18:08,35,Indiranagar,Delivered,4,Decent portion size and good taste. Recommended.,210,DP_196
OD14389,CUST2355,Sweet Retreat,Red Velvet Pastry,Desserts,2026-05-21 18:05:18,27,Malleshwaram,Delivered,5,"Amazing food, super fast delivery!",190,DP_192
OD14390,CUST3031,Royal Biryani House,Egg Biryani,Biryani & Mughlai,2026-05-22 20:06:49,,Whitefield,Cancelled,,Restaurant could not prepare food in time,300,DP_197
OD14391,CUST3209,Bella Italia,Garlic Bread with Cheese,Italian,2026-05-19 12:13:50,29,Jayanagar,Delivered,5,"Perfect taste, clean packaging, and polite delivery partner.",180,DP_156
OD14392,CUST3083,The Salad Bowl,Fresh Fruit Bowl,Healthy & Salads,2026-05-12 22:53:29,,Jayanagar,Cancelled,,Delivery address was outside the delivery radius,220,DP_143
OD14393,CUST2228,Bella Italia,Farmhouse Veg Pizza,Italian,2026-05-20 17:59:12,33,Koramangala,Delivered,4,Satisfied with the delivery speed and quality.,460,DP_189
OD14394,CUST2152,Royal Biryani House,Mutton Biryani,Biryani & Mughlai,2026-05-18 11:06:21,41,Marathahalli,Delivered,2,"Not worth the price, portion was very small.",500,DP_135
OD14395,CUST2503,Tandoori Nights,Butter Chicken Combo Meal,North Indian,2026-04-30 13:44:21,36,BTM Layout,Delivered,5,"Extremely satisfied, delivered hot and fresh!",380,DP_111
OD14396,CUST3155,Spice Symphony,Tandoori Chicken Half,North Indian,2026-05-21 14:16:46,34,Jayanagar,Delivered,5,"Amazing food, super fast delivery!",430,DP_105
OD14397,CUST3404,Tandoori Nights,Butter Chicken Combo Meal,North Indian,2026-05-19 00:43:36,35,BTM Layout,Delivered,2,The item delivered was incorrect and lukewarm.,400,DP_192
OD14398,CUST2906,Tandoori Nights,Paneer Tikka,North Indian,2026-05-14 20:12:24,45,Indiranagar,Delivered,2,The item delivered was incorrect and lukewarm.,590,DP_200
OD14399,CUST3162,Sweet Retreat,Kulfi Falooda,Desserts,2026-05-12 20:46:36,53,Whitefield,Delivered,4,"Tasty food, but could be a bit warmer.",290,DP_190
OD14400,CUST2828,Royal Biryani House,Veg Hyderabadi Biryani,Biryani & Mughlai,2026-05-07 20:09:45,51,BTM Layout,Delivered,1,Unprofessional delivery partner. Very bad experience.,310,DP_134
OD14401,CUST2843,Wok & Roll,Chicken Fried Rice & Manchurian,Chinese & Asian,2026-05-06 19:29:47,50,Jayanagar,Delivered,2,Delivery took almost an hour. Unhappy.,330,DP_165
OD14402,CUST3184,Burger Bistro,Spicy Paneer Wrap,Fast Food,2026-05-01 19:36:47,51,HSR Layout,Delivered,4,Overall great experience. Prompt service.,210,DP_129
OD14403,CUST2360,Bella Italia,Chicken Alfredo Pasta,Italian,2026-05-04 21:29:55,42,HSR Layout,Delivered,2,Delivery took almost an hour. Unhappy.,380,DP_185
OD14404,CUST2066,Tandoori Nights,Tandoori Roti Combo,North Indian,2026-05-04 18:56:21,30,Whitefield,Delivered,3,"Food was okay, but delivery took some time.",230,DP_181
OD14405,CUST2310,Spice Symphony,Tandoori Chicken Half,North Indian,2026-05-18 19:59:03,50,Marathahalli,Delivered,3,Packaging could have been better. Average taste.,420,DP_150
OD14406,CUST3336,Spice Symphony,Paneer Butter Masala Meal,North Indian,2026-05-24 20:12:29,48,Indiranagar,Delivered,2,Delivery took almost an hour. Unhappy.,340,DP_108
OD14407,CUST2304,Tandoori Nights,Paneer Tikka,North Indian,2026-04-28 17:37:12,34,HSR Layout,Delivered,5,"Perfect taste, clean packaging, and polite delivery partner.",320,DP_200
OD14408,CUST3496,Cafe Daybreak,Iced Latte,Continental & Beverages,2026-05-22 20:07:14,37,Indiranagar,Delivered,5,Best meal ever. Highly recommended!,200,DP_181
OD14409,CUST2113,Bella Italia,Margherita Pizza 10-inch,Italian,2026-05-22 20:24:17,49,Koramangala,Delivered,3,Portion size was small for the price.,430,DP_148
OD14410,CUST2231,Wok & Roll,Chicken Fried Rice & Manchurian,Chinese & Asian,2026-04-27 11:11:12,33,HSR Layout,Delivered,5,"Delivered way before time, packaging was excellent!",330,DP_193
OD14411,CUST3306,Royal Biryani House,Chicken Tikka Biryani,Biryani & Mughlai,2026-05-02 18:20:02,29,HSR Layout,Delivered,3,Average food. Nothing special.,380,DP_118
OD14412,CUST2804,The Golden Dosa,Masala Dosa with Sambar,South Indian,2026-05-24 19:14:43,44,HSR Layout,Delivered,3,The food was decent but arrived a bit cold.,140,DP_112
OD14413,CUST2367,Cafe Daybreak,Club Sandwich,Continental & Beverages,2026-05-23 11:41:39,28,Jayanagar,Delivered,4,Decent portion size and good taste. Recommended.,240,DP_189
OD14414,CUST3101,The Golden Dosa,Onion Uttapam,South Indian,2026-05-16 21:47:54,51,Koramangala,Delivered,2,The item delivered was incorrect and lukewarm.,150,DP_114
OD14415,CUST2914,Spice Symphony,Butter Chicken & Naan,North Indian,2026-04-27 22:19:43,38,HSR Layout,Delivered,4,"Tasty food, but could be a bit warmer.",370,DP_104
OD14416,CUST3327,Spice Symphony,Butter Chicken & Naan,North Indian,2026-05-19 18:27:49,32,Marathahalli,Delivered,4,"Tasty food, but could be a bit warmer.",380,DP_119
OD14417,CUST3250,Sweet Retreat,Red Velvet Pastry,Desserts,2026-05-17 13:22:26,44,Malleshwaram,Delivered,2,"Too spicy, couldn't eat it. Disappointed.",180,DP_180
OD14418,CUST2951,Tandoori Nights,Malai Kofta & Lachha Paratha,North Indian,2026-04-27 14:36:28,39,HSR Layout,Delivered,4,Overall great experience. Prompt service.,680,DP_142
OD14419,CUST3291,Tandoori Nights,Tandoori Roti Combo,North Indian,2026-04-27 15:27:55,28,Malleshwaram,Delivered,5,Outstanding quality! Will definitely order again.,410,DP_171
OD14420,CUST2125,Royal Biryani House,Mutton Biryani,Biryani & Mughlai,2026-05-05 05:25:48,30,Koramangala,Delivered,2,The item delivered was incorrect and lukewarm.,490,DP_155
OD14421,CUST2524,Burger Bistro,Classic Cheese Burger & Fries,Fast Food,2026-05-01 12:51:34,31,Jayanagar,Delivered,5,"Perfect taste, clean packaging, and polite delivery partner.",290,DP_167
OD14422,CUST3249,Cafe Daybreak,Iced Latte,Continental & Beverages,2026-05-12 22:21:42,49,BTM Layout,Delivered,2,"Too spicy, couldn't eat it. Disappointed.",180,DP_139
OD14423,CUST3192,The Golden Dosa,Idli Vada Combo,South Indian,2026-05-04 12:22:14,42,Whitefield,Delivered,2,"Not worth the price, portion was very small.",120,DP_170
OD14424,CUST3232,Sweet Retreat,Kulfi Falooda,Desserts,2026-04-28 23:11:58,20,Indiranagar,Delivered,5,"Extremely satisfied, delivered hot and fresh!",160,DP_165
OD14425,CUST2820,Bella Italia,Veg Arrabiata Penne Pasta,Italian,2026-05-05 13:21:34,,Marathahalli,Cancelled,,Customer cancelled the order,330,DP_156
OD14426,CUST3262,Burger Bistro,Classic Cheese Burger & Fries,Fast Food,2026-05-19 13:38:49,46,Marathahalli,Delivered,1,Awful experience! Delayed by over an hour and no response.,290,DP_105
OD14427,CUST3361,Bella Italia,Garlic Bread with Cheese,Italian,2026-04-27 19:17:20,48,Marathahalli,Delivered,2,Food was cold when it arrived.,180,DP_135
OD14428,CUST2201,Sweet Retreat,Kulfi Falooda,Desserts,2026-05-26 11:53:32,33,Whitefield,Delivered,5,"Delivered way before time, packaging was excellent!",300,DP_119
OD14429,CUST2941,Bella Italia,Chicken Alfredo Pasta,Italian,2026-04-27 21:39:54,41,Marathahalli,Delivered,2,Delivery took almost an hour. Unhappy.,410,DP_183
OD14430,CUST2905,Cafe Daybreak,Paneer Tikka Sandwich,Continental & Beverages,2026-05-03 19:53:10,52,Koramangala,Delivered,3,Average food. Nothing special.,210,DP_102
OD14431,CUST3033,Tandoori Nights,Malai Kofta & Lachha Paratha,North Indian,2026-04-29 16:57:24,,Marathahalli,Cancelled,,Delivery address was outside the delivery radius,360,DP_148
OD14432,CUST2457,The Salad Bowl,Quinoa Avocado Salad,Healthy & Salads,2026-05-23 12:20:37,41,Indiranagar,Delivered,2,The item delivered was incorrect and lukewarm.,360,DP_111
OD14433,CUST2748,Burger Bistro,Chicken Nuggets (9 pcs),Fast Food,2026-05-09 22:58:28,68,Whitefield,Delivered,1,Missing items in my order and food was cold. Avoid this place!,210,DP_144
OD14434,CUST2305,Burger Bistro,Chicken Nuggets (9 pcs),Fast Food,2026-05-18 15:51:52,24,BTM Layout,Delivered,4,Satisfied with the delivery speed and quality.,420,DP_147
OD14435,CUST2824,Bella Italia,Margherita Pizza 10-inch,Italian,2026-05-07 18:07:28,16,Koramangala,Delivered,4,Satisfied with the delivery speed and quality.,410,DP_111
OD14436,CUST3169,The Salad Bowl,Fresh Fruit Bowl,Healthy & Salads,2026-05-15 19:59:09,60,Whitefield,Delivered,2,Delivery took almost an hour. Unhappy.,210,DP_140
OD14437,CUST2172,Burger Bistro,Chicken Nuggets (9 pcs),Fast Food,2026-05-16 20:28:28,,Jayanagar,Cancelled,,Delivery address was outside the delivery radius,220,DP_109
OD14438,CUST2442,Wok & Roll,Chicken Fried Rice & Manchurian,Chinese & Asian,2026-05-12 22:27:30,42,BTM Layout,Delivered,3,Portion size was small for the price.,310,DP_199
OD14439,CUST2075,Wok & Roll,Schezwan Noodles,Chinese & Asian,2026-05-20 21:42:23,43,Jayanagar,Delivered,2,The item delivered was incorrect and lukewarm.,480,DP_179
OD14440,CUST3389,The Salad Bowl,Caesar Salad,Healthy & Salads,2026-05-14 20:31:24,47,Indiranagar,Delivered,1,Unprofessional delivery partner. Very bad experience.,280,DP_167
OD14441,CUST2879,Spice Symphony,Paneer Butter Masala Meal,North Indian,2026-05-25 13:34:49,31,BTM Layout,Delivered,3,The food was decent but arrived a bit cold.,670,DP_152
OD14442,CUST2291,The Golden Dosa,Onion Uttapam,South Indian,2026-05-07 23:26:29,21,Whitefield,Delivered,5,"Amazing food, super fast delivery!",180,DP_178
OD14443,CUST3001,Royal Biryani House,Egg Biryani,Biryani & Mughlai,2026-05-18 12:23:45,28,Malleshwaram,Delivered,4,Overall great experience. Prompt service.,290,DP_153
OD14444,CUST3420,Sweet Retreat,Chocolate Lava Cake,Desserts,2026-05-02 15:45:42,32,HSR Layout,Delivered,5,Best meal ever. Highly recommended!,160,DP_126
OD14445,CUST2357,Bella Italia,Veg Arrabiata Penne Pasta,Italian,2026-05-05 19:58:11,44,BTM Layout,Delivered,4,Decent portion size and good taste. Recommended.,330,DP_113
OD14446,CUST2697,Sweet Retreat,Kulfi Falooda,Desserts,2026-05-17 20:31:00,54,Whitefield,Delivered,3,Packaging could have been better. Average taste.,290,DP_181
OD14447,CUST2020,Burger Bistro,Crispy Chicken Burger,Fast Food,2026-05-07 09:34:12,24,BTM Layout,Delivered,5,"Extremely satisfied, delivered hot and fresh!",440,DP_108
OD14448,CUST3266,Cafe Daybreak,Classic Cold Coffee,Continental & Beverages,2026-05-23 12:34:53,43,Malleshwaram,Delivered,2,Food was cold when it arrived.,170,DP_146
OD14449,CUST2530,Spice Symphony,Dal Makhani with Jeera Rice,North Indian,2026-04-29 15:40:41,29,Koramangala,Delivered,5,"Extremely satisfied, delivered hot and fresh!",300,DP_126
OD14450,CUST3078,Burger Bistro,Crispy Chicken Burger,Fast Food,2026-05-22 20:53:59,50,Indiranagar,Delivered,1,Unprofessional delivery partner. Very bad experience.,260,DP_138
OD14451,CUST3337,Sweet Retreat,Gulab Jamun (4 pcs),Desserts,2026-05-19 23:50:46,24,Indiranagar,Delivered,5,Best meal ever. Highly recommended!,350,DP_122
OD14452,CUST2137,Wok & Roll,Veg Spring Rolls (6 pcs),Chinese & Asian,2026-05-19 13:42:18,35,Jayanagar,Delivered,4,"Tasty food, standard delivery. Satisfactory.",190,DP_188
OD14453,CUST3265,Spice Symphony,Dal Makhani with Jeera Rice,North Indian,2026-05-03 19:07:37,59,Marathahalli,Delivered,1,Missing items in my order and food was cold. Avoid this place!,610,DP_117
OD14454,CUST3311,Cafe Daybreak,Iced Latte,Continental & Beverages,2026-05-09 16:27:13,21,Indiranagar,Delivered,5,Outstanding quality! Will definitely order again.,360,DP_146
OD14455,CUST2897,Tandoori Nights,Butter Chicken Combo Meal,North Indian,2026-05-04 12:59:12,,Marathahalli,Cancelled,,Item out of stock at restaurant,380,DP_151
OD14456,CUST3289,Wok & Roll,Chilli Chicken Gravy,Chinese & Asian,2026-05-20 20:57:03,46,Koramangala,Delivered,3,"Food was okay, but delivery took some time.",320,DP_143
OD14457,CUST2245,The Salad Bowl,Quinoa Avocado Salad,Healthy & Salads,2026-05-09 12:54:15,38,Jayanagar,Delivered,4,Good taste and neat packaging.,350,DP_125
OD14458,CUST2661,Sweet Retreat,Gulab Jamun (4 pcs),Desserts,2026-05-14 16:24:32,25,HSR Layout,Delivered,5,"Perfect taste, clean packaging, and polite delivery partner.",120,DP_168
OD14459,CUST3360,Cafe Daybreak,Paneer Tikka Sandwich,Continental & Beverages,2026-05-06 20:20:56,51,Whitefield,Delivered,2,The item delivered was incorrect and lukewarm.,230,DP_116
OD14460,CUST2114,Sweet Retreat,Chocolate Lava Cake,Desserts,2026-05-15 17:19:16,36,Whitefield,Delivered,2,"Not worth the price, portion was very small.",190,DP_183
OD14461,CUST2146,The Salad Bowl,Caesar Salad,Healthy & Salads,2026-05-17 21:13:15,54,BTM Layout,Delivered,2,Food was cold when it arrived.,520,DP_103
OD14462,CUST2497,Royal Biryani House,Mutton Biryani,Biryani & Mughlai,2026-05-25 15:10:27,36,Jayanagar,Delivered,5,"Amazing food, super fast delivery!",480,DP_157
OD14463,CUST2842,Tandoori Nights,Chicken Seekh Kebab,North Indian,2026-05-20 13:08:02,47,BTM Layout,Delivered,2,Delivery took almost an hour. Unhappy.,330,DP_119
OD14464,CUST2280,Bella Italia,Garlic Bread with Cheese,Italian,2026-05-18 16:46:35,23,Whitefield,Delivered,5,"Extremely satisfied, delivered hot and fresh!",170,DP_175
OD14465,CUST2505,The Salad Bowl,Greek Salad,Healthy & Salads,2026-05-22 20:16:24,50,BTM Layout,Delivered,4,Good taste and neat packaging.,280,DP_162
OD14466,CUST3000,Wok & Roll,Chilli Chicken Gravy,Chinese & Asian,2026-05-06 21:54:17,58,Whitefield,Delivered,1,The food tasted stale and horrible! Threw it in the trash.,330,DP_165
OD14467,CUST2762,Sweet Retreat,Chocolate Lava Cake,Desserts,2026-05-05 12:15:23,29,Malleshwaram,Delivered,4,"Tasty food, but could be a bit warmer.",180,DP_181
OD14468,CUST3114,Spice Symphony,Dal Makhani with Jeera Rice,North Indian,2026-05-15 19:16:47,70,Whitefield,Delivered,1,Worst service! Delivered extremely late and completely cold.,330,DP_101
OD14469,CUST3466,Sweet Retreat,Gulab Jamun (4 pcs),Desserts,2026-05-04 20:46:37,,Marathahalli,Cancelled,,Delivery address was outside the delivery radius,130,DP_199
OD14470,CUST2925,The Salad Bowl,Caesar Salad,Healthy & Salads,2026-04-28 19:15:38,47,BTM Layout,Delivered,1,Awful experience! Delayed by over an hour and no response.,760,DP_197
OD14471,CUST3198,Bella Italia,Chicken Alfredo Pasta,Italian,2026-05-13 19:00:58,46,Marathahalli,Delivered,2,The item delivered was incorrect and lukewarm.,390,DP_128
OD14472,CUST2163,The Salad Bowl,Greek Salad,Healthy & Salads,2026-05-21 22:28:41,52,Indiranagar,Delivered,3,Portion size was small for the price.,270,DP_145
OD14473,CUST2269,Tandoori Nights,Paneer Tikka,North Indian,2026-05-15 10:34:00,25,Malleshwaram,Delivered,4,"Tasty food, but could be a bit warmer.",310,DP_134
OD14474,CUST2201,Spice Symphony,Dal Makhani with Jeera Rice,North Indian,2026-05-13 15:38:46,15,Jayanagar,Delivered,5,"Amazing food, super fast delivery!",330,DP_149
OD14475,CUST2787,Burger Bistro,Chicken Nuggets (9 pcs),Fast Food,2026-05-25 19:28:48,36,Jayanagar,Delivered,4,"Tasty food, but could be a bit warmer.",210,DP_199
OD14476,CUST2266,The Salad Bowl,Quinoa Avocado Salad,Healthy & Salads,2026-05-26 06:49:21,26,Malleshwaram,Delivered,3,Portion size was small for the price.,690,DP_170
OD14477,CUST2985,Cafe Daybreak,Paneer Tikka Sandwich,Continental & Beverages,2026-05-10 21:01:14,45,HSR Layout,Delivered,2,Food was cold when it arrived.,240,DP_113
OD14478,CUST2734,Bella Italia,Farmhouse Veg Pizza,Italian,2026-05-19 20:34:43,58,Marathahalli,Delivered,1,The food tasted stale and horrible! Threw it in the trash.,460,DP_109
OD14479,CUST2985,The Salad Bowl,Quinoa Avocado Salad,Healthy & Salads,2026-05-26 12:07:01,63,Marathahalli,Delivered,2,The item delivered was incorrect and lukewarm.,340,DP_176
OD14480,CUST3244,Cafe Daybreak,Club Sandwich,Continental & Beverages,2026-05-12 20:11:08,52,Jayanagar,Delivered,1,Awful experience! Delayed by over an hour and no response.,240,DP_125
OD14481,CUST3461,The Golden Dosa,Masala Dosa with Sambar,South Indian,2026-05-26 20:53:47,40,Malleshwaram,Delivered,5,Best meal ever. Highly recommended!,160,DP_109
OD14482,CUST2905,Sweet Retreat,Chocolate Lava Cake,Desserts,2026-05-16 22:33:03,72,BTM Layout,Delivered,2,Taste was disappointing. Packaging was leaked.,160,DP_119
OD14483,CUST3176,The Golden Dosa,Filter Coffee & Upma,South Indian,2026-05-05 20:45:43,39,Jayanagar,Delivered,4,Good taste and neat packaging.,140,DP_105
OD14484,CUST3369,Cafe Daybreak,Iced Latte,Continental & Beverages,2026-05-17 12:41:19,43,Indiranagar,Delivered,4,Decent portion size and good taste. Recommended.,210,DP_199
OD14485,CUST2743,Bella Italia,Garlic Bread with Cheese,Italian,2026-05-11 20:27:28,61,Marathahalli,Delivered,1,Worst service! Delivered extremely late and completely cold.,200,DP_130
OD14486,CUST2639,Burger Bistro,Crispy Chicken Burger,Fast Food,2026-05-23 09:55:50,39,Whitefield,Delivered,3,Packaging could have been better. Average taste.,240,DP_196
OD14487,CUST3350,Bella Italia,Margherita Pizza 10-inch,Italian,2026-05-14 19:03:49,40,HSR Layout,Delivered,4,Overall great experience. Prompt service.,420,DP_104
OD14488,CUST3250,Tandoori Nights,Chicken Seekh Kebab,North Indian,2026-05-12 23:32:27,22,Jayanagar,Delivered,4,"Tasty food, but could be a bit warmer.",340,DP_191
OD14489,CUST3155,The Salad Bowl,Caesar Salad,Healthy & Salads,2026-05-07 12:56:32,24,Malleshwaram,Delivered,5,"Extremely satisfied, delivered hot and fresh!",500,DP_104
OD14490,CUST2874,Burger Bistro,Crispy Chicken Burger,Fast Food,2026-05-22 11:09:22,29,BTM Layout,Delivered,4,"Tasty food, but could be a bit warmer.",440,DP_120
OD14491,CUST3249,Royal Biryani House,Chicken Dum Biryani,Biryani & Mughlai,2026-05-26 16:41:59,28,BTM Layout,Delivered,4,Good taste and neat packaging.,370,DP_164
OD14492,CUST2901,Spice Symphony,Butter Chicken & Naan,North Indian,2026-05-25 14:49:22,,Whitefield,Cancelled,,Item out of stock at restaurant,740,DP_165
OD14493,CUST3488,Royal Biryani House,Veg Hyderabadi Biryani,Biryani & Mughlai,2026-05-19 12:05:06,41,Malleshwaram,Delivered,2,Taste was disappointing. Packaging was leaked.,330,DP_183
OD14494,CUST2718,The Salad Bowl,Fresh Fruit Bowl,Healthy & Salads,2026-05-12 21:34:05,52,Malleshwaram,Delivered,3,Prompt delivery but taste was average.,200,DP_143
OD14495,CUST2245,Cafe Daybreak,Paneer Tikka Sandwich,Continental & Beverages,2026-05-05 07:41:29,22,Koramangala,Delivered,5,Best meal ever. Highly recommended!,220,DP_174
OD14496,CUST2363,The Golden Dosa,Masala Dosa with Sambar,South Indian,2026-05-12 20:04:50,40,Jayanagar,Delivered,4,Overall great experience. Prompt service.,380,DP_106
OD14497,CUST3212,Spice Symphony,Butter Chicken & Naan,North Indian,2026-05-25 19:26:56,39,Koramangala,Delivered,5,Best meal ever. Highly recommended!,400,DP_139
OD14498,CUST3298,Bella Italia,Chicken Alfredo Pasta,Italian,2026-05-17 16:57:15,38,Koramangala,Delivered,2,"Too spicy, couldn't eat it. Disappointed.",390,DP_193
OD14499,CUST2807,Spice Symphony,Dal Makhani with Jeera Rice,North Indian,2026-05-01 15:37:10,,Whitefield,Cancelled,,Delivery partner could not be assigned due to heavy rain,590,DP_150
OD14500,CUST2107,The Golden Dosa,Idli Vada Combo,South Indian,2026-05-13 21:27:14,47,Indiranagar,Delivered,1,"Terrible experience, food was completely spilled inside the bag.",120,DP_119
OD14501,CUST2225,The Golden Dosa,Filter Coffee & Upma,South Indian,2026-05-19 18:21:12,20,Marathahalli,Delivered,5,"Delivered way before time, packaging was excellent!",130,DP_176
OD14502,CUST2383,The Salad Bowl,Quinoa Avocado Salad,Healthy & Salads,2026-05-26 18:44:33,21,HSR Layout,Delivered,4,Decent portion size and good taste. Recommended.,360,DP_139
OD14503,CUST3067,Sweet Retreat,Kulfi Falooda,Desserts,2026-04-30 20:09:12,38,HSR Layout,Delivered,5,Outstanding quality! Will definitely order again.,160,DP_171
OD14504,CUST3441,Sweet Retreat,Gulab Jamun (4 pcs),Desserts,2026-05-12 07:59:20,19,Jayanagar,Delivered,5,"Extremely satisfied, delivered hot and fresh!",130,DP_137
OD14505,CUST2996,Burger Bistro,Spicy Paneer Wrap,Fast Food,2026-05-26 12:53:39,,Indiranagar,Cancelled,,Restaurant could not prepare food in time,220,DP_162
OD14506,CUST2324,Bella Italia,Garlic Bread with Cheese,Italian,2026-04-30 05:30:55,30,Koramangala,Delivered,4,Satisfied with the delivery speed and quality.,170,DP_161
OD14507,CUST3016,Burger Bistro,Crispy Chicken Burger,Fast Food,2026-05-23 20:20:48,47,Jayanagar,Delivered,1,The food tasted stale and horrible! Threw it in the trash.,230,DP_144
OD14508,CUST2955,Wok & Roll,Chilli Chicken Gravy,Chinese & Asian,2026-05-19 19:22:12,35,Malleshwaram,Delivered,3,The food was decent but arrived a bit cold.,330,DP_119
OD14509,CUST2247,Royal Biryani House,Mutton Biryani,Biryani & Mughlai,2026-05-06 19:40:57,67,Whitefield,Delivered,2,Taste was disappointing. Packaging was leaked.,490,DP_154
OD14510,CUST2198,Royal Biryani House,Veg Hyderabadi Biryani,Biryani & Mughlai,2026-05-06 20:03:08,44,Malleshwaram,Delivered,2,The item delivered was incorrect and lukewarm.,320,DP_103
OD14511,CUST3248,Sweet Retreat,Chocolate Lava Cake,Desserts,2026-05-03 23:31:17,32,BTM Layout,Delivered,5,Best meal ever. Highly recommended!,320,DP_164
OD14512,CUST2779,Tandoori Nights,Paneer Tikka,North Indian,2026-05-20 21:40:38,49,Whitefield,Delivered,3,Packaging could have been better. Average taste.,300,DP_115
OD14513,CUST3248,Bella Italia,Margherita Pizza 10-inch,Italian,2026-05-07 19:38:00,46,BTM Layout,Delivered,3,"Food was okay, but delivery took some time.",420,DP_198
OD14514,CUST2945,Spice Symphony,Tandoori Chicken Half,North Indian,2026-05-21 19:31:51,46,Koramangala,Delivered,4,Good taste and neat packaging.,420,DP_180
OD14515,CUST2945,Sweet Retreat,Gulab Jamun (4 pcs),Desserts,2026-05-11 14:13:04,41,Koramangala,Delivered,1,Worst service! Delivered extremely late and completely cold.,140,DP_147
OD14516,CUST2863,Bella Italia,Chicken Alfredo Pasta,Italian,2026-05-04 14:50:53,30,Malleshwaram,Delivered,5,"Delivered way before time, packaging was excellent!",390,DP_101
OD14517,CUST3123,The Salad Bowl,Fresh Fruit Bowl,Healthy & Salads,2026-05-12 22:37:43,47,Malleshwaram,Delivered,2,Delivery took almost an hour. Unhappy.,230,DP_124
OD14518,CUST3421,Burger Bistro,Chicken Nuggets (9 pcs),Fast Food,2026-04-30 14:55:35,39,Jayanagar,Delivered,5,"Delivered way before time, packaging was excellent!",430,DP_113
OD14519,CUST2419,Royal Biryani House,Mutton Biryani,Biryani & Mughlai,2026-04-27 16:27:31,24,HSR Layout,Delivered,4,Decent portion size and good taste. Recommended.,490,DP_179
OD14520,CUST3285,Bella Italia,Margherita Pizza 10-inch,Italian,2026-05-13 20:44:59,43,HSR Layout,Delivered,2,Food was cold when it arrived.,400,DP_177
OD14521,CUST2362,The Salad Bowl,High-Protein Chicken Salad,Healthy & Salads,2026-05-21 19:14:04,50,Marathahalli,Delivered,3,The food was decent but arrived a bit cold.,320,DP_114
OD14522,CUST3078,The Golden Dosa,Onion Uttapam,South Indian,2026-05-13 12:14:26,28,Koramangala,Delivered,5,"Extremely satisfied, delivered hot and fresh!",160,DP_117
OD14523,CUST2284,The Salad Bowl,Caesar Salad,Healthy & Salads,2026-04-30 21:58:57,51,Whitefield,Delivered,1,"Terrible experience, food was completely spilled inside the bag.",260,DP_103
OD14524,CUST3347,Spice Symphony,Butter Chicken & Naan,North Indian,2026-05-05 19:47:49,34,BTM Layout,Delivered,5,"Perfect taste, clean packaging, and polite delivery partner.",380,DP_145
OD14525,CUST2559,Burger Bistro,Crispy Chicken Burger,Fast Food,2026-05-19 07:37:58,26,Koramangala,Delivered,4,Overall great experience. Prompt service.,440,DP_109
OD14526,CUST3034,Spice Symphony,Kadhai Paneer with Roti,North Indian,2026-05-19 08:56:54,39,Marathahalli,Delivered,5,Outstanding quality! Will definitely order again.,640,DP_103
OD14527,CUST3486,Burger Bistro,Classic Cheese Burger & Fries,Fast Food,2026-05-25 18:49:48,,Marathahalli,Cancelled,,Item out of stock at restaurant,500,DP_108
OD14528,CUST2373,The Salad Bowl,Greek Salad,Healthy & Salads,2026-05-15 18:35:00,28,Malleshwaram,Delivered,2,"Not worth the price, portion was very small.",490,DP_179
OD14529,CUST2221,Tandoori Nights,Chicken Seekh Kebab,North Indian,2026-04-30 13:45:34,37,Koramangala,Delivered,4,Decent portion size and good taste. Recommended.,350,DP_164
OD14530,CUST2466,Bella Italia,Garlic Bread with Cheese,Italian,2026-04-29 21:29:21,56,Whitefield,Delivered,1,"Terrible experience, food was completely spilled inside the bag.",190,DP_154
OD14531,CUST3265,Spice Symphony,Dal Makhani with Jeera Rice,North Indian,2026-05-20 20:19:30,68,Marathahalli,Delivered,1,"Terrible experience, food was completely spilled inside the bag.",310,DP_102
OD14532,CUST2396,Burger Bistro,Chicken Nuggets (9 pcs),Fast Food,2026-05-05 21:40:59,52,Marathahalli,Delivered,4,Overall great experience. Prompt service.,240,DP_168
OD14533,CUST2718,Sweet Retreat,Sizzling Brownie,Desserts,2026-05-11 14:27:57,35,BTM Layout,Delivered,3,Packaging could have been better. Average taste.,200,DP_117
OD14534,CUST2212,Spice Symphony,Dal Makhani with Jeera Rice,North Indian,2026-05-12 12:45:46,48,Marathahalli,Delivered,1,Worst service! Delivered extremely late and completely cold.,300,DP_130
OD14535,CUST2660,Tandoori Nights,Tandoori Roti Combo,North Indian,2026-05-26 21:54:35,48,BTM Layout,Delivered,2,Delivery took almost an hour. Unhappy.,200,DP_115
OD14536,CUST2503,Bella Italia,Farmhouse Veg Pizza,Italian,2026-05-06 22:06:16,37,Jayanagar,Delivered,4,Decent portion size and good taste. Recommended.,440,DP_140
OD14537,CUST2345,The Salad Bowl,Greek Salad,Healthy & Salads,2026-05-08 09:44:33,37,Koramangala,Delivered,3,"Food was okay, but delivery took some time.",260,DP_192
OD14538,CUST2573,Tandoori Nights,Malai Kofta & Lachha Paratha,North Indian,2026-05-25 12:47:54,59,HSR Layout,Delivered,1,The food tasted stale and horrible! Threw it in the trash.,700,DP_160
OD14539,CUST2757,Cafe Daybreak,Classic Cold Coffee,Continental & Beverages,2026-05-22 15:03:05,37,Whitefield,Delivered,2,The item delivered was incorrect and lukewarm.,200,DP_114
OD14540,CUST3282,Sweet Retreat,Kulfi Falooda,Desserts,2026-05-22 17:45:33,35,HSR Layout,Delivered,5,Best meal ever. Highly recommended!,180,DP_174
OD14541,CUST2967,Royal Biryani House,Veg Hyderabadi Biryani,Biryani & Mughlai,2026-04-28 19:00:54,48,BTM Layout,Delivered,1,Unprofessional delivery partner. Very bad experience.,300,DP_124
OD14542,CUST2837,The Salad Bowl,Greek Salad,Healthy & Salads,2026-05-15 06:51:57,40,HSR Layout,Delivered,3,Prompt delivery but taste was average.,250,DP_147
OD14543,CUST3223,Sweet Retreat,Red Velvet Pastry,Desserts,2026-05-18 05:56:07,24,Indiranagar,Delivered,5,"Perfect taste, clean packaging, and polite delivery partner.",190,DP_123
OD14544,CUST2214,Sweet Retreat,Sizzling Brownie,Desserts,2026-05-15 19:48:14,58,Indiranagar,Delivered,1,The food tasted stale and horrible! Threw it in the trash.,570,DP_173
OD14545,CUST2115,The Golden Dosa,Filter Coffee & Upma,South Indian,2026-05-13 23:18:28,23,Indiranagar,Delivered,4,Good taste and neat packaging.,130,DP_134
OD14546,CUST2350,Wok & Roll,Veg Hakka Noodles,Chinese & Asian,2026-05-21 20:18:45,,Jayanagar,Cancelled,,Restaurant could not prepare food in time,270,DP_163
OD14547,CUST2706,The Salad Bowl,High-Protein Chicken Salad,Healthy & Salads,2026-05-20 20:01:00,43,Malleshwaram,Delivered,2,"Not worth the price, portion was very small.",340,DP_133
OD14548,CUST3102,Royal Biryani House,Chicken Dum Biryani,Biryani & Mughlai,2026-05-22 21:58:20,47,HSR Layout,Delivered,1,Missing items in my order and food was cold. Avoid this place!,350,DP_152
OD14549,CUST3404,Sweet Retreat,Kulfi Falooda,Desserts,2026-05-11 10:48:32,54,BTM Layout,Delivered,4,Good taste and neat packaging.,180,DP_177
OD14550,CUST2056,The Salad Bowl,Fresh Fruit Bowl,Healthy & Salads,2026-05-22 18:51:45,34,Jayanagar,Delivered,4,Good taste and neat packaging.,230,DP_176
OD14551,CUST3296,Burger Bistro,Classic Cheese Burger & Fries,Fast Food,2026-05-13 12:14:21,32,Malleshwaram,Delivered,5,Best meal ever. Highly recommended!,260,DP_110
OD14552,CUST2871,The Golden Dosa,Onion Uttapam,South Indian,2026-05-13 09:50:32,39,Whitefield,Delivered,5,"Amazing food, super fast delivery!",430,DP_160
OD14553,CUST3332,Sweet Retreat,Chocolate Lava Cake,Desserts,2026-04-28 21:22:34,37,Jayanagar,Delivered,4,Decent portion size and good taste. Recommended.,180,DP_174
OD14554,CUST2327,The Salad Bowl,High-Protein Chicken Salad,Healthy & Salads,2026-05-18 13:13:17,36,Indiranagar,Delivered,3,Prompt delivery but taste was average.,900,DP_124
OD14555,CUST3218,The Golden Dosa,Masala Dosa with Sambar,South Indian,2026-05-07 21:24:46,60,Whitefield,Delivered,2,The item delivered was incorrect and lukewarm.,170,DP_141
OD14556,CUST3040,The Golden Dosa,Filter Coffee & Upma,South Indian,2026-04-27 18:46:13,21,BTM Layout,Delivered,5,"Amazing food, super fast delivery!",140,DP_143
OD14557,CUST2271,The Salad Bowl,Fresh Fruit Bowl,Healthy & Salads,2026-05-01 13:58:28,54,BTM Layout,Delivered,3,The food was decent but arrived a bit cold.,230,DP_112
OD14558,CUST3395,The Salad Bowl,Caesar Salad,Healthy & Salads,2026-05-16 19:27:08,42,Jayanagar,Delivered,2,Food was cold when it arrived.,260,DP_147
OD14559,CUST3117,Royal Biryani House,Egg Biryani,Biryani & Mughlai,2026-04-30 20:25:33,37,Jayanagar,Delivered,4,Decent portion size and good taste. Recommended.,290,DP_153
OD14560,CUST2513,Spice Symphony,Dal Makhani with Jeera Rice,North Indian,2026-05-03 21:17:37,45,Malleshwaram,Delivered,1,The food tasted stale and horrible! Threw it in the trash.,300,DP_125
OD14561,CUST2162,Royal Biryani House,Veg Hyderabadi Biryani,Biryani & Mughlai,2026-05-25 13:20:22,38,Malleshwaram,Delivered,5,"Amazing food, super fast delivery!",330,DP_196
OD14562,CUST3425,Tandoori Nights,Chicken Seekh Kebab,North Indian,2026-05-04 20:55:44,47,Indiranagar,Delivered,3,Packaging could have been better. Average taste.,360,DP_122
OD14563,CUST3485,Royal Biryani House,Mutton Biryani,Biryani & Mughlai,2026-04-29 20:41:04,58,Whitefield,Delivered,2,"Not worth the price, portion was very small.",500,DP_147
OD14564,CUST3064,Tandoori Nights,Malai Kofta & Lachha Paratha,North Indian,2026-05-12 19:27:30,38,Malleshwaram,Delivered,2,Delivery took almost an hour. Unhappy.,700,DP_136
OD14565,CUST2925,The Golden Dosa,Filter Coffee & Upma,South Indian,2026-05-21 22:34:16,44,Malleshwaram,Delivered,3,The food was decent but arrived a bit cold.,260,DP_121
OD14566,CUST2357,Cafe Daybreak,Club Sandwich,Continental & Beverages,2026-05-09 23:37:53,22,Jayanagar,Delivered,5,"Delivered way before time, packaging was excellent!",230,DP_135
OD14567,CUST2776,Wok & Roll,Chicken Fried Rice & Manchurian,Chinese & Asian,2026-05-06 12:43:42,75,Marathahalli,Delivered,1,Worst service! Delivered extremely late and completely cold.,310,DP_142
OD14568,CUST2339,Spice Symphony,Butter Chicken & Naan,North Indian,2026-04-28 19:24:50,33,HSR Layout,Delivered,4,"Tasty food, standard delivery. Satisfactory.",370,DP_135
OD14569,CUST2897,The Salad Bowl,Greek Salad,Healthy & Salads,2026-05-16 19:34:14,46,Koramangala,Delivered,2,Food was cold when it arrived.,720,DP_171
OD14570,CUST3196,Bella Italia,Garlic Bread with Cheese,Italian,2026-05-18 21:49:07,44,Koramangala,Delivered,2,"Not worth the price, portion was very small.",200,DP_168
OD14571,CUST2926,Spice Symphony,Butter Chicken & Naan,North Indian,2026-05-14 20:31:15,49,Koramangala,Delivered,2,The item delivered was incorrect and lukewarm.,400,DP_104
OD14572,CUST2900,Royal Biryani House,Chicken Dum Biryani,Biryani & Mughlai,2026-05-01 15:25:15,25,Jayanagar,Delivered,4,Overall great experience. Prompt service.,350,DP_106
OD14573,CUST3260,Spice Symphony,Butter Chicken & Naan,North Indian,2026-04-28 20:00:04,32,Malleshwaram,Delivered,4,Overall great experience. Prompt service.,380,DP_147
OD14574,CUST2922,Cafe Daybreak,Club Sandwich,Continental & Beverages,2026-05-12 06:53:50,,Marathahalli,Cancelled,,Delivery partner could not be assigned due to heavy rain,240,DP_131
OD14575,CUST3067,Sweet Retreat,Kulfi Falooda,Desserts,2026-05-02 19:58:09,58,Whitefield,Delivered,1,Unprofessional delivery partner. Very bad experience.,290,DP_165
OD14576,CUST3337,Spice Symphony,Butter Chicken & Naan,North Indian,2026-05-01 15:34:57,21,Jayanagar,Delivered,5,"Perfect taste, clean packaging, and polite delivery partner.",390,DP_128
OD14577,CUST3293,Wok & Roll,Schezwan Noodles,Chinese & Asian,2026-05-05 21:18:52,42,Malleshwaram,Delivered,3,Packaging could have been better. Average taste.,260,DP_123
OD14578,CUST2306,Cafe Daybreak,Iced Latte,Continental & Beverages,2026-05-04 12:24:02,37,Whitefield,Delivered,5,"Amazing food, super fast delivery!",190,DP_124
OD14579,CUST3022,Burger Bistro,Loaded Nachos,Fast Food,2026-04-29 21:14:01,57,Koramangala,Delivered,1,"Terrible experience, food was completely spilled inside the bag.",260,DP_194
OD14580,CUST3454,Royal Biryani House,Veg Hyderabadi Biryani,Biryani & Mughlai,2026-05-22 21:38:27,81,Whitefield,Delivered,2,The item delivered was incorrect and lukewarm.,310,DP_146
OD14581,CUST3041,Wok & Roll,Chicken Fried Rice & Manchurian,Chinese & Asian,2026-05-21 13:35:02,28,Indiranagar,Delivered,4,Overall great experience. Prompt service.,320,DP_178
OD14582,CUST2170,Bella Italia,Veg Arrabiata Penne Pasta,Italian,2026-05-20 13:50:38,32,Malleshwaram,Delivered,5,Outstanding quality! Will definitely order again.,350,DP_129
OD14583,CUST2419,Bella Italia,Garlic Bread with Cheese,Italian,2026-05-08 23:28:40,43,Whitefield,Delivered,1,The food tasted stale and horrible! Threw it in the trash.,200,DP_164
OD14584,CUST2157,The Golden Dosa,Onion Uttapam,South Indian,2026-05-26 16:22:24,28,BTM Layout,Delivered,5,Best meal ever. Highly recommended!,150,DP_157
OD14585,CUST2220,Sweet Retreat,Chocolate Lava Cake,Desserts,2026-05-04 21:50:57,53,Whitefield,Delivered,2,Delivery took almost an hour. Unhappy.,160,DP_130
OD14586,CUST2690,Spice Symphony,Butter Chicken & Naan,North Indian,2026-05-21 07:46:15,24,Jayanagar,Delivered,5,"Perfect taste, clean packaging, and polite delivery partner.",390,DP_111
OD14587,CUST2285,Spice Symphony,Paneer Butter Masala Meal,North Indian,2026-05-11 13:52:34,,HSR Layout,Cancelled,,Delivery address was outside the delivery radius,340,DP_117
OD14588,CUST2081,The Salad Bowl,Fresh Fruit Bowl,Healthy & Salads,2026-04-27 20:01:39,49,BTM Layout,Delivered,3,Prompt delivery but taste was average.,230,DP_137
OD14589,CUST3251,Cafe Daybreak,Paneer Tikka Sandwich,Continental & Beverages,2026-04-30 19:39:36,52,Marathahalli,Delivered,4,Decent portion size and good taste. Recommended.,240,DP_174
OD14590,CUST3077,Bella Italia,Garlic Bread with Cheese,Italian,2026-05-23 19:09:59,41,Malleshwaram,Delivered,2,The item delivered was incorrect and lukewarm.,180,DP_148
OD14591,CUST2812,Wok & Roll,Chicken Fried Rice & Manchurian,Chinese & Asian,2026-05-20 22:00:54,48,BTM Layout,Delivered,3,The food was decent but arrived a bit cold.,310,DP_142
OD14592,CUST2803,Tandoori Nights,Chicken Seekh Kebab,North Indian,2026-05-25 20:07:04,57,Marathahalli,Delivered,1,Awful experience! Delayed by over an hour and no response.,670,DP_112
OD14593,CUST2517,The Salad Bowl,High-Protein Chicken Salad,Healthy & Salads,2026-05-10 20:59:59,38,Malleshwaram,Delivered,5,"Extremely satisfied, delivered hot and fresh!",320,DP_172
OD14594,CUST2933,Spice Symphony,Paneer Butter Masala Meal,North Indian,2026-04-27 21:32:49,37,Jayanagar,Delivered,4,Overall great experience. Prompt service.,370,DP_185
OD14595,CUST3270,Sweet Retreat,Red Velvet Pastry,Desserts,2026-05-03 19:33:41,,Whitefield,Cancelled,,Delivery partner could not be assigned due to heavy rain,170,DP_113
OD14596,CUST3277,Spice Symphony,Dal Makhani with Jeera Rice,North Indian,2026-05-25 21:09:15,43,BTM Layout,Delivered,4,Decent portion size and good taste. Recommended.,600,DP_116
OD14597,CUST3008,Royal Biryani House,Chicken Tikka Biryani,Biryani & Mughlai,2026-05-02 08:54:47,31,Koramangala,Delivered,5,Best meal ever. Highly recommended!,390,DP_106
OD14598,CUST2097,Tandoori Nights,Tandoori Roti Combo,North Indian,2026-05-18 06:43:40,15,HSR Layout,Delivered,5,Best meal ever. Highly recommended!,400,DP_190
OD14599,CUST3379,The Salad Bowl,Greek Salad,Healthy & Salads,2026-04-28 07:19:21,40,Whitefield,Delivered,4,"Tasty food, standard delivery. Satisfactory.",260,DP_110
OD14600,CUST3295,Bella Italia,Chicken Alfredo Pasta,Italian,2026-05-20 21:10:30,57,Koramangala,Delivered,2,The item delivered was incorrect and lukewarm.,390,DP_134
OD14601,CUST2709,Spice Symphony,Tandoori Chicken Half,North Indian,2026-05-23 11:49:29,53,Marathahalli,Delivered,2,Delivery took almost an hour. Unhappy.,790,DP_106
OD14602,CUST3054,Wok & Roll,Veg Hakka Noodles,Chinese & Asian,2026-05-25 21:26:00,42,Koramangala,Delivered,3,The food was decent but arrived a bit cold.,260,DP_151
OD14603,CUST3458,The Salad Bowl,Quinoa Avocado Salad,Healthy & Salads,2026-05-02 12:56:42,49,Marathahalli,Delivered,2,"Not worth the price, portion was very small.",370,DP_162
OD14604,CUST2067,The Golden Dosa,Idli Vada Combo,South Indian,2026-05-15 14:28:35,44,HSR Layout,Delivered,1,Unprofessional delivery partner. Very bad experience.,120,DP_123
OD14605,CUST3085,The Salad Bowl,Quinoa Avocado Salad,Healthy & Salads,2026-05-04 21:58:48,38,HSR Layout,Delivered,5,"Perfect taste, clean packaging, and polite delivery partner.",350,DP_119
OD14606,CUST2563,Royal Biryani House,Mutton Biryani,Biryani & Mughlai,2026-05-09 20:48:28,37,Malleshwaram,Delivered,5,"Amazing food, super fast delivery!",940,DP_154
OD14607,CUST2996,Bella Italia,Chicken Alfredo Pasta,Italian,2026-05-06 13:39:34,44,Whitefield,Delivered,4,Decent portion size and good taste. Recommended.,380,DP_190
OD14608,CUST2844,Bella Italia,Farmhouse Veg Pizza,Italian,2026-05-01 21:25:42,54,Malleshwaram,Delivered,2,"Not worth the price, portion was very small.",440,DP_138
OD14609,CUST2869,The Salad Bowl,Caesar Salad,Healthy & Salads,2026-05-22 20:58:41,,Marathahalli,Cancelled,,Item out of stock at restaurant,290,DP_189
OD14610,CUST2935,The Salad Bowl,Greek Salad,Healthy & Salads,2026-05-26 16:38:43,33,Indiranagar,Delivered,4,Satisfied with the delivery speed and quality.,280,DP_124
OD14611,CUST3431,Bella Italia,Farmhouse Veg Pizza,Italian,2026-05-14 12:45:18,,Marathahalli,Cancelled,,Delivery address was outside the delivery radius,460,DP_160
OD14612,CUST2499,Bella Italia,Veg Arrabiata Penne Pasta,Italian,2026-04-30 12:42:24,81,Whitefield,Delivered,1,"Terrible experience, food was completely spilled inside the bag.",650,DP_147
OD14613,CUST2159,Wok & Roll,Chilli Chicken Gravy,Chinese & Asian,2026-05-21 07:18:26,26,Marathahalli,Delivered,4,"Tasty food, standard delivery. Satisfactory.",320,DP_130
OD14614,CUST2127,Burger Bistro,Chicken Nuggets (9 pcs),Fast Food,2026-05-14 12:02:51,34,Indiranagar,Delivered,5,Outstanding quality! Will definitely order again.,240,DP_119
OD14615,CUST2100,Sweet Retreat,Sizzling Brownie,Desserts,2026-05-17 09:58:05,29,Marathahalli,Delivered,5,"Delivered way before time, packaging was excellent!",200,DP_125
OD14616,CUST3254,Burger Bistro,Spicy Paneer Wrap,Fast Food,2026-05-12 11:07:03,18,BTM Layout,Delivered,5,"Extremely satisfied, delivered hot and fresh!",230,DP_126
OD14617,CUST3113,Spice Symphony,Tandoori Chicken Half,North Indian,2026-05-10 11:39:50,37,Indiranagar,Delivered,4,Good taste and neat packaging.,430,DP_186
OD14618,CUST2272,The Salad Bowl,High-Protein Chicken Salad,Healthy & Salads,2026-05-23 12:02:17,33,HSR Layout,Delivered,5,Best meal ever. Highly recommended!,620,DP_184
OD14619,CUST2899,Cafe Daybreak,Paneer Tikka Sandwich,Continental & Beverages,2026-05-13 14:58:22,41,Indiranagar,Delivered,2,"Not worth the price, portion was very small.",210,DP_153
OD14620,CUST2492,Wok & Roll,Veg Spring Rolls (6 pcs),Chinese & Asian,2026-05-25 14:19:41,44,Whitefield,Delivered,3,Average food. Nothing special.,340,DP_184
OD14621,CUST2424,Sweet Retreat,Sizzling Brownie,Desserts,2026-04-28 17:30:15,32,BTM Layout,Delivered,5,Best meal ever. Highly recommended!,200,DP_154
OD14622,CUST3248,Sweet Retreat,Sizzling Brownie,Desserts,2026-05-09 19:01:02,55,Marathahalli,Delivered,3,"Food was okay, but delivery took some time.",200,DP_143
OD14623,CUST2561,Bella Italia,Garlic Bread with Cheese,Italian,2026-05-09 09:39:02,28,HSR Layout,Delivered,5,"Extremely satisfied, delivered hot and fresh!",170,DP_172
OD14624,CUST2689,Burger Bistro,Chicken Nuggets (9 pcs),Fast Food,2026-05-05 20:40:54,46,Indiranagar,Delivered,3,"Food was okay, but delivery took some time.",400,DP_167
OD14625,CUST2852,Wok & Roll,Schezwan Noodles,Chinese & Asian,2026-05-09 21:05:58,54,BTM Layout,Delivered,1,The food tasted stale and horrible! Threw it in the trash.,250,DP_173
OD14626,CUST2774,Wok & Roll,Schezwan Noodles,Chinese & Asian,2026-05-05 20:12:11,46,BTM Layout,Delivered,2,Food was cold when it arrived.,260,DP_133
OD14627,CUST2830,Bella Italia,Garlic Bread with Cheese,Italian,2026-05-22 14:10:40,37,BTM Layout,Delivered,4,"Tasty food, standard delivery. Satisfactory.",500,DP_171
OD14628,CUST2038,Sweet Retreat,Kulfi Falooda,Desserts,2026-05-19 21:44:01,74,BTM Layout,Delivered,2,Delivery took almost an hour. Unhappy.,150,DP_103
OD14629,CUST2901,Spice Symphony,Tandoori Chicken Half,North Indian,2026-05-05 21:37:57,,Malleshwaram,Cancelled,,Customer cancelled the order,410,DP_109
OD14630,CUST2975,Spice Symphony,Tandoori Chicken Half,North Indian,2026-04-28 23:51:01,28,Indiranagar,Delivered,4,Satisfied with the delivery speed and quality.,430,DP_124
OD14631,CUST3271,Sweet Retreat,Sizzling Brownie,Desserts,2026-05-06 20:26:42,38,Indiranagar,Delivered,5,Best meal ever. Highly recommended!,230,DP_111
OD14632,CUST2844,Royal Biryani House,Veg Hyderabadi Biryani,Biryani & Mughlai,2026-05-24 14:27:50,40,HSR Layout,Delivered,5,"Extremely satisfied, delivered hot and fresh!",320,DP_165
OD14633,CUST2367,Royal Biryani House,Chicken Tikka Biryani,Biryani & Mughlai,2026-05-09 19:33:22,49,Koramangala,Delivered,1,"Terrible experience, food was completely spilled inside the bag.",760,DP_127
OD14634,CUST2045,Bella Italia,Veg Arrabiata Penne Pasta,Italian,2026-05-18 19:02:52,47,Indiranagar,Delivered,2,"Too spicy, couldn't eat it. Disappointed.",340,DP_196
OD14635,CUST3251,The Golden Dosa,Onion Uttapam,South Indian,2026-04-30 22:39:02,55,Marathahalli,Delivered,2,"Too spicy, couldn't eat it. Disappointed.",150,DP_167
OD14636,CUST2801,Royal Biryani House,Egg Biryani,Biryani & Mughlai,2026-05-04 23:19:37,15,Jayanagar,Delivered,5,"Delivered way before time, packaging was excellent!",290,DP_155
OD14637,CUST2328,Tandoori Nights,Malai Kofta & Lachha Paratha,North Indian,2026-05-15 20:34:21,46,HSR Layout,Delivered,4,"Tasty food, but could be a bit warmer.",690,DP_118
OD14638,CUST2461,The Golden Dosa,Masala Dosa with Sambar,South Indian,2026-05-25 19:28:40,54,Indiranagar,Delivered,2,Taste was disappointing. Packaging was leaked.,160,DP_133
OD14639,CUST3357,Cafe Daybreak,Iced Latte,Continental & Beverages,2026-05-18 07:52:14,29,Marathahalli,Delivered,5,"Delivered way before time, packaging was excellent!",190,DP_140
OD14640,CUST2568,Burger Bistro,Classic Cheese Burger & Fries,Fast Food,2026-05-19 18:32:17,21,Whitefield,Delivered,5,"Amazing food, super fast delivery!",510,DP_110
OD14641,CUST2539,Cafe Daybreak,Paneer Tikka Sandwich,Continental & Beverages,2026-05-03 00:00:37,33,HSR Layout,Delivered,3,Average food. Nothing special.,230,DP_107
OD14642,CUST2857,Tandoori Nights,Butter Chicken Combo Meal,North Indian,2026-04-28 08:24:11,27,Indiranagar,Delivered,4,Satisfied with the delivery speed and quality.,390,DP_112
OD14643,CUST2496,Royal Biryani House,Chicken Tikka Biryani,Biryani & Mughlai,2026-05-17 19:46:02,33,Malleshwaram,Delivered,3,Portion size was small for the price.,410,DP_163
OD14644,CUST3317,Spice Symphony,Dal Makhani with Jeera Rice,North Indian,2026-05-25 22:03:51,46,HSR Layout,Delivered,4,"Tasty food, but could be a bit warmer.",320,DP_156
OD14645,CUST2937,Sweet Retreat,Gulab Jamun (4 pcs),Desserts,2026-05-03 20:44:40,57,BTM Layout,Delivered,2,Delivery took almost an hour. Unhappy.,140,DP_113
OD14646,CUST3464,Royal Biryani House,Chicken Dum Biryani,Biryani & Mughlai,2026-05-04 07:01:56,18,Jayanagar,Delivered,5,"Delivered way before time, packaging was excellent!",360,DP_187
OD14647,CUST2546,The Salad Bowl,Fresh Fruit Bowl,Healthy & Salads,2026-05-10 21:49:07,51,Koramangala,Delivered,4,Good taste and neat packaging.,230,DP_169
OD14648,CUST3175,Royal Biryani House,Chicken Dum Biryani,Biryani & Mughlai,2026-05-14 21:27:25,70,Marathahalli,Delivered,1,Unprofessional delivery partner. Very bad experience.,710,DP_146
OD14649,CUST2989,Royal Biryani House,Chicken Tikka Biryani,Biryani & Mughlai,2026-05-04 19:51:20,66,Koramangala,Delivered,1,Awful experience! Delayed by over an hour and no response.,400,DP_160
OD14650,CUST3316,Wok & Roll,Chilli Chicken Gravy,Chinese & Asian,2026-05-23 19:45:01,54,BTM Layout,Delivered,2,The item delivered was incorrect and lukewarm.,330,DP_125
OD14651,CUST2737,The Golden Dosa,Masala Dosa with Sambar,South Indian,2026-05-24 19:11:46,38,Jayanagar,Delivered,5,Outstanding quality! Will definitely order again.,140,DP_167
OD14652,CUST2669,Cafe Daybreak,Club Sandwich,Continental & Beverages,2026-05-15 09:03:59,24,Jayanagar,Delivered,5,"Delivered way before time, packaging was excellent!",230,DP_192
OD14653,CUST2772,Wok & Roll,Veg Spring Rolls (6 pcs),Chinese & Asian,2026-05-20 13:25:34,38,Koramangala,Delivered,5,"Perfect taste, clean packaging, and polite delivery partner.",200,DP_180
OD14654,CUST3392,Spice Symphony,Butter Chicken & Naan,North Indian,2026-05-03 17:55:43,39,Marathahalli,Delivered,5,"Perfect taste, clean packaging, and polite delivery partner.",400,DP_162
OD14655,CUST3103,Spice Symphony,Tandoori Chicken Half,North Indian,2026-05-10 18:26:04,33,Jayanagar,Delivered,3,Portion size was small for the price.,410,DP_189
OD14656,CUST2747,Sweet Retreat,Gulab Jamun (4 pcs),Desserts,2026-04-28 22:26:55,49,BTM Layout,Delivered,1,Missing items in my order and food was cold. Avoid this place!,220,DP_172
OD14657,CUST2654,Sweet Retreat,Chocolate Lava Cake,Desserts,2026-05-08 14:39:06,46,BTM Layout,Delivered,3,Average food. Nothing special.,160,DP_145
OD14658,CUST3366,Burger Bistro,Loaded Nachos,Fast Food,2026-05-24 13:36:52,47,HSR Layout,Delivered,2,"Too spicy, couldn't eat it. Disappointed.",270,DP_157
OD14659,CUST3085,Wok & Roll,Chicken Fried Rice & Manchurian,Chinese & Asian,2026-05-13 20:57:46,41,Koramangala,Delivered,2,Food was cold when it arrived.,320,DP_118
OD14660,CUST2641,Spice Symphony,Butter Chicken & Naan,North Indian,2026-04-30 13:08:43,36,Indiranagar,Delivered,4,Satisfied with the delivery speed and quality.,380,DP_108
OD14661,CUST3490,Bella Italia,Garlic Bread with Cheese,Italian,2026-05-26 18:08:18,20,Marathahalli,Delivered,5,"Perfect taste, clean packaging, and polite delivery partner.",170,DP_113
OD14662,CUST3456,Sweet Retreat,Chocolate Lava Cake,Desserts,2026-05-16 08:48:26,50,Whitefield,Delivered,2,"Not worth the price, portion was very small.",170,DP_139
OD14663,CUST2849,Royal Biryani House,Chicken Tikka Biryani,Biryani & Mughlai,2026-05-09 17:13:58,27,Indiranagar,Delivered,4,Satisfied with the delivery speed and quality.,1120,DP_189
OD14664,CUST3136,Royal Biryani House,Chicken Dum Biryani,Biryani & Mughlai,2026-05-22 06:51:03,46,BTM Layout,Delivered,3,"Food was okay, but delivery took some time.",360,DP_195
OD14665,CUST3092,Sweet Retreat,Red Velvet Pastry,Desserts,2026-05-03 20:23:32,38,Malleshwaram,Delivered,4,"Tasty food, standard delivery. Satisfactory.",200,DP_125
OD14666,CUST3254,Royal Biryani House,Veg Hyderabadi Biryani,Biryani & Mughlai,2026-05-10 20:58:18,43,Jayanagar,Delivered,4,"Tasty food, standard delivery. Satisfactory.",330,DP_129
OD14667,CUST2766,The Salad Bowl,Caesar Salad,Healthy & Salads,2026-05-04 22:46:09,37,Indiranagar,Delivered,4,Overall great experience. Prompt service.,270,DP_191
OD14668,CUST2791,Sweet Retreat,Gulab Jamun (4 pcs),Desserts,2026-05-21 18:55:52,26,Indiranagar,Delivered,4,Decent portion size and good taste. Recommended.,130,DP_198
OD14669,CUST3239,Sweet Retreat,Chocolate Lava Cake,Desserts,2026-05-26 06:51:16,50,Koramangala,Delivered,3,The food was decent but arrived a bit cold.,190,DP_141
OD14670,CUST2218,The Golden Dosa,Rava Kesari & Dosa Combo,South Indian,2026-05-19 05:40:46,29,Whitefield,Delivered,2,"Too spicy, couldn't eat it. Disappointed.",180,DP_197
OD14671,CUST2384,Spice Symphony,Dal Makhani with Jeera Rice,North Indian,2026-05-21 12:10:12,39,BTM Layout,Delivered,4,Decent portion size and good taste. Recommended.,330,DP_123
OD14672,CUST2935,Tandoori Nights,Butter Chicken Combo Meal,North Indian,2026-05-22 09:01:30,42,Whitefield,Delivered,2,The item delivered was incorrect and lukewarm.,740,DP_154
OD14673,CUST2830,Sweet Retreat,Chocolate Lava Cake,Desserts,2026-05-16 17:04:24,32,HSR Layout,Delivered,5,Best meal ever. Highly recommended!,190,DP_152
OD14674,CUST3118,Royal Biryani House,Egg Biryani,Biryani & Mughlai,2026-04-28 07:13:59,28,HSR Layout,Delivered,5,"Perfect taste, clean packaging, and polite delivery partner.",300,DP_115
OD14675,CUST2288,The Golden Dosa,Rava Kesari & Dosa Combo,South Indian,2026-04-27 19:25:48,37,HSR Layout,Delivered,4,Overall great experience. Prompt service.,200,DP_159
OD14676,CUST3163,Tandoori Nights,Paneer Tikka,North Indian,2026-05-12 18:47:05,28,Malleshwaram,Delivered,5,"Delivered way before time, packaging was excellent!",320,DP_165
OD14677,CUST2714,The Golden Dosa,Idli Vada Combo,South Indian,2026-05-09 18:30:56,26,Whitefield,Delivered,4,Decent portion size and good taste. Recommended.,120,DP_161
OD14678,CUST2935,Sweet Retreat,Chocolate Lava Cake,Desserts,2026-05-24 22:47:53,69,HSR Layout,Delivered,2,Delivery took almost an hour. Unhappy.,320,DP_198
OD14679,CUST3221,Cafe Daybreak,Iced Latte,Continental & Beverages,2026-05-25 20:37:13,42,BTM Layout,Delivered,3,Average food. Nothing special.,180,DP_165
OD14680,CUST3493,Royal Biryani House,Egg Biryani,Biryani & Mughlai,2026-04-29 20:33:45,40,HSR Layout,Delivered,3,"Food was okay, but delivery took some time.",280,DP_162
OD14681,CUST3243,Tandoori Nights,Butter Chicken Combo Meal,North Indian,2026-05-17 19:14:51,50,HSR Layout,Delivered,3,Packaging could have been better. Average taste.,410,DP_154
OD14682,CUST2907,Wok & Roll,Veg Hakka Noodles,Chinese & Asian,2026-05-07 20:31:43,48,Jayanagar,Delivered,3,The food was decent but arrived a bit cold.,250,DP_131
OD14683,CUST2832,Royal Biryani House,Egg Biryani,Biryani & Mughlai,2026-05-19 21:19:33,48,BTM Layout,Delivered,1,Worst service! Delivered extremely late and completely cold.,300,DP_104
OD14684,CUST2470,The Golden Dosa,Masala Dosa with Sambar,South Indian,2026-04-28 20:39:44,40,Malleshwaram,Delivered,5,"Perfect taste, clean packaging, and polite delivery partner.",170,DP_119
OD14685,CUST2727,The Salad Bowl,Caesar Salad,Healthy & Salads,2026-05-05 20:00:25,47,Koramangala,Delivered,2,The item delivered was incorrect and lukewarm.,260,DP_108
OD14686,CUST2747,Spice Symphony,Paneer Butter Masala Meal,North Indian,2026-05-01 16:14:30,35,Marathahalli,Delivered,2,The item delivered was incorrect and lukewarm.,350,DP_103
OD14687,CUST2859,Spice Symphony,Paneer Butter Masala Meal,North Indian,2026-05-19 21:18:54,46,Indiranagar,Delivered,3,Portion size was small for the price.,360,DP_149
OD14688,CUST3219,Bella Italia,Veg Arrabiata Penne Pasta,Italian,2026-05-03 20:30:40,57,Koramangala,Delivered,1,Missing items in my order and food was cold. Avoid this place!,330,DP_106
OD14689,CUST2922,Bella Italia,Margherita Pizza 10-inch,Italian,2026-05-07 20:18:46,47,Indiranagar,Delivered,2,Delivery took almost an hour. Unhappy.,430,DP_182
OD14690,CUST3344,Burger Bistro,Classic Cheese Burger & Fries,Fast Food,2026-05-05 13:24:40,,Whitefield,Cancelled,,Item out of stock at restaurant,290,DP_200
OD14691,CUST2375,The Golden Dosa,Rava Kesari & Dosa Combo,South Indian,2026-05-06 12:17:45,38,Indiranagar,Delivered,5,"Extremely satisfied, delivered hot and fresh!",170,DP_137
OD14692,CUST2163,Tandoori Nights,Chicken Seekh Kebab,North Indian,2026-05-17 12:08:09,56,BTM Layout,Delivered,1,Missing items in my order and food was cold. Avoid this place!,360,DP_188
OD14693,CUST2769,Royal Biryani House,Veg Hyderabadi Biryani,Biryani & Mughlai,2026-05-20 20:56:29,55,Koramangala,Delivered,2,The item delivered was incorrect and lukewarm.,320,DP_139
OD14694,CUST2798,Burger Bistro,Loaded Nachos,Fast Food,2026-05-01 20:52:58,52,Koramangala,Delivered,3,Packaging could have been better. Average taste.,260,DP_189
OD14695,CUST2743,Sweet Retreat,Gulab Jamun (4 pcs),Desserts,2026-05-19 18:27:31,19,Indiranagar,Delivered,4,Good taste and neat packaging.,330,DP_187
OD14696,CUST3104,The Salad Bowl,Fresh Fruit Bowl,Healthy & Salads,2026-05-16 07:02:34,31,Indiranagar,Delivered,4,"Tasty food, standard delivery. Satisfactory.",200,DP_165
OD14697,CUST2475,Burger Bistro,Spicy Paneer Wrap,Fast Food,2026-05-11 06:13:59,23,Koramangala,Delivered,4,Good taste and neat packaging.,200,DP_177
OD14698,CUST2309,Burger Bistro,Loaded Nachos,Fast Food,2026-05-03 19:46:18,60,Koramangala,Delivered,2,The item delivered was incorrect and lukewarm.,470,DP_122
OD14699,CUST2093,The Salad Bowl,Fresh Fruit Bowl,Healthy & Salads,2026-05-21 21:02:53,37,Indiranagar,Delivered,4,Good taste and neat packaging.,410,DP_191
OD14700,CUST2144,The Golden Dosa,Masala Dosa with Sambar,South Indian,2026-04-28 12:24:56,40,Koramangala,Delivered,4,"Tasty food, standard delivery. Satisfactory.",140,DP_143
OD14701,CUST2914,The Golden Dosa,Rava Kesari & Dosa Combo,South Indian,2026-05-08 11:33:34,28,Malleshwaram,Delivered,4,Decent portion size and good taste. Recommended.,170,DP_153
OD14702,CUST2052,Bella Italia,Garlic Bread with Cheese,Italian,2026-05-07 20:06:47,57,Marathahalli,Delivered,2,"Too spicy, couldn't eat it. Disappointed.",180,DP_138
OD14703,CUST2996,Royal Biryani House,Chicken Tikka Biryani,Biryani & Mughlai,2026-04-29 13:35:34,40,BTM Layout,Delivered,5,"Extremely satisfied, delivered hot and fresh!",390,DP_130
OD14704,CUST2753,Bella Italia,Garlic Bread with Cheese,Italian,2026-05-22 22:54:26,48,Marathahalli,Delivered,4,"Tasty food, standard delivery. Satisfactory.",200,DP_198
OD14705,CUST2594,Bella Italia,Chicken Alfredo Pasta,Italian,2026-04-28 20:57:34,37,Koramangala,Delivered,3,Packaging could have been better. Average taste.,750,DP_191
OD14706,CUST2365,Tandoori Nights,Paneer Tikka,North Indian,2026-05-25 20:27:05,53,Whitefield,Delivered,4,Good taste and neat packaging.,320,DP_149
OD14707,CUST2417,Sweet Retreat,Gulab Jamun (4 pcs),Desserts,2026-05-01 23:39:26,28,BTM Layout,Delivered,4,Satisfied with the delivery speed and quality.,130,DP_105
OD14708,CUST2191,Burger Bistro,Spicy Paneer Wrap,Fast Food,2026-05-19 12:43:18,38,Malleshwaram,Delivered,4,Good taste and neat packaging.,220,DP_154
OD14709,CUST2578,Burger Bistro,Chicken Nuggets (9 pcs),Fast Food,2026-05-19 21:42:46,33,Indiranagar,Delivered,4,Good taste and neat packaging.,230,DP_175
OD14710,CUST3202,Burger Bistro,Loaded Nachos,Fast Food,2026-04-27 21:52:08,52,BTM Layout,Delivered,3,Average food. Nothing special.,240,DP_152
OD14711,CUST2113,Wok & Roll,Veg Hakka Noodles,Chinese & Asian,2026-05-11 21:15:14,37,Indiranagar,Delivered,4,"Tasty food, standard delivery. Satisfactory.",250,DP_121
OD14712,CUST3279,The Salad Bowl,Fresh Fruit Bowl,Healthy & Salads,2026-05-10 22:05:03,41,Indiranagar,Delivered,3,Prompt delivery but taste was average.,230,DP_180
OD14713,CUST3258,The Salad Bowl,Greek Salad,Healthy & Salads,2026-05-13 14:07:21,30,Malleshwaram,Delivered,5,"Delivered way before time, packaging was excellent!",270,DP_105
OD14714,CUST2190,Sweet Retreat,Chocolate Lava Cake,Desserts,2026-05-17 22:52:31,64,Indiranagar,Delivered,1,Unprofessional delivery partner. Very bad experience.,160,DP_143
OD14715,CUST3214,Bella Italia,Chicken Alfredo Pasta,Italian,2026-04-28 16:25:57,31,Marathahalli,Delivered,3,"Food was okay, but delivery took some time.",400,DP_127
OD14716,CUST3039,The Salad Bowl,Quinoa Avocado Salad,Healthy & Salads,2026-05-18 08:04:51,26,Marathahalli,Delivered,4,"Tasty food, standard delivery. Satisfactory.",350,DP_118
OD14717,CUST2818,Burger Bistro,Classic Cheese Burger & Fries,Fast Food,2026-05-04 21:01:22,42,Jayanagar,Delivered,3,Portion size was small for the price.,280,DP_108
OD14718,CUST3048,Royal Biryani House,Egg Biryani,Biryani & Mughlai,2026-05-07 15:53:15,21,Whitefield,Delivered,5,"Perfect taste, clean packaging, and polite delivery partner.",550,DP_105
OD14719,CUST2318,Bella Italia,Margherita Pizza 10-inch,Italian,2026-05-08 20:27:31,85,Whitefield,Delivered,1,Worst service! Delivered extremely late and completely cold.,430,DP_115
OD14720,CUST2701,Royal Biryani House,Chicken Dum Biryani,Biryani & Mughlai,2026-05-20 19:15:26,43,Indiranagar,Delivered,3,Prompt delivery but taste was average.,360,DP_174
OD14721,CUST3270,Burger Bistro,Spicy Paneer Wrap,Fast Food,2026-05-04 19:36:34,60,BTM Layout,Delivered,1,Unprofessional delivery partner. Very bad experience.,200,DP_199
OD14722,CUST3219,Bella Italia,Margherita Pizza 10-inch,Italian,2026-05-12 21:24:48,35,Malleshwaram,Delivered,4,Good taste and neat packaging.,400,DP_139
OD14723,CUST3245,The Salad Bowl,High-Protein Chicken Salad,Healthy & Salads,2026-05-03 18:23:04,25,BTM Layout,Delivered,4,Good taste and neat packaging.,900,DP_104
OD14724,CUST2615,Bella Italia,Chicken Alfredo Pasta,Italian,2026-05-23 13:15:08,36,Malleshwaram,Delivered,5,Outstanding quality! Will definitely order again.,380,DP_192
OD14725,CUST2746,Burger Bistro,Loaded Nachos,Fast Food,2026-05-25 19:40:00,32,Malleshwaram,Delivered,5,"Delivered way before time, packaging was excellent!",250,DP_139
OD14726,CUST2789,Royal Biryani House,Chicken Tikka Biryani,Biryani & Mughlai,2026-05-03 23:40:32,25,Jayanagar,Delivered,4,"Tasty food, standard delivery. Satisfactory.",770,DP_142
OD14727,CUST2256,The Salad Bowl,Greek Salad,Healthy & Salads,2026-05-25 20:49:51,44,Indiranagar,Delivered,3,Packaging could have been better. Average taste.,500,DP_195
OD14728,CUST3111,Sweet Retreat,Chocolate Lava Cake,Desserts,2026-05-08 20:34:55,50,Jayanagar,Delivered,4,Good taste and neat packaging.,170,DP_183
OD14729,CUST2651,Bella Italia,Chicken Alfredo Pasta,Italian,2026-05-19 21:19:37,37,HSR Layout,Delivered,4,"Tasty food, standard delivery. Satisfactory.",390,DP_129
OD14730,CUST3297,Burger Bistro,Classic Cheese Burger & Fries,Fast Food,2026-05-25 12:30:27,35,Jayanagar,Delivered,3,"Food was okay, but delivery took some time.",510,DP_180
OD14731,CUST2654,Wok & Roll,Chilli Chicken Gravy,Chinese & Asian,2026-05-02 19:48:28,50,Koramangala,Delivered,3,Portion size was small for the price.,320,DP_149
OD14732,CUST2736,Bella Italia,Farmhouse Veg Pizza,Italian,2026-05-04 18:23:57,29,Marathahalli,Delivered,2,Taste was disappointing. Packaging was leaked.,440,DP_145
OD14733,CUST2202,Cafe Daybreak,Classic Cold Coffee,Continental & Beverages,2026-05-05 18:43:59,24,Jayanagar,Delivered,5,"Delivered way before time, packaging was excellent!",170,DP_136
OD14734,CUST2685,Wok & Roll,Veg Spring Rolls (6 pcs),Chinese & Asian,2026-05-24 20:04:14,53,Indiranagar,Delivered,1,The food tasted stale and horrible! Threw it in the trash.,180,DP_169
OD14735,CUST2215,The Salad Bowl,Caesar Salad,Healthy & Salads,2026-05-08 22:48:50,54,Malleshwaram,Delivered,4,"Tasty food, standard delivery. Satisfactory.",530,DP_127
OD14736,CUST3357,Tandoori Nights,Butter Chicken Combo Meal,North Indian,2026-04-30 11:20:59,24,HSR Layout,Delivered,3,Packaging could have been better. Average taste.,390,DP_184
OD14737,CUST2581,Tandoori Nights,Butter Chicken Combo Meal,North Indian,2026-04-27 14:33:18,43,Indiranagar,Delivered,2,Food was cold when it arrived.,410,DP_136
OD14738,CUST2118,Cafe Daybreak,Paneer Tikka Sandwich,Continental & Beverages,2026-05-17 08:54:13,37,Whitefield,Delivered,5,Outstanding quality! Will definitely order again.,230,DP_149
OD14739,CUST3259,Wok & Roll,Chilli Chicken Gravy,Chinese & Asian,2026-05-05 19:19:27,49,Marathahalli,Delivered,3,Prompt delivery but taste was average.,330,DP_190
OD14740,CUST3074,Burger Bistro,Classic Cheese Burger & Fries,Fast Food,2026-05-11 19:26:11,36,Indiranagar,Delivered,5,Outstanding quality! Will definitely order again.,270,DP_162
OD14741,CUST2431,Royal Biryani House,Chicken Dum Biryani,Biryani & Mughlai,2026-05-11 23:56:08,28,Marathahalli,Delivered,5,"Amazing food, super fast delivery!",380,DP_105
OD14742,CUST2026,Cafe Daybreak,Hot Chocolate,Continental & Beverages,2026-05-13 18:08:09,25,Malleshwaram,Delivered,5,"Delivered way before time, packaging was excellent!",210,DP_117
OD14743,CUST2459,The Golden Dosa,Onion Uttapam,South Indian,2026-05-13 21:59:30,44,Whitefield,Delivered,3,Packaging could have been better. Average taste.,170,DP_135
OD14744,CUST3421,The Salad Bowl,Greek Salad,Healthy & Salads,2026-05-24 18:40:52,60,Whitefield,Delivered,1,"Terrible experience, food was completely spilled inside the bag.",250,DP_157
OD14745,CUST2081,Wok & Roll,Chilli Chicken Gravy,Chinese & Asian,2026-05-15 22:36:16,41,BTM Layout,Delivered,1,Missing items in my order and food was cold. Avoid this place!,300,DP_195
OD14746,CUST3078,Royal Biryani House,Mutton Biryani,Biryani & Mughlai,2026-05-16 20:59:02,,Whitefield,Cancelled,,Restaurant could not prepare food in time,490,DP_140
OD14747,CUST2891,Royal Biryani House,Egg Biryani,Biryani & Mughlai,2026-05-09 13:04:17,42,Malleshwaram,Delivered,2,Food was cold when it arrived.,300,DP_163
OD14748,CUST3027,Cafe Daybreak,Iced Latte,Continental & Beverages,2026-05-23 18:33:58,33,Indiranagar,Delivered,4,Satisfied with the delivery speed and quality.,180,DP_176
OD14749,CUST2584,Bella Italia,Garlic Bread with Cheese,Italian,2026-05-08 22:22:08,55,Marathahalli,Delivered,2,Delivery took almost an hour. Unhappy.,170,DP_191
OD14750,CUST2659,Royal Biryani House,Veg Hyderabadi Biryani,Biryani & Mughlai,2026-05-03 07:36:44,41,Malleshwaram,Delivered,4,"Tasty food, but could be a bit warmer.",300,DP_126
OD14751,CUST2964,Cafe Daybreak,Paneer Tikka Sandwich,Continental & Beverages,2026-05-04 11:50:07,,Marathahalli,Cancelled,,Delivery partner could not be assigned due to heavy rain,220,DP_165
OD14752,CUST3289,The Salad Bowl,Quinoa Avocado Salad,Healthy & Salads,2026-05-08 18:55:27,27,Malleshwaram,Delivered,4,Decent portion size and good taste. Recommended.,350,DP_135
OD14753,CUST3088,Cafe Daybreak,Iced Latte,Continental & Beverages,2026-05-18 19:59:28,42,Marathahalli,Delivered,3,Packaging could have been better. Average taste.,190,DP_101
OD14754,CUST2134,Cafe Daybreak,Classic Cold Coffee,Continental & Beverages,2026-05-17 20:04:54,61,Whitefield,Delivered,1,The food tasted stale and horrible! Threw it in the trash.,200,DP_111
OD14755,CUST2032,Sweet Retreat,Gulab Jamun (4 pcs),Desserts,2026-05-14 22:18:24,49,Koramangala,Delivered,2,"Too spicy, couldn't eat it. Disappointed.",150,DP_108
OD14756,CUST2925,Sweet Retreat,Kulfi Falooda,Desserts,2026-05-07 21:20:32,38,HSR Layout,Delivered,5,"Amazing food, super fast delivery!",150,DP_129
OD14757,CUST2602,Tandoori Nights,Chicken Seekh Kebab,North Indian,2026-05-21 20:26:54,34,HSR Layout,Delivered,3,"Food was okay, but delivery took some time.",330,DP_131
OD14758,CUST2226,The Salad Bowl,Greek Salad,Healthy & Salads,2026-05-11 11:52:43,25,Jayanagar,Delivered,4,Decent portion size and good taste. Recommended.,250,DP_183
OD14759,CUST3358,Bella Italia,Margherita Pizza 10-inch,Italian,2026-05-03 07:19:20,,Marathahalli,Cancelled,,Item out of stock at restaurant,420,DP_119
OD14760,CUST2071,Spice Symphony,Paneer Butter Masala Meal,North Indian,2026-05-08 21:41:55,49,Indiranagar,Delivered,3,"Food was okay, but delivery took some time.",350,DP_171
OD14761,CUST3488,Spice Symphony,Paneer Butter Masala Meal,North Indian,2026-04-29 21:26:50,44,Jayanagar,Delivered,2,Food was cold when it arrived.,350,DP_119
OD14762,CUST2301,Burger Bistro,Chicken Nuggets (9 pcs),Fast Food,2026-05-02 12:50:52,38,Koramangala,Delivered,4,Decent portion size and good taste. Recommended.,210,DP_188
OD14763,CUST2379,Burger Bistro,Chicken Nuggets (9 pcs),Fast Food,2026-05-06 21:54:10,,Koramangala,Cancelled,,Delivery partner could not be assigned due to heavy rain,210,DP_145
OD14764,CUST2103,Cafe Daybreak,Club Sandwich,Continental & Beverages,2026-05-23 15:29:57,26,Malleshwaram,Delivered,3,Prompt delivery but taste was average.,440,DP_170
OD14765,CUST2512,Wok & Roll,Chicken Fried Rice & Manchurian,Chinese & Asian,2026-05-18 11:46:13,24,Koramangala,Delivered,5,Best meal ever. Highly recommended!,330,DP_196
OD14766,CUST2364,The Golden Dosa,Rava Kesari & Dosa Combo,South Indian,2026-05-17 16:28:53,26,Indiranagar,Delivered,5,"Amazing food, super fast delivery!",500,DP_162
OD14767,CUST2837,Wok & Roll,Schezwan Noodles,Chinese & Asian,2026-05-02 09:01:24,44,Koramangala,Delivered,1,Awful experience! Delayed by over an hour and no response.,260,DP_116
OD14768,CUST2799,Bella Italia,Veg Arrabiata Penne Pasta,Italian,2026-05-18 19:48:04,37,HSR Layout,Delivered,5,"Delivered way before time, packaging was excellent!",340,DP_135
OD14769,CUST2630,The Salad Bowl,High-Protein Chicken Salad,Healthy & Salads,2026-05-01 12:32:42,43,Malleshwaram,Delivered,3,The food was decent but arrived a bit cold.,340,DP_178
OD14770,CUST2500,The Salad Bowl,Greek Salad,Healthy & Salads,2026-05-15 21:13:55,40,Jayanagar,Delivered,5,"Perfect taste, clean packaging, and polite delivery partner.",250,DP_119
OD14771,CUST2649,Cafe Daybreak,Classic Cold Coffee,Continental & Beverages,2026-05-08 21:59:22,57,HSR Layout,Delivered,1,"Terrible experience, food was completely spilled inside the bag.",330,DP_134
OD14772,CUST2968,The Golden Dosa,Idli Vada Combo,South Indian,2026-05-24 19:01:19,48,Koramangala,Delivered,3,Average food. Nothing special.,120,DP_114
OD14773,CUST3209,Spice Symphony,Tandoori Chicken Half,North Indian,2026-05-01 20:49:58,54,BTM Layout,Delivered,4,Overall great experience. Prompt service.,400,DP_161
OD14774,CUST3171,Wok & Roll,Veg Hakka Noodles,Chinese & Asian,2026-05-03 20:19:34,64,Whitefield,Delivered,1,Missing items in my order and food was cold. Avoid this place!,250,DP_147
OD14775,CUST2614,Sweet Retreat,Chocolate Lava Cake,Desserts,2026-05-10 13:36:44,43,BTM Layout,Delivered,2,Taste was disappointing. Packaging was leaked.,160,DP_133
OD14776,CUST2792,Wok & Roll,Veg Hakka Noodles,Chinese & Asian,2026-05-14 19:26:00,65,Whitefield,Delivered,1,The food tasted stale and horrible! Threw it in the trash.,460,DP_191
OD14777,CUST2107,Tandoori Nights,Paneer Tikka,North Indian,2026-05-13 11:01:07,20,Marathahalli,Delivered,5,"Amazing food, super fast delivery!",300,DP_119
OD14778,CUST2104,The Golden Dosa,Filter Coffee & Upma,South Indian,2026-05-03 20:11:18,47,Malleshwaram,Delivered,1,"Terrible experience, food was completely spilled inside the bag.",270,DP_113
OD14779,CUST3261,Tandoori Nights,Tandoori Roti Combo,North Indian,2026-05-03 10:24:36,31,Malleshwaram,Delivered,4,Decent portion size and good taste. Recommended.,210,DP_200
OD14780,CUST2758,Cafe Daybreak,Hot Chocolate,Continental & Beverages,2026-05-06 13:36:01,42,Marathahalli,Delivered,2,Taste was disappointing. Packaging was leaked.,200,DP_181
OD14781,CUST3452,The Salad Bowl,Greek Salad,Healthy & Salads,2026-05-07 20:46:18,40,HSR Layout,Delivered,5,"Perfect taste, clean packaging, and polite delivery partner.",280,DP_186
OD14782,CUST2754,Burger Bistro,Chicken Nuggets (9 pcs),Fast Food,2026-05-24 21:46:20,70,Whitefield,Delivered,1,The food tasted stale and horrible! Threw it in the trash.,220,DP_154
OD14783,CUST2642,Wok & Roll,Veg Spring Rolls (6 pcs),Chinese & Asian,2026-05-12 16:44:05,30,HSR Layout,Delivered,2,The item delivered was incorrect and lukewarm.,180,DP_174
OD14784,CUST2158,The Golden Dosa,Rava Kesari & Dosa Combo,South Indian,2026-04-30 12:31:46,,Indiranagar,Cancelled,,Delivery partner could not be assigned due to heavy rain,170,DP_157
OD14785,CUST2790,The Salad Bowl,Quinoa Avocado Salad,Healthy & Salads,2026-05-21 21:31:08,37,Jayanagar,Delivered,4,Satisfied with the delivery speed and quality.,370,DP_136
OD14786,CUST2964,Bella Italia,Veg Arrabiata Penne Pasta,Italian,2026-05-04 19:57:57,55,Marathahalli,Delivered,2,Delivery took almost an hour. Unhappy.,330,DP_118
OD14787,CUST3417,Sweet Retreat,Gulab Jamun (4 pcs),Desserts,2026-05-13 11:10:53,28,Indiranagar,Delivered,3,The food was decent but arrived a bit cold.,250,DP_105
OD14788,CUST2649,Burger Bistro,Crispy Chicken Burger,Fast Food,2026-05-22 20:12:40,71,Whitefield,Delivered,1,Unprofessional delivery partner. Very bad experience.,250,DP_168
OD14789,CUST3242,Wok & Roll,Chicken Fried Rice & Manchurian,Chinese & Asian,2026-05-03 19:16:35,45,HSR Layout,Delivered,3,Average food. Nothing special.,320,DP_132
OD14790,CUST2813,Wok & Roll,Chilli Chicken Gravy,Chinese & Asian,2026-04-30 19:33:51,54,Whitefield,Delivered,2,The item delivered was incorrect and lukewarm.,300,DP_170
OD14791,CUST2704,Bella Italia,Chicken Alfredo Pasta,Italian,2026-05-12 20:04:08,44,Jayanagar,Delivered,3,Average food. Nothing special.,400,DP_108
OD14792,CUST2754,Cafe Daybreak,Classic Cold Coffee,Continental & Beverages,2026-05-16 20:56:05,77,Whitefield,Delivered,1,The food tasted stale and horrible! Threw it in the trash.,170,DP_115
OD14793,CUST2670,The Golden Dosa,Filter Coffee & Upma,South Indian,2026-05-01 12:15:19,51,Jayanagar,Delivered,2,Taste was disappointing. Packaging was leaked.,240,DP_104
OD14794,CUST3115,Wok & Roll,Chicken Fried Rice & Manchurian,Chinese & Asian,2026-05-13 18:42:42,36,Whitefield,Delivered,5,"Delivered way before time, packaging was excellent!",900,DP_142
OD14795,CUST2331,Tandoori Nights,Butter Chicken Combo Meal,North Indian,2026-05-13 08:33:34,24,Indiranagar,Delivered,5,Best meal ever. Highly recommended!,760,DP_142
OD14796,CUST3000,Bella Italia,Farmhouse Veg Pizza,Italian,2026-04-28 07:15:25,15,Jayanagar,Delivered,5,"Amazing food, super fast delivery!",450,DP_160
OD14797,CUST2602,Royal Biryani House,Chicken Tikka Biryani,Biryani & Mughlai,2026-05-26 20:57:39,,Koramangala,Cancelled,,Delivery partner could not be assigned due to heavy rain,740,DP_178
OD14798,CUST3271,Bella Italia,Veg Arrabiata Penne Pasta,Italian,2026-05-18 17:49:38,35,Whitefield,Delivered,4,Good taste and neat packaging.,340,DP_166
OD14799,CUST2233,Wok & Roll,Veg Hakka Noodles,Chinese & Asian,2026-04-27 21:37:06,47,Koramangala,Delivered,4,Overall great experience. Prompt service.,270,DP_195
OD14800,CUST2933,Tandoori Nights,Tandoori Roti Combo,North Indian,2026-05-20 12:47:04,51,Whitefield,Delivered,3,Prompt delivery but taste was average.,200,DP_155
OD14801,CUST2579,The Golden Dosa,Filter Coffee & Upma,South Indian,2026-04-29 11:52:44,40,BTM Layout,Delivered,5,Best meal ever. Highly recommended!,140,DP_179
OD14802,CUST2888,Spice Symphony,Tandoori Chicken Half,North Indian,2026-05-21 19:31:10,38,Jayanagar,Delivered,4,"Tasty food, standard delivery. Satisfactory.",420,DP_112
OD14803,CUST3305,Bella Italia,Veg Arrabiata Penne Pasta,Italian,2026-05-15 22:42:04,37,Indiranagar,Delivered,5,"Extremely satisfied, delivered hot and fresh!",340,DP_145
OD14804,CUST3168,Royal Biryani House,Mutton Biryani,Biryani & Mughlai,2026-05-12 20:37:57,53,Whitefield,Delivered,1,"Terrible experience, food was completely spilled inside the bag.",470,DP_135
OD14805,CUST3365,Spice Symphony,Tandoori Chicken Half,North Indian,2026-05-23 13:42:53,59,Marathahalli,Delivered,1,"Terrible experience, food was completely spilled inside the bag.",1170,DP_132
OD14806,CUST3158,The Golden Dosa,Onion Uttapam,South Indian,2026-05-25 12:06:20,34,HSR Layout,Delivered,3,"Food was okay, but delivery took some time.",280,DP_118
OD14807,CUST3497,Royal Biryani House,Egg Biryani,Biryani & Mughlai,2026-05-11 10:35:04,39,Whitefield,Delivered,5,"Amazing food, super fast delivery!",310,DP_197
OD14808,CUST3009,Cafe Daybreak,Club Sandwich,Continental & Beverages,2026-05-17 23:00:12,40,Marathahalli,Delivered,5,"Amazing food, super fast delivery!",250,DP_159
OD14809,CUST3443,Wok & Roll,Schezwan Noodles,Chinese & Asian,2026-05-05 13:03:21,39,Malleshwaram,Delivered,5,"Amazing food, super fast delivery!",280,DP_175
OD14810,CUST2699,Royal Biryani House,Mutton Biryani,Biryani & Mughlai,2026-05-18 17:27:22,27,Marathahalli,Delivered,3,Average food. Nothing special.,470,DP_106
OD14811,CUST2368,Spice Symphony,Butter Chicken & Naan,North Indian,2026-05-17 12:10:03,40,Jayanagar,Delivered,3,Packaging could have been better. Average taste.,400,DP_118
OD14812,CUST2020,Bella Italia,Chicken Alfredo Pasta,Italian,2026-05-07 07:04:12,19,BTM Layout,Delivered,5,"Delivered way before time, packaging was excellent!",400,DP_162
OD14813,CUST2486,Royal Biryani House,Chicken Dum Biryani,Biryani & Mughlai,2026-05-19 19:52:56,40,Malleshwaram,Delivered,5,Best meal ever. Highly recommended!,700,DP_142
OD14814,CUST3242,Bella Italia,Veg Arrabiata Penne Pasta,Italian,2026-04-27 11:07:47,25,HSR Layout,Delivered,4,Decent portion size and good taste. Recommended.,350,DP_104
OD14815,CUST2439,Burger Bistro,Chicken Nuggets (9 pcs),Fast Food,2026-05-21 16:00:33,25,HSR Layout,Delivered,4,Overall great experience. Prompt service.,240,DP_159
OD14816,CUST3140,Wok & Roll,Chicken Fried Rice & Manchurian,Chinese & Asian,2026-05-01 15:39:00,25,Koramangala,Delivered,4,Overall great experience. Prompt service.,310,DP_158
OD14817,CUST2925,Burger Bistro,Classic Cheese Burger & Fries,Fast Food,2026-05-25 19:44:54,,Koramangala,Cancelled,,Delivery address was outside the delivery radius,260,DP_146
OD14818,CUST2392,The Salad Bowl,Greek Salad,Healthy & Salads,2026-05-16 20:35:00,36,Koramangala,Delivered,2,Taste was disappointing. Packaging was leaked.,250,DP_123
OD14819,CUST3333,The Golden Dosa,Filter Coffee & Upma,South Indian,2026-05-11 15:39:21,15,Jayanagar,Delivered,5,"Extremely satisfied, delivered hot and fresh!",130,DP_137
OD14820,CUST2023,Wok & Roll,Chilli Chicken Gravy,Chinese & Asian,2026-05-24 09:50:01,24,Jayanagar,Delivered,5,Best meal ever. Highly recommended!,310,DP_172
OD14821,CUST2322,Spice Symphony,Kadhai Paneer with Roti,North Indian,2026-05-02 10:48:25,39,Whitefield,Delivered,4,"Tasty food, standard delivery. Satisfactory.",350,DP_138
OD14822,CUST2718,Royal Biryani House,Mutton Biryani,Biryani & Mughlai,2026-05-12 13:13:45,49,HSR Layout,Delivered,2,Delivery took almost an hour. Unhappy.,490,DP_183
OD14823,CUST2641,Wok & Roll,Veg Spring Rolls (6 pcs),Chinese & Asian,2026-05-08 20:16:04,70,Whitefield,Delivered,1,Unprofessional delivery partner. Very bad experience.,180,DP_174
OD14824,CUST2509,Royal Biryani House,Chicken Tikka Biryani,Biryani & Mughlai,2026-04-27 12:48:08,38,HSR Layout,Delivered,4,"Tasty food, standard delivery. Satisfactory.",390,DP_116
OD14825,CUST2017,Wok & Roll,Chicken Fried Rice & Manchurian,Chinese & Asian,2026-05-14 19:30:50,44,Indiranagar,Delivered,4,"Tasty food, standard delivery. Satisfactory.",320,DP_187
OD14826,CUST2722,Royal Biryani House,Chicken Dum Biryani,Biryani & Mughlai,2026-05-23 18:06:56,37,Indiranagar,Delivered,4,Overall great experience. Prompt service.,350,DP_150
OD14827,CUST2386,Royal Biryani House,Mutton Biryani,Biryani & Mughlai,2026-05-12 18:59:25,15,Jayanagar,Delivered,5,"Perfect taste, clean packaging, and polite delivery partner.",480,DP_119
OD14828,CUST2966,Royal Biryani House,Mutton Biryani,Biryani & Mughlai,2026-05-05 20:14:25,57,Koramangala,Delivered,2,"Too spicy, couldn't eat it. Disappointed.",470,DP_157
OD14829,CUST3136,Spice Symphony,Kadhai Paneer with Roti,North Indian,2026-04-29 18:36:56,20,Koramangala,Delivered,5,"Perfect taste, clean packaging, and polite delivery partner.",330,DP_161
OD14830,CUST2921,Burger Bistro,Crispy Chicken Burger,Fast Food,2026-05-05 22:58:02,39,HSR Layout,Delivered,4,Decent portion size and good taste. Recommended.,230,DP_195
OD14831,CUST2775,Bella Italia,Margherita Pizza 10-inch,Italian,2026-05-17 07:35:38,42,Whitefield,Delivered,1,Awful experience! Delayed by over an hour and no response.,410,DP_187
OD14832,CUST2876,Bella Italia,Garlic Bread with Cheese,Italian,2026-05-07 17:27:33,24,Malleshwaram,Delivered,5,"Amazing food, super fast delivery!",180,DP_119
OD14833,CUST2155,Spice Symphony,Butter Chicken & Naan,North Indian,2026-05-08 20:48:16,47,Jayanagar,Delivered,4,Satisfied with the delivery speed and quality.,390,DP_167
OD14834,CUST2200,Sweet Retreat,Gulab Jamun (4 pcs),Desserts,2026-05-21 18:11:15,21,HSR Layout,Delivered,4,"Tasty food, but could be a bit warmer.",120,DP_168
OD14835,CUST2813,Royal Biryani House,Mutton Biryani,Biryani & Mughlai,2026-05-09 12:59:51,48,Indiranagar,Delivered,3,Prompt delivery but taste was average.,490,DP_190
OD14836,CUST2497,The Golden Dosa,Filter Coffee & Upma,South Indian,2026-05-19 19:33:27,40,HSR Layout,Delivered,4,Decent portion size and good taste. Recommended.,150,DP_148
OD14837,CUST2541,Cafe Daybreak,Paneer Tikka Sandwich,Continental & Beverages,2026-05-20 13:03:37,50,Whitefield,Delivered,2,"Too spicy, couldn't eat it. Disappointed.",220,DP_133
OD14838,CUST2839,Wok & Roll,Schezwan Noodles,Chinese & Asian,2026-04-30 21:54:23,42,Jayanagar,Delivered,4,Decent portion size and good taste. Recommended.,260,DP_144
OD14839,CUST2462,Sweet Retreat,Sizzling Brownie,Desserts,2026-05-12 13:48:27,41,BTM Layout,Delivered,3,Portion size was small for the price.,210,DP_195
OD14840,CUST3427,Sweet Retreat,Chocolate Lava Cake,Desserts,2026-04-27 15:22:20,21,Indiranagar,Delivered,5,Outstanding quality! Will definitely order again.,160,DP_123
OD14841,CUST2158,Bella Italia,Farmhouse Veg Pizza,Italian,2026-04-27 21:25:22,44,Malleshwaram,Delivered,3,Average food. Nothing special.,450,DP_174
OD14842,CUST3415,Wok & Roll,Schezwan Noodles,Chinese & Asian,2026-05-11 22:28:53,36,BTM Layout,Delivered,4,Satisfied with the delivery speed and quality.,270,DP_196
OD14843,CUST2836,Wok & Roll,Chilli Chicken Gravy,Chinese & Asian,2026-04-27 21:22:39,45,Malleshwaram,Delivered,2,Delivery took almost an hour. Unhappy.,330,DP_164
OD14844,CUST2117,Bella Italia,Garlic Bread with Cheese,Italian,2026-05-26 19:10:22,61,Koramangala,Delivered,2,The item delivered was incorrect and lukewarm.,170,DP_196
OD14845,CUST2765,The Salad Bowl,High-Protein Chicken Salad,Healthy & Salads,2026-05-01 17:35:07,33,Whitefield,Delivered,5,"Perfect taste, clean packaging, and polite delivery partner.",900,DP_152
OD14846,CUST2546,The Salad Bowl,Greek Salad,Healthy & Salads,2026-05-14 13:21:50,40,Indiranagar,Delivered,2,"Too spicy, couldn't eat it. Disappointed.",260,DP_120
OD14847,CUST3384,The Salad Bowl,Quinoa Avocado Salad,Healthy & Salads,2026-04-29 13:47:02,60,Whitefield,Delivered,1,Worst service! Delivered extremely late and completely cold.,660,DP_189
OD14848,CUST2614,The Golden Dosa,Idli Vada Combo,South Indian,2026-05-15 06:31:31,43,Whitefield,Delivered,3,The food was decent but arrived a bit cold.,120,DP_154
OD14849,CUST2636,Sweet Retreat,Sizzling Brownie,Desserts,2026-05-20 13:42:48,30,Malleshwaram,Delivered,4,Good taste and neat packaging.,220,DP_199
OD14850,CUST2128,Burger Bistro,Crispy Chicken Burger,Fast Food,2026-05-25 18:46:26,26,Malleshwaram,Delivered,5,"Delivered way before time, packaging was excellent!",250,DP_167
OD14851,CUST2797,The Salad Bowl,High-Protein Chicken Salad,Healthy & Salads,2026-05-11 13:07:02,40,Malleshwaram,Delivered,5,Outstanding quality! Will definitely order again.,320,DP_181
OD14852,CUST2177,Spice Symphony,Tandoori Chicken Half,North Indian,2026-05-04 13:26:16,30,Koramangala,Delivered,4,Overall great experience. Prompt service.,410,DP_135
OD14853,CUST2983,Tandoori Nights,Butter Chicken Combo Meal,North Indian,2026-05-01 07:38:54,35,Whitefield,Delivered,5,"Delivered way before time, packaging was excellent!",390,DP_143
OD14854,CUST3087,Sweet Retreat,Gulab Jamun (4 pcs),Desserts,2026-05-19 07:18:30,29,Marathahalli,Delivered,3,Average food. Nothing special.,150,DP_188
OD14855,CUST2272,Cafe Daybreak,Club Sandwich,Continental & Beverages,2026-05-05 10:56:07,26,BTM Layout,Delivered,5,"Amazing food, super fast delivery!",680,DP_126
OD14856,CUST3086,Wok & Roll,Veg Hakka Noodles,Chinese & Asian,2026-05-26 20:08:55,32,Malleshwaram,Delivered,5,"Amazing food, super fast delivery!",250,DP_172
OD14857,CUST3043,Cafe Daybreak,Paneer Tikka Sandwich,Continental & Beverages,2026-05-09 11:34:19,28,Koramangala,Delivered,4,Good taste and neat packaging.,230,DP_177
OD14858,CUST3481,Burger Bistro,Chicken Nuggets (9 pcs),Fast Food,2026-05-20 08:34:12,33,Marathahalli,Delivered,3,Portion size was small for the price.,220,DP_162
OD14859,CUST2403,Cafe Daybreak,Classic Cold Coffee,Continental & Beverages,2026-05-19 13:38:22,45,Koramangala,Delivered,2,Taste was disappointing. Packaging was leaked.,190,DP_160
OD14860,CUST2368,Sweet Retreat,Kulfi Falooda,Desserts,2026-05-12 20:36:24,37,Malleshwaram,Delivered,4,Decent portion size and good taste. Recommended.,170,DP_190
OD14861,CUST2743,The Salad Bowl,Fresh Fruit Bowl,Healthy & Salads,2026-05-13 14:44:38,34,BTM Layout,Delivered,4,"Tasty food, but could be a bit warmer.",200,DP_156
OD14862,CUST3410,Bella Italia,Garlic Bread with Cheese,Italian,2026-05-24 21:33:01,40,Koramangala,Delivered,3,"Food was okay, but delivery took some time.",200,DP_107
OD14863,CUST3355,The Salad Bowl,High-Protein Chicken Salad,Healthy & Salads,2026-05-22 21:23:34,78,Whitefield,Delivered,1,Awful experience! Delayed by over an hour and no response.,310,DP_142
OD14864,CUST3092,Wok & Roll,Schezwan Noodles,Chinese & Asian,2026-05-11 13:58:42,30,HSR Layout,Delivered,4,Good taste and neat packaging.,260,DP_157
OD14865,CUST2815,Royal Biryani House,Veg Hyderabadi Biryani,Biryani & Mughlai,2026-05-12 20:39:10,54,BTM Layout,Delivered,2,Food was cold when it arrived.,860,DP_113
OD14866,CUST3248,Burger Bistro,Chicken Nuggets (9 pcs),Fast Food,2026-05-16 13:11:15,44,HSR Layout,Delivered,3,The food was decent but arrived a bit cold.,240,DP_195
OD14867,CUST2697,Bella Italia,Margherita Pizza 10-inch,Italian,2026-04-29 09:10:01,17,HSR Layout,Delivered,5,"Amazing food, super fast delivery!",430,DP_160
OD14868,CUST3001,Bella Italia,Margherita Pizza 10-inch,Italian,2026-05-15 11:28:15,,Whitefield,Cancelled,,Restaurant could not prepare food in time,410,DP_136
OD14869,CUST3242,Burger Bistro,Loaded Nachos,Fast Food,2026-05-15 12:50:08,52,BTM Layout,Delivered,2,Taste was disappointing. Packaging was leaked.,260,DP_200
OD14870,CUST2870,The Salad Bowl,Quinoa Avocado Salad,Healthy & Salads,2026-05-18 14:13:13,27,Koramangala,Delivered,3,The food was decent but arrived a bit cold.,370,DP_123
OD14871,CUST2968,Spice Symphony,Tandoori Chicken Half,North Indian,2026-04-29 17:15:44,22,Whitefield,Delivered,5,Outstanding quality! Will definitely order again.,410,DP_150
OD14872,CUST3122,The Golden Dosa,Filter Coffee & Upma,South Indian,2026-05-05 20:57:37,,Malleshwaram,Cancelled,,Restaurant could not prepare food in time,150,DP_145
OD14873,CUST3410,Burger Bistro,Crispy Chicken Burger,Fast Food,2026-05-11 12:01:50,40,BTM Layout,Delivered,5,"Perfect taste, clean packaging, and polite delivery partner.",250,DP_159
OD14874,CUST2451,Sweet Retreat,Chocolate Lava Cake,Desserts,2026-05-06 22:19:18,39,Whitefield,Delivered,3,"Food was okay, but delivery took some time.",170,DP_178
OD14875,CUST3184,Burger Bistro,Loaded Nachos,Fast Food,2026-05-23 20:23:02,41,Indiranagar,Delivered,2,Taste was disappointing. Packaging was leaked.,250,DP_116
OD14876,CUST3255,Wok & Roll,Chilli Chicken Gravy,Chinese & Asian,2026-05-24 20:48:03,59,BTM Layout,Delivered,1,Unprofessional delivery partner. Very bad experience.,300,DP_160
OD14877,CUST2837,Cafe Daybreak,Club Sandwich,Continental & Beverages,2026-05-09 08:07:43,47,Malleshwaram,Delivered,3,"Food was okay, but delivery took some time.",230,DP_140
OD14878,CUST2623,Spice Symphony,Tandoori Chicken Half,North Indian,2026-05-12 20:21:58,54,Whitefield,Delivered,2,The item delivered was incorrect and lukewarm.,430,DP_171
OD14879,CUST2114,Sweet Retreat,Red Velvet Pastry,Desserts,2026-05-01 10:57:01,50,Whitefield,Delivered,1,The food tasted stale and horrible! Threw it in the trash.,340,DP_114
OD14880,CUST3476,Sweet Retreat,Kulfi Falooda,Desserts,2026-05-19 13:43:40,35,Indiranagar,Delivered,2,"Too spicy, couldn't eat it. Disappointed.",300,DP_143
OD14881,CUST2735,Royal Biryani House,Egg Biryani,Biryani & Mughlai,2026-05-02 19:54:48,48,Indiranagar,Delivered,3,Average food. Nothing special.,310,DP_148
OD14882,CUST2034,Bella Italia,Farmhouse Veg Pizza,Italian,2026-05-07 10:01:06,19,Marathahalli,Delivered,4,"Tasty food, standard delivery. Satisfactory.",860,DP_101
OD14883,CUST2962,Royal Biryani House,Egg Biryani,Biryani & Mughlai,2026-04-30 16:29:22,21,HSR Layout,Delivered,4,"Tasty food, standard delivery. Satisfactory.",310,DP_102
OD14884,CUST2683,Bella Italia,Margherita Pizza 10-inch,Italian,2026-05-04 19:16:11,31,Jayanagar,Delivered,4,Good taste and neat packaging.,430,DP_160
OD14885,CUST3279,Tandoori Nights,Malai Kofta & Lachha Paratha,North Indian,2026-05-10 23:05:36,31,Jayanagar,Delivered,3,Average food. Nothing special.,380,DP_155
OD14886,CUST2811,Spice Symphony,Paneer Butter Masala Meal,North Indian,2026-05-15 18:53:39,34,Jayanagar,Delivered,4,"Tasty food, standard delivery. Satisfactory.",360,DP_114
OD14887,CUST3445,Burger Bistro,Crispy Chicken Burger,Fast Food,2026-05-13 01:43:33,16,HSR Layout,Delivered,3,The food was decent but arrived a bit cold.,240,DP_128
OD14888,CUST2079,Royal Biryani House,Veg Hyderabadi Biryani,Biryani & Mughlai,2026-05-21 22:48:44,39,Indiranagar,Delivered,4,Good taste and neat packaging.,300,DP_138
OD14889,CUST3111,Sweet Retreat,Kulfi Falooda,Desserts,2026-05-09 18:00:37,31,Malleshwaram,Delivered,4,Good taste and neat packaging.,170,DP_185
OD14890,CUST2785,The Golden Dosa,Idli Vada Combo,South Indian,2026-05-11 22:34:42,42,Koramangala,Delivered,1,"Terrible experience, food was completely spilled inside the bag.",130,DP_156
OD14891,CUST3041,Sweet Retreat,Gulab Jamun (4 pcs),Desserts,2026-05-04 21:54:14,35,Jayanagar,Delivered,4,"Tasty food, standard delivery. Satisfactory.",130,DP_139
OD14892,CUST2650,Bella Italia,Garlic Bread with Cheese,Italian,2026-05-18 22:05:28,40,Indiranagar,Delivered,5,"Perfect taste, clean packaging, and polite delivery partner.",200,DP_138
OD14893,CUST2146,Burger Bistro,Crispy Chicken Burger,Fast Food,2026-05-24 08:42:41,47,Whitefield,Delivered,2,Taste was disappointing. Packaging was leaked.,230,DP_110
OD14894,CUST2225,The Salad Bowl,Greek Salad,Healthy & Salads,2026-04-30 21:25:53,37,Koramangala,Delivered,5,Best meal ever. Highly recommended!,500,DP_102
OD14895,CUST3050,Burger Bistro,Classic Cheese Burger & Fries,Fast Food,2026-05-25 21:41:53,,BTM Layout,Cancelled,,Restaurant could not prepare food in time,280,DP_137
OD14896,CUST2106,Burger Bistro,Loaded Nachos,Fast Food,2026-05-08 10:51:08,,HSR Layout,Cancelled,,Delivery partner could not be assigned due to heavy rain,260,DP_162
OD14897,CUST3274,Bella Italia,Chicken Alfredo Pasta,Italian,2026-05-10 22:27:51,40,Jayanagar,Delivered,5,Outstanding quality! Will definitely order again.,740,DP_177
OD14898,CUST2647,Tandoori Nights,Malai Kofta & Lachha Paratha,North Indian,2026-05-21 22:14:13,50,Malleshwaram,Delivered,3,Portion size was small for the price.,370,DP_146
OD14899,CUST3131,Royal Biryani House,Mutton Biryani,Biryani & Mughlai,2026-04-30 15:16:24,20,Malleshwaram,Delivered,4,Decent portion size and good taste. Recommended.,470,DP_199
OD14900,CUST3368,Royal Biryani House,Chicken Tikka Biryani,Biryani & Mughlai,2026-05-22 17:33:02,30,Malleshwaram,Delivered,4,"Tasty food, standard delivery. Satisfactory.",390,DP_118
OD14901,CUST2150,Wok & Roll,Veg Hakka Noodles,Chinese & Asian,2026-05-10 18:27:09,42,Koramangala,Delivered,3,Prompt delivery but taste was average.,260,DP_128
OD14902,CUST2584,Tandoori Nights,Malai Kofta & Lachha Paratha,North Indian,2026-05-02 20:08:19,68,Marathahalli,Delivered,1,Missing items in my order and food was cold. Avoid this place!,710,DP_142
OD14903,CUST2641,The Golden Dosa,Masala Dosa with Sambar,South Indian,2026-05-19 12:48:56,81,Whitefield,Delivered,1,Unprofessional delivery partner. Very bad experience.,150,DP_179
OD14904,CUST2557,Sweet Retreat,Chocolate Lava Cake,Desserts,2026-05-23 08:16:59,49,Jayanagar,Delivered,2,Food was cold when it arrived.,190,DP_143
OD14905,CUST2540,Spice Symphony,Kadhai Paneer with Roti,North Indian,2026-05-06 09:32:18,23,Koramangala,Delivered,5,Outstanding quality! Will definitely order again.,670,DP_119
OD14906,CUST2742,Royal Biryani House,Chicken Tikka Biryani,Biryani & Mughlai,2026-05-11 15:44:31,35,Whitefield,Delivered,4,"Tasty food, but could be a bit warmer.",390,DP_190
OD14907,CUST2245,Cafe Daybreak,Paneer Tikka Sandwich,Continental & Beverages,2026-05-10 09:25:39,37,Koramangala,Delivered,5,"Perfect taste, clean packaging, and polite delivery partner.",220,DP_160
OD14908,CUST3250,Bella Italia,Veg Arrabiata Penne Pasta,Italian,2026-05-15 20:33:51,46,Indiranagar,Delivered,2,"Not worth the price, portion was very small.",340,DP_146
OD14909,CUST3145,Cafe Daybreak,Paneer Tikka Sandwich,Continental & Beverages,2026-05-22 19:41:08,50,Indiranagar,Delivered,3,Portion size was small for the price.,590,DP_145
OD14910,CUST2099,Tandoori Nights,Tandoori Roti Combo,North Indian,2026-05-26 20:47:50,48,HSR Layout,Delivered,4,Decent portion size and good taste. Recommended.,210,DP_197
OD14911,CUST2832,Cafe Daybreak,Paneer Tikka Sandwich,Continental & Beverages,2026-05-06 07:31:49,,Jayanagar,Cancelled,,Item out of stock at restaurant,420,DP_169
OD14912,CUST3480,The Golden Dosa,Onion Uttapam,South Indian,2026-05-05 12:53:33,40,Koramangala,Delivered,4,Satisfied with the delivery speed and quality.,290,DP_118
OD14913,CUST2607,Royal Biryani House,Egg Biryani,Biryani & Mughlai,2026-05-14 20:30:10,37,Jayanagar,Delivered,5,"Amazing food, super fast delivery!",300,DP_118
OD14914,CUST3421,The Salad Bowl,High-Protein Chicken Salad,Healthy & Salads,2026-05-23 20:36:40,53,Marathahalli,Delivered,3,The food was decent but arrived a bit cold.,620,DP_128
OD14915,CUST2540,Cafe Daybreak,Classic Cold Coffee,Continental & Beverages,2026-05-19 13:30:41,49,Whitefield,Delivered,2,Taste was disappointing. Packaging was leaked.,350,DP_124
OD14916,CUST3381,Tandoori Nights,Paneer Tikka,North Indian,2026-05-12 09:02:35,34,HSR Layout,Delivered,5,"Extremely satisfied, delivered hot and fresh!",300,DP_119
OD14917,CUST2115,Wok & Roll,Chicken Fried Rice & Manchurian,Chinese & Asian,2026-05-17 19:50:56,64,Whitefield,Delivered,1,Unprofessional delivery partner. Very bad experience.,340,DP_128
OD14918,CUST2699,Bella Italia,Garlic Bread with Cheese,Italian,2026-05-24 18:13:32,28,HSR Layout,Delivered,4,Decent portion size and good taste. Recommended.,200,DP_197
OD14919,CUST2835,Sweet Retreat,Sizzling Brownie,Desserts,2026-05-13 20:15:56,54,Whitefield,Delivered,2,"Too spicy, couldn't eat it. Disappointed.",230,DP_146
OD14920,CUST3045,Royal Biryani House,Mutton Biryani,Biryani & Mughlai,2026-05-25 19:57:30,37,Malleshwaram,Delivered,3,"Food was okay, but delivery took some time.",500,DP_159
OD14921,CUST3186,Cafe Daybreak,Hot Chocolate,Continental & Beverages,2026-04-28 19:13:27,40,Koramangala,Delivered,4,"Tasty food, but could be a bit warmer.",390,DP_187
OD14922,CUST2793,Wok & Roll,Chicken Fried Rice & Manchurian,Chinese & Asian,2026-05-08 21:24:04,51,HSR Layout,Delivered,2,Taste was disappointing. Packaging was leaked.,310,DP_110
OD14923,CUST3338,The Salad Bowl,Greek Salad,Healthy & Salads,2026-05-23 19:36:55,55,Jayanagar,Delivered,2,The item delivered was incorrect and lukewarm.,270,DP_174
OD14924,CUST2213,The Golden Dosa,Filter Coffee & Upma,South Indian,2026-04-27 12:13:05,48,Marathahalli,Delivered,2,The item delivered was incorrect and lukewarm.,130,DP_181
OD14925,CUST3119,Spice Symphony,Kadhai Paneer with Roti,North Indian,2026-05-26 19:03:07,38,Jayanagar,Delivered,4,"Tasty food, but could be a bit warmer.",640,DP_196
OD14926,CUST2025,Tandoori Nights,Butter Chicken Combo Meal,North Indian,2026-05-12 21:33:03,47,Koramangala,Delivered,1,Missing items in my order and food was cold. Avoid this place!,400,DP_154
OD14927,CUST2398,Royal Biryani House,Veg Hyderabadi Biryani,Biryani & Mughlai,2026-05-20 14:27:00,40,BTM Layout,Delivered,5,"Amazing food, super fast delivery!",600,DP_142
OD14928,CUST3232,Cafe Daybreak,Hot Chocolate,Continental & Beverages,2026-05-12 12:54:36,31,BTM Layout,Delivered,4,"Tasty food, standard delivery. Satisfactory.",190,DP_117
OD14929,CUST2845,Sweet Retreat,Chocolate Lava Cake,Desserts,2026-05-18 17:08:28,15,Jayanagar,Delivered,5,"Perfect taste, clean packaging, and polite delivery partner.",180,DP_132
OD14930,CUST3291,The Salad Bowl,Greek Salad,Healthy & Salads,2026-04-27 10:33:46,25,Jayanagar,Delivered,4,Satisfied with the delivery speed and quality.,500,DP_160
OD14931,CUST3200,Tandoori Nights,Malai Kofta & Lachha Paratha,North Indian,2026-04-29 11:57:59,19,Indiranagar,Delivered,5,"Perfect taste, clean packaging, and polite delivery partner.",380,DP_171
OD14932,CUST2317,Spice Symphony,Dal Makhani with Jeera Rice,North Indian,2026-05-21 17:34:03,37,Whitefield,Delivered,3,The food was decent but arrived a bit cold.,310,DP_182
OD14933,CUST2596,Wok & Roll,Chilli Chicken Gravy,Chinese & Asian,2026-05-07 19:11:24,38,Indiranagar,Delivered,5,Best meal ever. Highly recommended!,320,DP_176
OD14934,CUST2646,Spice Symphony,Tandoori Chicken Half,North Indian,2026-05-24 22:10:52,48,Koramangala,Delivered,3,Portion size was small for the price.,430,DP_159
OD14935,CUST3026,The Golden Dosa,Filter Coffee & Upma,South Indian,2026-05-17 08:12:44,33,BTM Layout,Delivered,3,"Food was okay, but delivery took some time.",140,DP_165
OD14936,CUST2434,The Salad Bowl,Caesar Salad,Healthy & Salads,2026-05-07 14:38:57,,BTM Layout,Cancelled,,Delivery address was outside the delivery radius,260,DP_147
OD14937,CUST2333,Sweet Retreat,Red Velvet Pastry,Desserts,2026-05-13 20:16:43,41,Koramangala,Delivered,2,The item delivered was incorrect and lukewarm.,170,DP_193
OD14938,CUST2486,Cafe Daybreak,Club Sandwich,Continental & Beverages,2026-05-24 19:26:04,60,BTM Layout,Delivered,1,Unprofessional delivery partner. Very bad experience.,260,DP_160
OD14939,CUST2149,Cafe Daybreak,Club Sandwich,Continental & Beverages,2026-05-25 20:36:37,61,Koramangala,Delivered,1,The food tasted stale and horrible! Threw it in the trash.,260,DP_120
OD14940,CUST2298,Royal Biryani House,Chicken Tikka Biryani,Biryani & Mughlai,2026-05-16 21:00:50,58,Koramangala,Delivered,1,"Terrible experience, food was completely spilled inside the bag.",390,DP_128
OD14941,CUST2889,Sweet Retreat,Red Velvet Pastry,Desserts,2026-05-08 08:27:23,79,Whitefield,Delivered,1,The food tasted stale and horrible! Threw it in the trash.,200,DP_157
OD14942,CUST3279,Royal Biryani House,Egg Biryani,Biryani & Mughlai,2026-05-14 13:28:43,40,Marathahalli,Delivered,3,"Food was okay, but delivery took some time.",280,DP_101
OD14943,CUST2436,The Salad Bowl,Caesar Salad,Healthy & Salads,2026-05-23 21:58:07,62,Marathahalli,Delivered,2,"Too spicy, couldn't eat it. Disappointed.",520,DP_110
OD14944,CUST2348,Bella Italia,Garlic Bread with Cheese,Italian,2026-05-06 21:28:17,57,Marathahalli,Delivered,1,Awful experience! Delayed by over an hour and no response.,180,DP_148
OD14945,CUST2507,Tandoori Nights,Malai Kofta & Lachha Paratha,North Indian,2026-05-01 18:32:50,26,Jayanagar,Delivered,4,Overall great experience. Prompt service.,350,DP_191
OD14946,CUST2926,Tandoori Nights,Paneer Tikka,North Indian,2026-05-22 07:37:09,29,Jayanagar,Delivered,5,"Delivered way before time, packaging was excellent!",610,DP_184
OD14947,CUST3292,The Salad Bowl,Quinoa Avocado Salad,Healthy & Salads,2026-05-19 08:12:20,,Koramangala,Cancelled,,Restaurant could not prepare food in time,340,DP_160
OD14948,CUST3132,Sweet Retreat,Chocolate Lava Cake,Desserts,2026-04-30 18:13:51,16,Malleshwaram,Delivered,5,Outstanding quality! Will definitely order again.,160,DP_151
OD14949,CUST3129,The Golden Dosa,Onion Uttapam,South Indian,2026-05-22 20:34:16,55,Marathahalli,Delivered,3,Packaging could have been better. Average taste.,170,DP_144
OD14950,CUST2709,Wok & Roll,Veg Spring Rolls (6 pcs),Chinese & Asian,2026-05-15 20:08:42,64,Indiranagar,Delivered,1,The food tasted stale and horrible! Threw it in the trash.,370,DP_112
OD14951,CUST2990,Tandoori Nights,Paneer Tikka,North Indian,2026-05-18 14:24:26,37,Indiranagar,Delivered,5,Best meal ever. Highly recommended!,330,DP_116
OD14952,CUST2725,The Golden Dosa,Masala Dosa with Sambar,South Indian,2026-05-08 14:06:51,42,Indiranagar,Delivered,4,Satisfied with the delivery speed and quality.,140,DP_187
OD14953,CUST3401,Sweet Retreat,Sizzling Brownie,Desserts,2026-05-03 22:01:02,51,Jayanagar,Delivered,1,Missing items in my order and food was cold. Avoid this place!,210,DP_194
OD14954,CUST2504,Tandoori Nights,Butter Chicken Combo Meal,North Indian,2026-05-21 22:15:27,50,Koramangala,Delivered,1,Awful experience! Delayed by over an hour and no response.,770,DP_102
OD14955,CUST3080,Sweet Retreat,Red Velvet Pastry,Desserts,2026-05-22 14:42:00,41,Koramangala,Delivered,4,Satisfied with the delivery speed and quality.,320,DP_156
OD14956,CUST2378,The Golden Dosa,Rava Kesari & Dosa Combo,South Indian,2026-04-28 06:13:21,32,Malleshwaram,Delivered,3,Average food. Nothing special.,200,DP_111
OD14957,CUST2108,Burger Bistro,Spicy Paneer Wrap,Fast Food,2026-05-25 10:34:28,25,Indiranagar,Delivered,5,"Delivered way before time, packaging was excellent!",400,DP_108
OD14958,CUST2540,Royal Biryani House,Mutton Biryani,Biryani & Mughlai,2026-05-25 20:41:12,41,Jayanagar,Delivered,3,Average food. Nothing special.,490,DP_178
OD14959,CUST2355,Bella Italia,Chicken Alfredo Pasta,Italian,2026-05-18 19:12:15,43,Indiranagar,Delivered,4,Satisfied with the delivery speed and quality.,390,DP_128
OD14960,CUST2866,Tandoori Nights,Chicken Seekh Kebab,North Indian,2026-05-05 13:57:41,46,Whitefield,Delivered,4,"Tasty food, standard delivery. Satisfactory.",670,DP_102
OD14961,CUST2912,Cafe Daybreak,Club Sandwich,Continental & Beverages,2026-05-09 18:19:21,42,Whitefield,Delivered,3,Packaging could have been better. Average taste.,470,DP_126
OD14962,CUST3050,Bella Italia,Chicken Alfredo Pasta,Italian,2026-05-13 20:43:02,68,Whitefield,Delivered,1,The food tasted stale and horrible! Threw it in the trash.,380,DP_126
OD14963,CUST2985,Burger Bistro,Classic Cheese Burger & Fries,Fast Food,2026-05-04 22:59:23,45,Koramangala,Delivered,2,"Not worth the price, portion was very small.",280,DP_115
OD14964,CUST3140,Bella Italia,Veg Arrabiata Penne Pasta,Italian,2026-05-04 15:55:10,19,Marathahalli,Delivered,5,Outstanding quality! Will definitely order again.,360,DP_131
OD14965,CUST2887,Spice Symphony,Paneer Butter Masala Meal,North Indian,2026-05-01 15:39:38,28,HSR Layout,Delivered,5,"Extremely satisfied, delivered hot and fresh!",350,DP_158
OD14966,CUST2029,Spice Symphony,Kadhai Paneer with Roti,North Indian,2026-05-25 08:49:11,42,Whitefield,Delivered,3,Average food. Nothing special.,350,DP_178
OD14967,CUST3178,Tandoori Nights,Tandoori Roti Combo,North Indian,2026-05-14 19:22:40,49,BTM Layout,Delivered,2,Taste was disappointing. Packaging was leaked.,230,DP_136
OD14968,CUST3351,The Golden Dosa,Onion Uttapam,South Indian,2026-05-25 19:50:35,29,Jayanagar,Delivered,4,"Tasty food, standard delivery. Satisfactory.",150,DP_139
OD14969,CUST2418,Wok & Roll,Chicken Fried Rice & Manchurian,Chinese & Asian,2026-05-04 20:56:03,40,Indiranagar,Delivered,4,"Tasty food, but could be a bit warmer.",320,DP_138
OD14970,CUST2060,Royal Biryani House,Chicken Tikka Biryani,Biryani & Mughlai,2026-05-24 18:41:11,25,Indiranagar,Delivered,5,"Perfect taste, clean packaging, and polite delivery partner.",380,DP_122
OD14971,CUST2353,Burger Bistro,Spicy Paneer Wrap,Fast Food,2026-05-10 01:45:10,43,Whitefield,Delivered,2,Delivery took almost an hour. Unhappy.,210,DP_182
OD14972,CUST2618,Wok & Roll,Chilli Chicken Gravy,Chinese & Asian,2026-05-08 19:08:31,42,BTM Layout,Delivered,3,The food was decent but arrived a bit cold.,580,DP_131
OD14973,CUST2382,Burger Bistro,Crispy Chicken Burger,Fast Food,2026-05-25 14:49:16,36,Koramangala,Delivered,3,"Food was okay, but delivery took some time.",240,DP_130
OD14974,CUST3022,Burger Bistro,Chicken Nuggets (9 pcs),Fast Food,2026-05-06 13:53:19,33,Indiranagar,Delivered,5,"Delivered way before time, packaging was excellent!",230,DP_114
OD14975,CUST2754,Wok & Roll,Chicken Fried Rice & Manchurian,Chinese & Asian,2026-05-26 19:56:48,37,HSR Layout,Delivered,4,Decent portion size and good taste. Recommended.,340,DP_169
OD14976,CUST3038,Burger Bistro,Chicken Nuggets (9 pcs),Fast Food,2026-05-14 20:09:04,33,HSR Layout,Delivered,4,Satisfied with the delivery speed and quality.,210,DP_198
OD14977,CUST2547,Cafe Daybreak,Hot Chocolate,Continental & Beverages,2026-05-24 15:34:58,33,Malleshwaram,Delivered,4,Good taste and neat packaging.,210,DP_105
OD14978,CUST2490,Tandoori Nights,Malai Kofta & Lachha Paratha,North Indian,2026-05-04 20:23:39,28,Jayanagar,Delivered,4,Good taste and neat packaging.,370,DP_102
OD14979,CUST2872,Cafe Daybreak,Club Sandwich,Continental & Beverages,2026-05-19 22:55:09,43,HSR Layout,Delivered,3,Packaging could have been better. Average taste.,260,DP_135
OD14980,CUST2684,Burger Bistro,Chicken Nuggets (9 pcs),Fast Food,2026-05-01 21:57:14,55,Marathahalli,Delivered,3,The food was decent but arrived a bit cold.,240,DP_185
OD14981,CUST3126,Bella Italia,Farmhouse Veg Pizza,Italian,2026-05-25 14:38:16,29,Jayanagar,Delivered,5,"Amazing food, super fast delivery!",870,DP_149
OD14982,CUST2859,Cafe Daybreak,Hot Chocolate,Continental & Beverages,2026-04-27 16:44:31,27,Jayanagar,Delivered,4,Satisfied with the delivery speed and quality.,390,DP_101
OD14983,CUST2062,Royal Biryani House,Chicken Tikka Biryani,Biryani & Mughlai,2026-05-26 17:04:06,19,Indiranagar,Delivered,4,"Tasty food, but could be a bit warmer.",380,DP_155
OD14984,CUST2399,Royal Biryani House,Veg Hyderabadi Biryani,Biryani & Mughlai,2026-05-22 19:32:59,51,Indiranagar,Delivered,3,The food was decent but arrived a bit cold.,330,DP_108
OD14985,CUST3238,Bella Italia,Farmhouse Veg Pizza,Italian,2026-05-19 08:17:45,25,HSR Layout,Delivered,2,"Not worth the price, portion was very small.",460,DP_119
OD14986,CUST3271,The Golden Dosa,Idli Vada Combo,South Indian,2026-04-30 18:10:47,33,Marathahalli,Delivered,4,Satisfied with the delivery speed and quality.,130,DP_119
OD14987,CUST3060,Royal Biryani House,Mutton Biryani,Biryani & Mughlai,2026-05-10 20:26:45,65,Marathahalli,Delivered,1,Awful experience! Delayed by over an hour and no response.,500,DP_175
OD14988,CUST3353,Cafe Daybreak,Hot Chocolate,Continental & Beverages,2026-05-25 21:05:49,38,Malleshwaram,Delivered,3,Prompt delivery but taste was average.,220,DP_189
OD14989,CUST3499,Sweet Retreat,Chocolate Lava Cake,Desserts,2026-05-17 19:29:16,59,Malleshwaram,Delivered,2,"Not worth the price, portion was very small.",310,DP_120
OD14990,CUST3063,The Golden Dosa,Idli Vada Combo,South Indian,2026-05-20 19:25:19,,Indiranagar,Cancelled,,Delivery address was outside the delivery radius,140,DP_162
OD14991,CUST2274,Spice Symphony,Paneer Butter Masala Meal,North Indian,2026-05-19 06:19:40,31,Marathahalli,Delivered,4,Overall great experience. Prompt service.,670,DP_191
OD14992,CUST2183,Wok & Roll,Chicken Fried Rice & Manchurian,Chinese & Asian,2026-05-04 20:04:18,38,Koramangala,Delivered,4,Overall great experience. Prompt service.,310,DP_135
OD14993,CUST2523,Burger Bistro,Classic Cheese Burger & Fries,Fast Food,2026-05-26 12:03:03,62,BTM Layout,Delivered,1,Worst service! Delivered extremely late and completely cold.,280,DP_187
OD14994,CUST2396,Bella Italia,Margherita Pizza 10-inch,Italian,2026-05-16 20:42:48,47,HSR Layout,Delivered,3,"Food was okay, but delivery took some time.",420,DP_192
OD14995,CUST2723,Royal Biryani House,Egg Biryani,Biryani & Mughlai,2026-05-17 20:04:17,39,Malleshwaram,Delivered,4,Satisfied with the delivery speed and quality.,280,DP_151
OD14996,CUST3318,Spice Symphony,Paneer Butter Masala Meal,North Indian,2026-05-02 13:04:29,50,Malleshwaram,Delivered,4,Good taste and neat packaging.,350,DP_176
OD14997,CUST2074,Burger Bistro,Crispy Chicken Burger,Fast Food,2026-04-27 09:48:30,24,Koramangala,Delivered,5,"Delivered way before time, packaging was excellent!",260,DP_162
OD14998,CUST2591,Spice Symphony,Paneer Butter Masala Meal,North Indian,2026-05-15 13:05:22,36,HSR Layout,Delivered,4,Satisfied with the delivery speed and quality.,340,DP_115
OD14999,CUST3477,Royal Biryani House,Veg Hyderabadi Biryani,Biryani & Mughlai,2026-04-29 14:15:27,44,BTM Layout,Delivered,3,Average food. Nothing special.,610,DP_135
OD15000,CUST2583,Burger Bistro,Chicken Nuggets (9 pcs),Fast Food,2026-05-10 22:10:33,75,Marathahalli,Delivered,1,"Terrible experience, food was completely spilled inside the bag.",210,DP_130
OD10001,CUST3310,The Golden Dosa,Masala Dosa with Sambar,South Indian,2026-05-20 10:47:57,23,Koramangala,Delivered,5,Outstanding quality! Will definitely order again.,150,DP_176
OD10002,CUST3035,Tandoori Nights,Chicken Seekh Kebab,North Indian,2026-05-15 13:55:00,43,HSR Layout,Delivered,1,Unprofessional delivery partner. Very bad experience.,360,DP_190
OD10003,CUST2210,The Golden Dosa,Onion Uttapam,South Indian,2026-05-22 07:29:34,30,Koramangala,Delivered,4,Overall great experience. Prompt service.,170,DP_149
OD10004,CUST3183,Wok & Roll,Veg Hakka Noodles,Chinese & Asian,2026-04-29 21:55:06,56,BTM Layout,Delivered,2,Delivery took almost an hour. Unhappy.,250,DP_136
OD10005,CUST2430,Bella Italia,Margherita Pizza 10-inch,Italian,2026-05-04 12:24:17,39,Whitefield,Delivered,5,"Extremely satisfied, delivered hot and fresh!",410,DP_188
OD10006,CUST2822,Bella Italia,Margherita Pizza 10-inch,Italian,2026-05-12 15:58:41,19,Malleshwaram,Delivered,5,"Delivered way before time, packaging was excellent!",420,DP_119
OD10007,CUST2539,Tandoori Nights,Tandoori Roti Combo,North Indian,2026-05-01 18:05:48,27,Indiranagar,Delivered,4,Good taste and neat packaging.,410,DP_115
OD10008,CUST2789,The Salad Bowl,Fresh Fruit Bowl,Healthy & Salads,2026-05-24 22:43:46,,Koramangala,Cancelled,,Item out of stock at restaurant,580,DP_188
OD10009,CUST2547,Burger Bistro,Classic Cheese Burger & Fries,Fast Food,2026-05-20 21:16:32,39,HSR Layout,Delivered,4,Decent portion size and good taste. Recommended.,270,DP_165
OD10010,CUST2408,Royal Biryani House,Veg Hyderabadi Biryani,Biryani & Mughlai,2026-05-12 06:59:23,15,Jayanagar,Delivered,5,"Amazing food, super fast delivery!",300,DP_131
OD10011,CUST2176,Sweet Retreat,Chocolate Lava Cake,Desserts,2026-05-12 22:10:16,49,BTM Layout,Delivered,3,The food was decent but arrived a bit cold.,450,DP_128
OD10012,CUST3331,Burger Bistro,Chicken Nuggets (9 pcs),Fast Food,2026-05-04 08:01:37,25,Whitefield,Delivered,4,Good taste and neat packaging.,430,DP_176
OD10013,CUST2469,The Golden Dosa,Masala Dosa with Sambar,South Indian,2026-05-05 20:13:34,47,HSR Layout,Delivered,2,"Not worth the price, portion was very small.",260,DP_193
OD10014,CUST2390,The Golden Dosa,Masala Dosa with Sambar,South Indian,2026-05-11 21:03:43,47,Koramangala,Delivered,4,"Tasty food, but could be a bit warmer.",160,DP_108
OD10015,CUST2390,Cafe Daybreak,Paneer Tikka Sandwich,Continental & Beverages,2026-05-04 21:04:28,55,Koramangala,Delivered,1,The food tasted stale and horrible! Threw it in the trash.,220,DP_107
OD_BAD_TIME_0,CUST3310,The Golden Dosa,Masala Dosa with Sambar,South Indian,2026-05-20 10:47:57,-14,Koramangala,Delivered,5,Outstanding quality! Will definitely order again.,150,DP_176
OD_BAD_TIME_1,CUST2176,Sweet Retreat,Chocolate Lava Cake,Desserts,2026-05-12 22:10:16,-43,BTM Layout,Delivered,3,The food was decent but arrived a bit cold.,450,DP_128
OD_BAD_TIME_2,CUST2319,Bella Italia,Veg Arrabiata Penne Pasta,Italian,2026-05-17 21:32:31,-40,Jayanagar,Delivered,4,Overall great experience. Prompt service.,350,DP_107
OD_BAD_TIME_3,CUST2933,The Salad Bowl,Fresh Fruit Bowl,Healthy & Salads,2026-05-04 12:44:00,-14,Koramangala,Delivered,2,Taste was disappointing. Packaging was leaked.,230,DP_200
OD_BAD_TIME_4,CUST2498,The Golden Dosa,Rava Kesari & Dosa Combo,South Indian,2026-05-15 20:22:34,-14,BTM Layout,Delivered,3,Packaging could have been better. Average taste.,320,DP_185
OD_BAD_RATE_0,CUST3310,The Golden Dosa,Masala Dosa with Sambar,South Indian,2026-05-20 10:47:57,23,Koramangala,Delivered,0,Outstanding quality! Will definitely order again.,150,DP_176
OD_BAD_RATE_1,CUST2469,The Golden Dosa,Masala Dosa with Sambar,South Indian,2026-05-05 20:13:34,47,HSR Layout,Delivered,10,"Not worth the price, portion was very small.",260,DP_193
OD_BAD_RATE_2,CUST2409,Sweet Retreat,Gulab Jamun (4 pcs),Desserts,2026-05-18 12:21:17,35,Koramangala,Delivered,0,Decent portion size and good taste. Recommended.,130,DP_199
OD_BAD_RATE_3,CUST3358,Spice Symphony,Butter Chicken & Naan,North Indian,2026-05-02 07:24:20,46,Whitefield,Delivered,9,Packaging could have been better. Average taste.,380,DP_159
OD_BAD_RATE_4,CUST2110,Royal Biryani House,Mutton Biryani,Biryani & Mughlai,2026-05-04 11:48:26,32,Whitefield,Delivered,9,Portion size was small for the price.,940,DP_200
OD_BAD_AREA_0,CUST3310,The Golden Dosa,Masala Dosa with Sambar,South Indian,2026-05-20 10:47:57,23,indiranagar  ,Delivered,5,Outstanding quality! Will definitely order again.,150,DP_176
OD_BAD_AREA_1,CUST2341,The Salad Bowl,Greek Salad,Healthy & Salads,2026-05-02 14:24:16,41,  KORAMANGALA,Delivered,3,Average food. Nothing special.,280,DP_137
OD_BAD_AREA_2,CUST2933,The Salad Bowl,Fresh Fruit Bowl,Healthy & Salads,2026-05-04 12:44:00,35,hsr layout,Delivered,2,Taste was disappointing. Packaging was leaked.,230,DP_200
OD_BAD_AREA_3,CUST2628,Bella Italia,Chicken Alfredo Pasta,Italian,2026-05-20 19:48:44,38,whitefield  ,Delivered,4,Decent portion size and good taste. Recommended.,390,DP_125
OD_BAD_AREA_4,CUST2090,Burger Bistro,Chicken Nuggets (9 pcs),Fast Food,2026-05-18 20:41:09,57,btm layout,Delivered,1,Worst service! Delivered extremely late and completely cold.,240,DP_105
OD_BAD_CAT_0,CUST3310,The Golden Dosa,Masala Dosa with Sambar,north indian,2026-05-20 10:47:57,23,Koramangala,Delivered,5,Outstanding quality! Will definitely order again.,150,DP_176
OD_BAD_CAT_1,CUST2319,Bella Italia,Veg Arrabiata Penne Pasta,ITALIAN,2026-05-17 21:32:31,49,Jayanagar,Delivered,4,Overall great experience. Prompt service.,350,DP_107
OD_BAD_CAT_2,CUST2498,The Golden Dosa,Rava Kesari & Dosa Combo,chinese & asian,2026-05-15 20:22:34,47,BTM Layout,Delivered,3,Packaging could have been better. Average taste.,320,DP_185
OD_BAD_CAT_3,CUST2090,Burger Bistro,Chicken Nuggets (9 pcs),desserts,2026-05-18 20:41:09,57,Malleshwaram,Delivered,1,Worst service! Delivered extremely late and completely cold.,240,DP_105
OD_BAD_CAT_4,CUST3407,Sweet Retreat,Chocolate Lava Cake,healthy & salads,2026-04-30 20:23:51,48,HSR Layout,Delivered,2,The item delivered was incorrect and lukewarm.,160,DP_172
OD_BAD_NULL_0,,The Golden Dosa,Masala Dosa with Sambar,South Indian,2026-05-20 10:47:57,23,Koramangala,Delivered,5,Outstanding quality! Will definitely order again.,150,DP_176
OD_BAD_NULL_1,CUST2679,,Butter Chicken & Naan,North Indian,2026-05-05 07:38:27,35,Marathahalli,Delivered,4,Decent portion size and good taste. Recommended.,740,DP_194
OD_BAD_NULL_2,,Royal Biryani House,Chicken Dum Biryani,Biryani & Mughlai,2026-05-04 13:18:44,46,Malleshwaram,Delivered,2,The item delivered was incorrect and lukewarm.,380,DP_110
OD_BAD_NULL_3,CUST2673,,Chicken Tikka Biryani,Biryani & Mughlai,2026-05-14 13:11:07,,Indiranagar,Cancelled,,Restaurant could not prepare food in time,390,DP_117
OD_BAD_NULL_4,,Bella Italia,Margherita Pizza 10-inch,Italian,2026-04-30 20:33:54,33,Koramangala,Delivered,3,"Food was okay, but delivery took some time.",420,DP_137
